ISO-10303-21;
HEADER;
FILE_DESCRIPTION (( 'STEP AP214' ),
    '1' );
FILE_NAME ('COLD-CARRIER-BASE_v002.STEP',
    '2025-11-07T18:01:32',
    ( '' ),
    ( '' ),
    'SwSTEP 2.0',
    'SolidWorks 2023',
    '' );
FILE_SCHEMA (( 'AUTOMOTIVE_DESIGN' ));
ENDSEC;

DATA;
#1 = CIRCLE ( 'NONE', #4285, 1.249999999999987121 ) ;
#2 = ORIENTED_EDGE ( 'NONE', *, *, #1448, .T. ) ;
#3 = LINE ( 'NONE', #52, #6325 ) ;
#4 = VECTOR ( 'NONE', #2745, 1000.000000000000000 ) ;
#5 = CARTESIAN_POINT ( 'NONE',  ( 224.3967834999531874, 9.952747360100024920, 53.70000000000000995 ) ) ;
#6 = ORIENTED_EDGE ( 'NONE', *, *, #6487, .F. ) ;
#7 = ADVANCED_FACE ( 'NONE', ( #1474 ), #3563, .F. ) ;
#8 = CARTESIAN_POINT ( 'NONE',  ( -191.9749999999999943, 0.000000000000000000, -32.76566953025085382 ) ) ;
#9 = CARTESIAN_POINT ( 'NONE',  ( 198.0250000000000057, 0.000000000000000000, -32.76566953025089646 ) ) ;
#10 = AXIS2_PLACEMENT_3D ( 'NONE', #3949, #1227, #4488 ) ;
#11 = ADVANCED_FACE ( 'NONE', ( #6090 ), #204, .F. ) ;
#12 = CARTESIAN_POINT ( 'NONE',  ( -191.9750000000000227, 0.000000000000000000, 28.83433046974914760 ) ) ;
#13 = CIRCLE ( 'NONE', #2949, 1.250000000000001110 ) ;
#14 = PLANE ( 'NONE',  #4947 ) ;
#15 = VERTEX_POINT ( 'NONE', #2858 ) ;
#16 = FACE_OUTER_BOUND ( 'NONE', #3877, .T. ) ;
#17 = ORIENTED_EDGE ( 'NONE', *, *, #7024, .T. ) ;
#18 = VECTOR ( 'NONE', #3858, 1000.000000000000000 ) ;
#19 = CYLINDRICAL_SURFACE ( 'NONE', #7941, 1.250000000000001110 ) ;
#20 = ADVANCED_FACE ( 'NONE', ( #2355 ), #6208, .T. ) ;
#21 = EDGE_CURVE ( 'NONE', #2376, #6000, #5949, .T. ) ;
#22 = DIRECTION ( 'NONE',  ( 0.000000000000000000, 0.000000000000000000, 1.000000000000000000 ) ) ;
#23 = VECTOR ( 'NONE', #4310, 1000.000000000000000 ) ;
#24 = AXIS2_PLACEMENT_3D ( 'NONE', #6399, #6489, #38 ) ;
#25 = CARTESIAN_POINT ( 'NONE',  ( -174.4749999999999943, 13.49999999999999822, -29.54999999999997229 ) ) ;
#26 = CARTESIAN_POINT ( 'NONE',  ( -191.9750000000000227, -1.402220585023716934E-15, 27.58433046974914760 ) ) ;
#27 = CARTESIAN_POINT ( 'NONE',  ( 239.4749999999999659, 10.49999999999999822, -58.99999999999995026 ) ) ;
#28 = ORIENTED_EDGE ( 'NONE', *, *, #4694, .T. ) ;
#29 = FACE_OUTER_BOUND ( 'NONE', #1551, .T. ) ;
#30 = ORIENTED_EDGE ( 'NONE', *, *, #7735, .T. ) ;
#31 = CARTESIAN_POINT ( 'NONE',  ( 224.4749999999999659, 4.000000000000000000, -53.70000000000000284 ) ) ;
#32 = ORIENTED_EDGE ( 'NONE', *, *, #916, .F. ) ;
#33 = DIRECTION ( 'NONE',  ( 1.049727191138618942E-16, 0.5150380749100536004, -0.8571673007021125557 ) ) ;
#34 = EDGE_CURVE ( 'NONE', #7414, #5728, #4205, .T. ) ;
#35 = CIRCLE ( 'NONE', #7662, 2.500000000000002220 ) ;
#36 = EDGE_CURVE ( 'NONE', #3970, #5514, #1721, .T. ) ;
#37 = DIRECTION ( 'NONE',  ( 0.000000000000000000, 0.000000000000000000, 1.000000000000000000 ) ) ;
#38 = DIRECTION ( 'NONE',  ( 0.000000000000000000, 0.000000000000000000, 1.000000000000000000 ) ) ;
#39 = AXIS2_PLACEMENT_3D ( 'NONE', #2358, #6922, #3566 ) ;
#40 = CARTESIAN_POINT ( 'NONE',  ( 224.4749999999999659, 12.04598420423675620, -48.77882991961721615 ) ) ;
#41 = EDGE_LOOP ( 'NONE', ( #1720, #2656, #4895, #5932, #1622, #2797, #866 ) ) ;
#42 = CARTESIAN_POINT ( 'NONE',  ( 219.4749999999999659, 20.84529946162070502, 53.70000000000000284 ) ) ;
#43 = CIRCLE ( 'NONE', #178, 1.250000000000001110 ) ;
#44 = ORIENTED_EDGE ( 'NONE', *, *, #4658, .F. ) ;
#45 = VERTEX_POINT ( 'NONE', #463 ) ;
#46 = ADVANCED_FACE ( 'NONE', ( #2273 ), #4192, .F. ) ;
#47 = AXIS2_PLACEMENT_3D ( 'NONE', #5815, #1284, #653 ) ;
#48 = DIRECTION ( 'NONE',  ( 0.000000000000000000, 0.000000000000000000, 1.000000000000000000 ) ) ;
#49 = DIRECTION ( 'NONE',  ( -0.000000000000000000, 1.000000000000000000, -0.000000000000000000 ) ) ;
#50 = VERTEX_POINT ( 'NONE', #3524 ) ;
#51 = AXIS2_PLACEMENT_3D ( 'NONE', #5515, #4911, #6138 ) ;
#52 = CARTESIAN_POINT ( 'NONE',  ( 3.024999999999971934, 8.499999999999992895, 27.58433046974914049 ) ) ;
#53 = CARTESIAN_POINT ( 'NONE',  ( 224.4749999999999659, 12.20899172797675192, 48.69999999999996732 ) ) ;
#54 = ORIENTED_EDGE ( 'NONE', *, *, #4452, .T. ) ;
#55 = DIRECTION ( 'NONE',  ( -0.000000000000000000, -1.000000000000000000, -0.000000000000000000 ) ) ;
#56 = FACE_OUTER_BOUND ( 'NONE', #3099, .T. ) ;
#57 = EDGE_CURVE ( 'NONE', #5110, #2196, #5677, .T. ) ;
#58 = DIRECTION ( 'NONE',  ( 0.000000000000000000, -0.5150380749100542666, -0.8571673007021122226 ) ) ;
#59 = CARTESIAN_POINT ( 'NONE',  ( 3.024999999999999911, -1.402220585023716934E-15, -34.01566953025086093 ) ) ;
#60 = ORIENTED_EDGE ( 'NONE', *, *, #1802, .T. ) ;
#61 = CARTESIAN_POINT ( 'NONE',  ( 209.4750000000000227, 20.84529946162070502, -7.899999999999952394 ) ) ;
#62 = ORIENTED_EDGE ( 'NONE', *, *, #8013, .T. ) ;
#63 = CARTESIAN_POINT ( 'NONE',  ( 3.024999999999971934, 8.499999999999992895, 28.83433046974912628 ) ) ;
#64 = DIRECTION ( 'NONE',  ( -0.000000000000000000, 1.000000000000000000, -0.000000000000000000 ) ) ;
#65 = EDGE_CURVE ( 'NONE', #3295, #5470, #5500, .T. ) ;
#66 = CARTESIAN_POINT ( 'NONE',  ( 100.5249999999999773, 8.499999999999992895, -32.76566953025088935 ) ) ;
#67 = EDGE_CURVE ( 'NONE', #3417, #4429, #4851, .T. ) ;
#68 = CYLINDRICAL_SURFACE ( 'NONE', #5064, 1.250000000000001110 ) ;
#69 = FACE_OUTER_BOUND ( 'NONE', #3004, .T. ) ;
#70 = ORIENTED_EDGE ( 'NONE', *, *, #2695, .F. ) ;
#71 = DIRECTION ( 'NONE',  ( -0.000000000000000000, 1.000000000000000000, -0.000000000000000000 ) ) ;
#72 = VERTEX_POINT ( 'NONE', #4776 ) ;
#73 = PLANE ( 'NONE',  #2613 ) ;
#74 = ORIENTED_EDGE ( 'NONE', *, *, #2445, .F. ) ;
#75 = CARTESIAN_POINT ( 'NONE',  ( 224.4749999999999659, 9.791008272023308479, -48.70000000000000995 ) ) ;
#76 = EDGE_CURVE ( 'NONE', #143, #6895, #1644, .T. ) ;
#77 = DIRECTION ( 'NONE',  ( -0.000000000000000000, 1.000000000000000000, -0.000000000000000000 ) ) ;
#78 = EDGE_CURVE ( 'NONE', #2852, #4479, #3651, .T. ) ;
#79 = DIRECTION ( 'NONE',  ( 0.000000000000000000, 0.000000000000000000, -1.000000000000000000 ) ) ;
#80 = DIRECTION ( 'NONE',  ( -0.000000000000000000, 1.000000000000000000, -0.000000000000000000 ) ) ;
#81 = VERTEX_POINT ( 'NONE', #5576 ) ;
#82 = PLANE ( 'NONE',  #7511 ) ;
#83 = ORIENTED_EDGE ( 'NONE', *, *, #508, .F. ) ;
#84 = ORIENTED_EDGE ( 'NONE', *, *, #5956, .F. ) ;
#85 = AXIS2_PLACEMENT_3D ( 'NONE', #3341, #5273, #7785 ) ;
#86 = EDGE_CURVE ( 'NONE', #6352, #1642, #3372, .T. ) ;
#87 = ADVANCED_FACE ( 'NONE', ( #7963 ), #7506, .F. ) ;
#88 = DIRECTION ( 'NONE',  ( 0.000000000000000000, 0.000000000000000000, 1.000000000000000000 ) ) ;
#89 = VERTEX_POINT ( 'NONE', #3604 ) ;
#90 = CARTESIAN_POINT ( 'NONE',  ( -174.4749999999999943, 22.00000000000000000, 29.55000000000003624 ) ) ;
#91 = FACE_OUTER_BOUND ( 'NONE', #7207, .T. ) ;
#92 = VERTEX_POINT ( 'NONE', #6838 ) ;
#93 = CARTESIAN_POINT ( 'NONE',  ( 219.4826781170588959, 10.99999999999998757, 53.70000000000000284 ) ) ;
#94 = CARTESIAN_POINT ( 'NONE',  ( 224.4749999999999659, 4.000000000000000000, -48.70000000000000995 ) ) ;
#95 = CARTESIAN_POINT ( 'NONE',  ( -4.474999999999979217, 13.49999999999999822, -1.949973284288425189E-14 ) ) ;
#96 = ORIENTED_EDGE ( 'NONE', *, *, #3260, .T. ) ;
#97 = VERTEX_POINT ( 'NONE', #1097 ) ;
#98 = CARTESIAN_POINT ( 'NONE',  ( -193.6750000000000398, 4.000000000000000000, -2.899999999999954614 ) ) ;
#99 = ORIENTED_EDGE ( 'NONE', *, *, #2410, .T. ) ;
#100 = CYLINDRICAL_SURFACE ( 'NONE', #715, 1.250000000000001110 ) ;
#101 = LINE ( 'NONE', #2069, #6398 ) ;
#102 = DIRECTION ( 'NONE',  ( 0.000000000000000000, 0.5150380749100580413, 0.8571673007021101132 ) ) ;
#103 = CARTESIAN_POINT ( 'NONE',  ( 165.5250000000000341, 22.00000000000000000, 30.79999999999999361 ) ) ;
#104 = CARTESIAN_POINT ( 'NONE',  ( 219.4749999999999659, 13.49999999999999822, -30.79999999999999716 ) ) ;
#105 = ORIENTED_EDGE ( 'NONE', *, *, #3609, .F. ) ;
#106 = DIRECTION ( 'NONE',  ( -0.000000000000000000, 1.000000000000000000, -0.000000000000000000 ) ) ;
#107 = VERTEX_POINT ( 'NONE', #6884 ) ;
#108 = PLANE ( 'NONE',  #6910 ) ;
#109 = ORIENTED_EDGE ( 'NONE', *, *, #125, .F. ) ;
#110 = LINE ( 'NONE', #2662, #977 ) ;
#111 = EDGE_CURVE ( 'NONE', #4374, #1145, #175, .T. ) ;
#112 = CIRCLE ( 'NONE', #5323, 2.500000000000002220 ) ;
#113 = CARTESIAN_POINT ( 'NONE',  ( -174.4749999999999943, 13.49999999999999822, 0.000000000000000000 ) ) ;
#114 = EDGE_CURVE ( 'NONE', #1298, #4556, #6711, .T. ) ;
#115 = VECTOR ( 'NONE', #6345, 1000.000000000000000 ) ;
#116 = CARTESIAN_POINT ( 'NONE',  ( 224.4749999999999659, 10.99999999999998757, -46.20000000000000284 ) ) ;
#117 = CARTESIAN_POINT ( 'NONE',  ( -241.7250000000000227, 22.00000000000000000, -1.250000000000000666 ) ) ;
#118 = EDGE_LOOP ( 'NONE', ( #6981, #2465, #707, #257, #2806 ) ) ;
#119 = CARTESIAN_POINT ( 'NONE',  ( 244.4749999999999659, 10.99999999999998757, -46.20000000000000284 ) ) ;
#120 = ORIENTED_EDGE ( 'NONE', *, *, #1181, .F. ) ;
#121 = ORIENTED_EDGE ( 'NONE', *, *, #4881, .T. ) ;
#122 = AXIS2_PLACEMENT_3D ( 'NONE', #1037, #8230, #417 ) ;
#123 = ADVANCED_FACE ( 'NONE', ( #7036 ), #4437, .F. ) ;
#124 = EDGE_CURVE ( 'NONE', #7975, #2397, #5658, .T. ) ;
#125 = EDGE_CURVE ( 'NONE', #4800, #3171, #1299, .T. ) ;
#126 = CONICAL_SURFACE ( 'NONE', #1191, 7.963026999999997635, 0.02993239667170256510 ) ;
#127 = CARTESIAN_POINT ( 'NONE',  ( 229.9750000000001080, 13.49999999999999822, -57.24999999999995026 ) ) ;
#128 = VERTEX_POINT ( 'NONE', #6918 ) ;
#129 = DIRECTION ( 'NONE',  ( -0.4999999999999926725, 0.8660254037844429265, 0.000000000000000000 ) ) ;
#130 = CARTESIAN_POINT ( 'NONE',  ( 176.1750000000000398, 20.84529946162070502, 22.90000000000000213 ) ) ;
#131 = EDGE_LOOP ( 'NONE', ( #2472, #5019 ) ) ;
#132 = VECTOR ( 'NONE', #1964, 1000.000000000000114 ) ;
#133 = EDGE_CURVE ( 'NONE', #3247, #3842, #6727, .T. ) ;
#134 = DIRECTION ( 'NONE',  ( 0.000000000000000000, 0.000000000000000000, -1.000000000000000000 ) ) ;
#135 = AXIS2_PLACEMENT_3D ( 'NONE', #3193, #5641, #3742 ) ;
#136 = CARTESIAN_POINT ( 'NONE',  ( 191.1750000000000114, 11.99999999999999822, 0.000000000000000000 ) ) ;
#137 = CIRCLE ( 'NONE', #4015, 4.999999999999997335 ) ;
#138 = ORIENTED_EDGE ( 'NONE', *, *, #3859, .F. ) ;
#139 = DIRECTION ( 'NONE',  ( -0.000000000000000000, 1.000000000000000000, -0.000000000000000000 ) ) ;
#140 = ORIENTED_EDGE ( 'NONE', *, *, #1400, .T. ) ;
#141 = EDGE_LOOP ( 'NONE', ( #3997, #3516, #5520, #462 ) ) ;
#142 = FACE_OUTER_BOUND ( 'NONE', #1411, .T. ) ;
#143 = VERTEX_POINT ( 'NONE', #3724 ) ;
#144 = CARTESIAN_POINT ( 'NONE',  ( 209.4750000000000227, 4.000000000000000000, -7.899999999999952394 ) ) ;
#145 = FACE_BOUND ( 'NONE', #187, .T. ) ;
#146 = EDGE_CURVE ( 'NONE', #7577, #7973, #544, .T. ) ;
#147 = VECTOR ( 'NONE', #3916, 1000.000000000000000 ) ;
#148 = FACE_OUTER_BOUND ( 'NONE', #7982, .T. ) ;
#149 = CARTESIAN_POINT ( 'NONE',  ( -231.9750000000000512, 4.000000000000000000, -48.69999999999995310 ) ) ;
#150 = LINE ( 'NONE', #1527, #1068 ) ;
#151 = ORIENTED_EDGE ( 'NONE', *, *, #8238, .F. ) ;
#152 = VECTOR ( 'NONE', #6885, 1000.000000000000000 ) ;
#153 = DIRECTION ( 'NONE',  ( 0.000000000000000000, 0.000000000000000000, 1.000000000000000000 ) ) ;
#154 = ORIENTED_EDGE ( 'NONE', *, *, #6997, .T. ) ;
#155 = LINE ( 'NONE', #4459, #3279 ) ;
#156 = ORIENTED_EDGE ( 'NONE', *, *, #1802, .F. ) ;
#157 = DIRECTION ( 'NONE',  ( 0.000000000000000000, 0.000000000000000000, 1.000000000000000000 ) ) ;
#158 = CYLINDRICAL_SURFACE ( 'NONE', #6277, 1.250000000000001110 ) ;
#159 = AXIS2_PLACEMENT_3D ( 'NONE', #6890, #3181, #5752 ) ;
#160 = AXIS2_PLACEMENT_3D ( 'NONE', #119, #5224, #7820 ) ;
#161 = EDGE_CURVE ( 'NONE', #3185, #1919, #1805, .T. ) ;
#162 = LINE ( 'NONE', #3838, #5782 ) ;
#163 = CARTESIAN_POINT ( 'NONE',  ( 224.4749999999999659, 4.000000000000000000, -38.70000000000000284 ) ) ;
#164 = ORIENTED_EDGE ( 'NONE', *, *, #6843, .F. ) ;
#165 = CARTESIAN_POINT ( 'NONE',  ( 224.4749999999999659, 20.84529946162070502, -17.90000000000000213 ) ) ;
#166 = ORIENTED_EDGE ( 'NONE', *, *, #1709, .T. ) ;
#167 = CIRCLE ( 'NONE', #1223, 5.000000000000000888 ) ;
#168 = AXIS2_PLACEMENT_3D ( 'NONE', #2019, #5245, #1516 ) ;
#169 = VERTEX_POINT ( 'NONE', #1215 ) ;
#170 = VECTOR ( 'NONE', #7931, 1000.000000000000000 ) ;
#171 = ADVANCED_FACE ( 'NONE', ( #4989 ), #7000, .F. ) ;
#172 = DIRECTION ( 'NONE',  ( -0.000000000000000000, 1.000000000000000000, -0.000000000000000000 ) ) ;
#173 = VERTEX_POINT ( 'NONE', #5663 ) ;
#174 = CARTESIAN_POINT ( 'NONE',  ( 219.4749999999999659, 4.000000000000000000, -43.70000000000000284 ) ) ;
#175 = CIRCLE ( 'NONE', #3103, 1.250000000000001110 ) ;
#176 = VERTEX_POINT ( 'NONE', #8203 ) ;
#177 = AXIS2_PLACEMENT_3D ( 'NONE', #6962, #1218, #8243 ) ;
#178 = AXIS2_PLACEMENT_3D ( 'NONE', #7818, #2756, #2839 ) ;
#179 = CARTESIAN_POINT ( 'NONE',  ( 219.4826781170588959, 10.66971962331487767, -38.70000000000000284 ) ) ;
#180 = VECTOR ( 'NONE', #2247, 1000.000000000000000 ) ;
#181 = LINE ( 'NONE', #1306, #1756 ) ;
#182 = EDGE_CURVE ( 'NONE', #1955, #6324, #4848, .T. ) ;
#183 = EDGE_LOOP ( 'NONE', ( #1656, #710 ) ) ;
#184 = LINE ( 'NONE', #3945, #6052 ) ;
#185 = ORIENTED_EDGE ( 'NONE', *, *, #8010, .F. ) ;
#186 = DIRECTION ( 'NONE',  ( -0.000000000000000000, 1.000000000000000000, -0.000000000000000000 ) ) ;
#187 = EDGE_LOOP ( 'NONE', ( #2880, #4553 ) ) ;
#188 = PLANE ( 'NONE',  #3769 ) ;
#189 = LINE ( 'NONE', #6596, #8253 ) ;
#190 = AXIS2_PLACEMENT_3D ( 'NONE', #4377, #3079, #4258 ) ;
#191 = CARTESIAN_POINT ( 'NONE',  ( -4.474999999999979217, 13.49999999999999822, -59.85000000000002274 ) ) ;
#192 = CARTESIAN_POINT ( 'NONE',  ( 229.9750000000001080, 22.00000000000000000, -55.99999999999994316 ) ) ;
#193 = EDGE_CURVE ( 'NONE', #2878, #868, #4320, .T. ) ;
#194 = DIRECTION ( 'NONE',  ( 0.000000000000000000, 0.000000000000000000, 1.000000000000000000 ) ) ;
#195 = ORIENTED_EDGE ( 'NONE', *, *, #5506, .F. ) ;
#196 = EDGE_CURVE ( 'NONE', #4026, #3641, #1640, .T. ) ;
#197 = LINE ( 'NONE', #7348, #2938 ) ;
#198 = EDGE_LOOP ( 'NONE', ( #1454, #1252, #8239 ) ) ;
#199 = DIRECTION ( 'NONE',  ( 0.000000000000000000, 0.000000000000000000, 1.000000000000000000 ) ) ;
#200 = ORIENTED_EDGE ( 'NONE', *, *, #3740, .T. ) ;
#201 = DIRECTION ( 'NONE',  ( 0.000000000000000000, 0.000000000000000000, -1.000000000000000000 ) ) ;
#202 = VECTOR ( 'NONE', #1924, 1000.000000000000000 ) ;
#203 = PLANE ( 'NONE',  #4133 ) ;
#204 = CONICAL_SURFACE ( 'NONE', #6347, 1.250000000000001110, 1.029744258676654090 ) ;
#205 = DIRECTION ( 'NONE',  ( 0.000000000000000000, 1.000000000000000000, 0.000000000000000000 ) ) ;
#206 = CARTESIAN_POINT ( 'NONE',  ( 219.4749999999999659, 20.84529946162070502, -38.70000000000000284 ) ) ;
#207 = VERTEX_POINT ( 'NONE', #7621 ) ;
#208 = CARTESIAN_POINT ( 'NONE',  ( 202.8250000000000455, 22.00000000000000000, 48.70000000000000995 ) ) ;
#209 = ORIENTED_EDGE ( 'NONE', *, *, #1523, .T. ) ;
#210 = ORIENTED_EDGE ( 'NONE', *, *, #7024, .F. ) ;
#211 = AXIS2_PLACEMENT_3D ( 'NONE', #8104, #7404, #1666 ) ;
#212 = CARTESIAN_POINT ( 'NONE',  ( 198.0249999999999773, -1.402220585023716934E-15, 28.83433046974910141 ) ) ;
#213 = LINE ( 'NONE', #6496, #601 ) ;
#214 = AXIS2_PLACEMENT_3D ( 'NONE', #1608, #1143, #7470 ) ;
#215 = ORIENTED_EDGE ( 'NONE', *, *, #1748, .T. ) ;
#216 = DIRECTION ( 'NONE',  ( 0.000000000000000000, 0.000000000000000000, 1.000000000000000000 ) ) ;
#217 = ORIENTED_EDGE ( 'NONE', *, *, #1196, .F. ) ;
#218 = EDGE_CURVE ( 'NONE', #6570, #3111, #3, .T. ) ;
#219 = CARTESIAN_POINT ( 'NONE',  ( 219.4826781170588959, 11.40300536966339529, 53.70000000000000284 ) ) ;
#220 = ADVANCED_FACE ( 'NONE', ( #3685 ), #3799, .T. ) ;
#221 = CIRCLE ( 'NONE', #3421, 1.250000000000001110 ) ;
#222 = CARTESIAN_POINT ( 'NONE',  ( -216.9749999999999943, 20.84529946162070502, 38.70000000000005969 ) ) ;
#223 = DIRECTION ( 'NONE',  ( -0.000000000000000000, 1.000000000000000000, -0.000000000000000000 ) ) ;
#224 = EDGE_LOOP ( 'NONE', ( #5257, #4028, #5244 ) ) ;
#225 = CARTESIAN_POINT ( 'NONE',  ( -191.6749999999999261, 22.00000000000000000, -2.899999999999954614 ) ) ;
#226 = ORIENTED_EDGE ( 'NONE', *, *, #5702, .T. ) ;
#227 = DIRECTION ( 'NONE',  ( 0.000000000000000000, 0.000000000000000000, 1.000000000000000000 ) ) ;
#228 = CARTESIAN_POINT ( 'NONE',  ( 219.4749999999999659, 13.49999999999999822, -59.85000000000002984 ) ) ;
#229 = ADVANCED_FACE ( 'NONE', ( #7074 ), #1963, .F. ) ;
#230 = AXIS2_PLACEMENT_3D ( 'NONE', #6862, #4216, #5555 ) ;
#231 = CONICAL_SURFACE ( 'NONE', #1297, 1.250000000000001110, 1.029744258676654090 ) ;
#232 = DIRECTION ( 'NONE',  ( 0.000000000000000000, 0.000000000000000000, 1.000000000000000000 ) ) ;
#233 = DIRECTION ( 'NONE',  ( -0.000000000000000000, 1.000000000000000000, -0.000000000000000000 ) ) ;
#234 = DIRECTION ( 'NONE',  ( -0.000000000000000000, 1.000000000000000000, -0.000000000000000000 ) ) ;
#235 = VERTEX_POINT ( 'NONE', #2513 ) ;
#236 = DIRECTION ( 'NONE',  ( 0.000000000000000000, 0.000000000000000000, 1.000000000000000000 ) ) ;
#237 = ORIENTED_EDGE ( 'NONE', *, *, #2594, .F. ) ;
#238 = CARTESIAN_POINT ( 'NONE',  ( 229.9750000000001080, 13.49999999999999822, -54.74999999999994316 ) ) ;
#239 = ORIENTED_EDGE ( 'NONE', *, *, #4837, .T. ) ;
#240 = CARTESIAN_POINT ( 'NONE',  ( -210.6750000000001819, 22.00000000000000000, -17.89999999999995595 ) ) ;
#241 = CARTESIAN_POINT ( 'NONE',  ( -231.9750000000000512, 20.84529946162070502, -53.69999999999994600 ) ) ;
#242 = CIRCLE ( 'NONE', #4109, 4.999999999999997335 ) ;
#243 = ADVANCED_FACE ( 'NONE', ( #5704 ), #3397, .T. ) ;
#244 = DIRECTION ( 'NONE',  ( -0.000000000000000000, 1.000000000000000000, -0.000000000000000000 ) ) ;
#245 = CARTESIAN_POINT ( 'NONE',  ( -191.9749999999999943, -1.402220585023716934E-15, -32.76566953025085382 ) ) ;
#246 = ORIENTED_EDGE ( 'NONE', *, *, #7656, .F. ) ;
#247 = CYLINDRICAL_SURFACE ( 'NONE', #2438, 1.250000000000001110 ) ;
#248 = ORIENTED_EDGE ( 'NONE', *, *, #2611, .F. ) ;
#249 = AXIS2_PLACEMENT_3D ( 'NONE', #8078, #966, #1677 ) ;
#250 = EDGE_LOOP ( 'NONE', ( #5151, #622, #2580, #3619 ) ) ;
#251 = DIRECTION ( 'NONE',  ( -0.4999999999999926725, 0.8660254037844429265, 0.000000000000000000 ) ) ;
#252 = EDGE_CURVE ( 'NONE', #3247, #5728, #6369, .T. ) ;
#253 = DIRECTION ( 'NONE',  ( 0.000000000000000000, 0.000000000000000000, 1.000000000000000000 ) ) ;
#254 = VECTOR ( 'NONE', #2182, 1000.000000000000000 ) ;
#255 = ORIENTED_EDGE ( 'NONE', *, *, #6840, .T. ) ;
#256 = CARTESIAN_POINT ( 'NONE',  ( 229.9750000000001080, 13.49999999999999822, -54.74999999999994316 ) ) ;
#257 = ORIENTED_EDGE ( 'NONE', *, *, #3688, .T. ) ;
#258 = CARTESIAN_POINT ( 'NONE',  ( 219.4749999999999659, 9.863733617089987860, -38.70000000000000284 ) ) ;
#259 = VECTOR ( 'NONE', #654, 1000.000000000000000 ) ;
#260 = CIRCLE ( 'NONE', #3058, 1.250000000000001110 ) ;
#261 = CARTESIAN_POINT ( 'NONE',  ( -221.9750000000000227, 20.84529946162070502, -33.69999999999996021 ) ) ;
#262 = CONICAL_SURFACE ( 'NONE', #6683, 7.000000000000113687, 1.047197551196606291 ) ;
#263 = EDGE_CURVE ( 'NONE', #2164, #1444, #3220, .T. ) ;
#264 = ORIENTED_EDGE ( 'NONE', *, *, #6566, .F. ) ;
#265 = DIRECTION ( 'NONE',  ( 0.000000000000000000, 0.000000000000000000, -1.000000000000000000 ) ) ;
#266 = ORIENTED_EDGE ( 'NONE', *, *, #5616, .T. ) ;
#267 = CARTESIAN_POINT ( 'NONE',  ( -174.4749999999999943, 22.00000000000000000, 0.000000000000000000 ) ) ;
#268 = ORIENTED_EDGE ( 'NONE', *, *, #6447, .F. ) ;
#269 = DIRECTION ( 'NONE',  ( 1.000000000000000000, 0.000000000000000000, 0.000000000000000000 ) ) ;
#270 = CARTESIAN_POINT ( 'NONE',  ( -191.9749999999999943, -1.402220585023716934E-15, -31.51566953025085382 ) ) ;
#271 = CONICAL_SURFACE ( 'NONE', #4675, 1.250000000000001110, 1.029744258676654090 ) ;
#272 = VECTOR ( 'NONE', #6657, 1000.000000000000000 ) ;
#273 = DIRECTION ( 'NONE',  ( -0.000000000000000000, 1.000000000000000000, -0.000000000000000000 ) ) ;
#274 = DIRECTION ( 'NONE',  ( 0.000000000000000000, 0.000000000000000000, 1.000000000000000000 ) ) ;
#275 = DIRECTION ( 'NONE',  ( -0.000000000000000000, 1.000000000000000000, -0.000000000000000000 ) ) ;
#276 = ORIENTED_EDGE ( 'NONE', *, *, #3976, .T. ) ;
#277 = ADVANCED_FACE ( 'NONE', ( #7320 ), #6030, .T. ) ;
#278 = ADVANCED_FACE ( 'NONE', ( #4177 ), #3938, .T. ) ;
#279 = CARTESIAN_POINT ( 'NONE',  ( 165.5250000000000909, 22.00000000000000000, 58.60000000000002274 ) ) ;
#280 = ORIENTED_EDGE ( 'NONE', *, *, #6577, .F. ) ;
#281 = CARTESIAN_POINT ( 'NONE',  ( -241.7250000000000796, 13.49999999999999822, -48.70000000000005969 ) ) ;
#282 = AXIS2_PLACEMENT_3D ( 'NONE', #4329, #7671, #4486 ) ;
#283 = CARTESIAN_POINT ( 'NONE',  ( -210.6750000000001819, 22.00000000000000000, 17.90000000000004832 ) ) ;
#284 = AXIS2_PLACEMENT_3D ( 'NONE', #7721, #1985, #7644 ) ;
#285 = DIRECTION ( 'NONE',  ( 0.9995520592605567911, 0.000000000000000000, -0.02992792722492301771 ) ) ;
#286 = CONICAL_SURFACE ( 'NONE', #6040, 1.250000000000001110, 1.029744258676654090 ) ;
#287 = DIRECTION ( 'NONE',  ( -0.000000000000000000, -1.000000000000000000, -0.000000000000000000 ) ) ;
#288 = LINE ( 'NONE', #117, #1244 ) ;
#289 = VERTEX_POINT ( 'NONE', #293 ) ;
#290 = EDGE_CURVE ( 'NONE', #6412, #1701, #2300, .T. ) ;
#291 = CARTESIAN_POINT ( 'NONE',  ( 191.1750000000000114, 11.99999999999999822, 59.85000000000006537 ) ) ;
#292 = ORIENTED_EDGE ( 'NONE', *, *, #1696, .T. ) ;
#293 = CARTESIAN_POINT ( 'NONE',  ( 165.5250000000000909, 22.00000000000000000, 61.10000000000002274 ) ) ;
#294 = ORIENTED_EDGE ( 'NONE', *, *, #3132, .T. ) ;
#295 = EDGE_CURVE ( 'NONE', #5091, #6656, #366, .T. ) ;
#296 = AXIS2_PLACEMENT_3D ( 'NONE', #2483, #3143, #5710 ) ;
#297 = CONICAL_SURFACE ( 'NONE', #1888, 7.137400000000002187, 1.029744258676656310 ) ;
#298 = CONICAL_SURFACE ( 'NONE', #1889, 2.999999999999891642, 1.047197551196605181 ) ;
#299 = CARTESIAN_POINT ( 'NONE',  ( -203.6750000000000398, 12.74892422621554822, 30.80000000000005755 ) ) ;
#300 = CYLINDRICAL_SURFACE ( 'NONE', #7436, 1.250000000000001110 ) ;
#301 = ORIENTED_EDGE ( 'NONE', *, *, #7290, .T. ) ;
#302 = ADVANCED_FACE ( 'NONE', ( #3548 ), #4845, .T. ) ;
#303 = EDGE_LOOP ( 'NONE', ( #6842, #1270, #6593 ) ) ;
#304 = VERTEX_POINT ( 'NONE', #6498 ) ;
#305 = CIRCLE ( 'NONE', #8180, 2.500000000000002220 ) ;
#306 = LINE ( 'NONE', #2853, #3715 ) ;
#307 = DIRECTION ( 'NONE',  ( -0.000000000000000000, 1.000000000000000000, -0.000000000000000000 ) ) ;
#308 = EDGE_LOOP ( 'NONE', ( #3130, #4415, #4248, #1014, #2168 ) ) ;
#309 = AXIS2_PLACEMENT_3D ( 'NONE', #7039, #6417, #5155 ) ;
#310 = DIRECTION ( 'NONE',  ( 0.000000000000000000, 0.000000000000000000, 1.000000000000000000 ) ) ;
#311 = CARTESIAN_POINT ( 'NONE',  ( 229.9750000000001080, 13.49999999999999822, -16.65000000000000213 ) ) ;
#312 = VERTEX_POINT ( 'NONE', #952 ) ;
#313 = LINE ( 'NONE', #4110, #2564 ) ;
#314 = FACE_BOUND ( 'NONE', #6763, .T. ) ;
#315 = DIRECTION ( 'NONE',  ( 0.000000000000000000, 0.000000000000000000, -1.000000000000000000 ) ) ;
#316 = CARTESIAN_POINT ( 'NONE',  ( 165.5250000000000909, 13.49999999999999822, 61.10000000000002274 ) ) ;
#317 = DIRECTION ( 'NONE',  ( 0.000000000000000000, 0.000000000000000000, 1.000000000000000000 ) ) ;
#318 = VERTEX_POINT ( 'NONE', #7281 ) ;
#319 = DIRECTION ( 'NONE',  ( -0.000000000000000000, 1.000000000000000000, -0.000000000000000000 ) ) ;
#320 = ORIENTED_EDGE ( 'NONE', *, *, #7451, .F. ) ;
#321 = CYLINDRICAL_SURFACE ( 'NONE', #7485, 4.999999999999997335 ) ;
#322 = CARTESIAN_POINT ( 'NONE',  ( 219.4749999999999659, 4.000000000000000000, -43.70000000000000284 ) ) ;
#323 = VECTOR ( 'NONE', #1436, 1000.000000000000000 ) ;
#324 = PLANE ( 'NONE',  #4274 ) ;
#325 = EDGE_CURVE ( 'NONE', #5674, #3353, #3898, .T. ) ;
#326 = EDGE_CURVE ( 'NONE', #5768, #1788, #3529, .T. ) ;
#327 = DIRECTION ( 'NONE',  ( 0.000000000000000000, 0.000000000000000000, 1.000000000000000000 ) ) ;
#328 = CARTESIAN_POINT ( 'NONE',  ( 229.9750000000001080, 22.00000000000000000, -37.24999999999995026 ) ) ;
#329 = ORIENTED_EDGE ( 'NONE', *, *, #2436, .T. ) ;
#330 = CARTESIAN_POINT ( 'NONE',  ( -224.4749999999999943, 22.00000000000000000, -59.85000000000000142 ) ) ;
#331 = VERTEX_POINT ( 'NONE', #2256 ) ;
#332 = DIRECTION ( 'NONE',  ( -0.000000000000000000, 1.000000000000000000, -0.000000000000000000 ) ) ;
#333 = VERTEX_POINT ( 'NONE', #7787 ) ;
#334 = LINE ( 'NONE', #3422, #3317 ) ;
#335 = ADVANCED_FACE ( 'NONE', ( #6693 ), #2055, .F. ) ;
#336 = CARTESIAN_POINT ( 'NONE',  ( 165.5250000000000909, 22.00000000000000000, 59.85000000000002274 ) ) ;
#337 = ORIENTED_EDGE ( 'NONE', *, *, #7988, .T. ) ;
#338 = VERTEX_POINT ( 'NONE', #6077 ) ;
#339 = CONICAL_SURFACE ( 'NONE', #5016, 1.250000000000001110, 1.029744258676654090 ) ;
#340 = VERTEX_POINT ( 'NONE', #7744 ) ;
#341 = FACE_OUTER_BOUND ( 'NONE', #7059, .T. ) ;
#342 = EDGE_CURVE ( 'NONE', #5268, #2878, #2915, .T. ) ;
#343 = EDGE_CURVE ( 'NONE', #2658, #4221, #2065, .T. ) ;
#344 = CARTESIAN_POINT ( 'NONE',  ( 239.4749999999999943, 22.00000000000000000, 59.00000000000000711 ) ) ;
#345 = ORIENTED_EDGE ( 'NONE', *, *, #2382, .F. ) ;
#346 = CARTESIAN_POINT ( 'NONE',  ( 234.1449999999999534, 10.99999999999998757, -46.20000000000000284 ) ) ;
#347 = DIRECTION ( 'NONE',  ( 0.000000000000000000, 0.000000000000000000, 1.000000000000000000 ) ) ;
#348 = ORIENTED_EDGE ( 'NONE', *, *, #2113, .T. ) ;
#349 = DIRECTION ( 'NONE',  ( 0.000000000000000000, 0.000000000000000000, 1.000000000000000000 ) ) ;
#350 = VECTOR ( 'NONE', #7866, 1000.000000000000000 ) ;
#351 = LINE ( 'NONE', #3017, #1707 ) ;
#352 = CARTESIAN_POINT ( 'NONE',  ( -208.6750000000000682, 4.000000000000000000, -17.89999999999995595 ) ) ;
#353 = CARTESIAN_POINT ( 'NONE',  ( 219.4749999999999659, 22.00000000000000000, -59.85000000000002984 ) ) ;
#354 = CARTESIAN_POINT ( 'NONE',  ( -203.6750000000000398, 22.00000000000000000, -24.90000000000006963 ) ) ;
#355 = EDGE_LOOP ( 'NONE', ( #6803, #6031, #4292, #7388, #4764, #8094 ) ) ;
#356 = FACE_BOUND ( 'NONE', #615, .T. ) ;
#357 = ORIENTED_EDGE ( 'NONE', *, *, #7632, .F. ) ;
#358 = CARTESIAN_POINT ( 'NONE',  ( -174.4749999999999943, 22.00000000000000000, 30.80000000000003624 ) ) ;
#359 = LINE ( 'NONE', #240, #840 ) ;
#360 = CARTESIAN_POINT ( 'NONE',  ( 219.4772579652960474, 10.19389167114958639, -38.70000000000000284 ) ) ;
#361 = CARTESIAN_POINT ( 'NONE',  ( -203.6750000000000398, 13.49999999999999822, 32.05000000000006111 ) ) ;
#362 = CARTESIAN_POINT ( 'NONE',  ( 3.024999999999999911, 0.000000000000000000, -31.51566953025088935 ) ) ;
#363 = ORIENTED_EDGE ( 'NONE', *, *, #6371, .T. ) ;
#364 = CYLINDRICAL_SURFACE ( 'NONE', #6453, 1.250000000000001110 ) ;
#365 = ORIENTED_EDGE ( 'NONE', *, *, #3276, .F. ) ;
#366 = LINE ( 'NONE', #1343, #6346 ) ;
#367 = ADVANCED_FACE ( 'NONE', ( #1625 ), #3263, .F. ) ;
#368 = VERTEX_POINT ( 'NONE', #2217 ) ;
#369 = EDGE_CURVE ( 'NONE', #3147, #2892, #1668, .T. ) ;
#370 = PLANE ( 'NONE',  #4123 ) ;
#371 = VECTOR ( 'NONE', #4609, 1000.000000000000000 ) ;
#372 = DIRECTION ( 'NONE',  ( 0.000000000000000000, 0.000000000000000000, 1.000000000000000000 ) ) ;
#373 = ORIENTED_EDGE ( 'NONE', *, *, #955, .F. ) ;
#374 = VERTEX_POINT ( 'NONE', #5440 ) ;
#375 = EDGE_CURVE ( 'NONE', #1167, #5055, #1386, .T. ) ;
#376 = AXIS2_PLACEMENT_3D ( 'NONE', #5553, #1819, #4369 ) ;
#377 = EDGE_CURVE ( 'NONE', #4096, #7366, #995, .T. ) ;
#378 = ORIENTED_EDGE ( 'NONE', *, *, #4070, .T. ) ;
#379 = ADVANCED_FACE ( 'NONE', ( #7985 ), #4862, .F. ) ;
#380 = PRODUCT_DEFINITION_FORMATION_WITH_SPECIFIED_SOURCE ( 'ANY', '', #1577, .NOT_KNOWN. ) ;
#381 = DIRECTION ( 'NONE',  ( 0.000000000000000000, 1.000000000000000000, 0.000000000000000000 ) ) ;
#382 = CARTESIAN_POINT ( 'NONE',  ( -94.47500000000003695, 8.499999999999992895, 28.83433046974913694 ) ) ;
#383 = ORIENTED_EDGE ( 'NONE', *, *, #7394, .T. ) ;
#384 = DIRECTION ( 'NONE',  ( -0.000000000000000000, -1.000000000000000000, -0.000000000000000000 ) ) ;
#385 = CARTESIAN_POINT ( 'NONE',  ( 202.8250000000000455, 11.99999999999999822, 14.15000000000000213 ) ) ;
#386 = EDGE_CURVE ( 'NONE', #420, #3409, #6613, .T. ) ;
#387 = ORIENTED_EDGE ( 'NONE', *, *, #6058, .F. ) ;
#388 = EDGE_CURVE ( 'NONE', #1701, #1167, #454, .T. ) ;
#389 = DIRECTION ( 'NONE',  ( -0.000000000000000000, 1.000000000000000000, -0.000000000000000000 ) ) ;
#390 = CONICAL_SURFACE ( 'NONE', #1587, 7.000000000000117240, 1.047197551196607179 ) ;
#391 = CARTESIAN_POINT ( 'NONE',  ( 219.4749999999999659, 22.00000000000000000, -30.79999999999999716 ) ) ;
#392 = CIRCLE ( 'NONE', #3456, 1.250000000000001110 ) ;
#393 = CARTESIAN_POINT ( 'NONE',  ( -215.3250000000000455, 22.00000000000000000, -16.64999999999995595 ) ) ;
#394 = LINE ( 'NONE', #2940, #1678 ) ;
#395 = CARTESIAN_POINT ( 'NONE',  ( -174.4749999999999943, 22.00000000000000000, -1.250000000000001110 ) ) ;
#396 = ORIENTED_EDGE ( 'NONE', *, *, #6923, .F. ) ;
#397 = DIRECTION ( 'NONE',  ( 0.000000000000000000, 0.000000000000000000, 1.000000000000000000 ) ) ;
#398 = VERTEX_POINT ( 'NONE', #1033 ) ;
#399 = CARTESIAN_POINT ( 'NONE',  ( 224.4749999999999659, 4.000000000000000000, -43.70000000000000284 ) ) ;
#400 = EDGE_CURVE ( 'NONE', #1897, #5210, #1257, .T. ) ;
#401 = AXIS2_PLACEMENT_3D ( 'NONE', #7680, #7719, #4494 ) ;
#402 = CARTESIAN_POINT ( 'NONE',  ( -4.474999999999979217, 22.00000000000000000, -30.79999999999999361 ) ) ;
#403 = VECTOR ( 'NONE', #2096, 1000.000000000000000 ) ;
#404 = CARTESIAN_POINT ( 'NONE',  ( 176.1750000000000398, 4.000000000000000000, 38.70000000000000995 ) ) ;
#405 = VECTOR ( 'NONE', #3491, 1000.000000000000000 ) ;
#406 = DIRECTION ( 'NONE',  ( 0.000000000000000000, 4.372746802554125415E-15, -1.000000000000000000 ) ) ;
#407 = ORIENTED_EDGE ( 'NONE', *, *, #4949, .F. ) ;
#408 = CONICAL_SURFACE ( 'NONE', #6161, 1.250000000000001110, 1.029744258676654090 ) ;
#409 = CARTESIAN_POINT ( 'NONE',  ( 227.0949999999999704, 10.99999999999998757, 46.20000000000000284 ) ) ;
#410 = ORIENTED_EDGE ( 'NONE', *, *, #5750, .F. ) ;
#411 = CYLINDRICAL_SURFACE ( 'NONE', #211, 5.000000000000000888 ) ;
#412 = ORIENTED_EDGE ( 'NONE', *, *, #5905, .F. ) ;
#413 = CARTESIAN_POINT ( 'NONE',  ( 219.4749999999999659, 13.49999999999999822, -61.10000000000002984 ) ) ;
#414 = CARTESIAN_POINT ( 'NONE',  ( 219.4749999999999659, 20.84529946162070502, -38.70000000000000284 ) ) ;
#415 = EDGE_CURVE ( 'NONE', #3707, #6742, #7487, .T. ) ;
#416 = AXIS2_PLACEMENT_3D ( 'NONE', #934, #6057, #315 ) ;
#417 = DIRECTION ( 'NONE',  ( 0.000000000000000000, 0.000000000000000000, 1.000000000000000000 ) ) ;
#418 = CARTESIAN_POINT ( 'NONE',  ( -174.4749999999999943, 22.00000000000000000, -58.60000000000000142 ) ) ;
#419 = ORIENTED_EDGE ( 'NONE', *, *, #4788, .F. ) ;
#420 = VERTEX_POINT ( 'NONE', #1747 ) ;
#421 = ORIENTED_EDGE ( 'NONE', *, *, #5841, .F. ) ;
#422 = CARTESIAN_POINT ( 'NONE',  ( -174.4749999999999943, 12.74892422621554644, -30.79999999999997229 ) ) ;
#423 = CIRCLE ( 'NONE', #4960, 1.250000000000001110 ) ;
#424 = AXIS2_PLACEMENT_3D ( 'NONE', #4466, #2626, #3163 ) ;
#425 = EDGE_CURVE ( 'NONE', #1814, #3854, #8072, .T. ) ;
#426 = DIRECTION ( 'NONE',  ( 0.000000000000000000, 0.000000000000000000, 1.000000000000000000 ) ) ;
#427 = ORIENTED_EDGE ( 'NONE', *, *, #1698, .T. ) ;
#428 = CARTESIAN_POINT ( 'NONE',  ( -4.474999999999979217, 22.00000000000000000, -30.79999999999999361 ) ) ;
#429 = DIRECTION ( 'NONE',  ( 0.000000000000000000, 0.000000000000000000, -1.000000000000000000 ) ) ;
#430 = ORIENTED_EDGE ( 'NONE', *, *, #2060, .T. ) ;
#431 = AXIS2_PLACEMENT_3D ( 'NONE', #5079, #4449, #7011 ) ;
#432 = CARTESIAN_POINT ( 'NONE',  ( 165.5250000000000341, 22.00000000000000000, -59.85000000000004405 ) ) ;
#433 = FACE_BOUND ( 'NONE', #5632, .T. ) ;
#434 = EDGE_CURVE ( 'NONE', #5600, #1254, #6209, .T. ) ;
#435 = CARTESIAN_POINT ( 'NONE',  ( -239.4750000000000227, 22.00000000000000000, -57.34999999999996589 ) ) ;
#436 = CARTESIAN_POINT ( 'NONE',  ( 176.1750000000000398, 22.00000000000000000, 33.70000000000001705 ) ) ;
#437 = LINE ( 'NONE', #354, #4546 ) ;
#438 = VERTEX_POINT ( 'NONE', #5645 ) ;
#439 = CARTESIAN_POINT ( 'NONE',  ( -94.47500000000003695, -1.402220585023716934E-15, 30.08433046974912273 ) ) ;
#440 = ORIENTED_EDGE ( 'NONE', *, *, #980, .T. ) ;
#441 = DIRECTION ( 'NONE',  ( -0.000000000000000000, 1.000000000000000000, -0.000000000000000000 ) ) ;
#442 = CONICAL_SURFACE ( 'NONE', #5263, 1.250000000000001110, 1.029744258676654090 ) ;
#443 = DIRECTION ( 'NONE',  ( 0.000000000000000000, 0.000000000000000000, 1.000000000000000000 ) ) ;
#444 = EDGE_CURVE ( 'NONE', #2420, #6651, #1123, .T. ) ;
#445 = DIRECTION ( 'NONE',  ( -0.000000000000000000, 1.000000000000000000, -0.000000000000000000 ) ) ;
#446 = CYLINDRICAL_SURFACE ( 'NONE', #1694, 1.249999999999987121 ) ;
#447 = ORIENTED_EDGE ( 'NONE', *, *, #2977, .F. ) ;
#448 = CARTESIAN_POINT ( 'NONE',  ( 229.9750000000001080, 22.00000000000000000, 56.00000000000000000 ) ) ;
#449 = ORIENTED_EDGE ( 'NONE', *, *, #7803, .F. ) ;
#450 = CARTESIAN_POINT ( 'NONE',  ( 191.1750000000000114, 11.24892422621554822, 0.000000000000000000 ) ) ;
#451 = VERTEX_POINT ( 'NONE', #450 ) ;
#452 = DIRECTION ( 'NONE',  ( -0.000000000000000000, -1.000000000000000000, 0.000000000000000000 ) ) ;
#453 = DIRECTION ( 'NONE',  ( 0.000000000000000000, 0.5150380749100544886, 0.8571673007021121116 ) ) ;
#454 = CIRCLE ( 'NONE', #2725, 7.000000000000117240 ) ;
#455 = PLANE ( 'NONE',  #4794 ) ;
#456 = CARTESIAN_POINT ( 'NONE',  ( -216.9749999999999943, 4.000000000000000000, 38.70000000000005969 ) ) ;
#457 = ORIENTED_EDGE ( 'NONE', *, *, #4713, .F. ) ;
#458 = ORIENTED_EDGE ( 'NONE', *, *, #4431, .F. ) ;
#459 = ORIENTED_EDGE ( 'NONE', *, *, #5800, .F. ) ;
#460 = LINE ( 'NONE', #7331, #3978 ) ;
#461 = CARTESIAN_POINT ( 'NONE',  ( -174.4749999999999943, 13.49999999999999822, -29.54999999999997229 ) ) ;
#462 = ORIENTED_EDGE ( 'NONE', *, *, #4684, .F. ) ;
#463 = CARTESIAN_POINT ( 'NONE',  ( 165.5250000000000341, 12.74892422621554644, 30.79999999999999361 ) ) ;
#464 = DIRECTION ( 'NONE',  ( -0.000000000000000000, 1.000000000000000000, -0.000000000000000000 ) ) ;
#465 = ORIENTED_EDGE ( 'NONE', *, *, #7183, .T. ) ;
#466 = EDGE_CURVE ( 'NONE', #451, #5600, #7571, .T. ) ;
#467 = DIRECTION ( 'NONE',  ( -1.000000000000000000, 0.000000000000000000, -0.000000000000000000 ) ) ;
#468 = EDGE_CURVE ( 'NONE', #4405, #2508, #851, .T. ) ;
#469 = FACE_BOUND ( 'NONE', #1419, .T. ) ;
#470 = DIRECTION ( 'NONE',  ( -0.000000000000000000, 1.000000000000000000, -0.000000000000000000 ) ) ;
#471 = DIRECTION ( 'NONE',  ( -0.000000000000000000, 1.000000000000000000, -0.000000000000000000 ) ) ;
#472 = CARTESIAN_POINT ( 'NONE',  ( 165.5250000000000341, 22.00000000000000000, -3.899946568576850379E-14 ) ) ;
#473 = ORIENTED_EDGE ( 'NONE', *, *, #3972, .F. ) ;
#474 = CARTESIAN_POINT ( 'NONE',  ( 191.1750000000000114, 22.00000000000000000, 59.85000000000006537 ) ) ;
#475 = CONICAL_SURFACE ( 'NONE', #4352, 1.250000000000001110, 1.029744258676654090 ) ;
#476 = ORIENTED_EDGE ( 'NONE', *, *, #7083, .F. ) ;
#477 = VECTOR ( 'NONE', #5509, 1000.000000000000000 ) ;
#478 = CARTESIAN_POINT ( 'NONE',  ( 234.1449999999999534, 10.99999999999998934, -39.06260000000000332 ) ) ;
#479 = ADVANCED_FACE ( 'NONE', ( #2996 ), #1524, .F. ) ;
#480 = CARTESIAN_POINT ( 'NONE',  ( 219.4749999999999659, 12.20899172797666310, -38.70000000000000284 ) ) ;
#481 = DIRECTION ( 'NONE',  ( -0.000000000000000000, 1.000000000000000000, -0.000000000000000000 ) ) ;
#482 = PLANE ( 'NONE',  #1563 ) ;
#483 = ORIENTED_EDGE ( 'NONE', *, *, #958, .T. ) ;
#484 = LINE ( 'NONE', #6774, #4567 ) ;
#485 = ORIENTED_EDGE ( 'NONE', *, *, #2293, .F. ) ;
#486 = DIRECTION ( 'NONE',  ( 0.000000000000000000, -0.5150380749100542666, -0.8571673007021122226 ) ) ;
#487 = VERTEX_POINT ( 'NONE', #568 ) ;
#488 = DIRECTION ( 'NONE',  ( 0.000000000000000000, 0.000000000000000000, 1.000000000000000000 ) ) ;
#489 = EDGE_CURVE ( 'NONE', #776, #6734, #5138, .T. ) ;
#490 = LINE ( 'NONE', #7492, #1459 ) ;
#491 = EDGE_CURVE ( 'NONE', #7441, #1011, #3541, .T. ) ;
#492 = AXIS2_PLACEMENT_3D ( 'NONE', #1277, #2495, #7015 ) ;
#493 = DIRECTION ( 'NONE',  ( -0.000000000000000000, 1.000000000000000000, -0.000000000000000000 ) ) ;
#494 = CARTESIAN_POINT ( 'NONE',  ( -94.47500000000000853, 8.499999999999992895, -31.51566953025088225 ) ) ;
#495 = ORIENTED_EDGE ( 'NONE', *, *, #5106, .F. ) ;
#496 = EDGE_LOOP ( 'NONE', ( #3595, #3287, #7486, #6284 ) ) ;
#497 = ORIENTED_EDGE ( 'NONE', *, *, #6128, .T. ) ;
#498 = ADVANCED_FACE ( 'NONE', ( #4301 ), #411, .F. ) ;
#499 = FACE_OUTER_BOUND ( 'NONE', #7847, .T. ) ;
#500 = CIRCLE ( 'NONE', #5990, 1.249999999999987121 ) ;
#501 = ORIENTED_EDGE ( 'NONE', *, *, #4812, .T. ) ;
#502 = CARTESIAN_POINT ( 'NONE',  ( 176.1750000000000398, 22.00000000000000000, 33.70000000000001705 ) ) ;
#503 = LINE ( 'NONE', #2441, #2541 ) ;
#504 = VERTEX_POINT ( 'NONE', #4220 ) ;
#505 = CYLINDRICAL_SURFACE ( 'NONE', #3915, 1.649999999999984812 ) ;
#506 = FACE_BOUND ( 'NONE', #4970, .T. ) ;
#507 = AXIS2_PLACEMENT_3D ( 'NONE', #809, #4656, #5384 ) ;
#508 = EDGE_CURVE ( 'NONE', #6232, #2878, #5280, .T. ) ;
#509 = DIRECTION ( 'NONE',  ( 0.000000000000000000, 0.000000000000000000, 1.000000000000000000 ) ) ;
#510 = CARTESIAN_POINT ( 'NONE',  ( 229.9750000000001080, 12.74892422621554644, 56.00000000000000000 ) ) ;
#511 = FACE_OUTER_BOUND ( 'NONE', #7242, .T. ) ;
#512 = ORIENTED_EDGE ( 'NONE', *, *, #2159, .T. ) ;
#513 = DIRECTION ( 'NONE',  ( 0.000000000000000000, 0.000000000000000000, 1.000000000000000000 ) ) ;
#514 = AXIS2_PLACEMENT_3D ( 'NONE', #6781, #1165, #3753 ) ;
#515 = VERTEX_POINT ( 'NONE', #6866 ) ;
#516 = CARTESIAN_POINT ( 'NONE',  ( 219.4749999999999659, 22.00000000000000000, -59.85000000000002984 ) ) ;
#517 = EDGE_CURVE ( 'NONE', #2149, #5674, #1004, .T. ) ;
#518 = AXIS2_PLACEMENT_3D ( 'NONE', #1699, #6186, #4253 ) ;
#519 = CARTESIAN_POINT ( 'NONE',  ( 196.1750000000000114, 4.000000000000000000, 48.70000000000001705 ) ) ;
#520 = EDGE_CURVE ( 'NONE', #7620, #4041, #3708, .T. ) ;
#521 = CARTESIAN_POINT ( 'NONE',  ( 176.1750000000000398, 22.00000000000000000, 27.90000000000000213 ) ) ;
#522 = EDGE_CURVE ( 'NONE', #6989, #107, #2744, .T. ) ;
#523 = LINE ( 'NONE', #5007, #5874 ) ;
#524 = DIRECTION ( 'NONE',  ( 0.000000000000000000, 0.000000000000000000, -1.000000000000000000 ) ) ;
#525 = ORIENTED_EDGE ( 'NONE', *, *, #6007, .T. ) ;
#526 = DIRECTION ( 'NONE',  ( 0.000000000000000000, 0.000000000000000000, 1.000000000000000000 ) ) ;
#527 = ORIENTED_EDGE ( 'NONE', *, *, #6371, .F. ) ;
#528 = CARTESIAN_POINT ( 'NONE',  ( 239.4749999999999943, 10.49999999999999822, 57.35000000000001563 ) ) ;
#529 = ORIENTED_EDGE ( 'NONE', *, *, #4023, .F. ) ;
#530 = CARTESIAN_POINT ( 'NONE',  ( 224.4749999999999659, 20.84529946162070502, -53.70000000000000284 ) ) ;
#531 = AXIS2_PLACEMENT_3D ( 'NONE', #5525, #7164, #2765 ) ;
#532 = FACE_OUTER_BOUND ( 'NONE', #6390, .T. ) ;
#533 = AXIS2_PLACEMENT_3D ( 'NONE', #5587, #4909, #1185 ) ;
#534 = EDGE_CURVE ( 'NONE', #3743, #7973, #5688, .T. ) ;
#535 = DIRECTION ( 'NONE',  ( 0.000000000000000000, 1.000000000000000000, 0.000000000000000000 ) ) ;
#536 = DIRECTION ( 'NONE',  ( 1.049727191138615984E-16, 0.5150380749100580413, -0.8571673007021101132 ) ) ;
#537 = ORIENTED_EDGE ( 'NONE', *, *, #3149, .F. ) ;
#538 = ORIENTED_EDGE ( 'NONE', *, *, #7169, .F. ) ;
#539 = CARTESIAN_POINT ( 'NONE',  ( 165.5250000000000909, 22.00000000000000000, 59.85000000000002274 ) ) ;
#540 = CIRCLE ( 'NONE', #5225, 1.249999999999987121 ) ;
#541 = ADVANCED_FACE ( 'NONE', ( #1945 ), #7425, .F. ) ;
#542 = CONICAL_SURFACE ( 'NONE', #2684, 1.250000000000001110, 1.029744258676655200 ) ;
#543 = EDGE_LOOP ( 'NONE', ( #5189, #6311, #292 ) ) ;
#544 = LINE ( 'NONE', #2556, #4182 ) ;
#545 = LINE ( 'NONE', #2599, #6685 ) ;
#546 = VERTEX_POINT ( 'NONE', #6982 ) ;
#547 = DIRECTION ( 'NONE',  ( -0.000000000000000000, 1.000000000000000000, -0.000000000000000000 ) ) ;
#548 = CIRCLE ( 'NONE', #5636, 1.649999999999984812 ) ;
#549 = VECTOR ( 'NONE', #5056, 1000.000000000000000 ) ;
#550 = COLOUR_RGB ( '',0.7921568627450980005, 0.8196078431372548767, 0.9333333333333333481 ) ;
#551 = DIRECTION ( 'NONE',  ( 0.000000000000000000, 0.000000000000000000, -1.000000000000000000 ) ) ;
#552 = DIRECTION ( 'NONE',  ( 0.000000000000000000, 0.4999999999999924505, 0.8660254037844429265 ) ) ;
#553 = CIRCLE ( 'NONE', #2305, 1.250000000000001110 ) ;
#554 = CIRCLE ( 'NONE', #3903, 1.250000000000001110 ) ;
#555 = DIRECTION ( 'NONE',  ( 0.000000000000000000, 0.000000000000000000, -1.000000000000000000 ) ) ;
#556 = EDGE_LOOP ( 'NONE', ( #2439, #2050, #5736, #8129 ) ) ;
#557 = DIRECTION ( 'NONE',  ( 1.000000000000000000, -0.000000000000000000, -0.000000000000000000 ) ) ;
#558 = ORIENTED_EDGE ( 'NONE', *, *, #7152, .T. ) ;
#559 = DIRECTION ( 'NONE',  ( 0.000000000000000000, 0.000000000000000000, 1.000000000000000000 ) ) ;
#560 = DIRECTION ( 'NONE',  ( 0.000000000000000000, 0.5150380749100544886, 0.8571673007021121116 ) ) ;
#561 = VECTOR ( 'NONE', #930, 1000.000000000000000 ) ;
#562 = DIRECTION ( 'NONE',  ( 0.000000000000000000, 0.000000000000000000, 1.000000000000000000 ) ) ;
#563 = CARTESIAN_POINT ( 'NONE',  ( -216.9750000000000227, 22.00000000000000000, -36.69999999999983942 ) ) ;
#564 = ORIENTED_EDGE ( 'NONE', *, *, #5117, .T. ) ;
#565 = VECTOR ( 'NONE', #8161, 1000.000000000000000 ) ;
#566 = LINE ( 'NONE', #4256, #6051 ) ;
#567 = ORIENTED_EDGE ( 'NONE', *, *, #6881, .T. ) ;
#568 = CARTESIAN_POINT ( 'NONE',  ( -94.47500000000000853, 9.251075773784437573, -32.76566953025086804 ) ) ;
#569 = ORIENTED_EDGE ( 'NONE', *, *, #5690, .T. ) ;
#570 = AXIS2_PLACEMENT_3D ( 'NONE', #5288, #4743, #3483 ) ;
#571 = CARTESIAN_POINT ( 'NONE',  ( 224.4749999999999659, 4.000000000000000000, -17.90000000000000213 ) ) ;
#572 = VECTOR ( 'NONE', #5534, 1000.000000000000000 ) ;
#573 = ADVANCED_FACE ( 'NONE', ( #4498 ), #1281, .F. ) ;
#574 = LINE ( 'NONE', #3635, #3601 ) ;
#575 = ADVANCED_FACE ( 'NONE', ( #7646 ), #339, .F. ) ;
#576 = VECTOR ( 'NONE', #452, 1000.000000000000000 ) ;
#577 = DIRECTION ( 'NONE',  ( 0.000000000000000000, -1.000000000000000000, -0.000000000000000000 ) ) ;
#578 = DIRECTION ( 'NONE',  ( 0.000000000000000000, 0.000000000000000000, 1.000000000000000000 ) ) ;
#579 = VERTEX_POINT ( 'NONE', #7769 ) ;
#580 = ORIENTED_EDGE ( 'NONE', *, *, #6215, .T. ) ;
#581 = EDGE_CURVE ( 'NONE', #5946, #6425, #6358, .T. ) ;
#582 = CARTESIAN_POINT ( 'NONE',  ( -174.4749999999999943, 13.49999999999999822, -58.60000000000000142 ) ) ;
#583 = ORIENTED_EDGE ( 'NONE', *, *, #2159, .F. ) ;
#584 = CARTESIAN_POINT ( 'NONE',  ( -203.6750000000000398, 13.49999999999999822, -30.79999999999997939 ) ) ;
#585 = DIRECTION ( 'NONE',  ( 0.000000000000000000, 0.000000000000000000, -1.000000000000000000 ) ) ;
#586 = ORIENTED_EDGE ( 'NONE', *, *, #5441, .F. ) ;
#587 = FACE_OUTER_BOUND ( 'NONE', #6531, .T. ) ;
#588 = AXIS2_PLACEMENT_3D ( 'NONE', #8027, #1541, #7362 ) ;
#589 = EDGE_CURVE ( 'NONE', #1942, #4378, #3961, .T. ) ;
#590 = CARTESIAN_POINT ( 'NONE',  ( 191.1750000000000114, 20.84529946162070502, 53.70000000000000995 ) ) ;
#591 = ADVANCED_FACE ( 'NONE', ( #2620 ), #1147, .F. ) ;
#592 = CARTESIAN_POINT ( 'NONE',  ( -241.7250000000000796, 22.00000000000000000, 49.95000000000006679 ) ) ;
#593 = CARTESIAN_POINT ( 'NONE',  ( 191.1750000000000114, 11.99999999999999822, 0.000000000000000000 ) ) ;
#594 = ORIENTED_EDGE ( 'NONE', *, *, #1184, .F. ) ;
#595 = DIRECTION ( 'NONE',  ( -0.000000000000000000, 1.000000000000000000, -0.000000000000000000 ) ) ;
#596 = ORIENTED_EDGE ( 'NONE', *, *, #7540, .T. ) ;
#597 = FACE_OUTER_BOUND ( 'NONE', #5260, .T. ) ;
#598 = AXIS2_PLACEMENT_3D ( 'NONE', #5559, #6816, #1792 ) ;
#599 = AXIS2_PLACEMENT_3D ( 'NONE', #2699, #773, #5253 ) ;
#600 = CARTESIAN_POINT ( 'NONE',  ( -174.4749999999999943, 13.49999999999999822, 30.80000000000003624 ) ) ;
#602 = FACE_OUTER_BOUND ( 'NONE', #5586, .T. ) ;
#601 = VECTOR ( 'NONE', #3299, 1000.000000000000227 ) ;
#603 = FACE_OUTER_BOUND ( 'NONE', #1866, .T. ) ;
#604 = ORIENTED_EDGE ( 'NONE', *, *, #8038, .F. ) ;
#605 = CARTESIAN_POINT ( 'NONE',  ( 165.5250000000000341, 13.49999999999999822, -30.80000000000001492 ) ) ;
#606 = ORIENTED_EDGE ( 'NONE', *, *, #3450, .F. ) ;
#607 = DIRECTION ( 'NONE',  ( -0.000000000000000000, 1.000000000000000000, -0.000000000000000000 ) ) ;
#608 = VERTEX_POINT ( 'NONE', #5892 ) ;
#609 = LINE ( 'NONE', #2423, #2323 ) ;
#610 = CARTESIAN_POINT ( 'NONE',  ( -174.4749999999999943, 13.49999999999999822, -61.10000000000000142 ) ) ;
#611 = AXIS2_PLACEMENT_3D ( 'NONE', #4768, #4806, #3423 ) ;
#612 = ADVANCED_FACE ( 'NONE', ( #779 ), #475, .F. ) ;
#613 = DIRECTION ( 'NONE',  ( -0.000000000000000000, -1.000000000000000000, -0.000000000000000000 ) ) ;
#614 = CARTESIAN_POINT ( 'NONE',  ( 224.3967834999524200, 9.952747360100060448, -53.70000000000000284 ) ) ;
#615 = EDGE_LOOP ( 'NONE', ( #6485, #6863 ) ) ;
#616 = LINE ( 'NONE', #3294, #5373 ) ;
#617 = ORIENTED_EDGE ( 'NONE', *, *, #4873, .T. ) ;
#618 = ORIENTED_EDGE ( 'NONE', *, *, #5955, .T. ) ;
#619 = CARTESIAN_POINT ( 'NONE',  ( -174.4749999999999375, 22.00000000000000000, 59.85000000000006537 ) ) ;
#620 = ADVANCED_FACE ( 'NONE', ( #3323 ), #73, .F. ) ;
#621 = EDGE_CURVE ( 'NONE', #4635, #6581, #1547, .T. ) ;
#622 = ORIENTED_EDGE ( 'NONE', *, *, #4785, .F. ) ;
#623 = DIRECTION ( 'NONE',  ( 0.000000000000000000, 0.000000000000000000, -1.000000000000000000 ) ) ;
#624 = CARTESIAN_POINT ( 'NONE',  ( 198.0249999999999773, 0.000000000000000000, 27.58433046974910141 ) ) ;
#625 = EDGE_LOOP ( 'NONE', ( #2434, #7722, #1451, #795 ) ) ;
#626 = LINE ( 'NONE', #6335, #3105 ) ;
#627 = CIRCLE ( 'NONE', #3304, 1.250000000000001110 ) ;
#628 = CARTESIAN_POINT ( 'NONE',  ( -241.7250000000000227, 12.74892422621554822, 3.252606517456513302E-16 ) ) ;
#629 = FACE_OUTER_BOUND ( 'NONE', #1508, .T. ) ;
#630 = ADVANCED_FACE ( 'NONE', ( #7605 ), #4083, .F. ) ;
#631 = AXIS2_PLACEMENT_3D ( 'NONE', #6705, #4273, #7996 ) ;
#632 = DIRECTION ( 'NONE',  ( -0.000000000000000000, 1.000000000000000000, -0.000000000000000000 ) ) ;
#633 = ORIENTED_EDGE ( 'NONE', *, *, #958, .F. ) ;
#634 = ADVANCED_FACE ( 'NONE', ( #7723 ), #108, .F. ) ;
#635 = DIRECTION ( 'NONE',  ( 0.000000000000000000, -0.5150380749100542666, -0.8571673007021122226 ) ) ;
#636 = VERTEX_POINT ( 'NONE', #4544 ) ;
#637 = CARTESIAN_POINT ( 'NONE',  ( -188.6750000000000398, 4.000000000000000000, -7.899999999999954170 ) ) ;
#638 = CONICAL_SURFACE ( 'NONE', #3988, 1.250000000000001110, 1.029744258676654090 ) ;
#639 = DIRECTION ( 'NONE',  ( -0.000000000000000000, -1.000000000000000000, 0.000000000000000000 ) ) ;
#640 = CIRCLE ( 'NONE', #2121, 7.963026999999997635 ) ;
#641 =( LENGTH_UNIT ( ) NAMED_UNIT ( * ) SI_UNIT ( .MILLI., .METRE. ) );
#642 = VECTOR ( 'NONE', #1126, 1000.000000000000000 ) ;
#643 = CARTESIAN_POINT ( 'NONE',  ( 219.4749999999999659, 13.49999999999999822, -32.04999999999999716 ) ) ;
#644 = EDGE_CURVE ( 'NONE', #5657, #579, #3682, .T. ) ;
#645 = DIRECTION ( 'NONE',  ( 1.049727191138618449E-16, 0.5150380749100544886, -0.8571673007021121116 ) ) ;
#646 = ORIENTED_EDGE ( 'NONE', *, *, #124, .F. ) ;
#647 = EDGE_CURVE ( 'NONE', #3842, #7414, #155, .T. ) ;
#648 = CARTESIAN_POINT ( 'NONE',  ( 216.9749999999999943, 13.49999999999999822, 58.60000000000005826 ) ) ;
#649 = EDGE_LOOP ( 'NONE', ( #3165, #2757 ) ) ;
#650 = CARTESIAN_POINT ( 'NONE',  ( -203.6750000000000398, 20.84529946162070502, -17.89999999999995595 ) ) ;
#651 = VERTEX_POINT ( 'NONE', #3922 ) ;
#652 = CONICAL_SURFACE ( 'NONE', #6541, 7.000000000000117240, 1.047197551196607179 ) ;
#653 = DIRECTION ( 'NONE',  ( 0.000000000000000000, 0.000000000000000000, 1.000000000000000000 ) ) ;
#654 = DIRECTION ( 'NONE',  ( 0.000000000000000000, 0.5150380749100544886, 0.8571673007021121116 ) ) ;
#655 = VECTOR ( 'NONE', #6317, 1000.000000000000114 ) ;
#656 = CIRCLE ( 'NONE', #5345, 2.999999999999891642 ) ;
#657 = DIRECTION ( 'NONE',  ( 0.000000000000000000, 0.000000000000000000, 1.000000000000000000 ) ) ;
#658 = DIRECTION ( 'NONE',  ( -0.000000000000000000, -1.000000000000000000, -0.000000000000000000 ) ) ;
#659 = VERTEX_POINT ( 'NONE', #6484 ) ;
#660 = DIRECTION ( 'NONE',  ( 1.000000000000000000, 0.000000000000000000, 0.000000000000000000 ) ) ;
#661 = AXIS2_PLACEMENT_3D ( 'NONE', #3371, #2835, #7944 ) ;
#662 = ORIENTED_EDGE ( 'NONE', *, *, #1504, .F. ) ;
#663 = ORIENTED_EDGE ( 'NONE', *, *, #3278, .F. ) ;
#664 = ADVANCED_FACE ( 'NONE', ( #4420 ), #752, .F. ) ;
#665 = VECTOR ( 'NONE', #8183, 1000.000000000000000 ) ;
#666 = CYLINDRICAL_SURFACE ( 'NONE', #7865, 1.249999999999987121 ) ;
#667 = AXIS2_PLACEMENT_3D ( 'NONE', #3425, #2957, #6538 ) ;
#668 = ADVANCED_FACE ( 'NONE', ( #3878 ), #6441, .F. ) ;
#669 = CARTESIAN_POINT ( 'NONE',  ( -174.4749999999999943, 22.00000000000000000, 0.000000000000000000 ) ) ;
#670 = AXIS2_PLACEMENT_3D ( 'NONE', #1813, #1225, #3694 ) ;
#671 = ORIENTED_EDGE ( 'NONE', *, *, #4812, .F. ) ;
#672 = DIRECTION ( 'NONE',  ( 0.000000000000000000, -1.000000000000000000, 0.000000000000000000 ) ) ;
#673 = AXIS2_PLACEMENT_3D ( 'NONE', #856, #1611, #6678 ) ;
#674 = DIRECTION ( 'NONE',  ( -0.000000000000000000, -1.000000000000000000, -0.000000000000000000 ) ) ;
#675 = VERTEX_POINT ( 'NONE', #1531 ) ;
#676 = DIRECTION ( 'NONE',  ( -0.000000000000000000, 1.000000000000000000, -0.000000000000000000 ) ) ;
#677 = ADVANCED_FACE ( 'NONE', ( #4667 ), #3007, .F. ) ;
#678 = CARTESIAN_POINT ( 'NONE',  ( 3.024999999999971934, -1.402220585023716934E-15, 28.83433046974912628 ) ) ;
#679 = EDGE_CURVE ( 'NONE', #7422, #173, #1443, .T. ) ;
#680 = VECTOR ( 'NONE', #5162, 1000.000000000000114 ) ;
#681 = FACE_OUTER_BOUND ( 'NONE', #1074, .T. ) ;
#682 = CARTESIAN_POINT ( 'NONE',  ( 165.5250000000000341, 13.49999999999999822, -3.899946568576850379E-14 ) ) ;
#683 = ORIENTED_EDGE ( 'NONE', *, *, #8158, .F. ) ;
#684 = LINE ( 'NONE', #98, #1479 ) ;
#685 = EDGE_LOOP ( 'NONE', ( #6970, #7287, #1239, #6556 ) ) ;
#686 = AXIS2_PLACEMENT_3D ( 'NONE', #8074, #7497, #4386 ) ;
#687 = CIRCLE ( 'NONE', #424, 1.250000000000001110 ) ;
#688 = CARTESIAN_POINT ( 'NONE',  ( 100.5249999999999488, 8.499999999999992895, 27.58433046974912628 ) ) ;
#689 = PLANE ( 'NONE',  #3314 ) ;
#690 = EDGE_CURVE ( 'NONE', #608, #1382, #7186, .T. ) ;
#691 = AXIS2_PLACEMENT_3D ( 'NONE', #7294, #7925, #1557 ) ;
#692 = CARTESIAN_POINT ( 'NONE',  ( -174.4749999999999943, 22.00000000000000000, -59.85000000000000142 ) ) ;
#693 = DIRECTION ( 'NONE',  ( -0.000000000000000000, 1.000000000000000000, -0.000000000000000000 ) ) ;
#694 = DIRECTION ( 'NONE',  ( -0.000000000000000000, 1.000000000000000000, -0.000000000000000000 ) ) ;
#695 = VERTEX_POINT ( 'NONE', #238 ) ;
#696 = CYLINDRICAL_SURFACE ( 'NONE', #5760, 2.500000000000002220 ) ;
#697 = VERTEX_POINT ( 'NONE', #7850 ) ;
#698 = DIRECTION ( 'NONE',  ( -0.000000000000000000, 1.000000000000000000, -0.000000000000000000 ) ) ;
#699 = ORIENTED_EDGE ( 'NONE', *, *, #5506, .T. ) ;
#700 = FACE_OUTER_BOUND ( 'NONE', #3047, .T. ) ;
#701 = AXIS2_PLACEMENT_3D ( 'NONE', #3866, #6428, #7758 ) ;
#702 = DIRECTION ( 'NONE',  ( 0.000000000000000000, 1.000000000000000000, -0.000000000000000000 ) ) ;
#703 = EDGE_CURVE ( 'NONE', #338, #97, #4536, .T. ) ;
#704 = CARTESIAN_POINT ( 'NONE',  ( 226.4750000000000796, 22.00000000000000000, -48.70000000000000995 ) ) ;
#705 = VECTOR ( 'NONE', #6911, 1000.000000000000000 ) ;
#706 = CARTESIAN_POINT ( 'NONE',  ( 202.8250000000000455, 22.00000000000000000, 47.45000000000000284 ) ) ;
#707 = ORIENTED_EDGE ( 'NONE', *, *, #644, .T. ) ;
#708 = CARTESIAN_POINT ( 'NONE',  ( 100.5249999999999488, -1.402220585023716934E-15, 30.08433046974910141 ) ) ;
#709 = AXIS2_PLACEMENT_3D ( 'NONE', #5999, #6625, #7335 ) ;
#710 = ORIENTED_EDGE ( 'NONE', *, *, #3020, .F. ) ;
#711 = EDGE_LOOP ( 'NONE', ( #2748, #7374, #1486, #1675 ) ) ;
#712 = AXIS2_PLACEMENT_3D ( 'NONE', #4630, #7189, #1372 ) ;
#713 = DIRECTION ( 'NONE',  ( 0.5150380749100526012, 0.000000000000000000, -0.8571673007021132218 ) ) ;
#714 = ORIENTED_EDGE ( 'NONE', *, *, #6114, .F. ) ;
#715 = AXIS2_PLACEMENT_3D ( 'NONE', #7801, #3150, #769 ) ;
#716 = CARTESIAN_POINT ( 'NONE',  ( 219.4749999999999659, 4.000000000000000000, -17.90000000000000213 ) ) ;
#717 = CIRCLE ( 'NONE', #6477, 4.999999999999997335 ) ;
#718 = CARTESIAN_POINT ( 'NONE',  ( 219.4749999999999659, 9.791008272023203673, 53.70000000000000284 ) ) ;
#719 = VERTEX_POINT ( 'NONE', #3998 ) ;
#720 = DIRECTION ( 'NONE',  ( -0.000000000000000000, 1.000000000000000000, -0.000000000000000000 ) ) ;
#721 = DIRECTION ( 'NONE',  ( -0.000000000000000000, -1.000000000000000000, -0.000000000000000000 ) ) ;
#722 = CARTESIAN_POINT ( 'NONE',  ( -188.6750000000000398, 22.00000000000000000, 2.900000000000046541 ) ) ;
#723 = EDGE_CURVE ( 'NONE', #7734, #546, #5261, .T. ) ;
#724 = DIRECTION ( 'NONE',  ( -0.000000000000000000, 1.000000000000000000, -0.000000000000000000 ) ) ;
#725 = ORIENTED_EDGE ( 'NONE', *, *, #5652, .T. ) ;
#726 = ORIENTED_EDGE ( 'NONE', *, *, #7323, .F. ) ;
#727 = EDGE_CURVE ( 'NONE', #3557, #5210, #7230, .T. ) ;
#728 = DIRECTION ( 'NONE',  ( 0.000000000000000000, 0.000000000000000000, 1.000000000000000000 ) ) ;
#729 = ORIENTED_EDGE ( 'NONE', *, *, #1674, .T. ) ;
#730 = CARTESIAN_POINT ( 'NONE',  ( -4.474999999999979217, 22.00000000000000000, 32.05000000000001847 ) ) ;
#731 = LINE ( 'NONE', #3275, #2388 ) ;
#732 = DIRECTION ( 'NONE',  ( 0.000000000000000000, 0.000000000000000000, 1.000000000000000000 ) ) ;
#733 = DIRECTION ( 'NONE',  ( 0.000000000000000000, -0.4999999999999926170, -0.8660254037844428154 ) ) ;
#734 = FACE_OUTER_BOUND ( 'NONE', #1610, .T. ) ;
#735 = VERTEX_POINT ( 'NONE', #1487 ) ;
#736 = EDGE_CURVE ( 'NONE', #5946, #7441, #7350, .T. ) ;
#737 = ADVANCED_FACE ( 'NONE', ( #3447 ), #262, .F. ) ;
#738 = ADVANCED_FACE ( 'NONE', ( #2786 ), #2209, .T. ) ;
#739 = CYLINDRICAL_SURFACE ( 'NONE', #2814, 1.250000000000001110 ) ;
#740 = VERTEX_POINT ( 'NONE', #986 ) ;
#741 = DIRECTION ( 'NONE',  ( -0.000000000000000000, 0.000000000000000000, -1.000000000000000000 ) ) ;
#742 = ORIENTED_EDGE ( 'NONE', *, *, #6005, .F. ) ;
#743 = CARTESIAN_POINT ( 'NONE',  ( 239.4749999999999943, 10.49999999999999822, 59.00000000000000711 ) ) ;
#744 = DIRECTION ( 'NONE',  ( 0.000000000000000000, -1.000000000000000000, 0.000000000000000000 ) ) ;
#745 = CARTESIAN_POINT ( 'NONE',  ( -188.6750000000000398, 4.000000000000000000, -2.899999999999954170 ) ) ;
#746 = CARTESIAN_POINT ( 'NONE',  ( 224.2379304422152018, 11.44580363971216208, -53.70000000000278106 ) ) ;
#747 = EDGE_LOOP ( 'NONE', ( #2775, #3900 ) ) ;
#748 = DIRECTION ( 'NONE',  ( -0.000000000000000000, -1.000000000000000000, -0.000000000000000000 ) ) ;
#749 = ORIENTED_EDGE ( 'NONE', *, *, #4981, .T. ) ;
#750 = ORIENTED_EDGE ( 'NONE', *, *, #3559, .F. ) ;
#751 = EDGE_CURVE ( 'NONE', #6149, #4520, #1572, .T. ) ;
#752 = CONICAL_SURFACE ( 'NONE', #5157, 1.250000000000001110, 1.029744258676654090 ) ;
#753 = CIRCLE ( 'NONE', #3488, 1.250000000000001110 ) ;
#754 = DIRECTION ( 'NONE',  ( 0.000000000000000000, 0.000000000000000000, -1.000000000000000000 ) ) ;
#755 = ORIENTED_EDGE ( 'NONE', *, *, #4684, .T. ) ;
#756 = DIRECTION ( 'NONE',  ( 0.000000000000000000, -1.000000000000000000, 0.000000000000000000 ) ) ;
#757 = CARTESIAN_POINT ( 'NONE',  ( -191.9749999999999943, 0.000000000000000000, -34.01566953025083961 ) ) ;
#758 = ADVANCED_FACE ( 'NONE', ( #2246 ), #2747, .T. ) ;
#759 = EDGE_LOOP ( 'NONE', ( #3642, #2635, #1973, #3036 ) ) ;
#760 = DIRECTION ( 'NONE',  ( 0.000000000000000000, 0.000000000000000000, -1.000000000000000000 ) ) ;
#761 = AXIS2_PLACEMENT_3D ( 'NONE', #903, #4759, #4007 ) ;
#762 = DIRECTION ( 'NONE',  ( -0.000000000000000000, 1.000000000000000000, -0.000000000000000000 ) ) ;
#763 = ORIENTED_EDGE ( 'NONE', *, *, #2035, .F. ) ;
#764 = DIRECTION ( 'NONE',  ( -0.000000000000000000, 0.000000000000000000, 1.000000000000000000 ) ) ;
#765 = ORIENTED_EDGE ( 'NONE', *, *, #7861, .T. ) ;
#766 = EDGE_LOOP ( 'NONE', ( #2793, #7834, #992, #2287 ) ) ;
#767 = DIRECTION ( 'NONE',  ( -0.000000000000000000, -1.000000000000000000, -0.000000000000000000 ) ) ;
#768 = VERTEX_POINT ( 'NONE', #6605 ) ;
#769 = DIRECTION ( 'NONE',  ( 0.000000000000000000, 0.000000000000000000, 1.000000000000000000 ) ) ;
#770 = CARTESIAN_POINT ( 'NONE',  ( 241.9749999999999659, 0.000000000000000000, -64.00000000000000000 ) ) ;
#771 = ADVANCED_FACE ( 'NONE', ( #5430 ), #6415, .F. ) ;
#772 = AXIS2_PLACEMENT_3D ( 'NONE', #5278, #7872, #760 ) ;
#773 = DIRECTION ( 'NONE',  ( -0.000000000000000000, -1.000000000000000000, -0.000000000000000000 ) ) ;
#774 = CARTESIAN_POINT ( 'NONE',  ( 224.4749999999999943, 10.99999999999998757, 46.20000000000000284 ) ) ;
#775 = FACE_OUTER_BOUND ( 'NONE', #6494, .T. ) ;
#776 = VERTEX_POINT ( 'NONE', #2078 ) ;
#777 = LINE ( 'NONE', #5890, #8024 ) ;
#778 = ORIENTED_EDGE ( 'NONE', *, *, #7062, .F. ) ;
#779 = FACE_OUTER_BOUND ( 'NONE', #7851, .T. ) ;
#780 = ORIENTED_EDGE ( 'NONE', *, *, #7596, .F. ) ;
#781 = CYLINDRICAL_SURFACE ( 'NONE', #1782, 4.999999999999997335 ) ;
#782 = AXIS2_PLACEMENT_3D ( 'NONE', #5573, #2925, #5533 ) ;
#783 = DIRECTION ( 'NONE',  ( 0.000000000000000000, 0.000000000000000000, 1.000000000000000000 ) ) ;
#784 = ADVANCED_FACE ( 'NONE', ( #4078 ), #6814, .F. ) ;
#785 = CARTESIAN_POINT ( 'NONE',  ( 165.5250000000000341, 22.00000000000000000, -61.10000000000004405 ) ) ;
#786 = DIRECTION ( 'NONE',  ( -1.000000000000000000, 0.000000000000000000, 1.202972179678357944E-16 ) ) ;
#787 = EDGE_LOOP ( 'NONE', ( #5836, #5404, #5862, #1005, #6790, #1799 ) ) ;
#788 = DIRECTION ( 'NONE',  ( 0.000000000000000000, 0.000000000000000000, 1.000000000000000000 ) ) ;
#789 = ORIENTED_EDGE ( 'NONE', *, *, #5966, .F. ) ;
#790 = ORIENTED_EDGE ( 'NONE', *, *, #2084, .T. ) ;
#791 = AXIS2_PLACEMENT_3D ( 'NONE', #2961, #3087, #2383 ) ;
#792 = EDGE_CURVE ( 'NONE', #768, #2327, #2402, .T. ) ;
#793 = CIRCLE ( 'NONE', #919, 1.249999999999987121 ) ;
#794 = CYLINDRICAL_SURFACE ( 'NONE', #3148, 1.250000000000001110 ) ;
#795 = ORIENTED_EDGE ( 'NONE', *, *, #3609, .T. ) ;
#796 = DIRECTION ( 'NONE',  ( -0.000000000000000000, 1.000000000000000000, -0.000000000000000000 ) ) ;
#797 = ORIENTED_EDGE ( 'NONE', *, *, #1796, .F. ) ;
#798 = AXIS2_PLACEMENT_3D ( 'NONE', #5236, #796, #2807 ) ;
#799 = CARTESIAN_POINT ( 'NONE',  ( 219.4749999999999943, 12.20899172797677146, 53.70000000000000284 ) ) ;
#800 = ADVANCED_FACE ( 'NONE', ( #6064 ), #321, .F. ) ;
#801 = VECTOR ( 'NONE', #6589, 1000.000000000000000 ) ;
#802 = DIRECTION ( 'NONE',  ( -0.000000000000000000, 1.000000000000000000, -0.000000000000000000 ) ) ;
#803 = ORIENTED_EDGE ( 'NONE', *, *, #6513, .F. ) ;
#804 = CARTESIAN_POINT ( 'NONE',  ( -216.9750000000000227, 22.00000000000000000, 33.70000000000005969 ) ) ;
#805 = ORIENTED_EDGE ( 'NONE', *, *, #4982, .T. ) ;
#806 = DIRECTION ( 'NONE',  ( 0.000000000000000000, 0.000000000000000000, 1.000000000000000000 ) ) ;
#807 = ORIENTED_EDGE ( 'NONE', *, *, #6788, .T. ) ;
#808 = DIRECTION ( 'NONE',  ( -0.000000000000000000, 1.000000000000000000, -0.000000000000000000 ) ) ;
#809 = CARTESIAN_POINT ( 'NONE',  ( 229.9750000000001080, 22.00000000000000000, 56.00000000000000000 ) ) ;
#810 = VECTOR ( 'NONE', #6667, 999.9999999999998863 ) ;
#811 = AXIS2_PLACEMENT_3D ( 'NONE', #5386, #273, #6174 ) ;
#812 = CARTESIAN_POINT ( 'NONE',  ( 244.4749999999999659, 0.000000000000000000, -67.00000000000000000 ) ) ;
#813 = DIRECTION ( 'NONE',  ( 0.000000000000000000, 0.000000000000000000, 1.000000000000000000 ) ) ;
#814 = DIRECTION ( 'NONE',  ( 0.000000000000000000, 0.000000000000000000, 1.000000000000000000 ) ) ;
#815 = EDGE_LOOP ( 'NONE', ( #1043, #894, #1835, #3419 ) ) ;
#816 = DIRECTION ( 'NONE',  ( 0.000000000000000000, 0.5150380749100536004, 0.8571673007021125557 ) ) ;
#817 = ORIENTED_EDGE ( 'NONE', *, *, #76, .T. ) ;
#818 = DIRECTION ( 'NONE',  ( 0.000000000000000000, 0.000000000000000000, 1.000000000000000000 ) ) ;
#819 = ORIENTED_EDGE ( 'NONE', *, *, #146, .T. ) ;
#820 = CARTESIAN_POINT ( 'NONE',  ( -231.9750000000000512, 4.000000000000000000, -48.69999999999995310 ) ) ;
#821 = CARTESIAN_POINT ( 'NONE',  ( 219.4749999999999659, 12.20899172797666488, -53.70000000000000284 ) ) ;
#822 = AXIS2_PLACEMENT_3D ( 'NONE', #1798, #6362, #3128 ) ;
#823 = VECTOR ( 'NONE', #2212, 1000.000000000000000 ) ;
#824 = FACE_OUTER_BOUND ( 'NONE', #4965, .T. ) ;
#825 = LINE ( 'NONE', #206, #4368 ) ;
#826 = VERTEX_POINT ( 'NONE', #4834 ) ;
#827 = DIRECTION ( 'NONE',  ( 0.000000000000000000, 0.000000000000000000, 1.000000000000000000 ) ) ;
#828 = ORIENTED_EDGE ( 'NONE', *, *, #1896, .T. ) ;
#829 = EDGE_CURVE ( 'NONE', #5657, #2116, #1657, .T. ) ;
#830 = ORIENTED_EDGE ( 'NONE', *, *, #2719, .T. ) ;
#831 = ADVANCED_FACE ( 'NONE', ( #3574 ), #5471, .F. ) ;
#832 = DIRECTION ( 'NONE',  ( 0.000000000000000000, 0.5150380749100544886, 0.8571673007021121116 ) ) ;
#833 = CIRCLE ( 'NONE', #4850, 1.249999999999987121 ) ;
#834 = CARTESIAN_POINT ( 'NONE',  ( 165.5250000000000341, 22.00000000000000000, 1.249999999999962030 ) ) ;
#835 = ORIENTED_EDGE ( 'NONE', *, *, #2370, .T. ) ;
#836 = CARTESIAN_POINT ( 'NONE',  ( 219.4749999999999659, 22.00000000000000000, -61.10000000000002984 ) ) ;
#837 = EDGE_CURVE ( 'NONE', #2386, #5618, #2288, .T. ) ;
#838 = ORIENTED_EDGE ( 'NONE', *, *, #6180, .F. ) ;
#839 = LINE ( 'NONE', #5954, #5184 ) ;
#840 = VECTOR ( 'NONE', #5472, 1000.000000000000114 ) ;
#841 = DIRECTION ( 'NONE',  ( 0.000000000000000000, 0.8660254037844429265, -0.4999999999999926725 ) ) ;
#842 = ORIENTED_EDGE ( 'NONE', *, *, #6817, .F. ) ;
#843 = CARTESIAN_POINT ( 'NONE',  ( 239.4749999999999659, 9.508579978604522864, -58.99999999999995026 ) ) ;
#844 = ORIENTED_EDGE ( 'NONE', *, *, #2193, .T. ) ;
#845 = DIRECTION ( 'NONE',  ( -0.000000000000000000, 1.000000000000000000, -0.000000000000000000 ) ) ;
#846 = EDGE_LOOP ( 'NONE', ( #7868, #1571, #755, #7890 ) ) ;
#847 = EDGE_CURVE ( 'NONE', #8142, #5203, #7762, .T. ) ;
#848 = DIRECTION ( 'NONE',  ( 0.000000000000000000, 0.000000000000000000, -1.000000000000000000 ) ) ;
#849 = ADVANCED_FACE ( 'NONE', ( #7178 ), #4326, .F. ) ;
#850 = DIRECTION ( 'NONE',  ( 0.000000000000000000, 0.000000000000000000, 1.000000000000000000 ) ) ;
#851 = CIRCLE ( 'NONE', #190, 2.776987756241654282 ) ;
#852 = CARTESIAN_POINT ( 'NONE',  ( 191.1750000000000114, 22.00000000000000000, 61.10000000000006537 ) ) ;
#853 = CARTESIAN_POINT ( 'NONE',  ( -191.9749999999999943, 8.499999999999992895, -31.51566953025088225 ) ) ;
#854 = DIRECTION ( 'NONE',  ( -0.000000000000000000, 1.000000000000000000, -0.000000000000000000 ) ) ;
#855 = ORIENTED_EDGE ( 'NONE', *, *, #1010, .F. ) ;
#856 = CARTESIAN_POINT ( 'NONE',  ( 198.0250000000000057, 8.499999999999992895, -32.76566953025089646 ) ) ;
#857 = ORIENTED_EDGE ( 'NONE', *, *, #2183, .T. ) ;
#858 = CARTESIAN_POINT ( 'NONE',  ( -203.6750000000000398, 22.00000000000000000, 17.90000000000004832 ) ) ;
#859 = VERTEX_POINT ( 'NONE', #4538 ) ;
#860 = CARTESIAN_POINT ( 'NONE',  ( 229.9750000000001080, 13.49999999999999822, -19.15000000000000213 ) ) ;
#861 = EDGE_CURVE ( 'NONE', #1090, #5091, #717, .T. ) ;
#862 = DIRECTION ( 'NONE',  ( 0.000000000000000000, 0.000000000000000000, -1.000000000000000000 ) ) ;
#863 = AXIS2_PLACEMENT_3D ( 'NONE', #1012, #8000, #8118 ) ;
#864 = DIRECTION ( 'NONE',  ( -0.000000000000000000, -1.000000000000000000, -0.000000000000000000 ) ) ;
#865 = CARTESIAN_POINT ( 'NONE',  ( 214.4750000000000227, 22.00000000000000000, 55.70000000000012363 ) ) ;
#866 = ORIENTED_EDGE ( 'NONE', *, *, #644, .F. ) ;
#867 = CARTESIAN_POINT ( 'NONE',  ( -241.9750000000000227, 0.000000000000000000, -61.49999999999994316 ) ) ;
#868 = VERTEX_POINT ( 'NONE', #2071 ) ;
#869 = EDGE_LOOP ( 'NONE', ( #1542, #3617, #749, #6125 ) ) ;
#870 = DIRECTION ( 'NONE',  ( 0.000000000000000000, 0.000000000000000000, -1.000000000000000000 ) ) ;
#871 = EDGE_CURVE ( 'NONE', #8152, #2151, #3277, .T. ) ;
#872 = FACE_OUTER_BOUND ( 'NONE', #4132, .T. ) ;
#873 = AXIS2_PLACEMENT_3D ( 'NONE', #192, #2741, #5293 ) ;
#874 = VERTEX_POINT ( 'NONE', #7805 ) ;
#875 = LINE ( 'NONE', #256, #2412 ) ;
#876 = ORIENTED_EDGE ( 'NONE', *, *, #3902, .F. ) ;
#877 = CARTESIAN_POINT ( 'NONE',  ( 165.5250000000000341, 13.49999999999999822, -30.80000000000001492 ) ) ;
#878 = EDGE_CURVE ( 'NONE', #4730, #7268, #5842, .T. ) ;
#879 = EDGE_CURVE ( 'NONE', #2506, #8081, #7886, .T. ) ;
#880 = DIRECTION ( 'NONE',  ( 0.000000000000000000, 0.000000000000000000, -1.000000000000000000 ) ) ;
#881 = ORIENTED_EDGE ( 'NONE', *, *, #1803, .F. ) ;
#882 = FACE_OUTER_BOUND ( 'NONE', #7822, .T. ) ;
#883 = ORIENTED_EDGE ( 'NONE', *, *, #3560, .F. ) ;
#884 = DIRECTION ( 'NONE',  ( 0.000000000000000000, 0.000000000000000000, -1.000000000000000000 ) ) ;
#885 = EDGE_LOOP ( 'NONE', ( #7175, #5889, #6602 ) ) ;
#886 = CARTESIAN_POINT ( 'NONE',  ( 229.9750000000001080, 22.00000000000000000, -57.24999999999995026 ) ) ;
#887 = DIRECTION ( 'NONE',  ( 0.000000000000000000, 1.000000000000000000, 0.000000000000000000 ) ) ;
#888 = AXIS2_PLACEMENT_3D ( 'NONE', #5519, #4841, #8062 ) ;
#889 = EDGE_CURVE ( 'NONE', #7528, #7441, #7844, .T. ) ;
#890 = ADVANCED_FACE ( 'NONE', ( #2109 ), #1006, .F. ) ;
#891 = CARTESIAN_POINT ( 'NONE',  ( 165.5250000000000341, 12.74892422621554644, -3.899946568576850379E-14 ) ) ;
#892 = LINE ( 'NONE', #2827, #4934 ) ;
#893 = CARTESIAN_POINT ( 'NONE',  ( 219.4749999999999659, 9.791008272023308479, -43.70000000000000284 ) ) ;
#894 = ORIENTED_EDGE ( 'NONE', *, *, #1604, .F. ) ;
#895 = DIRECTION ( 'NONE',  ( 0.000000000000000000, 0.000000000000000000, 1.000000000000000000 ) ) ;
#896 = VERTEX_POINT ( 'NONE', #2652 ) ;
#897 = CARTESIAN_POINT ( 'NONE',  ( 176.1750000000000398, 22.00000000000000000, 36.69999999999989626 ) ) ;
#898 = LINE ( 'NONE', #7351, #4988 ) ;
#899 = FACE_OUTER_BOUND ( 'NONE', #2074, .T. ) ;
#900 = AXIS2_PLACEMENT_3D ( 'NONE', #1177, #7707, #1890 ) ;
#901 = ADVANCED_FACE ( 'NONE', ( #148 ), #1980, .T. ) ;
#902 = FACE_OUTER_BOUND ( 'NONE', #2796, .T. ) ;
#903 = CARTESIAN_POINT ( 'NONE',  ( 239.4749999999999943, 10.49999999999999822, 59.00000000000000711 ) ) ;
#904 = EDGE_LOOP ( 'NONE', ( #1986, #2671, #2095, #3406 ) ) ;
#905 = CARTESIAN_POINT ( 'NONE',  ( 229.9750000000001080, 22.00000000000000000, -17.90000000000000213 ) ) ;
#906 = ORIENTED_EDGE ( 'NONE', *, *, #4531, .T. ) ;
#907 = DIRECTION ( 'NONE',  ( 0.000000000000000000, 0.000000000000000000, -1.000000000000000000 ) ) ;
#908 = ORIENTED_EDGE ( 'NONE', *, *, #2425, .T. ) ;
#909 = DIRECTION ( 'NONE',  ( 0.000000000000000000, 0.000000000000000000, 1.000000000000000000 ) ) ;
#910 = AXIS2_PLACEMENT_3D ( 'NONE', #1401, #7177, #6550 ) ;
#911 = LINE ( 'NONE', #4056, #6502 ) ;
#912 = ORIENTED_EDGE ( 'NONE', *, *, #3859, .T. ) ;
#913 = EDGE_LOOP ( 'NONE', ( #1389, #2225, #805 ) ) ;
#914 = DIRECTION ( 'NONE',  ( -0.8660254037844428154, 0.4999999999999926170, 0.000000000000000000 ) ) ;
#915 = EDGE_LOOP ( 'NONE', ( #476, #4614, #1519 ) ) ;
#916 = EDGE_CURVE ( 'NONE', #2151, #5598, #5281, .T. ) ;
#917 = VECTOR ( 'NONE', #8020, 1000.000000000000000 ) ;
#918 = CARTESIAN_POINT ( 'NONE',  ( 219.4753003834044023, 9.936459122539137212, 53.70000000000000284 ) ) ;
#919 = AXIS2_PLACEMENT_3D ( 'NONE', #3794, #8267, #7772 ) ;
#920 = VECTOR ( 'NONE', #7095, 1000.000000000000000 ) ;
#921 = CARTESIAN_POINT ( 'NONE',  ( -191.9749999999999943, -1.402220585023716934E-15, -32.76566953025085382 ) ) ;
#922 = VECTOR ( 'NONE', #7893, 1000.000000000000114 ) ;
#923 = ORIENTED_EDGE ( 'NONE', *, *, #1095, .T. ) ;
#924 = CARTESIAN_POINT ( 'NONE',  ( -4.474999999999979217, 13.49999999999999822, 29.55000000000001492 ) ) ;
#925 = ORIENTED_EDGE ( 'NONE', *, *, #999, .F. ) ;
#926 = VECTOR ( 'NONE', #674, 1000.000000000000000 ) ;
#927 = DIRECTION ( 'NONE',  ( 0.8660254037844428154, -0.4999999999999926170, 0.000000000000000000 ) ) ;
#928 = EDGE_LOOP ( 'NONE', ( #4186, #4576 ) ) ;
#929 = EDGE_CURVE ( 'NONE', #1099, #5105, #1480, .T. ) ;
#930 = DIRECTION ( 'NONE',  ( -0.000000000000000000, 1.000000000000000000, -0.000000000000000000 ) ) ;
#931 = EDGE_CURVE ( 'NONE', #438, #2704, #7824, .T. ) ;
#932 = FACE_BOUND ( 'NONE', #8160, .T. ) ;
#933 = CIRCLE ( 'NONE', #2002, 1.250000000000001110 ) ;
#934 = CARTESIAN_POINT ( 'NONE',  ( -94.47500000000000853, 0.000000000000000000, -32.76566953025086804 ) ) ;
#935 = CARTESIAN_POINT ( 'NONE',  ( 241.9749999999999659, 22.00000000000000000, -61.50000000000000000 ) ) ;
#936 = DIRECTION ( 'NONE',  ( 0.000000000000000000, 0.000000000000000000, 1.000000000000000000 ) ) ;
#937 = ORIENTED_EDGE ( 'NONE', *, *, #7952, .T. ) ;
#938 = CARTESIAN_POINT ( 'NONE',  ( -215.3250000000000455, 22.00000000000000000, -17.89999999999995595 ) ) ;
#939 = ORIENTED_EDGE ( 'NONE', *, *, #1698, .F. ) ;
#940 = DIRECTION ( 'NONE',  ( 0.000000000000000000, 0.000000000000000000, 1.000000000000000000 ) ) ;
#941 = DIRECTION ( 'NONE',  ( 0.000000000000000000, -1.000000000000000000, 0.000000000000000000 ) ) ;
#942 = VECTOR ( 'NONE', #1279, 1000.000000000000000 ) ;
#943 = EDGE_CURVE ( 'NONE', #3661, #3157, #5689, .T. ) ;
#944 = DIRECTION ( 'NONE',  ( 0.000000000000000000, 0.5150380749100544886, 0.8571673007021121116 ) ) ;
#945 = AXIS2_PLACEMENT_3D ( 'NONE', #1222, #7627, #8170 ) ;
#946 = CIRCLE ( 'NONE', #6703, 7.000000000000110134 ) ;
#947 = DIRECTION ( 'NONE',  ( -0.000000000000000000, 1.000000000000000000, -0.000000000000000000 ) ) ;
#948 = DIRECTION ( 'NONE',  ( -1.202972179678357944E-16, 0.000000000000000000, -1.000000000000000000 ) ) ;
#949 = ORIENTED_EDGE ( 'NONE', *, *, #5186, .F. ) ;
#950 = DIRECTION ( 'NONE',  ( 0.000000000000000000, 0.000000000000000000, 1.000000000000000000 ) ) ;
#951 = ORIENTED_EDGE ( 'NONE', *, *, #1196, .T. ) ;
#952 = CARTESIAN_POINT ( 'NONE',  ( -174.4749999999999943, 13.49999999999999822, 1.250000000000001110 ) ) ;
#953 = EDGE_LOOP ( 'NONE', ( #2515, #3145, #6026, #4108 ) ) ;
#954 = VECTOR ( 'NONE', #3716, 1000.000000000000000 ) ;
#955 = EDGE_CURVE ( 'NONE', #2020, #6179, #5627, .T. ) ;
#956 = AXIS2_PLACEMENT_3D ( 'NONE', #3415, #947, #6023 ) ;
#957 = DIRECTION ( 'NONE',  ( -0.000000000000000000, 1.000000000000000000, -0.000000000000000000 ) ) ;
#958 = EDGE_CURVE ( 'NONE', #89, #3424, #4072, .T. ) ;
#959 = VECTOR ( 'NONE', #3457, 999.9999999999998863 ) ;
#960 = AXIS2_PLACEMENT_3D ( 'NONE', #6001, #764, #4613 ) ;
#961 = CARTESIAN_POINT ( 'NONE',  ( -188.6750000000000398, 4.000000000000000000, -7.899999999999954170 ) ) ;
#962 = ORIENTED_EDGE ( 'NONE', *, *, #5206, .F. ) ;
#963 = EDGE_LOOP ( 'NONE', ( #3118, #8035, #8040 ) ) ;
#964 = ORIENTED_EDGE ( 'NONE', *, *, #6007, .F. ) ;
#965 = CIRCLE ( 'NONE', #7544, 1.250000000000001110 ) ;
#966 = DIRECTION ( 'NONE',  ( -0.000000000000000000, 1.000000000000000000, -0.000000000000000000 ) ) ;
#967 = DIRECTION ( 'NONE',  ( 1.000000000000000000, -0.000000000000000000, -0.000000000000000000 ) ) ;
#968 = AXIS2_PLACEMENT_3D ( 'NONE', #4941, #1135, #2315 ) ;
#969 = ORIENTED_EDGE ( 'NONE', *, *, #5581, .T. ) ;
#970 = CIRCLE ( 'NONE', #5394, 1.250000000000001110 ) ;
#971 = DIRECTION ( 'NONE',  ( -0.000000000000000000, 1.000000000000000000, -0.000000000000000000 ) ) ;
#972 = DIRECTION ( 'NONE',  ( 0.8660254037844428154, 0.4999999999999926170, 0.000000000000000000 ) ) ;
#973 = AXIS2_PLACEMENT_3D ( 'NONE', #6206, #7613, #2627 ) ;
#974 = VERTEX_POINT ( 'NONE', #891 ) ;
#975 = DIRECTION ( 'NONE',  ( 0.000000000000000000, -1.000000000000000000, 0.000000000000000000 ) ) ;
#976 = CARTESIAN_POINT ( 'NONE',  ( 219.4749999999999659, 22.00000000000000000, -30.79999999999999716 ) ) ;
#977 = VECTOR ( 'NONE', #3326, 1000.000000000000114 ) ;
#978 = EDGE_CURVE ( 'NONE', #6783, #7347, #6698, .T. ) ;
#979 = CYLINDRICAL_SURFACE ( 'NONE', #1083, 4.999999999999997335 ) ;
#980 = EDGE_CURVE ( 'NONE', #1334, #7720, #5772, .T. ) ;
#981 = CARTESIAN_POINT ( 'NONE',  ( 165.5250000000000341, 13.49999999999999822, 29.54999999999999361 ) ) ;
#982 = DIRECTION ( 'NONE',  ( -0.000000000000000000, 1.000000000000000000, -0.000000000000000000 ) ) ;
#983 = EDGE_LOOP ( 'NONE', ( #6323, #5644, #4077, #5214 ) ) ;
#984 = CARTESIAN_POINT ( 'NONE',  ( 244.4749999999999659, 10.99999999999998934, -38.23697300000000610 ) ) ;
#985 = ORIENTED_EDGE ( 'NONE', *, *, #2132, .T. ) ;
#986 = CARTESIAN_POINT ( 'NONE',  ( 219.4749999999999659, 4.000000000000000000, -53.70000000000000284 ) ) ;
#987 = FACE_OUTER_BOUND ( 'NONE', #6917, .T. ) ;
#988 = CARTESIAN_POINT ( 'NONE',  ( 224.3967351014213136, 12.04715255905835392, -38.70000000000000284 ) ) ;
#989 = ADVANCED_FACE ( 'NONE', ( #3953 ), #3481, .F. ) ;
#990 = CARTESIAN_POINT ( 'NONE',  ( -241.9750000000000227, 22.00000000000000000, -61.49999999999994316 ) ) ;
#991 = DIRECTION ( 'NONE',  ( -0.000000000000000000, -1.000000000000000000, -0.000000000000000000 ) ) ;
#992 = ORIENTED_EDGE ( 'NONE', *, *, #4201, .T. ) ;
#993 = CARTESIAN_POINT ( 'NONE',  ( 165.5250000000000909, 22.00000000000000000, 59.85000000000002274 ) ) ;
#994 = ORIENTED_EDGE ( 'NONE', *, *, #7853, .T. ) ;
#995 = LINE ( 'NONE', #3459, #7670 ) ;
#996 = ORIENTED_EDGE ( 'NONE', *, *, #723, .F. ) ;
#997 = AXIS2_PLACEMENT_3D ( 'NONE', #5190, #2009, #5235 ) ;
#998 = DIRECTION ( 'NONE',  ( 0.000000000000000000, 0.000000000000000000, 1.000000000000000000 ) ) ;
#999 = EDGE_CURVE ( 'NONE', #868, #7937, #4149, .T. ) ;
#1000 = ADVANCED_FACE ( 'NONE', ( #2980 ), #2553, .F. ) ;
#1001 = DIRECTION ( 'NONE',  ( 0.000000000000000000, -6.246781146505894154E-16, -1.000000000000000000 ) ) ;
#1002 = ORIENTED_EDGE ( 'NONE', *, *, #5810, .T. ) ;
#1003 = EDGE_LOOP ( 'NONE', ( #855, #2912 ) ) ;
#1004 = CIRCLE ( 'NONE', #3134, 1.250000000000001110 ) ;
#1005 = ORIENTED_EDGE ( 'NONE', *, *, #2822, .F. ) ;
#1006 = CONICAL_SURFACE ( 'NONE', #4215, 7.000000000000117240, 1.047197551196607179 ) ;
#1007 = LINE ( 'NONE', #6120, #5734 ) ;
#1008 = AXIS2_PLACEMENT_3D ( 'NONE', #7119, #7161, #88 ) ;
#1009 = CARTESIAN_POINT ( 'NONE',  ( 234.1449999999999534, 10.99999999999998757, -46.20000000000000284 ) ) ;
#1010 = EDGE_CURVE ( 'NONE', #5248, #4778, #540, .T. ) ;
#1011 = VERTEX_POINT ( 'NONE', #352 ) ;
#1012 = CARTESIAN_POINT ( 'NONE',  ( -203.6750000000000398, 22.00000000000000000, -30.79999999999997939 ) ) ;
#1013 = CARTESIAN_POINT ( 'NONE',  ( 244.4749999999999659, 0.000000000000000000, -61.50000000000000000 ) ) ;
#1014 = ORIENTED_EDGE ( 'NONE', *, *, #2113, .F. ) ;
#1015 = DIRECTION ( 'NONE',  ( -0.000000000000000000, 1.000000000000000000, -0.000000000000000000 ) ) ;
#1016 = VECTOR ( 'NONE', #6700, 1000.000000000000000 ) ;
#1017 = LINE ( 'NONE', #6717, #5188 ) ;
#1018 = DIRECTION ( 'NONE',  ( -0.000000000000000000, -1.000000000000000000, -0.000000000000000000 ) ) ;
#1019 = CARTESIAN_POINT ( 'NONE',  ( -224.4749999999999943, 13.49999999999999822, 59.85000000000006537 ) ) ;
#1020 = DIRECTION ( 'NONE',  ( 0.000000000000000000, 0.000000000000000000, 1.000000000000000000 ) ) ;
#1021 = ORIENTED_EDGE ( 'NONE', *, *, #5905, .T. ) ;
#1022 = CARTESIAN_POINT ( 'NONE',  ( 229.9750000000001080, 22.00000000000000000, -57.24999999999995026 ) ) ;
#1023 = ORIENTED_EDGE ( 'NONE', *, *, #1709, .F. ) ;
#1024 = DIRECTION ( 'NONE',  ( -0.000000000000000000, 1.000000000000000000, 0.000000000000000000 ) ) ;
#1025 = CARTESIAN_POINT ( 'NONE',  ( -241.9749999999999943, 0.000000000000000000, 61.50000000000005684 ) ) ;
#1026 = EDGE_CURVE ( 'NONE', #1636, #1849, #1617, .T. ) ;
#1027 = CARTESIAN_POINT ( 'NONE',  ( 224.4749999997008842, 10.14169248567013426, -43.55053465489056919 ) ) ;
#1028 = DIRECTION ( 'NONE',  ( 0.000000000000000000, 1.000000000000000000, 0.000000000000000000 ) ) ;
#1029 = DIRECTION ( 'NONE',  ( 0.000000000000000000, 0.000000000000000000, -1.000000000000000000 ) ) ;
#1030 = VERTEX_POINT ( 'NONE', #3441 ) ;
#1031 = DIRECTION ( 'NONE',  ( -0.000000000000000000, 1.000000000000000000, -0.000000000000000000 ) ) ;
#1032 = EDGE_LOOP ( 'NONE', ( #6702, #2112, #5672 ) ) ;
#1033 = CARTESIAN_POINT ( 'NONE',  ( -241.9750000000000227, 22.00000000000000000, -63.99999999999994316 ) ) ;
#1034 = VERTEX_POINT ( 'NONE', #393 ) ;
#1035 = DIRECTION ( 'NONE',  ( -0.000000000000000000, 1.000000000000000000, -0.000000000000000000 ) ) ;
#1036 = EDGE_CURVE ( 'NONE', #6179, #2020, #7241, .T. ) ;
#1037 = CARTESIAN_POINT ( 'NONE',  ( 202.8250000000000455, 22.00000000000000000, 48.70000000000000995 ) ) ;
#1038 = CIRCLE ( 'NONE', #8116, 4.999999999999997335 ) ;
#1039 = DIRECTION ( 'NONE',  ( -0.000000000000000000, 1.000000000000000000, -0.000000000000000000 ) ) ;
#1040 = ORIENTED_EDGE ( 'NONE', *, *, #4211, .F. ) ;
#1041 = ORIENTED_EDGE ( 'NONE', *, *, #4937, .F. ) ;
#1042 = VECTOR ( 'NONE', #3738, 1000.000000000000000 ) ;
#1043 = ORIENTED_EDGE ( 'NONE', *, *, #3464, .T. ) ;
#1044 = EDGE_CURVE ( 'NONE', #1932, #3874, #13, .T. ) ;
#1045 = CIRCLE ( 'NONE', #249, 1.250000000000001110 ) ;
#1046 = DIRECTION ( 'NONE',  ( -0.000000000000000000, 1.000000000000000000, -0.000000000000000000 ) ) ;
#1047 = AXIS2_PLACEMENT_3D ( 'NONE', #7407, #4887, #2467 ) ;
#1048 = DIRECTION ( 'NONE',  ( -0.000000000000000000, -1.000000000000000000, -0.000000000000000000 ) ) ;
#1049 = ORIENTED_EDGE ( 'NONE', *, *, #3795, .F. ) ;
#1050 = CARTESIAN_POINT ( 'NONE',  ( 219.4749999999999659, 22.00000000000000000, -61.10000000000002984 ) ) ;
#1051 = AXIS2_PLACEMENT_3D ( 'NONE', #3029, #5640, #6226 ) ;
#1052 = CARTESIAN_POINT ( 'NONE',  ( -174.4749999999999943, 22.00000000000000000, -32.04999999999997584 ) ) ;
#1053 = ORIENTED_EDGE ( 'NONE', *, *, #2447, .T. ) ;
#1054 = DIRECTION ( 'NONE',  ( 2.071311613106635153E-16, 0.000000000000000000, 1.000000000000000000 ) ) ;
#1055 = AXIS2_PLACEMENT_3D ( 'NONE', #2999, #5563, #4974 ) ;
#1056 = ADVANCED_FACE ( 'NONE', ( #2939 ), #6572, .F. ) ;
#1057 = DIRECTION ( 'NONE',  ( 0.000000000000000000, 0.000000000000000000, 1.000000000000000000 ) ) ;
#1058 = EDGE_CURVE ( 'NONE', #6913, #2816, #4869, .T. ) ;
#1059 = AXIS2_PLACEMENT_3D ( 'NONE', #935, #7935, #1438 ) ;
#1060 = DIRECTION ( 'NONE',  ( -0.000000000000000000, 1.000000000000000000, -0.000000000000000000 ) ) ;
#1061 = CIRCLE ( 'NONE', #1726, 1.250000000000001110 ) ;
#1062 = CARTESIAN_POINT ( 'NONE',  ( 209.4750000000000227, 4.000000000000000000, 48.69999999999999574 ) ) ;
#1063 = DIRECTION ( 'NONE',  ( -0.000000000000000000, -1.000000000000000000, -0.000000000000000000 ) ) ;
#1064 = ORIENTED_EDGE ( 'NONE', *, *, #1604, .T. ) ;
#1065 = FACE_OUTER_BOUND ( 'NONE', #7777, .T. ) ;
#1066 = EDGE_LOOP ( 'NONE', ( #586, #4330, #8187 ) ) ;
#1067 = CARTESIAN_POINT ( 'NONE',  ( -224.4749999999999943, 22.00000000000000000, 61.10000000000006537 ) ) ;
#1068 = VECTOR ( 'NONE', #5209, 1000.000000000000000 ) ;
#1069 = FACE_OUTER_BOUND ( 'NONE', #308, .T. ) ;
#1070 = VECTOR ( 'NONE', #6414, 1000.000000000000000 ) ;
#1071 = CARTESIAN_POINT ( 'NONE',  ( -203.6750000000000398, 22.00000000000000000, 24.90000000000016200 ) ) ;
#1072 = VECTOR ( 'NONE', #4363, 1000.000000000000000 ) ;
#1073 = DIRECTION ( 'NONE',  ( -0.000000000000000000, -1.000000000000000000, -0.000000000000000000 ) ) ;
#1074 = EDGE_LOOP ( 'NONE', ( #7505, #2489, #1383, #7606 ) ) ;
#1075 = VECTOR ( 'NONE', #4789, 1000.000000000000114 ) ;
#1076 = CARTESIAN_POINT ( 'NONE',  ( -174.4749999999999943, 22.00000000000000000, -1.250000000000001110 ) ) ;
#1077 = VERTEX_POINT ( 'NONE', #435 ) ;
#1078 = DIRECTION ( 'NONE',  ( 0.000000000000000000, 0.000000000000000000, 1.000000000000000000 ) ) ;
#1079 = ORIENTED_EDGE ( 'NONE', *, *, #5701, .F. ) ;
#1080 = LINE ( 'NONE', #3633, #4718 ) ;
#1081 = DIRECTION ( 'NONE',  ( -0.000000000000000000, -1.000000000000000000, -0.000000000000000000 ) ) ;
#1082 = AXIS2_PLACEMENT_3D ( 'NONE', #3311, #2234, #5920 ) ;
#1083 = AXIS2_PLACEMENT_3D ( 'NONE', #7343, #2448, #5118 ) ;
#1084 = EDGE_CURVE ( 'NONE', #5870, #6147, #1882, .T. ) ;
#1085 = FACE_OUTER_BOUND ( 'NONE', #5912, .T. ) ;
#1086 = ADVANCED_FACE ( 'NONE', ( #7427 ), #6800, .F. ) ;
#1087 = CYLINDRICAL_SURFACE ( 'NONE', #2303, 5.000000000000000000 ) ;
#1088 = ORIENTED_EDGE ( 'NONE', *, *, #6301, .F. ) ;
#1089 = ORIENTED_EDGE ( 'NONE', *, *, #2565, .T. ) ;
#1090 = VERTEX_POINT ( 'NONE', #3614 ) ;
#1091 = DIRECTION ( 'NONE',  ( 0.000000000000000000, 1.000000000000000000, 0.000000000000000000 ) ) ;
#1092 = VECTOR ( 'NONE', #2089, 1000.000000000000000 ) ;
#1093 = AXIS2_PLACEMENT_3D ( 'NONE', #6987, #5142, #7775 ) ;
#1094 = CARTESIAN_POINT ( 'NONE',  ( 219.4749999999999659, 12.20899172797666488, -53.70000000000000284 ) ) ;
#1095 = EDGE_CURVE ( 'NONE', #859, #4207, #4690, .T. ) ;
#1096 = ORIENTED_EDGE ( 'NONE', *, *, #7665, .T. ) ;
#1097 = CARTESIAN_POINT ( 'NONE',  ( -94.47500000000000853, -1.402220585023716934E-15, -31.51566953025088225 ) ) ;
#1098 = DIRECTION ( 'NONE',  ( 0.000000000000000000, 0.000000000000000000, 1.000000000000000000 ) ) ;
#1099 = VERTEX_POINT ( 'NONE', #5464 ) ;
#1100 = VECTOR ( 'NONE', #4956, 1000.000000000000114 ) ;
#1101 = DIRECTION ( 'NONE',  ( 0.000000000000000000, 0.000000000000000000, -1.000000000000000000 ) ) ;
#1102 = FACE_OUTER_BOUND ( 'NONE', #2064, .T. ) ;
#1103 = CIRCLE ( 'NONE', #5927, 1.250000000000001110 ) ;
#1104 = LINE ( 'NONE', #592, #6036 ) ;
#1105 = VECTOR ( 'NONE', #6449, 1000.000000000000000 ) ;
#1106 = DIRECTION ( 'NONE',  ( 1.000000000000000000, -0.000000000000000000, -0.000000000000000000 ) ) ;
#1107 = CARTESIAN_POINT ( 'NONE',  ( -241.7250000000000796, 22.00000000000000000, -47.45000000000005969 ) ) ;
#1108 = VERTEX_POINT ( 'NONE', #2823 ) ;
#1109 = ADVANCED_FACE ( 'NONE', ( #2361 ), #7469, .F. ) ;
#1110 = ADVANCED_FACE ( 'NONE', ( #7934 ), #1607, .F. ) ;
#1111 = DIRECTION ( 'NONE',  ( 0.000000000000000000, 0.000000000000000000, 1.000000000000000000 ) ) ;
#1112 = ORIENTED_EDGE ( 'NONE', *, *, #7632, .T. ) ;
#1113 = DIRECTION ( 'NONE',  ( -0.000000000000000000, 1.000000000000000000, -0.000000000000000000 ) ) ;
#1114 = VECTOR ( 'NONE', #7896, 1000.000000000000000 ) ;
#1115 = CARTESIAN_POINT ( 'NONE',  ( 219.4826772021489205, 10.79829039482907937, -38.70000000000000284 ) ) ;
#1116 = DIRECTION ( 'NONE',  ( 0.000000000000000000, 0.000000000000000000, 1.000000000000000000 ) ) ;
#1117 = VECTOR ( 'NONE', #2367, 1000.000000000000000 ) ;
#1118 = DIRECTION ( 'NONE',  ( 0.000000000000000000, 0.000000000000000000, -1.000000000000000000 ) ) ;
#1119 = EDGE_LOOP ( 'NONE', ( #633, #1053, #6647 ) ) ;
#1120 = ADVANCED_FACE ( 'NONE', ( #5424 ), #3214, .F. ) ;
#1121 = FACE_OUTER_BOUND ( 'NONE', #1160, .T. ) ;
#1122 = ORIENTED_EDGE ( 'NONE', *, *, #5450, .F. ) ;
#1123 = LINE ( 'NONE', #3746, #3390 ) ;
#1124 = ORIENTED_EDGE ( 'NONE', *, *, #3729, .T. ) ;
#1125 = PLANE ( 'NONE',  #4537 ) ;
#1126 = DIRECTION ( 'NONE',  ( -0.000000000000000000, -0.000000000000000000, 1.000000000000000000 ) ) ;
#1127 = DIRECTION ( 'NONE',  ( 0.9995520592605567911, 3.665114028111689248E-18, 0.02992792722492301771 ) ) ;
#1128 = DIRECTION ( 'NONE',  ( 0.000000000000000000, 0.000000000000000000, 1.000000000000000000 ) ) ;
#1129 = VERTEX_POINT ( 'NONE', #4783 ) ;
#1130 = ORIENTED_EDGE ( 'NONE', *, *, #4465, .T. ) ;
#1131 = EDGE_LOOP ( 'NONE', ( #320, #6228, #6157, #7951 ) ) ;
#1132 = ADVANCED_FACE ( 'NONE', ( #4826 ), #979, .F. ) ;
#1133 = PRODUCT_CONTEXT ( 'NONE', #6699, 'mechanical' ) ;
#1134 = EDGE_LOOP ( 'NONE', ( #881, #2645, #1556, #5848 ) ) ;
#1135 = DIRECTION ( 'NONE',  ( -0.000000000000000000, -1.000000000000000000, -0.000000000000000000 ) ) ;
#1136 = CARTESIAN_POINT ( 'NONE',  ( -4.474999999999979217, 12.74892422621554644, -1.949973284288425189E-14 ) ) ;
#1137 = ORIENTED_EDGE ( 'NONE', *, *, #8215, .T. ) ;
#1138 = DIRECTION ( 'NONE',  ( 1.049727191138618572E-16, -0.5150380749100542666, 0.8571673007021122226 ) ) ;
#1139 = EDGE_CURVE ( 'NONE', #6734, #6361, #1104, .T. ) ;
#1140 = FACE_BOUND ( 'NONE', #2037, .T. ) ;
#1141 = EDGE_CURVE ( 'NONE', #1260, #1636, #6169, .T. ) ;
#1142 = CARTESIAN_POINT ( 'NONE',  ( 219.4749999999999659, 9.791008272023203673, 53.70000000000000284 ) ) ;
#1143 = DIRECTION ( 'NONE',  ( -0.000000000000000000, 1.000000000000000000, -0.000000000000000000 ) ) ;
#1144 = DIRECTION ( 'NONE',  ( 0.000000000000000000, -0.000000000000000000, 1.000000000000000000 ) ) ;
#1145 = VERTEX_POINT ( 'NONE', #5626 ) ;
#1146 = DIRECTION ( 'NONE',  ( 1.049727191138618449E-16, 0.5150380749100544886, -0.8571673007021121116 ) ) ;
#1147 = CONICAL_SURFACE ( 'NONE', #7301, 1.250000000000001110, 1.029744258676655200 ) ;
#1148 = EDGE_LOOP ( 'NONE', ( #7158, #3608, #5783, #2126 ) ) ;
#1149 = VECTOR ( 'NONE', #8172, 1000.000000000000114 ) ;
#1150 = CARTESIAN_POINT ( 'NONE',  ( 229.9750000000001080, 13.49999999999999822, -57.24999999999995026 ) ) ;
#1151 = FACE_OUTER_BOUND ( 'NONE', #1713, .T. ) ;
#1152 = EDGE_CURVE ( 'NONE', #7464, #4041, #2424, .T. ) ;
#1153 = CYLINDRICAL_SURFACE ( 'NONE', #4700, 1.250000000000001110 ) ;
#1154 = DIRECTION ( 'NONE',  ( -0.000000000000000000, 1.000000000000000000, -0.000000000000000000 ) ) ;
#1155 = DIRECTION ( 'NONE',  ( 2.071311613106635153E-16, 0.000000000000000000, 1.000000000000000000 ) ) ;
#1156 = ORIENTED_EDGE ( 'NONE', *, *, #5592, .T. ) ;
#1157 = DIRECTION ( 'NONE',  ( -0.000000000000000000, 1.000000000000000000, -0.000000000000000000 ) ) ;
#1158 = ORIENTED_EDGE ( 'NONE', *, *, #78, .T. ) ;
#1159 = CARTESIAN_POINT ( 'NONE',  ( -4.474999999999979217, 13.49999999999999822, -1.949973284288425189E-14 ) ) ;
#1160 = EDGE_LOOP ( 'NONE', ( #2299, #4468, #3022 ) ) ;
#1161 = CARTESIAN_POINT ( 'NONE',  ( 202.8250000000000455, 22.00000000000000000, 12.90000000000000213 ) ) ;
#1162 = LINE ( 'NONE', #6778, #642 ) ;
#1163 = EDGE_CURVE ( 'NONE', #4089, #3661, #4401, .T. ) ;
#1164 = VECTOR ( 'NONE', #2252, 1000.000000000000000 ) ;
#1165 = DIRECTION ( 'NONE',  ( 0.000000000000000000, -1.000000000000000000, 0.000000000000000000 ) ) ;
#1166 = DIRECTION ( 'NONE',  ( 1.049727191138618572E-16, -0.5150380749100542666, 0.8571673007021122226 ) ) ;
#1167 = VERTEX_POINT ( 'NONE', #3730 ) ;
#1168 = ORIENTED_EDGE ( 'NONE', *, *, #4068, .T. ) ;
#1169 = CARTESIAN_POINT ( 'NONE',  ( -210.6750000000001819, 22.00000000000000000, 17.90000000000004832 ) ) ;
#1170 = VECTOR ( 'NONE', #7586, 1000.000000000000114 ) ;
#1171 = ORIENTED_EDGE ( 'NONE', *, *, #7900, .T. ) ;
#1172 = DIRECTION ( 'NONE',  ( 1.049727191138618942E-16, 0.5150380749100536004, -0.8571673007021125557 ) ) ;
#1173 = CARTESIAN_POINT ( 'NONE',  ( 165.5250000000000341, 13.49999999999999822, -1.250000000000040190 ) ) ;
#1174 = ORIENTED_EDGE ( 'NONE', *, *, #2342, .F. ) ;
#1175 = AXIS2_PLACEMENT_3D ( 'NONE', #8236, #8156, #7580 ) ;
#1176 = DIRECTION ( 'NONE',  ( 0.000000000000000000, 0.000000000000000000, -1.000000000000000000 ) ) ;
#1177 = CARTESIAN_POINT ( 'NONE',  ( -241.7250000000000227, 22.00000000000000000, 3.252606517456513302E-16 ) ) ;
#1178 = AXIS2_PLACEMENT_3D ( 'NONE', #2529, #3114, #7636 ) ;
#1179 = CARTESIAN_POINT ( 'NONE',  ( 219.4749999999999659, 9.791008272023203673, 48.70000000000000995 ) ) ;
#1180 = CARTESIAN_POINT ( 'NONE',  ( 219.4749999999999659, 20.84529946162070502, -43.70000000000000284 ) ) ;
#1181 = EDGE_CURVE ( 'NONE', #2397, #7975, #4555, .T. ) ;
#1182 = LINE ( 'NONE', #5629, #6034 ) ;
#1183 = ORIENTED_EDGE ( 'NONE', *, *, #7913, .T. ) ;
#1184 = EDGE_CURVE ( 'NONE', #4731, #1011, #3059, .T. ) ;
#1185 = DIRECTION ( 'NONE',  ( 0.000000000000000000, 0.000000000000000000, -1.000000000000000000 ) ) ;
#1186 = VECTOR ( 'NONE', #7322, 1000.000000000000000 ) ;
#1187 = ORIENTED_EDGE ( 'NONE', *, *, #6153, .T. ) ;
#1188 = DIRECTION ( 'NONE',  ( 0.000000000000000000, 0.000000000000000000, 1.000000000000000000 ) ) ;
#1189 = CIRCLE ( 'NONE', #2661, 1.250000000000001110 ) ;
#1190 = DIRECTION ( 'NONE',  ( 0.000000000000000000, 0.000000000000000000, 1.000000000000000000 ) ) ;
#1191 = AXIS2_PLACEMENT_3D ( 'NONE', #2170, #4715, #7275 ) ;
#1192 = FILL_AREA_STYLE_COLOUR ( '', #550 ) ;
#1193 = LINE ( 'NONE', #404, #5604 ) ;
#1194 = DIRECTION ( 'NONE',  ( 0.000000000000000000, 1.000000000000000000, 0.000000000000000000 ) ) ;
#1195 = ORIENTED_EDGE ( 'NONE', *, *, #1780, .T. ) ;
#1196 = EDGE_CURVE ( 'NONE', #1382, #3946, #3018, .T. ) ;
#1197 = LINE ( 'NONE', #6229, #3500 ) ;
#1198 = EDGE_LOOP ( 'NONE', ( #606, #1953 ) ) ;
#1199 = DIRECTION ( 'NONE',  ( 0.000000000000000000, 0.000000000000000000, -1.000000000000000000 ) ) ;
#1200 = ORIENTED_EDGE ( 'NONE', *, *, #3071, .T. ) ;
#1201 = LINE ( 'NONE', #571, #4046 ) ;
#1202 = AXIS2_PLACEMENT_3D ( 'NONE', #6792, #3053, #7376 ) ;
#1203 = CARTESIAN_POINT ( 'NONE',  ( 234.1449999999999534, 10.99999999999998934, 53.33740000000000947 ) ) ;
#1204 = AXIS2_PLACEMENT_3D ( 'NONE', #5008, #1824, #194 ) ;
#1205 = CIRCLE ( 'NONE', #4142, 1.249999999999973355 ) ;
#1206 = CARTESIAN_POINT ( 'NONE',  ( -215.3250000000000455, 13.49999999999999822, 16.65000000000004832 ) ) ;
#1207 = CARTESIAN_POINT ( 'NONE',  ( -203.6750000000000398, 22.00000000000000000, 29.55000000000005400 ) ) ;
#1208 = EDGE_LOOP ( 'NONE', ( #726, #3962, #7117 ) ) ;
#1209 = EDGE_CURVE ( 'NONE', #5105, #4079, #2563, .T. ) ;
#1210 = ORIENTED_EDGE ( 'NONE', *, *, #1870, .F. ) ;
#1211 = AXIS2_PLACEMENT_3D ( 'NONE', #6380, #5755, #7712 ) ;
#1212 =( NAMED_UNIT ( * ) PLANE_ANGLE_UNIT ( ) SI_UNIT ( $, .RADIAN. ) );
#1213 = CIRCLE ( 'NONE', #4155, 1.250000000000001110 ) ;
#1214 = ORIENTED_EDGE ( 'NONE', *, *, #400, .T. ) ;
#1215 = CARTESIAN_POINT ( 'NONE',  ( 219.4749999999999659, 13.49999999999999822, -29.54999999999999716 ) ) ;
#1216 = CARTESIAN_POINT ( 'NONE',  ( 219.4811460977329318, 11.40283879697870084, 53.70000000000000284 ) ) ;
#1217 = ORIENTED_EDGE ( 'NONE', *, *, #2484, .T. ) ;
#1218 = DIRECTION ( 'NONE',  ( 0.000000000000000000, -1.000000000000000000, 0.000000000000000000 ) ) ;
#1219 = CIRCLE ( 'NONE', #6973, 1.250000000000001110 ) ;
#1220 = AXIS2_PLACEMENT_3D ( 'NONE', #208, #6571, #4129 ) ;
#1221 = CYLINDRICAL_SURFACE ( 'NONE', #900, 1.250000000000001110 ) ;
#1222 = CARTESIAN_POINT ( 'NONE',  ( -191.9750000000000227, 8.499999999999992895, 28.83433046974914760 ) ) ;
#1223 = AXIS2_PLACEMENT_3D ( 'NONE', #7318, #6109, #5403 ) ;
#1224 = CIRCLE ( 'NONE', #8173, 2.776987756241654282 ) ;
#1225 = DIRECTION ( 'NONE',  ( -0.000000000000000000, 1.000000000000000000, -0.000000000000000000 ) ) ;
#1226 = ORIENTED_EDGE ( 'NONE', *, *, #3360, .T. ) ;
#1227 = DIRECTION ( 'NONE',  ( -0.000000000000000000, -1.000000000000000000, -0.000000000000000000 ) ) ;
#1228 = EDGE_LOOP ( 'NONE', ( #4545, #7849, #5936, #4664 ) ) ;
#1229 = DIRECTION ( 'NONE',  ( 0.000000000000000000, 0.000000000000000000, 1.000000000000000000 ) ) ;
#1230 = DIRECTION ( 'NONE',  ( 0.000000000000000000, 0.000000000000000000, 1.000000000000000000 ) ) ;
#1231 = ADVANCED_FACE ( 'NONE', ( #6292, #7005, #4444 ), #1268, .F. ) ;
#1232 = EDGE_CURVE ( 'NONE', #4173, #3120, #3658, .T. ) ;
#1233 = CARTESIAN_POINT ( 'NONE',  ( 204.4750000000000227, 4.000000000000000000, -7.900000000000002132 ) ) ;
#1234 = DIRECTION ( 'NONE',  ( -0.000000000000000000, 1.000000000000000000, -0.000000000000000000 ) ) ;
#1235 = LINE ( 'NONE', #3074, #4501 ) ;
#1236 = ORIENTED_EDGE ( 'NONE', *, *, #1461, .T. ) ;
#1237 = AXIS2_PLACEMENT_3D ( 'NONE', #584, #6285, #3136 ) ;
#1238 = DIRECTION ( 'NONE',  ( 0.000000000000000000, 0.5150380749100544886, 0.8571673007021121116 ) ) ;
#1239 = ORIENTED_EDGE ( 'NONE', *, *, #5313, .T. ) ;
#1240 = CARTESIAN_POINT ( 'NONE',  ( -4.474999999999979217, 22.00000000000000000, -1.949973284288425189E-14 ) ) ;
#1241 = ORIENTED_EDGE ( 'NONE', *, *, #4179, .T. ) ;
#1242 = CIRCLE ( 'NONE', #5660, 5.000000000000000888 ) ;
#1243 = DIRECTION ( 'NONE',  ( -0.000000000000000000, 1.000000000000000000, -0.000000000000000000 ) ) ;
#1244 = VECTOR ( 'NONE', #2665, 1000.000000000000000 ) ;
#1245 = DIRECTION ( 'NONE',  ( 0.000000000000000000, 0.000000000000000000, 1.000000000000000000 ) ) ;
#1246 = ADVANCED_FACE ( 'NONE', ( #2403 ), #4361, .F. ) ;
#1247 = EDGE_CURVE ( 'NONE', #1883, #1430, #7907, .T. ) ;
#1248 = ADVANCED_FACE ( 'NONE', ( #3106 ), #3893, .F. ) ;
#1249 = VECTOR ( 'NONE', #5393, 1000.000000000000114 ) ;
#1250 = DIRECTION ( 'NONE',  ( 0.000000000000000000, 0.000000000000000000, -1.000000000000000000 ) ) ;
#1251 = DIRECTION ( 'NONE',  ( -0.000000000000000000, 1.000000000000000000, -0.000000000000000000 ) ) ;
#1252 = ORIENTED_EDGE ( 'NONE', *, *, #1760, .T. ) ;
#1253 = CARTESIAN_POINT ( 'NONE',  ( 219.4749999999999659, 13.49999999999999822, -30.79999999999999716 ) ) ;
#1254 = VERTEX_POINT ( 'NONE', #7515 ) ;
#1255 = VERTEX_POINT ( 'NONE', #3816 ) ;
#1256 = CYLINDRICAL_SURFACE ( 'NONE', #6396, 1.250000000000001110 ) ;
#1257 = CIRCLE ( 'NONE', #7409, 1.250000000000001110 ) ;
#1258 = EDGE_CURVE ( 'NONE', #5110, #5983, #6966, .T. ) ;
#1259 = ADVANCED_FACE ( 'NONE', ( #629 ), #6216, .F. ) ;
#1260 = VERTEX_POINT ( 'NONE', #1142 ) ;
#1261 = DIRECTION ( 'NONE',  ( -0.000000000000000000, 1.000000000000000000, -0.000000000000000000 ) ) ;
#1262 = ORIENTED_EDGE ( 'NONE', *, *, #3729, .F. ) ;
#1263 = DIRECTION ( 'NONE',  ( 0.000000000000000000, 0.000000000000000000, -1.000000000000000000 ) ) ;
#1264 = AXIS2_PLACEMENT_3D ( 'NONE', #2843, #3509, #4131 ) ;
#1265 = DIRECTION ( 'NONE',  ( -0.000000000000000000, 1.000000000000000000, -0.000000000000000000 ) ) ;
#1266 = EDGE_CURVE ( 'NONE', #3063, #3562, #7669, .T. ) ;
#1267 = EDGE_CURVE ( 'NONE', #7508, #659, #7371, .T. ) ;
#1268 = PLANE ( 'NONE',  #4827 ) ;
#1269 = CARTESIAN_POINT ( 'NONE',  ( -174.4749999999999375, 13.49999999999999822, 58.60000000000005826 ) ) ;
#1270 = ORIENTED_EDGE ( 'NONE', *, *, #114, .T. ) ;
#1271 = LINE ( 'NONE', #3819, #680 ) ;
#1272 = ORIENTED_EDGE ( 'NONE', *, *, #2118, .F. ) ;
#1273 = DIRECTION ( 'NONE',  ( 0.8660254037844428154, 0.4999999999999926170, 0.000000000000000000 ) ) ;
#1274 = CARTESIAN_POINT ( 'NONE',  ( 239.4749999999999943, 10.49999999999999822, 60.64999999999999147 ) ) ;
#1276 = DIRECTION ( 'NONE',  ( 0.000000000000000000, 0.000000000000000000, 1.000000000000000000 ) ) ;
#1275 = CIRCLE ( 'NONE', #85, 1.250000000000001110 ) ;
#1277 = CARTESIAN_POINT ( 'NONE',  ( -191.9749999999999943, 8.499999999999992895, -32.76566953025085382 ) ) ;
#1278 = VERTEX_POINT ( 'NONE', #3268 ) ;
#1279 = DIRECTION ( 'NONE',  ( 1.049727191138618449E-16, 0.5150380749100544886, -0.8571673007021121116 ) ) ;
#1280 = EDGE_LOOP ( 'NONE', ( #6753, #1195, #6440, #1904, #6621, #5057, #1600, #60, #580, #4008, #7088, #3285, #4228, #7542, #7860, #7412, #594, #7782, #2166, #6297, #4860, #6016, #4185, #3921, #2188, #465, #215, #937, #4269, #6116, #3231, #3520, #4816, #3366, #7965, #4999 ) ) ;
#1281 = CYLINDRICAL_SURFACE ( 'NONE', #3806, 1.250000000000001110 ) ;
#1282 = ADVANCED_FACE ( 'NONE', ( #1971 ), #5372, .F. ) ;
#1283 = EDGE_LOOP ( 'NONE', ( #7857, #3283, #725 ) ) ;
#1284 = DIRECTION ( 'NONE',  ( -0.000000000000000000, 1.000000000000000000, -0.000000000000000000 ) ) ;
#1285 = DIRECTION ( 'NONE',  ( 1.000000000000000000, 0.000000000000000000, -1.202972179678357944E-16 ) ) ;
#1286 = AXIS2_PLACEMENT_3D ( 'NONE', #6156, #1586, #1001 ) ;
#1287 = FACE_OUTER_BOUND ( 'NONE', #1538, .T. ) ;
#1288 = LINE ( 'NONE', #4552, #4986 ) ;
#1289 = ORIENTED_EDGE ( 'NONE', *, *, #3905, .T. ) ;
#1290 = CARTESIAN_POINT ( 'NONE',  ( 165.5250000000000341, 13.49999999999999822, -32.05000000000001847 ) ) ;
#1291 = ORIENTED_EDGE ( 'NONE', *, *, #5564, .F. ) ;
#1292 = EDGE_CURVE ( 'NONE', #7170, #304, #1356, .T. ) ;
#1293 = ORIENTED_EDGE ( 'NONE', *, *, #4434, .T. ) ;
#1294 = EDGE_CURVE ( 'NONE', #3355, #8023, #2690, .T. ) ;
#1295 = AXIS2_PLACEMENT_3D ( 'NONE', #4338, #2416, #7440 ) ;
#1296 = DIRECTION ( 'NONE',  ( 0.000000000000000000, 0.000000000000000000, 1.000000000000000000 ) ) ;
#1297 = AXIS2_PLACEMENT_3D ( 'NONE', #3849, #1340, #2634 ) ;
#1298 = VERTEX_POINT ( 'NONE', #2061 ) ;
#1299 = LINE ( 'NONE', #5744, #7789 ) ;
#1300 = CARTESIAN_POINT ( 'NONE',  ( 224.4749999999999659, 9.953914315783341848, 48.77878084441648809 ) ) ;
#1301 = EDGE_CURVE ( 'NONE', #2313, #4807, #1219, .T. ) ;
#1302 = ORIENTED_EDGE ( 'NONE', *, *, #7152, .F. ) ;
#1303 = DIRECTION ( 'NONE',  ( 1.049727191138618449E-16, 0.5150380749100544886, -0.8571673007021121116 ) ) ;
#1304 = AXIS2_PLACEMENT_3D ( 'NONE', #9, #6465, #551 ) ;
#1305 = FACE_OUTER_BOUND ( 'NONE', #2923, .T. ) ;
#1306 = CARTESIAN_POINT ( 'NONE',  ( -4.474999999999979217, 13.49999999999999822, -61.10000000000002274 ) ) ;
#1307 = CIRCLE ( 'NONE', #7727, 1.250000000000001110 ) ;
#1308 = CARTESIAN_POINT ( 'NONE',  ( 191.1750000000000114, 11.99999999999999822, 61.10000000000006537 ) ) ;
#1309 = ORIENTED_EDGE ( 'NONE', *, *, #8237, .F. ) ;
#1310 = DIRECTION ( 'NONE',  ( -0.000000000000000000, -1.000000000000000000, -0.000000000000000000 ) ) ;
#1311 = ORIENTED_EDGE ( 'NONE', *, *, #6204, .T. ) ;
#1312 = ADVANCED_FACE ( 'NONE', ( #7833 ), #5908, .F. ) ;
#1313 = DIRECTION ( 'NONE',  ( 0.000000000000000000, 0.000000000000000000, 1.000000000000000000 ) ) ;
#1314 = CONICAL_SURFACE ( 'NONE', #5059, 7.000000000000110134, 1.047197551196605625 ) ;
#1315 = FACE_OUTER_BOUND ( 'NONE', #5756, .T. ) ;
#1316 = CARTESIAN_POINT ( 'NONE',  ( 219.4749999999999659, 22.00000000000000000, -59.85000000000002984 ) ) ;
#1317 = CONICAL_SURFACE ( 'NONE', #2525, 2.999999999999891642, 1.047197551196605181 ) ;
#1318 = CARTESIAN_POINT ( 'NONE',  ( -236.9750000000000512, 20.84529946162070502, 48.70000000000005969 ) ) ;
#1319 = FACE_OUTER_BOUND ( 'NONE', #983, .T. ) ;
#1320 = VERTEX_POINT ( 'NONE', #5957 ) ;
#1321 = DIRECTION ( 'NONE',  ( 0.000000000000000000, 0.000000000000000000, -1.000000000000000000 ) ) ;
#1322 = EDGE_LOOP ( 'NONE', ( #1876, #1667, #2844, #6998 ) ) ;
#1323 = DIRECTION ( 'NONE',  ( 0.000000000000000000, 0.000000000000000000, 1.000000000000000000 ) ) ;
#1324 = ORIENTED_EDGE ( 'NONE', *, *, #2172, .T. ) ;
#1325 = AXIS2_PLACEMENT_3D ( 'NONE', #7355, #4717, #5266 ) ;
#1326 = DIRECTION ( 'NONE',  ( 0.8660254037844428154, 0.4999999999999926170, 0.000000000000000000 ) ) ;
#1327 = CARTESIAN_POINT ( 'NONE',  ( 216.9749999999999943, 13.49999999999999822, 61.10000000000006537 ) ) ;
#1328 = AXIS2_PLACEMENT_3D ( 'NONE', #6397, #6444, #783 ) ;
#1329 = AXIS2_PLACEMENT_3D ( 'NONE', #4791, #3410, #4710 ) ;
#1330 = DIRECTION ( 'NONE',  ( -1.000000000000000000, 0.000000000000000000, 0.000000000000000000 ) ) ;
#1331 = CARTESIAN_POINT ( 'NONE',  ( 224.4750000000013017, 11.22360374662918403, -48.97700605466577883 ) ) ;
#1332 = ORIENTED_EDGE ( 'NONE', *, *, #6354, .T. ) ;
#1333 = CARTESIAN_POINT ( 'NONE',  ( 198.0250000000000057, 8.499999999999992895, -34.01566953025086804 ) ) ;
#1334 = VERTEX_POINT ( 'NONE', #5917 ) ;
#1335 = ORIENTED_EDGE ( 'NONE', *, *, #621, .F. ) ;
#1336 = VECTOR ( 'NONE', #2284, 1000.000000000000000 ) ;
#1337 = AXIS2_PLACEMENT_3D ( 'NONE', #5993, #6622, #216 ) ;
#1338 = ADVANCED_FACE ( 'NONE', ( #1392 ), #5833, .T. ) ;
#1339 = ADVANCED_FACE ( 'NONE', ( #681 ), #5796, .F. ) ;
#1340 = DIRECTION ( 'NONE',  ( -0.000000000000000000, 1.000000000000000000, -0.000000000000000000 ) ) ;
#1341 = AXIS2_PLACEMENT_3D ( 'NONE', #682, #5712, #5798 ) ;
#1342 = ORIENTED_EDGE ( 'NONE', *, *, #1555, .F. ) ;
#1343 = CARTESIAN_POINT ( 'NONE',  ( -231.9750000000000227, 20.84529946162070502, 53.70000000000005969 ) ) ;
#1344 = DIRECTION ( 'NONE',  ( -0.000000000000000000, -1.000000000000000000, -0.000000000000000000 ) ) ;
#1345 = ORIENTED_EDGE ( 'NONE', *, *, #3928, .T. ) ;
#1346 = CARTESIAN_POINT ( 'NONE',  ( -174.4749999999999943, 13.49999999999999822, 30.80000000000003624 ) ) ;
#1347 = CARTESIAN_POINT ( 'NONE',  ( 219.4749999999999659, 12.20899172797666488, -38.70000000000000284 ) ) ;
#1348 = CONICAL_SURFACE ( 'NONE', #3891, 1.250000000000001110, 1.029744258676654090 ) ;
#1349 = EDGE_CURVE ( 'NONE', #5768, #3679, #7709, .T. ) ;
#1350 = CARTESIAN_POINT ( 'NONE',  ( -174.4749999999999943, 22.00000000000000000, 30.80000000000003624 ) ) ;
#1351 = CARTESIAN_POINT ( 'NONE',  ( 176.1750000000000398, 22.00000000000000000, 24.90000000000010871 ) ) ;
#1352 = ORIENTED_EDGE ( 'NONE', *, *, #4975, .T. ) ;
#1353 = ORIENTED_EDGE ( 'NONE', *, *, #3824, .T. ) ;
#1354 = DIRECTION ( 'NONE',  ( -0.000000000000000000, 1.000000000000000000, -0.000000000000000000 ) ) ;
#1355 = ORIENTED_EDGE ( 'NONE', *, *, #3539, .T. ) ;
#1356 = CIRCLE ( 'NONE', #4692, 1.250000000000001110 ) ;
#1357 = VECTOR ( 'NONE', #6451, 1000.000000000000114 ) ;
#1358 = AXIS2_PLACEMENT_3D ( 'NONE', #4962, #8181, #657 ) ;
#1359 = DIRECTION ( 'NONE',  ( -0.000000000000000000, 1.000000000000000000, -0.000000000000000000 ) ) ;
#1360 = FACE_OUTER_BOUND ( 'NONE', #2832, .T. ) ;
#1361 = AXIS2_PLACEMENT_3D ( 'NONE', #6813, #1157, #6146 ) ;
#1362 = CONICAL_SURFACE ( 'NONE', #2698, 1.250000000000001110, 1.029744258676655200 ) ;
#1363 = EDGE_CURVE ( 'NONE', #6002, #143, #2554, .T. ) ;
#1364 = CARTESIAN_POINT ( 'NONE',  ( -241.7250000000000227, 22.00000000000000000, 3.252606517456513302E-16 ) ) ;
#1365 = CYLINDRICAL_SURFACE ( 'NONE', #5612, 1.250000000000001110 ) ;
#1366 = DIRECTION ( 'NONE',  ( 0.000000000000000000, 0.4999999999999936162, 0.8660254037844422603 ) ) ;
#1367 = EDGE_LOOP ( 'NONE', ( #447, #5661 ) ) ;
#1368 = FACE_OUTER_BOUND ( 'NONE', #8076, .T. ) ;
#1369 = EDGE_LOOP ( 'NONE', ( #8234, #6084, #421, #883 ) ) ;
#1370 = DIRECTION ( 'NONE',  ( -1.000000000000000000, 0.000000000000000000, -0.000000000000000000 ) ) ;
#1371 = ORIENTED_EDGE ( 'NONE', *, *, #5907, .T. ) ;
#1372 = DIRECTION ( 'NONE',  ( 0.000000000000000000, 0.000000000000000000, -1.000000000000000000 ) ) ;
#1373 = AXIS2_PLACEMENT_3D ( 'NONE', #5037, #2330, #4876 ) ;
#1374 = DIRECTION ( 'NONE',  ( 0.000000000000000000, 0.000000000000000000, 1.000000000000000000 ) ) ;
#1375 = EDGE_CURVE ( 'NONE', #487, #4350, #4648, .T. ) ;
#1376 = DIRECTION ( 'NONE',  ( 0.000000000000000000, 0.000000000000000000, 1.000000000000000000 ) ) ;
#1377 = CONICAL_SURFACE ( 'NONE', #177, 2.999999999999886757, 1.047197551196606291 ) ;
#1378 = CARTESIAN_POINT ( 'NONE',  ( 224.4749999999986585, 10.77594197860282854, -48.97696943923934043 ) ) ;
#1379 = ORIENTED_EDGE ( 'NONE', *, *, #2719, .F. ) ;
#1380 = LINE ( 'NONE', #1290, #7108 ) ;
#1381 = AXIS2_PLACEMENT_3D ( 'NONE', #2271, #307, #7997 ) ;
#1382 = VERTEX_POINT ( 'NONE', #222 ) ;
#1383 = ORIENTED_EDGE ( 'NONE', *, *, #7959, .T. ) ;
#1384 = DIRECTION ( 'NONE',  ( -0.000000000000000000, -1.000000000000000000, -0.000000000000000000 ) ) ;
#1385 = VERTEX_POINT ( 'NONE', #5282 ) ;
#1386 = LINE ( 'NONE', #4090, #5537 ) ;
#1387 = AXIS2_PLACEMENT_3D ( 'NONE', #358, #2906, #8016 ) ;
#1388 = PLANE ( 'NONE',  #3334 ) ;
#1389 = ORIENTED_EDGE ( 'NONE', *, *, #2005, .F. ) ;
#1390 = EDGE_CURVE ( 'NONE', #2582, #3353, #7107, .T. ) ;
#1391 = CARTESIAN_POINT ( 'NONE',  ( 100.5249999999999773, -1.402220585023716934E-15, -32.76566953025088935 ) ) ;
#1392 = FACE_OUTER_BOUND ( 'NONE', #7008, .T. ) ;
#1393 = ORIENTED_EDGE ( 'NONE', *, *, #7300, .F. ) ;
#1394 = DIRECTION ( 'NONE',  ( -0.000000000000000000, 1.000000000000000000, -0.000000000000000000 ) ) ;
#1395 = EDGE_LOOP ( 'NONE', ( #6907, #4516, #3535, #4918 ) ) ;
#1396 = VERTEX_POINT ( 'NONE', #1428 ) ;
#1397 = DIRECTION ( 'NONE',  ( -1.202972179678357944E-16, 0.000000000000000000, -1.000000000000000000 ) ) ;
#1398 = ORIENTED_EDGE ( 'NONE', *, *, #5339, .T. ) ;
#1399 = CARTESIAN_POINT ( 'NONE',  ( 219.4749999999999659, 22.00000000000000000, -29.54999999999999716 ) ) ;
#1400 = EDGE_CURVE ( 'NONE', #2658, #176, #7875, .T. ) ;
#1401 = CARTESIAN_POINT ( 'NONE',  ( -239.4750000000000227, 10.49999999999999822, 59.00000000000005684 ) ) ;
#1402 = DIRECTION ( 'NONE',  ( 0.000000000000000000, 0.000000000000000000, -1.000000000000000000 ) ) ;
#1403 = APPLICATION_CONTEXT ( 'automotive_design' ) ;
#1404 = DIRECTION ( 'NONE',  ( 0.000000000000000000, 0.000000000000000000, -1.000000000000000000 ) ) ;
#1405 = LINE ( 'NONE', #6515, #8277 ) ;
#1406 = ORIENTED_EDGE ( 'NONE', *, *, #4584, .F. ) ;
#1407 = AXIS2_PLACEMENT_3D ( 'NONE', #650, #2537, #3246 ) ;
#1408 = CARTESIAN_POINT ( 'NONE',  ( 165.5250000000000909, 13.49999999999999822, 61.10000000000002274 ) ) ;
#1409 = VERTEX_POINT ( 'NONE', #6542 ) ;
#1410 = DIRECTION ( 'NONE',  ( 1.000000000000000000, -0.000000000000000000, -0.000000000000000000 ) ) ;
#1411 = EDGE_LOOP ( 'NONE', ( #2782, #2608, #3324 ) ) ;
#1412 = DIRECTION ( 'NONE',  ( 0.000000000000000000, 0.000000000000000000, 1.000000000000000000 ) ) ;
#1413 = EDGE_CURVE ( 'NONE', #5274, #5237, #181, .T. ) ;
#1414 = FACE_OUTER_BOUND ( 'NONE', #4602, .T. ) ;
#1415 = CARTESIAN_POINT ( 'NONE',  ( 234.1449999999999534, 10.99999999999998757, 46.20000000000000284 ) ) ;
#1416 = LINE ( 'NONE', #8099, #1164 ) ;
#1417 = ORIENTED_EDGE ( 'NONE', *, *, #2035, .T. ) ;
#1418 = DIRECTION ( 'NONE',  ( -0.000000000000000000, 1.000000000000000000, -0.000000000000000000 ) ) ;
#1419 = EDGE_LOOP ( 'NONE', ( #6878, #6255 ) ) ;
#1420 = VERTEX_POINT ( 'NONE', #3228 ) ;
#1421 = AXIS2_PLACEMENT_3D ( 'NONE', #4852, #1039, #6654 ) ;
#1422 = EDGE_CURVE ( 'NONE', #1442, #6000, #1470, .T. ) ;
#1423 = DIRECTION ( 'NONE',  ( -0.000000000000000000, 1.000000000000000000, -0.000000000000000000 ) ) ;
#1424 = ORIENTED_EDGE ( 'NONE', *, *, #7643, .T. ) ;
#1425 = FACE_BOUND ( 'NONE', #649, .T. ) ;
#1426 = ORIENTED_EDGE ( 'NONE', *, *, #415, .T. ) ;
#1427 = DIRECTION ( 'NONE',  ( 0.000000000000000000, 0.5150380749100544886, 0.8571673007021121116 ) ) ;
#1428 = CARTESIAN_POINT ( 'NONE',  ( 165.5250000000000341, 13.49999999999999822, -58.60000000000004405 ) ) ;
#1429 = DIRECTION ( 'NONE',  ( -0.000000000000000000, 1.000000000000000000, -0.000000000000000000 ) ) ;
#1430 = VERTEX_POINT ( 'NONE', #4525 ) ;
#1431 = CARTESIAN_POINT ( 'NONE',  ( 176.1750000000000398, 4.000000000000000000, 27.90000000000000213 ) ) ;
#1432 = ORIENTED_EDGE ( 'NONE', *, *, #8057, .F. ) ;
#1433 = LINE ( 'NONE', #886, #561 ) ;
#1434 = DIRECTION ( 'NONE',  ( 0.000000000000000000, -1.000000000000000000, 0.000000000000000000 ) ) ;
#1435 = ADVANCED_FACE ( 'NONE', ( #3906 ), #6445, .T. ) ;
#1436 = DIRECTION ( 'NONE',  ( -1.000000000000000000, 0.000000000000000000, 1.202972179678357944E-16 ) ) ;
#1437 = EDGE_CURVE ( 'NONE', #7549, #6961, #3487, .T. ) ;
#1438 = DIRECTION ( 'NONE',  ( 0.000000000000000000, 0.000000000000000000, 1.000000000000000000 ) ) ;
#1439 = LINE ( 'NONE', #3994, #4276 ) ;
#1440 = EDGE_LOOP ( 'NONE', ( #4677, #1984, #5046, #5535 ) ) ;
#1441 = CARTESIAN_POINT ( 'NONE',  ( -4.474999999999979217, 22.00000000000000000, 30.80000000000001492 ) ) ;
#1442 = VERTEX_POINT ( 'NONE', #6046 ) ;
#1443 = LINE ( 'NONE', #3497, #4755 ) ;
#1444 = VERTEX_POINT ( 'NONE', #6087 ) ;
#1445 = CARTESIAN_POINT ( 'NONE',  ( 198.0250000000000057, 8.499999999999992895, -32.76566953025089646 ) ) ;
#1446 = CARTESIAN_POINT ( 'NONE',  ( 224.4749999999999659, 4.000000000000000000, -22.90000000000000213 ) ) ;
#1447 = AXIS2_PLACEMENT_3D ( 'NONE', #5165, #7012, #2651 ) ;
#1448 = EDGE_CURVE ( 'NONE', #4940, #735, #548, .T. ) ;
#1449 = CARTESIAN_POINT ( 'NONE',  ( 224.4749999999999659, 4.000000000000000000, -53.70000000000000284 ) ) ;
#1450 = CARTESIAN_POINT ( 'NONE',  ( 224.4749999999999943, 9.791008272023203673, 48.70000000000000995 ) ) ;
#1451 = ORIENTED_EDGE ( 'NONE', *, *, #2848, .T. ) ;
#1452 = CYLINDRICAL_SURFACE ( 'NONE', #160, 7.137400000000002187 ) ;
#1453 = ORIENTED_EDGE ( 'NONE', *, *, #7990, .T. ) ;
#1454 = ORIENTED_EDGE ( 'NONE', *, *, #2220, .F. ) ;
#1455 = AXIS2_PLACEMENT_3D ( 'NONE', #1584, #2882, #870 ) ;
#1456 = DIRECTION ( 'NONE',  ( -0.000000000000000000, 1.000000000000000000, -0.000000000000000000 ) ) ;
#1457 = AXIS2_PLACEMENT_3D ( 'NONE', #4963, #4337, #8137 ) ;
#1458 = APPLICATION_PROTOCOL_DEFINITION ( 'draft international standard', 'automotive_design', 1998, #1403 ) ;
#1459 = VECTOR ( 'NONE', #3588, 1000.000000000000000 ) ;
#1460 = ADVANCED_FACE ( 'NONE', ( #2891 ), #1595, .T. ) ;
#1461 = EDGE_CURVE ( 'NONE', #4557, #5110, #2231, .T. ) ;
#1462 = LINE ( 'NONE', #6411, #5987 ) ;
#1463 = ORIENTED_EDGE ( 'NONE', *, *, #4431, .T. ) ;
#1464 = FACE_OUTER_BOUND ( 'NONE', #2743, .T. ) ;
#1465 = ORIENTED_EDGE ( 'NONE', *, *, #3104, .F. ) ;
#1466 = CONICAL_SURFACE ( 'NONE', #2929, 1.249999999999987121, 1.029744258676653201 ) ;
#1467 = AXIS2_PLACEMENT_3D ( 'NONE', #3686, #4943, #3606 ) ;
#1468 = LINE ( 'NONE', #7128, #3038 ) ;
#1469 = CIRCLE ( 'NONE', #2812, 1.250000000000001110 ) ;
#1470 = LINE ( 'NONE', #5321, #18 ) ;
#1471 = AXIS2_PLACEMENT_3D ( 'NONE', #4966, #71, #3156 ) ;
#1472 = ORIENTED_EDGE ( 'NONE', *, *, #1605, .T. ) ;
#1473 = FACE_OUTER_BOUND ( 'NONE', #4592, .T. ) ;
#1474 = FACE_OUTER_BOUND ( 'NONE', #3479, .T. ) ;
#1475 = CARTESIAN_POINT ( 'NONE',  ( -4.474999999999979217, 22.00000000000000000, -59.85000000000002274 ) ) ;
#1476 = VERTEX_POINT ( 'NONE', #261 ) ;
#1477 = CARTESIAN_POINT ( 'NONE',  ( 224.4749999999999659, 4.000000000000000000, -48.70000000000000995 ) ) ;
#1478 = FACE_OUTER_BOUND ( 'NONE', #7027, .T. ) ;
#1479 = VECTOR ( 'NONE', #6470, 1000.000000000000000 ) ;
#1480 = LINE ( 'NONE', #2030, #4611 ) ;
#1481 = AXIS2_PLACEMENT_3D ( 'NONE', #5875, #841, #6503 ) ;
#1482 = CARTESIAN_POINT ( 'NONE',  ( 191.1750000000000114, 11.99999999999999822, 58.60000000000005826 ) ) ;
#1483 = CARTESIAN_POINT ( 'NONE',  ( -94.47500000000000853, 8.499999999999992895, -31.51566953025088225 ) ) ;
#1484 = EDGE_LOOP ( 'NONE', ( #3571, #5009, #1791, #4842 ) ) ;
#1485 = CARTESIAN_POINT ( 'NONE',  ( -203.6750000000000398, 13.49999999999999822, -29.54999999999997939 ) ) ;
#1486 = ORIENTED_EDGE ( 'NONE', *, *, #196, .T. ) ;
#1487 = CARTESIAN_POINT ( 'NONE',  ( 239.4749999999999943, 22.00000000000000000, 60.64999999999999147 ) ) ;
#1488 = EDGE_LOOP ( 'NONE', ( #8063, #4119, #4653 ) ) ;
#1489 = DIRECTION ( 'NONE',  ( 0.000000000000000000, 1.000000000000000000, -0.000000000000000000 ) ) ;
#1490 = EDGE_CURVE ( 'NONE', #3025, #7624, #7922, .T. ) ;
#1491 = LINE ( 'NONE', #7978, #7741 ) ;
#1492 = VECTOR ( 'NONE', #1712, 1000.000000000000000 ) ;
#1493 = CIRCLE ( 'NONE', #6975, 4.999999999999997335 ) ;
#1494 = EDGE_CURVE ( 'NONE', #7681, #7361, #2573, .T. ) ;
#1495 = CARTESIAN_POINT ( 'NONE',  ( -174.4749999999999943, 13.49999999999999822, -30.79999999999997229 ) ) ;
#1496 = DIRECTION ( 'NONE',  ( 0.000000000000000000, 0.000000000000000000, 1.000000000000000000 ) ) ;
#1497 = ORIENTED_EDGE ( 'NONE', *, *, #1535, .T. ) ;
#1498 = DIRECTION ( 'NONE',  ( -0.000000000000000000, -1.000000000000000000, -0.000000000000000000 ) ) ;
#1499 = VECTOR ( 'NONE', #6344, 1000.000000000000000 ) ;
#1500 = VERTEX_POINT ( 'NONE', #6789 ) ;
#1501 = VERTEX_POINT ( 'NONE', #7293 ) ;
#1502 = EDGE_CURVE ( 'NONE', #5983, #2309, #7260, .T. ) ;
#1503 = CARTESIAN_POINT ( 'NONE',  ( -221.9750000000000227, 4.000000000000000000, 33.70000000000005969 ) ) ;
#1504 = EDGE_CURVE ( 'NONE', #8023, #3355, #2185, .T. ) ;
#1505 = ADVANCED_FACE ( 'NONE', ( #4773 ), #4316, .F. ) ;
#1506 = AXIS2_PLACEMENT_3D ( 'NONE', #8207, #676, #5115 ) ;
#1507 = CARTESIAN_POINT ( 'NONE',  ( 229.9750000000001080, 22.00000000000000000, -17.90000000000000213 ) ) ;
#1508 = EDGE_LOOP ( 'NONE', ( #6574, #2272, #951, #5353 ) ) ;
#1509 = CARTESIAN_POINT ( 'NONE',  ( 224.4749999999999659, 20.84529946162070502, -53.70000000000000284 ) ) ;
#1510 = ORIENTED_EDGE ( 'NONE', *, *, #4673, .T. ) ;
#1511 = EDGE_CURVE ( 'NONE', #1736, #3322, #6663, .T. ) ;
#1512 = ADVANCED_FACE ( 'NONE', ( #4858 ), #6870, .F. ) ;
#1513 = DIRECTION ( 'NONE',  ( -0.000000000000000000, 1.000000000000000000, -0.000000000000000000 ) ) ;
#1514 = DIRECTION ( 'NONE',  ( -0.000000000000000000, 1.000000000000000000, -0.000000000000000000 ) ) ;
#1515 = VERTEX_POINT ( 'NONE', #5417 ) ;
#1516 = DIRECTION ( 'NONE',  ( 1.000000000000000000, 0.000000000000000000, -1.202972179678357944E-16 ) ) ;
#1517 = ORIENTED_EDGE ( 'NONE', *, *, #4452, .F. ) ;
#1518 = CARTESIAN_POINT ( 'NONE',  ( 229.9750000000001080, 22.00000000000000000, -35.99999999999995026 ) ) ;
#1519 = ORIENTED_EDGE ( 'NONE', *, *, #4151, .T. ) ;
#1520 = DIRECTION ( 'NONE',  ( -0.000000000000000000, 1.000000000000000000, -0.000000000000000000 ) ) ;
#1521 = ADVANCED_FACE ( 'NONE', ( #7961 ), #7373, .F. ) ;
#1522 = DIRECTION ( 'NONE',  ( -0.000000000000000000, 1.000000000000000000, -0.000000000000000000 ) ) ;
#1523 = EDGE_CURVE ( 'NONE', #2196, #2309, #1639, .T. ) ;
#1524 = CONICAL_SURFACE ( 'NONE', #6339, 1.250000000000001110, 1.029744258676654090 ) ;
#1525 = DIRECTION ( 'NONE',  ( -0.000000000000000000, 1.000000000000000000, -0.000000000000000000 ) ) ;
#1526 = CARTESIAN_POINT ( 'NONE',  ( -215.3250000000000455, 13.49999999999999822, -17.89999999999995595 ) ) ;
#1527 = CARTESIAN_POINT ( 'NONE',  ( -4.474999999999979217, 22.00000000000000000, -1.250000000000020650 ) ) ;
#1528 = VERTEX_POINT ( 'NONE', #6708 ) ;
#1529 = DIRECTION ( 'NONE',  ( 0.000000000000000000, 0.000000000000000000, 1.000000000000000000 ) ) ;
#1530 = ORIENTED_EDGE ( 'NONE', *, *, #375, .T. ) ;
#1531 = CARTESIAN_POINT ( 'NONE',  ( 241.9749999999999659, 22.00000000000000000, 64.00000000000000000 ) ) ;
#1532 = ORIENTED_EDGE ( 'NONE', *, *, #4234, .F. ) ;
#1533 = LINE ( 'NONE', #2749, #6598 ) ;
#1534 = LINE ( 'NONE', #4082, #3190 ) ;
#1535 = EDGE_CURVE ( 'NONE', #7104, #7366, #2449, .T. ) ;
#1536 = DIRECTION ( 'NONE',  ( -0.000000000000000000, 1.000000000000000000, -0.000000000000000000 ) ) ;
#1537 = CARTESIAN_POINT ( 'NONE',  ( 191.1750000000000114, 22.00000000000000000, 0.000000000000000000 ) ) ;
#1538 = EDGE_LOOP ( 'NONE', ( #4637, #906, #7309, #7892 ) ) ;
#1539 = CARTESIAN_POINT ( 'NONE',  ( -236.9750000000000512, 4.000000000000000000, -53.69999999999994600 ) ) ;
#1540 = ORIENTED_EDGE ( 'NONE', *, *, #5714, .F. ) ;
#1541 = DIRECTION ( 'NONE',  ( 1.202972179678357944E-16, 0.000000000000000000, 1.000000000000000000 ) ) ;
#1542 = ORIENTED_EDGE ( 'NONE', *, *, #3327, .F. ) ;
#1543 = CYLINDRICAL_SURFACE ( 'NONE', #2921, 1.250000000000001110 ) ;
#1544 = EDGE_CURVE ( 'NONE', #1500, #8202, #7126, .T. ) ;
#1545 = EDGE_CURVE ( 'NONE', #2116, #4096, #5497, .T. ) ;
#1546 = LINE ( 'NONE', #3466, #4622 ) ;
#1547 = CIRCLE ( 'NONE', #1938, 1.250000000000001110 ) ;
#1548 = VERTEX_POINT ( 'NONE', #1679 ) ;
#1549 = EDGE_LOOP ( 'NONE', ( #6239, #778, #412, #3810 ) ) ;
#1550 = DIRECTION ( 'NONE',  ( 1.049727191138618449E-16, 0.5150380749100544886, -0.8571673007021121116 ) ) ;
#1551 = EDGE_LOOP ( 'NONE', ( #7631, #8226, #7999 ) ) ;
#1552 = CARTESIAN_POINT ( 'NONE',  ( 219.4749999999999943, 11.80598635831336374, 53.70000000000000284 ) ) ;
#1553 = B_SPLINE_CURVE_WITH_KNOTS ( 'NONE', 3,
 ( #4754, #5348, #2249, #1574, #7898, #821 ),
 .UNSPECIFIED., .F., .F.,
 ( 4, 2, 4 ),
 ( 0.000000000000000000, 0.001209013323010820016, 0.002418026646021640032 ),
 .UNSPECIFIED. ) ;
#1554 = DIRECTION ( 'NONE',  ( -0.000000000000000000, 1.000000000000000000, -0.000000000000000000 ) ) ;
#1555 = EDGE_CURVE ( 'NONE', #2508, #1442, #4233, .T. ) ;
#1556 = ORIENTED_EDGE ( 'NONE', *, *, #3763, .F. ) ;
#1557 = DIRECTION ( 'NONE',  ( 0.000000000000000000, 0.000000000000000000, 1.000000000000000000 ) ) ;
#1558 = ORIENTED_EDGE ( 'NONE', *, *, #1152, .T. ) ;
#1559 = CARTESIAN_POINT ( 'NONE',  ( -208.6750000000000682, -0.001999999999998530731, -17.89999999999995595 ) ) ;
#1560 = ORIENTED_EDGE ( 'NONE', *, *, #2425, .F. ) ;
#1561 = CARTESIAN_POINT ( 'NONE',  ( -203.6750000000000398, 22.00000000000000000, -30.79999999999997939 ) ) ;
#1562 = DIRECTION ( 'NONE',  ( 0.000000000000000000, 0.000000000000000000, -1.000000000000000000 ) ) ;
#1563 = AXIS2_PLACEMENT_3D ( 'NONE', #3544, #4879, #3668 ) ;
#1564 = DIRECTION ( 'NONE',  ( 1.049727191138618942E-16, 0.5150380749100536004, -0.8571673007021125557 ) ) ;
#1565 = DIRECTION ( 'NONE',  ( -0.000000000000000000, 1.000000000000000000, -0.000000000000000000 ) ) ;
#1566 = EDGE_CURVE ( 'NONE', #4104, #7685, #7652, .T. ) ;
#1567 = CYLINDRICAL_SURFACE ( 'NONE', #4410, 1.250000000000001110 ) ;
#1568 = ORIENTED_EDGE ( 'NONE', *, *, #943, .F. ) ;
#1569 = ADVANCED_FACE ( 'NONE', ( #3009 ), #5054, .F. ) ;
#1570 = DIRECTION ( 'NONE',  ( -0.000000000000000000, 1.000000000000000000, -0.000000000000000000 ) ) ;
#1571 = ORIENTED_EDGE ( 'NONE', *, *, #3927, .F. ) ;
#1572 = LINE ( 'NONE', #5298, #4935 ) ;
#1573 = DIRECTION ( 'NONE',  ( 0.000000000000000000, 0.000000000000000000, -1.000000000000000000 ) ) ;
#1574 = CARTESIAN_POINT ( 'NONE',  ( 219.4826780818599161, 11.40300076336498769, -53.70000000000000284 ) ) ;
#1575 = AXIS2_PLACEMENT_3D ( 'NONE', #4399, #5708, #3266 ) ;
#1576 = FACE_OUTER_BOUND ( 'NONE', #4771, .T. ) ;
#1577 = PRODUCT ( 'COLD-CARRIER-BASE_v002', 'COLD-CARRIER-BASE_v002', '', ( #1133 ) ) ;
#1578 = DIRECTION ( 'NONE',  ( 0.000000000000000000, 0.000000000000000000, -1.000000000000000000 ) ) ;
#1579 = ORIENTED_EDGE ( 'NONE', *, *, #2881, .F. ) ;
#1580 = DIRECTION ( 'NONE',  ( 0.000000000000000000, 0.000000000000000000, 1.000000000000000000 ) ) ;
#1581 = ORIENTED_EDGE ( 'NONE', *, *, #7579, .T. ) ;
#1582 = DIRECTION ( 'NONE',  ( 0.000000000000000000, -0.000000000000000000, 1.000000000000000000 ) ) ;
#1583 = ORIENTED_EDGE ( 'NONE', *, *, #517, .F. ) ;
#1584 = CARTESIAN_POINT ( 'NONE',  ( 3.024999999999999911, -1.402220585023716934E-15, -32.76566953025087514 ) ) ;
#1585 = CIRCLE ( 'NONE', #4915, 1.250000000000001110 ) ;
#1586 = DIRECTION ( 'NONE',  ( -1.000000000000000000, -0.000000000000000000, 0.000000000000000000 ) ) ;
#1587 = AXIS2_PLACEMENT_3D ( 'NONE', #6874, #3714, #8073 ) ;
#1588 = ORIENTED_EDGE ( 'NONE', *, *, #2873, .T. ) ;
#1589 = EDGE_LOOP ( 'NONE', ( #2422, #7614, #4769 ) ) ;
#1590 = VERTEX_POINT ( 'NONE', #6490 ) ;
#1591 = CIRCLE ( 'NONE', #6274, 1.250000000000001110 ) ;
#1592 = ADVANCED_FACE ( 'NONE', ( #7026 ), #5735, .F. ) ;
#1593 = DIRECTION ( 'NONE',  ( 0.000000000000000000, 0.000000000000000000, -1.000000000000000000 ) ) ;
#1594 = ADVANCED_FACE ( 'NONE', ( #5692 ), #2847, .F. ) ;
#1595 = CYLINDRICAL_SURFACE ( 'NONE', #3775, 5.000000000000000000 ) ;
#1596 = EDGE_LOOP ( 'NONE', ( #5173, #4808, #8075, #2077 ) ) ;
#1597 = DIRECTION ( 'NONE',  ( -0.000000000000000000, 1.000000000000000000, -0.000000000000000000 ) ) ;
#1598 = AXIS2_PLACEMENT_3D ( 'NONE', #5621, #6752, #1098 ) ;
#1599 = FACE_OUTER_BOUND ( 'NONE', #2119, .T. ) ;
#1600 = ORIENTED_EDGE ( 'NONE', *, *, #4212, .T. ) ;
#1601 = DIRECTION ( 'NONE',  ( 0.000000000000000000, 0.000000000000000000, 1.000000000000000000 ) ) ;
#1602 = ADVANCED_FACE ( 'NONE', ( #2505 ), #6730, .F. ) ;
#1603 = FACE_BOUND ( 'NONE', #1367, .T. ) ;
#1604 = EDGE_CURVE ( 'NONE', #333, #1476, #1288, .T. ) ;
#1605 = EDGE_CURVE ( 'NONE', #4350, #338, #1719, .T. ) ;
#1606 = AXIS2_PLACEMENT_3D ( 'NONE', #3532, #5426, #6853 ) ;
#1607 = CYLINDRICAL_SURFACE ( 'NONE', #416, 1.249999999999987121 ) ;
#1608 = CARTESIAN_POINT ( 'NONE',  ( 165.5250000000000341, 22.00000000000000000, -30.80000000000001492 ) ) ;
#1609 = FACE_OUTER_BOUND ( 'NONE', #7270, .T. ) ;
#1610 = EDGE_LOOP ( 'NONE', ( #4695, #4578, #209, #1241 ) ) ;
#1611 = DIRECTION ( 'NONE',  ( -0.000000000000000000, -1.000000000000000000, -0.000000000000000000 ) ) ;
#1612 = VERTEX_POINT ( 'NONE', #461 ) ;
#1613 = DIRECTION ( 'NONE',  ( -1.000000000000000000, 0.000000000000000000, 1.202972179678357944E-16 ) ) ;
#1614 = CARTESIAN_POINT ( 'NONE',  ( -216.9750000000000227, 22.00000000000000000, -36.69999999999983942 ) ) ;
#1615 = AXIS2_PLACEMENT_3D ( 'NONE', #6003, #845, #2688 ) ;
#1616 = DIRECTION ( 'NONE',  ( -0.000000000000000000, 1.000000000000000000, -0.000000000000000000 ) ) ;
#1617 = CIRCLE ( 'NONE', #4423, 2.776987756241696026 ) ;
#1618 = EDGE_CURVE ( 'NONE', #7957, #1919, #5252, .T. ) ;
#1619 = VECTOR ( 'NONE', #7551, 1000.000000000000000 ) ;
#1620 = CARTESIAN_POINT ( 'NONE',  ( 165.5250000000000341, 22.00000000000000000, -32.05000000000001847 ) ) ;
#1621 = LINE ( 'NONE', #362, #6375 ) ;
#1622 = ORIENTED_EDGE ( 'NONE', *, *, #6882, .T. ) ;
#1623 = LINE ( 'NONE', #6075, #3894 ) ;
#1624 = ORIENTED_EDGE ( 'NONE', *, *, #5443, .T. ) ;
#1625 = FACE_OUTER_BOUND ( 'NONE', #6588, .T. ) ;
#1626 = ORIENTED_EDGE ( 'NONE', *, *, #1448, .F. ) ;
#1627 = AXIS2_PLACEMENT_3D ( 'NONE', #5982, #5267, #6526 ) ;
#1628 = VECTOR ( 'NONE', #5145, 1000.000000000000000 ) ;
#1629 = CARTESIAN_POINT ( 'NONE',  ( -94.47500000000000853, 8.499999999999992895, -32.76566953025086804 ) ) ;
#1630 = ADVANCED_FACE ( 'NONE', ( #5099 ), #5140, .F. ) ;
#1631 = CONICAL_SURFACE ( 'NONE', #1361, 1.250000000000001110, 1.029744258676654090 ) ;
#1632 = VECTOR ( 'NONE', #6504, 1000.000000000000114 ) ;
#1633 = DIRECTION ( 'NONE',  ( -0.000000000000000000, 1.000000000000000000, -0.000000000000000000 ) ) ;
#1634 = EDGE_LOOP ( 'NONE', ( #7962, #2548, #3139, #6737 ) ) ;
#1635 = ORIENTED_EDGE ( 'NONE', *, *, #5117, .F. ) ;
#1636 = VERTEX_POINT ( 'NONE', #1450 ) ;
#1637 = AXIS2_PLACEMENT_3D ( 'NONE', #2861, #4701, #349 ) ;
#1638 = DIRECTION ( 'NONE',  ( 0.000000000000000000, 0.5150380749100544886, 0.8571673007021121116 ) ) ;
#1639 = LINE ( 'NONE', #4144, #6068 ) ;
#1640 = CIRCLE ( 'NONE', #6993, 1.250000000000001110 ) ;
#1641 = ADVANCED_FACE ( 'NONE', ( #4126 ), #3454, .F. ) ;
#1642 = VERTEX_POINT ( 'NONE', #6025 ) ;
#1643 = CONICAL_SURFACE ( 'NONE', #6326, 7.963026999999997635, 0.02993239667170256510 ) ;
#1644 = LINE ( 'NONE', #6751, #4581 ) ;
#1645 = CARTESIAN_POINT ( 'NONE',  ( -94.47500000000003695, -1.402220585023716934E-15, 27.58433046974915115 ) ) ;
#1646 = ORIENTED_EDGE ( 'NONE', *, *, #5416, .T. ) ;
#1647 = DIRECTION ( 'NONE',  ( 0.000000000000000000, 0.5150380749100544886, 0.8571673007021121116 ) ) ;
#1648 = CARTESIAN_POINT ( 'NONE',  ( 191.1750000000000114, 11.99999999999999822, 59.85000000000006537 ) ) ;
#1649 = AXIS2_PLACEMENT_3D ( 'NONE', #5601, #4971, #4379 ) ;
#1650 = CARTESIAN_POINT ( 'NONE',  ( -4.474999999999979217, 13.49999999999999822, -59.85000000000002274 ) ) ;
#1651 = CARTESIAN_POINT ( 'NONE',  ( 165.5250000000000909, 13.49999999999999822, 58.60000000000002274 ) ) ;
#1652 = CARTESIAN_POINT ( 'NONE',  ( 176.1750000000000398, 20.84529946162070502, 22.90000000000000213 ) ) ;
#1653 = VERTEX_POINT ( 'NONE', #7776 ) ;
#1654 = EDGE_CURVE ( 'NONE', #3155, #2816, #43, .T. ) ;
#1655 = CARTESIAN_POINT ( 'NONE',  ( 198.0250000000000057, 8.499999999999992895, -31.51566953025092133 ) ) ;
#1656 = ORIENTED_EDGE ( 'NONE', *, *, #5176, .F. ) ;
#1657 = LINE ( 'NONE', #6764, #3869 ) ;
#1658 = LINE ( 'NONE', #2289, #3781 ) ;
#1659 = CARTESIAN_POINT ( 'NONE',  ( 209.4750000000000227, 20.84529946162070502, 48.70000000000000995 ) ) ;
#1660 = DIRECTION ( 'NONE',  ( -0.000000000000000000, 1.000000000000000000, -0.000000000000000000 ) ) ;
#1661 = CARTESIAN_POINT ( 'NONE',  ( 198.0249999999999773, 8.499999999999992895, 28.83433046974910141 ) ) ;
#1662 = EDGE_LOOP ( 'NONE', ( #671, #4770, #5001 ) ) ;
#1663 = ADVANCED_FACE ( 'NONE', ( #2176 ), #5928, .F. ) ;
#1664 = FACE_OUTER_BOUND ( 'NONE', #4738, .T. ) ;
#1665 = ORIENTED_EDGE ( 'NONE', *, *, #5448, .T. ) ;
#1666 = DIRECTION ( 'NONE',  ( 0.000000000000000000, 0.000000000000000000, 1.000000000000000000 ) ) ;
#1667 = ORIENTED_EDGE ( 'NONE', *, *, #7538, .F. ) ;
#1668 = CIRCLE ( 'NONE', #1921, 7.000000000000117240 ) ;
#1669 = CARTESIAN_POINT ( 'NONE',  ( 219.4749999999999659, 13.49999999999999822, -58.60000000000002984 ) ) ;
#1670 =( BOUNDED_SURFACE ( )  B_SPLINE_SURFACE ( 3, 2, ( 
 ( #6287, #5746, #718 ),
 ( #1300, #5, #3264 ),
 ( #2557, #3137, #5112 ),
 ( #2637, #5027, #1840 ),
 ( #4478, #5065, #6370 ),
 ( #3221, #5828, #5191 ),
 ( #6919, #7745, #1216 ),
 ( #3853, #8204, #4395 ),
 ( #7623, #5789, #4356 ),
 ( #53, #5153, #7704 ) ),
 .UNSPECIFIED., .F., .F., .F. ) 
 B_SPLINE_SURFACE_WITH_KNOTS ( ( 4, 2, 2, 2, 4 ),
 ( 3, 3 ),
 ( 0.008884793940934387901, 0.009487038341015129050, 0.01008928274109587020, 0.01069152714117661135, 0.01129377154125735250 ),
 ( 0.000000000000000000, 1.000000000000000000 ),
 .UNSPECIFIED. ) 
 GEOMETRIC_REPRESENTATION_ITEM ( )  RATIONAL_B_SPLINE_SURFACE ( (
 ( 1.000000000000000000, 0.7071067811865450192, 1.000000000000000000),
 ( 1.000000000000000000, 0.7126890574133186718, 1.000000000000000000),
 ( 1.000000000000000000, 0.7176060282613363484, 1.000000000000000000),
 ( 1.000000000000000000, 0.7244987396590540918, 1.000000000000000000),
 ( 1.000000000000000000, 0.7264275214536058956, 1.000000000000000000),
 ( 1.000000000000000000, 0.7264300416891217305, 1.000000000000000000),
 ( 1.000000000000000000, 0.7245033504512491396, 1.000000000000000000),
 ( 1.000000000000000000, 0.7176102850520905685, 1.000000000000000000),
 ( 1.000000000000000000, 0.7126924247123869183, 1.000000000000000000),
 ( 1.000000000000000000, 0.7071067811865450192, 1.000000000000000000) ) ) 
 REPRESENTATION_ITEM ( '' )  SURFACE ( )  );
#1671 = CYLINDRICAL_SURFACE ( 'NONE', #122, 1.250000000000001110 ) ;
#1672 = DIRECTION ( 'NONE',  ( 0.000000000000000000, 0.000000000000000000, 1.000000000000000000 ) ) ;
#1673 = ORIENTED_EDGE ( 'NONE', *, *, #8238, .T. ) ;
#1674 = EDGE_CURVE ( 'NONE', #107, #2020, #288, .T. ) ;
#1675 = ORIENTED_EDGE ( 'NONE', *, *, #2132, .F. ) ;
#1676 = ORIENTED_EDGE ( 'NONE', *, *, #4713, .T. ) ;
#1677 = DIRECTION ( 'NONE',  ( 0.000000000000000000, 0.000000000000000000, 1.000000000000000000 ) ) ;
#1678 = VECTOR ( 'NONE', #4829, 1000.000000000000000 ) ;
#1679 = CARTESIAN_POINT ( 'NONE',  ( 219.4749999999999659, 12.20899172797666488, -38.70000000000000284 ) ) ;
#1680 = VERTEX_POINT ( 'NONE', #3332 ) ;
#1681 = DIRECTION ( 'NONE',  ( -0.000000000000000000, 0.000000000000000000, -1.000000000000000000 ) ) ;
#1682 = LINE ( 'NONE', #4238, #6299 ) ;
#1683 = ORIENTED_EDGE ( 'NONE', *, *, #6840, .F. ) ;
#1684 = LINE ( 'NONE', #4195, #4582 ) ;
#1685 = CIRCLE ( 'NONE', #1286, 2.776987756241654282 ) ;
#1686 = DIRECTION ( 'NONE',  ( -0.000000000000000000, 1.000000000000000000, -0.000000000000000000 ) ) ;
#1687 = DIRECTION ( 'NONE',  ( 0.000000000000000000, 0.000000000000000000, 1.000000000000000000 ) ) ;
#1688 = DIRECTION ( 'NONE',  ( 0.000000000000000000, 0.000000000000000000, 1.000000000000000000 ) ) ;
#1689 = DIRECTION ( 'NONE',  ( 0.000000000000000000, 0.000000000000000000, 1.000000000000000000 ) ) ;
#1690 = ORIENTED_EDGE ( 'NONE', *, *, #7803, .T. ) ;
#1691 = DIRECTION ( 'NONE',  ( -0.000000000000000000, -1.000000000000000000, -0.000000000000000000 ) ) ;
#1692 = EDGE_LOOP ( 'NONE', ( #1755, #2336 ) ) ;
#1693 = CARTESIAN_POINT ( 'NONE',  ( -216.9750000000000227, 22.00000000000000000, -36.69999999999983942 ) ) ;
#1694 = AXIS2_PLACEMENT_3D ( 'NONE', #3030, #6811, #1118 ) ;
#1695 = CARTESIAN_POINT ( 'NONE',  ( 224.3296974072249554, 10.14226098443396218, -38.69999999999929940 ) ) ;
#1696 = EDGE_CURVE ( 'NONE', #6655, #7577, #6996, .T. ) ;
#1697 = VECTOR ( 'NONE', #8009, 1000.000000000000000 ) ;
#1698 = EDGE_CURVE ( 'NONE', #3426, #5309, #8058, .T. ) ;
#1699 = CARTESIAN_POINT ( 'NONE',  ( 229.9750000000001080, 22.00000000000000000, -35.99999999999995026 ) ) ;
#1700 = CARTESIAN_POINT ( 'NONE',  ( 219.4749999999999659, 4.000000000000000000, -17.90000000000000213 ) ) ;
#1701 = VERTEX_POINT ( 'NONE', #865 ) ;
#1702 = CARTESIAN_POINT ( 'NONE',  ( -94.47500000000000853, 8.499999999999992895, -34.01566953025085382 ) ) ;
#1703 = EDGE_LOOP ( 'NONE', ( #2638, #3663 ) ) ;
#1704 = DIRECTION ( 'NONE',  ( -0.000000000000000000, 1.000000000000000000, -0.000000000000000000 ) ) ;
#1705 = ORIENTED_EDGE ( 'NONE', *, *, #3191, .T. ) ;
#1706 = CARTESIAN_POINT ( 'NONE',  ( 209.4750000000000227, 4.000000000000000000, 53.70000000000000284 ) ) ;
#1707 = VECTOR ( 'NONE', #7383, 1000.000000000000000 ) ;
#1708 = DIRECTION ( 'NONE',  ( 0.000000000000000000, 0.000000000000000000, -1.000000000000000000 ) ) ;
#1709 = EDGE_CURVE ( 'NONE', #6742, #5248, #5941, .T. ) ;
#1710 = LINE ( 'NONE', #4928, #6805 ) ;
#1711 = CIRCLE ( 'NONE', #5864, 7.000000000000110134 ) ;
#1712 = DIRECTION ( 'NONE',  ( 1.049727191138618449E-16, 0.5150380749100544886, -0.8571673007021121116 ) ) ;
#1713 = EDGE_LOOP ( 'NONE', ( #4030, #6029, #239 ) ) ;
#1714 = ORIENTED_EDGE ( 'NONE', *, *, #5581, .F. ) ;
#1715 = VECTOR ( 'NONE', #639, 1000.000000000000000 ) ;
#1716 = ORIENTED_EDGE ( 'NONE', *, *, #5122, .F. ) ;
#1717 = CIRCLE ( 'NONE', #1175, 7.000000000000117240 ) ;
#1718 = CARTESIAN_POINT ( 'NONE',  ( -203.6750000000000398, -0.001999999999998530731, -17.89999999999995595 ) ) ;
#1719 = LINE ( 'NONE', #7691, #7791 ) ;
#1720 = ORIENTED_EDGE ( 'NONE', *, *, #829, .T. ) ;
#1721 = LINE ( 'NONE', #5536, #2736 ) ;
#1722 = VECTOR ( 'NONE', #2838, 1000.000000000000000 ) ;
#1723 = CARTESIAN_POINT ( 'NONE',  ( -4.474999999999979217, 12.74892422621554644, -59.85000000000002274 ) ) ;
#1724 = ORIENTED_EDGE ( 'NONE', *, *, #295, .F. ) ;
#1725 = CYLINDRICAL_SURFACE ( 'NONE', #2314, 1.250000000000001110 ) ;
#1726 = AXIS2_PLACEMENT_3D ( 'NONE', #5051, #77, #2042 ) ;
#1727 = CARTESIAN_POINT ( 'NONE',  ( 224.4749999999999943, 4.000000000000000000, 38.70000000000000284 ) ) ;
#1728 = AXIS2_PLACEMENT_3D ( 'NONE', #149, #6514, #2072 ) ;
#1729 = EDGE_CURVE ( 'NONE', #1444, #7067, #825, .T. ) ;
#1730 = AXIS2_PLACEMENT_3D ( 'NONE', #858, #5974, #5342 ) ;
#1731 = CARTESIAN_POINT ( 'NONE',  ( 244.4749999999999659, 10.99999999999998757, 46.20000000000000284 ) ) ;
#1732 = CARTESIAN_POINT ( 'NONE',  ( 229.9750000000001080, 13.49999999999999822, -17.90000000000000213 ) ) ;
#1733 = DIRECTION ( 'NONE',  ( -0.000000000000000000, 1.000000000000000000, -0.000000000000000000 ) ) ;
#1734 = EDGE_LOOP ( 'NONE', ( #7295, #742, #7181, #3935 ) ) ;
#1735 = PLANE ( 'NONE',  #6035 ) ;
#1736 = VERTEX_POINT ( 'NONE', #5222 ) ;
#1737 = CYLINDRICAL_SURFACE ( 'NONE', #1373, 1.249999999999987121 ) ;
#1738 = AXIS2_PLACEMENT_3D ( 'NONE', #2205, #4587, #7267 ) ;
#1739 = CARTESIAN_POINT ( 'NONE',  ( 198.1750000000001251, 22.00000000000000000, 12.90000000000000213 ) ) ;
#1740 = CONICAL_SURFACE ( 'NONE', #1337, 1.649999999999984812, 1.029744258676650093 ) ;
#1741 = CARTESIAN_POINT ( 'NONE',  ( 219.4749999999999659, 13.49999999999999822, -29.54999999999999716 ) ) ;
#1742 = CIRCLE ( 'NONE', #5082, 1.649999999999984812 ) ;
#1743 = PLANE ( 'NONE',  #230 ) ;
#1744 = EDGE_LOOP ( 'NONE', ( #5028, #5646, #2243, #1749 ) ) ;
#1745 = DIRECTION ( 'NONE',  ( -0.000000000000000000, 1.000000000000000000, -0.000000000000000000 ) ) ;
#1746 = ORIENTED_EDGE ( 'NONE', *, *, #3430, .F. ) ;
#1747 = CARTESIAN_POINT ( 'NONE',  ( 181.1750000000000398, 4.000000000000000000, 33.70000000000001705 ) ) ;
#1748 = EDGE_CURVE ( 'NONE', #2164, #4883, #7856, .T. ) ;
#1749 = ORIENTED_EDGE ( 'NONE', *, *, #252, .F. ) ;
#1750 = DIRECTION ( 'NONE',  ( 1.000000000000000000, 0.000000000000000000, 0.000000000000000000 ) ) ;
#1751 = DIRECTION ( 'NONE',  ( 0.000000000000000000, 0.000000000000000000, -1.000000000000000000 ) ) ;
#1752 = AXIS2_PLACEMENT_3D ( 'NONE', #2569, #5673, #3272 ) ;
#1753 = DIRECTION ( 'NONE',  ( 0.000000000000000000, 0.000000000000000000, 1.000000000000000000 ) ) ;
#1754 = CARTESIAN_POINT ( 'NONE',  ( -215.3250000000000455, 13.49999999999999822, -16.64999999999995595 ) ) ;
#1755 = ORIENTED_EDGE ( 'NONE', *, *, #1759, .F. ) ;
#1756 = VECTOR ( 'NONE', #2771, 1000.000000000000000 ) ;
#1757 = CIRCLE ( 'NONE', #5508, 2.500000000000002220 ) ;
#1758 = ORIENTED_EDGE ( 'NONE', *, *, #5398, .F. ) ;
#1759 = EDGE_CURVE ( 'NONE', #6961, #7549, #3297, .T. ) ;
#1760 = EDGE_CURVE ( 'NONE', #5547, #6734, #7946, .T. ) ;
#1761 = VERTEX_POINT ( 'NONE', #2213 ) ;
#1762 = CARTESIAN_POINT ( 'NONE',  ( 244.4749999999999659, 0.000000000000000000, 64.00000000000000000 ) ) ;
#1763 = CONICAL_SURFACE ( 'NONE', #7115, 1.250000000000001110, 1.029744258676655200 ) ;
#1764 = EDGE_LOOP ( 'NONE', ( #5366, #6363, #923 ) ) ;
#1765 = CARTESIAN_POINT ( 'NONE',  ( 224.4749999999999659, 4.000000000000000000, -22.90000000000000213 ) ) ;
#1766 = CYLINDRICAL_SURFACE ( 'NONE', #1998, 1.250000000000001110 ) ;
#1767 = ADVANCED_FACE ( 'NONE', ( #3376 ), #6688, .F. ) ;
#1768 = ORIENTED_EDGE ( 'NONE', *, *, #6236, .F. ) ;
#1769 = VECTOR ( 'NONE', #7562, 1000.000000000000000 ) ;
#1770 = EDGE_CURVE ( 'NONE', #4041, #7464, #1958, .T. ) ;
#1771 = DIRECTION ( 'NONE',  ( -0.000000000000000000, 1.000000000000000000, -0.000000000000000000 ) ) ;
#1772 = CARTESIAN_POINT ( 'NONE',  ( -219.9749999999999091, 22.00000000000000000, 33.70000000000005969 ) ) ;
#1773 = CIRCLE ( 'NONE', #39, 1.649999999999984812 ) ;
#1774 = CARTESIAN_POINT ( 'NONE',  ( -4.474999999999923261, 22.00000000000000000, 58.60000000000004405 ) ) ;
#1775 = DIRECTION ( 'NONE',  ( 0.000000000000000000, 0.000000000000000000, 1.000000000000000000 ) ) ;
#1776 = DIRECTION ( 'NONE',  ( 0.000000000000000000, 0.000000000000000000, 1.000000000000000000 ) ) ;
#1777 = EDGE_LOOP ( 'NONE', ( #3351, #373 ) ) ;
#1778 = CARTESIAN_POINT ( 'NONE',  ( -203.6750000000000398, 22.00000000000000000, -30.79999999999997939 ) ) ;
#1779 = ORIENTED_EDGE ( 'NONE', *, *, #4051, .T. ) ;
#1780 = EDGE_CURVE ( 'NONE', #2570, #1942, #6916, .T. ) ;
#1781 = DIRECTION ( 'NONE',  ( 0.000000000000000000, 0.000000000000000000, 1.000000000000000000 ) ) ;
#1782 = AXIS2_PLACEMENT_3D ( 'NONE', #820, #8266, #3537 ) ;
#1783 = CARTESIAN_POINT ( 'NONE',  ( 219.4749999999999659, 9.791008272023312031, -38.70000000000000284 ) ) ;
#1784 = DIRECTION ( 'NONE',  ( -0.000000000000000000, 1.000000000000000000, -0.000000000000000000 ) ) ;
#1785 = CARTESIAN_POINT ( 'NONE',  ( 204.4750000000000227, 22.00000000000000000, -5.899999999999888445 ) ) ;
#1786 = AXIS2_PLACEMENT_3D ( 'NONE', #7522, #441, #4334 ) ;
#1787 = CARTESIAN_POINT ( 'NONE',  ( -203.6750000000000398, 22.00000000000000000, 24.90000000000016200 ) ) ;
#1788 = VERTEX_POINT ( 'NONE', #7238 ) ;
#1789 = AXIS2_PLACEMENT_3D ( 'NONE', #191, #2779, #3361 ) ;
#1790 = DIRECTION ( 'NONE',  ( 0.000000000000000000, -0.4999999999999926170, 0.8660254037844428154 ) ) ;
#1791 = ORIENTED_EDGE ( 'NONE', *, *, #193, .T. ) ;
#1792 = DIRECTION ( 'NONE',  ( 0.000000000000000000, 0.000000000000000000, 1.000000000000000000 ) ) ;
#1793 = ORIENTED_EDGE ( 'NONE', *, *, #5242, .F. ) ;
#1794 = FACE_OUTER_BOUND ( 'NONE', #7878, .T. ) ;
#1795 = CARTESIAN_POINT ( 'NONE',  ( -215.3250000000000455, 12.74892422621554822, 17.90000000000004832 ) ) ;
#1796 = EDGE_CURVE ( 'NONE', #3641, #4026, #2239, .T. ) ;
#1797 = DIRECTION ( 'NONE',  ( 0.000000000000000000, 0.000000000000000000, -1.000000000000000000 ) ) ;
#1798 = CARTESIAN_POINT ( 'NONE',  ( 181.1750000000000398, 4.000000000000000000, 38.70000000000000284 ) ) ;
#1799 = ORIENTED_EDGE ( 'NONE', *, *, #7328, .T. ) ;
#1800 = ORIENTED_EDGE ( 'NONE', *, *, #6180, .T. ) ;
#1801 = DIRECTION ( 'NONE',  ( -0.000000000000000000, 1.000000000000000000, -0.000000000000000000 ) ) ;
#1802 = EDGE_CURVE ( 'NONE', #2702, #636, #5174, .T. ) ;
#1803 = EDGE_CURVE ( 'NONE', #6500, #4731, #1416, .T. ) ;
#1804 = ORIENTED_EDGE ( 'NONE', *, *, #8080, .T. ) ;
#1805 = LINE ( 'NONE', #7703, #565 ) ;
#1806 = CARTESIAN_POINT ( 'NONE',  ( 181.1750000000000398, 4.000000000000000000, 27.90000000000000213 ) ) ;
#1807 = ORIENTED_EDGE ( 'NONE', *, *, #8215, .F. ) ;
#1808 = DIRECTION ( 'NONE',  ( 0.000000000000000000, 0.000000000000000000, -1.000000000000000000 ) ) ;
#1809 = FACE_OUTER_BOUND ( 'NONE', #7010, .T. ) ;
#1810 = ADVANCED_FACE ( 'NONE', ( #5477 ), #446, .F. ) ;
#1811 = CARTESIAN_POINT ( 'NONE',  ( 239.4749999999999943, 10.49999999999999822, 59.00000000000000711 ) ) ;
#1812 = CARTESIAN_POINT ( 'NONE',  ( 229.9750000000001080, 22.00000000000000000, -17.90000000000000213 ) ) ;
#1813 = CARTESIAN_POINT ( 'NONE',  ( 229.9750000000001080, 13.49999999999999822, -17.90000000000000213 ) ) ;
#1814 = VERTEX_POINT ( 'NONE', #2951 ) ;
#1815 = DIRECTION ( 'NONE',  ( 1.000000000000000000, 0.000000000000000000, -0.000000000000000000 ) ) ;
#1816 = EDGE_LOOP ( 'NONE', ( #4194, #1646, #440 ) ) ;
#1817 = AXIS2_PLACEMENT_3D ( 'NONE', #336, #4184, #1672 ) ;
#1818 = CARTESIAN_POINT ( 'NONE',  ( -203.6750000000000398, 13.49999999999999822, 30.80000000000005755 ) ) ;
#1819 = DIRECTION ( 'NONE',  ( 0.000000000000000000, -1.000000000000000000, 0.000000000000000000 ) ) ;
#1820 = EDGE_CURVE ( 'NONE', #97, #338, #7842, .T. ) ;
#1821 = FACE_OUTER_BOUND ( 'NONE', #5113, .T. ) ;
#1822 = ADVANCED_FACE ( 'NONE', ( #4964 ), #4917, .F. ) ;
#1823 = FACE_OUTER_BOUND ( 'NONE', #3820, .T. ) ;
#1824 = DIRECTION ( 'NONE',  ( -0.000000000000000000, 1.000000000000000000, -0.000000000000000000 ) ) ;
#1825 = VERTEX_POINT ( 'NONE', #3627 ) ;
#1826 = DIRECTION ( 'NONE',  ( -0.000000000000000000, 1.000000000000000000, -0.000000000000000000 ) ) ;
#1827 = ORIENTED_EDGE ( 'NONE', *, *, #5572, .F. ) ;
#1828 = DIRECTION ( 'NONE',  ( 0.000000000000000000, 0.5150380749100536004, 0.8571673007021125557 ) ) ;
#1829 = ORIENTED_EDGE ( 'NONE', *, *, #7206, .F. ) ;
#1830 = CARTESIAN_POINT ( 'NONE',  ( -174.4749999999999375, 13.49999999999999822, 59.85000000000006537 ) ) ;
#1831 = CARTESIAN_POINT ( 'NONE',  ( 165.5250000000000909, 13.49999999999999822, 59.85000000000002274 ) ) ;
#1832 = VECTOR ( 'NONE', #2373, 1000.000000000000000 ) ;
#1833 = DIRECTION ( 'NONE',  ( 0.4999999999999926725, 0.8660254037844429265, 0.000000000000000000 ) ) ;
#1834 = DIRECTION ( 'NONE',  ( 1.049727191138615984E-16, 0.5150380749100580413, -0.8571673007021101132 ) ) ;
#1835 = ORIENTED_EDGE ( 'NONE', *, *, #6564, .F. ) ;
#1836 = ORIENTED_EDGE ( 'NONE', *, *, #4519, .F. ) ;
#1837 = VECTOR ( 'NONE', #5580, 1000.000000000000000 ) ;
#1838 = EDGE_LOOP ( 'NONE', ( #8052, #2558, #985, #2476 ) ) ;
#1839 = DIRECTION ( 'NONE',  ( -0.000000000000000000, -1.000000000000000000, -0.000000000000000000 ) ) ;
#1840 = CARTESIAN_POINT ( 'NONE',  ( 219.4811430000774237, 10.59681829144347809, 53.70000000000000995 ) ) ;
#1841 = EDGE_LOOP ( 'NONE', ( #4116, #8251, #5986 ) ) ;
#1842 = EDGE_CURVE ( 'NONE', #3562, #1409, #1621, .T. ) ;
#1843 = DIRECTION ( 'NONE',  ( 0.000000000000000000, 0.000000000000000000, 1.000000000000000000 ) ) ;
#1844 = ADVANCED_FACE ( 'NONE', ( #4254 ), #482, .T. ) ;
#1845 = CYLINDRICAL_SURFACE ( 'NONE', #1575, 1.250000000000001110 ) ;
#1846 = AXIS2_PLACEMENT_3D ( 'NONE', #3401, #3484, #3315 ) ;
#1847 = DIRECTION ( 'NONE',  ( -3.989863994746653162E-15, 1.000000000000000000, -0.000000000000000000 ) ) ;
#1848 = LINE ( 'NONE', #6254, #4682 ) ;
#1849 = VERTEX_POINT ( 'NONE', #7481 ) ;
#1850 = DIRECTION ( 'NONE',  ( 0.000000000000000000, 0.000000000000000000, 1.000000000000000000 ) ) ;
#1851 = VECTOR ( 'NONE', #6237, 1000.000000000000000 ) ;
#1852 = ORIENTED_EDGE ( 'NONE', *, *, #67, .F. ) ;
#1853 = EDGE_CURVE ( 'NONE', #3171, #1278, #7527, .T. ) ;
#1854 = DIRECTION ( 'NONE',  ( -0.000000000000000000, 1.000000000000000000, -0.000000000000000000 ) ) ;
#1855 = EDGE_CURVE ( 'NONE', #1254, #3436, #2911, .T. ) ;
#1856 = EDGE_CURVE ( 'NONE', #6352, #6471, #2992, .T. ) ;
#1857 = CYLINDRICAL_SURFACE ( 'NONE', #7334, 1.250000000000001110 ) ;
#1858 = CONICAL_SURFACE ( 'NONE', #8135, 1.250000000000001110, 1.029744258676654090 ) ;
#1859 = SURFACE_SIDE_STYLE ('',( #2574 ) ) ;
#1860 = DIRECTION ( 'NONE',  ( -0.000000000000000000, 1.000000000000000000, -0.000000000000000000 ) ) ;
#1861 = CYLINDRICAL_SURFACE ( 'NONE', #4939, 1.250000000000001110 ) ;
#1862 = ORIENTED_EDGE ( 'NONE', *, *, #3205, .T. ) ;
#1863 = CARTESIAN_POINT ( 'NONE',  ( 165.5250000000000341, 13.49999999999999822, -32.05000000000001847 ) ) ;
#1864 = EDGE_LOOP ( 'NONE', ( #5906, #1122, #750, #6548 ) ) ;
#1865 = DIRECTION ( 'NONE',  ( 0.000000000000000000, 0.000000000000000000, 1.000000000000000000 ) ) ;
#1866 = EDGE_LOOP ( 'NONE', ( #7035, #4246, #5835 ) ) ;
#1867 = AXIS2_PLACEMENT_3D ( 'NONE', #4871, #2982, #5546 ) ;
#1868 = FACE_OUTER_BOUND ( 'NONE', #6240, .T. ) ;
#1869 = ADVANCED_FACE ( 'NONE', ( #7981 ), #1743, .T. ) ;
#1870 = EDGE_CURVE ( 'NONE', #5514, #7528, #2632, .T. ) ;
#1871 = DIRECTION ( 'NONE',  ( 0.000000000000000000, 0.000000000000000000, 1.000000000000000000 ) ) ;
#1872 = AXIS2_PLACEMENT_3D ( 'NONE', #2902, #4115, #4245 ) ;
#1873 = CIRCLE ( 'NONE', #3613, 1.250000000000001110 ) ;
#1874 = PLANE ( 'NONE',  #3490 ) ;
#1875 = DIRECTION ( 'NONE',  ( -0.000000000000000000, 1.000000000000000000, -0.000000000000000000 ) ) ;
#1876 = ORIENTED_EDGE ( 'NONE', *, *, #3764, .F. ) ;
#1877 = CARTESIAN_POINT ( 'NONE',  ( -224.4749999999999943, 13.49999999999999822, -59.85000000000000142 ) ) ;
#1878 = ORIENTED_EDGE ( 'NONE', *, *, #727, .T. ) ;
#1879 = ORIENTED_EDGE ( 'NONE', *, *, #5907, .F. ) ;
#1880 = ADVANCED_FACE ( 'NONE', ( #4297 ), #8138, .F. ) ;
#1881 = DIRECTION ( 'NONE',  ( -0.000000000000000000, 1.000000000000000000, -0.000000000000000000 ) ) ;
#1882 = CIRCLE ( 'NONE', #5903, 1.250000000000001110 ) ;
#1883 = VERTEX_POINT ( 'NONE', #328 ) ;
#1884 = DIRECTION ( 'NONE',  ( 0.000000000000000000, -1.000000000000000000, 0.000000000000000000 ) ) ;
#1885 = CYLINDRICAL_SURFACE ( 'NONE', #7495, 1.250000000000001110 ) ;
#1886 = ORIENTED_EDGE ( 'NONE', *, *, #7968, .F. ) ;
#1887 = FACE_OUTER_BOUND ( 'NONE', #1032, .T. ) ;
#1888 = AXIS2_PLACEMENT_3D ( 'NONE', #4799, #6648, #3418 ) ;
#1889 = AXIS2_PLACEMENT_3D ( 'NONE', #521, #8136, #7052 ) ;
#1890 = DIRECTION ( 'NONE',  ( 0.000000000000000000, 0.000000000000000000, 1.000000000000000000 ) ) ;
#1891 = ADVANCED_FACE ( 'NONE', ( #4796 ), #2875, .F. ) ;
#1892 = CARTESIAN_POINT ( 'NONE',  ( 100.5249999999999488, 0.000000000000000000, 30.08433046974910141 ) ) ;
#1893 = DIRECTION ( 'NONE',  ( 0.000000000000000000, 0.000000000000000000, 1.000000000000000000 ) ) ;
#1894 = ORIENTED_EDGE ( 'NONE', *, *, #7793, .F. ) ;
#1895 = FACE_OUTER_BOUND ( 'NONE', #7193, .T. ) ;
#1896 = EDGE_CURVE ( 'NONE', #7975, #3300, #7400, .T. ) ;
#1897 = VERTEX_POINT ( 'NONE', #6107 ) ;
#1898 = FACE_OUTER_BOUND ( 'NONE', #5787, .T. ) ;
#1899 = DIRECTION ( 'NONE',  ( -0.000000000000000000, 1.000000000000000000, -0.000000000000000000 ) ) ;
#1900 = DIRECTION ( 'NONE',  ( 0.000000000000000000, 0.000000000000000000, 1.000000000000000000 ) ) ;
#1901 = EDGE_CURVE ( 'NONE', #6606, #3345, #4235, .T. ) ;
#1902 = DIRECTION ( 'NONE',  ( -0.000000000000000000, 1.000000000000000000, -0.000000000000000000 ) ) ;
#1903 = LINE ( 'NONE', #3873, #7884 ) ;
#1904 = ORIENTED_EDGE ( 'NONE', *, *, #2720, .T. ) ;
#1905 = CARTESIAN_POINT ( 'NONE',  ( -174.4749999999999375, 22.00000000000000000, 59.85000000000006537 ) ) ;
#1906 = ORIENTED_EDGE ( 'NONE', *, *, #5955, .F. ) ;
#1907 = CARTESIAN_POINT ( 'NONE',  ( 209.4750000000000227, 4.000000000000000000, -7.899999999999952394 ) ) ;
#1908 = ORIENTED_EDGE ( 'NONE', *, *, #8147, .T. ) ;
#1909 = VECTOR ( 'NONE', #33, 1000.000000000000114 ) ;
#1910 = DIRECTION ( 'NONE',  ( -0.000000000000000000, 1.000000000000000000, -0.000000000000000000 ) ) ;
#1911 = LINE ( 'NONE', #1327, #259 ) ;
#1912 = CIRCLE ( 'NONE', #6185, 1.249999999999987121 ) ;
#1913 = EDGE_CURVE ( 'NONE', #697, #4255, #7315, .T. ) ;
#1914 = FACE_OUTER_BOUND ( 'NONE', #7819, .T. ) ;
#1915 = CARTESIAN_POINT ( 'NONE',  ( 216.9749999999999943, 22.00000000000000000, 59.85000000000006537 ) ) ;
#1916 = ORIENTED_EDGE ( 'NONE', *, *, #2060, .F. ) ;
#1917 = DIRECTION ( 'NONE',  ( -0.000000000000000000, 1.000000000000000000, -0.000000000000000000 ) ) ;
#1918 = ORIENTED_EDGE ( 'NONE', *, *, #3968, .F. ) ;
#1919 = VERTEX_POINT ( 'NONE', #6436 ) ;
#1920 = CARTESIAN_POINT ( 'NONE',  ( -224.4749999999999943, 13.49999999999999822, 59.85000000000006537 ) ) ;
#1921 = AXIS2_PLACEMENT_3D ( 'NONE', #5827, #2636, #7121 ) ;
#1922 = EDGE_CURVE ( 'NONE', #3185, #8081, #6521, .T. ) ;
#1923 = ORIENTED_EDGE ( 'NONE', *, *, #6487, .T. ) ;
#1924 = DIRECTION ( 'NONE',  ( -0.000000000000000000, 1.000000000000000000, 0.000000000000000000 ) ) ;
#1925 = LINE ( 'NONE', #1173, #1070 ) ;
#1926 = ORIENTED_EDGE ( 'NONE', *, *, #5863, .F. ) ;
#1927 = DIRECTION ( 'NONE',  ( -0.000000000000000000, 1.000000000000000000, -0.000000000000000000 ) ) ;
#1928 = VECTOR ( 'NONE', #8041, 1000.000000000000000 ) ;
#1929 = LINE ( 'NONE', #6336, #3843 ) ;
#1930 = CARTESIAN_POINT ( 'NONE',  ( 3.024999999999999911, 8.499999999999992895, -31.51566953025088935 ) ) ;
#1931 = LINE ( 'NONE', #6928, #7501 ) ;
#1932 = VERTEX_POINT ( 'NONE', #2576 ) ;
#1933 = DIRECTION ( 'NONE',  ( 0.000000000000000000, 1.000000000000000000, -0.000000000000000000 ) ) ;
#1934 = ORIENTED_EDGE ( 'NONE', *, *, #6058, .T. ) ;
#1935 = LINE ( 'NONE', #6971, #1499 ) ;
#1936 = PLANE ( 'NONE',  #6536 ) ;
#1937 = CYLINDRICAL_SURFACE ( 'NONE', #4170, 1.250000000000001110 ) ;
#1938 = AXIS2_PLACEMENT_3D ( 'NONE', #7147, #5849, #5092 ) ;
#1940 = CARTESIAN_POINT ( 'NONE',  ( -231.9750000000000227, 4.000000000000000000, 48.70000000000005969 ) ) ;
#1939 = CONICAL_SURFACE ( 'NONE', #6765, 7.963026999999997635, 0.02993239667170256510 ) ;
#1941 = LINE ( 'NONE', #5168, #4006 ) ;
#1942 = VERTEX_POINT ( 'NONE', #8221 ) ;
#1943 = DIRECTION ( 'NONE',  ( 1.049727191138618449E-16, 0.5150380749100544886, -0.8571673007021121116 ) ) ;
#1944 = ORIENTED_EDGE ( 'NONE', *, *, #5652, .F. ) ;
#1945 = FACE_OUTER_BOUND ( 'NONE', #7188, .T. ) ;
#1946 = ORIENTED_EDGE ( 'NONE', *, *, #3607, .F. ) ;
#1947 = DIRECTION ( 'NONE',  ( 0.000000000000000000, 0.000000000000000000, -1.000000000000000000 ) ) ;
#1948 = EDGE_CURVE ( 'NONE', #4527, #675, #1235, .T. ) ;
#1949 = CYLINDRICAL_SURFACE ( 'NONE', #1328, 5.000000000000000888 ) ;
#1950 = EDGE_CURVE ( 'NONE', #8202, #1500, #5981, .T. ) ;
#1951 = LINE ( 'NONE', #4504, #3895 ) ;
#1952 = CARTESIAN_POINT ( 'NONE',  ( 219.4811460977329318, 11.40283879697883762, -53.69999999999999574 ) ) ;
#1953 = ORIENTED_EDGE ( 'NONE', *, *, #2824, .F. ) ;
#1954 = CYLINDRICAL_SURFACE ( 'NONE', #6044, 1.250000000000001110 ) ;
#1955 = VERTEX_POINT ( 'NONE', #2533 ) ;
#1956 = ORIENTED_EDGE ( 'NONE', *, *, #3267, .F. ) ;
#1957 = ADVANCED_FACE ( 'NONE', ( #603 ), #3700, .F. ) ;
#1958 = CIRCLE ( 'NONE', #761, 1.649999999999984812 ) ;
#1959 = DIRECTION ( 'NONE',  ( 1.000000000000000000, 0.000000000000000000, 0.000000000000000000 ) ) ;
#1960 = UNCERTAINTY_MEASURE_WITH_UNIT (LENGTH_MEASURE( 1.000000000000000082E-05 ), #2437, 'distance_accuracy_value', 'NONE');
#1961 = DIRECTION ( 'NONE',  ( 0.000000000000000000, 0.000000000000000000, 1.000000000000000000 ) ) ;
#1962 = EDGE_LOOP ( 'NONE', ( #2619, #2034, #1112, #5181, #5830, #301 ) ) ;
#1963 = CYLINDRICAL_SURFACE ( 'NONE', #6747, 1.250000000000001110 ) ;
#1964 = DIRECTION ( 'NONE',  ( 1.049727191138618942E-16, 0.5150380749100536004, -0.8571673007021125557 ) ) ;
#1965 = ORIENTED_EDGE ( 'NONE', *, *, #86, .T. ) ;
#1966 = DIRECTION ( 'NONE',  ( -0.000000000000000000, -1.000000000000000000, -0.000000000000000000 ) ) ;
#1967 = CONICAL_SURFACE ( 'NONE', #7457, 1.249999999999987121, 1.029744258676653201 ) ;
#1968 = ADVANCED_FACE ( 'NONE', ( #69 ), #5305, .F. ) ;
#1969 = DIRECTION ( 'NONE',  ( -0.000000000000000000, 1.000000000000000000, -0.000000000000000000 ) ) ;
#1970 = EDGE_CURVE ( 'NONE', #776, #6078, #6978, .T. ) ;
#1971 = FACE_OUTER_BOUND ( 'NONE', #5642, .T. ) ;
#1972 = CARTESIAN_POINT ( 'NONE',  ( 219.4749999999999659, 22.00000000000000000, -59.85000000000002984 ) ) ;
#1973 = ORIENTED_EDGE ( 'NONE', *, *, #1803, .T. ) ;
#1974 = CARTESIAN_POINT ( 'NONE',  ( 239.4749999999999943, 22.00000000000000000, 57.35000000000001563 ) ) ;
#1975 = ORIENTED_EDGE ( 'NONE', *, *, #4153, .F. ) ;
#1976 = LINE ( 'NONE', #7675, #3253 ) ;
#1977 = AXIS2_PLACEMENT_3D ( 'NONE', #228, #5290, #7883 ) ;
#1978 = CARTESIAN_POINT ( 'NONE',  ( -4.474999999999923261, 13.49999999999999822, 59.85000000000004405 ) ) ;
#1979 = EDGE_CURVE ( 'NONE', #675, #340, #5680, .T. ) ;
#1980 = PLANE ( 'NONE',  #8218 ) ;
#1981 = AXIS2_PLACEMENT_3D ( 'NONE', #3040, #5606, #8150 ) ;
#1982 = DIRECTION ( 'NONE',  ( -0.000000000000000000, 1.000000000000000000, -0.000000000000000000 ) ) ;
#1983 = LINE ( 'NONE', #7054, #5071 ) ;
#1984 = ORIENTED_EDGE ( 'NONE', *, *, #1729, .F. ) ;
#1985 = DIRECTION ( 'NONE',  ( -0.000000000000000000, 1.000000000000000000, -0.000000000000000000 ) ) ;
#1986 = ORIENTED_EDGE ( 'NONE', *, *, #4351, .T. ) ;
#1987 = DIRECTION ( 'NONE',  ( 0.000000000000000000, 0.000000000000000000, 1.000000000000000000 ) ) ;
#1988 = ORIENTED_EDGE ( 'NONE', *, *, #4234, .T. ) ;
#1989 = AXIS2_PLACEMENT_3D ( 'NONE', #8182, #2459, #2991 ) ;
#1990 = CARTESIAN_POINT ( 'NONE',  ( 191.1750000000000114, 11.99999999999999822, 0.000000000000000000 ) ) ;
#1991 = CARTESIAN_POINT ( 'NONE',  ( -215.3250000000000455, 22.00000000000000000, 19.15000000000004832 ) ) ;
#1992 = CIRCLE ( 'NONE', #5742, 7.137400000000002187 ) ;
#1993 = AXIS2_PLACEMENT_3D ( 'NONE', #6725, #3367, #199 ) ;
#1994 = EDGE_CURVE ( 'NONE', #6468, #3256, #6389, .T. ) ;
#1995 = LINE ( 'NONE', #2664, #2828 ) ;
#1996 = CARTESIAN_POINT ( 'NONE',  ( 224.2129706549540629, 10.77711465408970604, -53.70000000000280949 ) ) ;
#1997 = ORIENTED_EDGE ( 'NONE', *, *, #4982, .F. ) ;
#1998 = AXIS2_PLACEMENT_3D ( 'NONE', #4321, #6247, #347 ) ;
#1999 = DIRECTION ( 'NONE',  ( 0.000000000000000000, -1.000000000000000000, 0.000000000000000000 ) ) ;
#2000 = EDGE_LOOP ( 'NONE', ( #5531, #5945, #5665, #1965, #4366, #7148, #7810, #7754 ) ) ;
#2001 = ORIENTED_EDGE ( 'NONE', *, *, #3010, .T. ) ;
#2002 = AXIS2_PLACEMENT_3D ( 'NONE', #7972, #982, #1689 ) ;
#2003 = CIRCLE ( 'NONE', #4811, 1.250000000000001110 ) ;
#2004 = ADVANCED_BREP_SHAPE_REPRESENTATION ( 'COLD-CARRIER-BASE_v002', ( #2751, #6532 ), #5996 ) ;
#2005 = EDGE_CURVE ( 'NONE', #92, #859, #1941, .T. ) ;
#2006 = EDGE_CURVE ( 'NONE', #5706, #2722, #6308, .T. ) ;
#2007 = CARTESIAN_POINT ( 'NONE',  ( -236.9750000000000512, 4.000000000000000000, 48.70000000000005969 ) ) ;
#2008 = ORIENTED_EDGE ( 'NONE', *, *, #3407, .F. ) ;
#2009 = DIRECTION ( 'NONE',  ( 0.000000000000000000, 1.000000000000000000, -0.000000000000000000 ) ) ;
#2010 = VECTOR ( 'NONE', #7228, 1000.000000000000000 ) ;
#2011 = LINE ( 'NONE', #2723, #3881 ) ;
#2012 = ORIENTED_EDGE ( 'NONE', *, *, #6088, .F. ) ;
#2013 = AXIS2_PLACEMENT_3D ( 'NONE', #6512, #1018, #7385 ) ;
#2014 = LINE ( 'NONE', #4061, #7051 ) ;
#2015 = AXIS2_PLACEMENT_3D ( 'NONE', #7431, #3024, #397 ) ;
#2016 = CARTESIAN_POINT ( 'NONE',  ( 165.5250000000000341, 22.00000000000000000, 30.79999999999999361 ) ) ;
#2017 = EDGE_CURVE ( 'NONE', #1255, #5975, #5764, .T. ) ;
#2018 = ORIENTED_EDGE ( 'NONE', *, *, #2006, .F. ) ;
#2019 = CARTESIAN_POINT ( 'NONE',  ( 224.4749999999999659, 4.000000000000000000, -7.900000000000003908 ) ) ;
#2020 = VERTEX_POINT ( 'NONE', #7601 ) ;
#2021 = VERTEX_POINT ( 'NONE', #5131 ) ;
#2022 = DIRECTION ( 'NONE',  ( -0.000000000000000000, 1.000000000000000000, -0.000000000000000000 ) ) ;
#2023 = ORIENTED_EDGE ( 'NONE', *, *, #252, .T. ) ;
#2024 = AXIS2_PLACEMENT_3D ( 'NONE', #1350, #5241, #7212 ) ;
#2025 = AXIS2_PLACEMENT_3D ( 'NONE', #3254, #864, #4758 ) ;
#2026 = CARTESIAN_POINT ( 'NONE',  ( -241.7250000000000227, 22.00000000000000000, 1.250000000000001554 ) ) ;
#2027 = CARTESIAN_POINT ( 'NONE',  ( -241.7250000000000796, 13.49999999999999822, 48.70000000000005969 ) ) ;
#2028 = CIRCLE ( 'NONE', #1471, 1.250000000000001110 ) ;
#2029 = AXIS2_PLACEMENT_3D ( 'NONE', #5160, #724, #7752 ) ;
#2030 = CARTESIAN_POINT ( 'NONE',  ( 100.5249999999999488, 8.499999999999992895, 30.08433046974910141 ) ) ;
#2031 = LINE ( 'NONE', #7142, #5060 ) ;
#2032 = EDGE_CURVE ( 'NONE', #7973, #3743, #3737, .T. ) ;
#2033 = CARTESIAN_POINT ( 'NONE',  ( 224.4749999999999659, 20.84529946162070502, 48.70000000000000995 ) ) ;
#2034 = ORIENTED_EDGE ( 'NONE', *, *, #878, .T. ) ;
#2035 = EDGE_CURVE ( 'NONE', #4680, #2397, #1983, .T. ) ;
#2036 = DIRECTION ( 'NONE',  ( 0.000000000000000000, 0.000000000000000000, -1.000000000000000000 ) ) ;
#2037 = EDGE_LOOP ( 'NONE', ( #7112, #3096 ) ) ;
#2038 = DIRECTION ( 'NONE',  ( 0.000000000000000000, 0.000000000000000000, 1.000000000000000000 ) ) ;
#2039 = EDGE_LOOP ( 'NONE', ( #6505, #1130, #3183 ) ) ;
#2040 = CYLINDRICAL_SURFACE ( 'NONE', #712, 4.999999999999997335 ) ;
#2041 = AXIS2_PLACEMENT_3D ( 'NONE', #3358, #975, #4780 ) ;
#2042 = DIRECTION ( 'NONE',  ( 0.000000000000000000, 0.000000000000000000, 1.000000000000000000 ) ) ;
#2043 = VECTOR ( 'NONE', #1172, 1000.000000000000114 ) ;
#2044 = DIRECTION ( 'NONE',  ( 0.000000000000000000, 0.000000000000000000, 1.000000000000000000 ) ) ;
#2045 = CIRCLE ( 'NONE', #309, 1.249999999999987121 ) ;
#2046 = CARTESIAN_POINT ( 'NONE',  ( 191.1750000000000114, 4.000000000000000000, 12.90000000000000213 ) ) ;
#2047 = ORIENTED_EDGE ( 'NONE', *, *, #2928, .F. ) ;
#2048 = FACE_OUTER_BOUND ( 'NONE', #869, .T. ) ;
#2049 = AXIS2_PLACEMENT_3D ( 'NONE', #2547, #3207, #8271 ) ;
#2050 = ORIENTED_EDGE ( 'NONE', *, *, #3968, .T. ) ;
#2051 = ORIENTED_EDGE ( 'NONE', *, *, #6432, .F. ) ;
#2052 = CIRCLE ( 'NONE', #47, 1.250000000000001110 ) ;
#2053 = DIRECTION ( 'NONE',  ( 0.000000000000000000, 0.000000000000000000, -1.000000000000000000 ) ) ;
#2054 = ORIENTED_EDGE ( 'NONE', *, *, #8057, .T. ) ;
#2055 = CYLINDRICAL_SURFACE ( 'NONE', #3127, 5.000000000000000888 ) ;
#2056 = LINE ( 'NONE', #4732, #7223 ) ;
#2057 = ORIENTED_EDGE ( 'NONE', *, *, #2975, .F. ) ;
#2058 = ADVANCED_FACE ( 'NONE', ( #1319 ), #1861, .F. ) ;
#2059 = LINE ( 'NONE', #7792, #2380 ) ;
#2060 = EDGE_CURVE ( 'NONE', #2601, #4095, #5722, .T. ) ;
#2061 = CARTESIAN_POINT ( 'NONE',  ( -224.4749999999999943, 12.74892422621554822, -59.85000000000000142 ) ) ;
#2062 = EDGE_LOOP ( 'NONE', ( #5610, #6350, #5915, #4138 ) ) ;
#2063 = DIRECTION ( 'NONE',  ( 0.000000000000000000, 0.000000000000000000, 1.000000000000000000 ) ) ;
#2064 = EDGE_LOOP ( 'NONE', ( #7736, #4127, #6469, #4880 ) ) ;
#2065 = CIRCLE ( 'NONE', #4199, 1.250000000000001110 ) ;
#2066 = DIRECTION ( 'NONE',  ( 0.000000000000000000, 0.000000000000000000, -1.000000000000000000 ) ) ;
#2067 = EDGE_LOOP ( 'NONE', ( #2079, #5483, #2454, #4697 ) ) ;
#2068 = DIRECTION ( 'NONE',  ( -0.000000000000000000, 1.000000000000000000, -0.000000000000000000 ) ) ;
#2069 = CARTESIAN_POINT ( 'NONE',  ( -188.6750000000000398, 4.000000000000000000, 7.900000000000047429 ) ) ;
#2070 = EDGE_CURVE ( 'NONE', #6112, #1528, #1903, .T. ) ;
#2071 = CARTESIAN_POINT ( 'NONE',  ( -4.474999999999979217, 22.00000000000000000, 1.249999999999981570 ) ) ;
#2072 = DIRECTION ( 'NONE',  ( 0.000000000000000000, 0.000000000000000000, -1.000000000000000000 ) ) ;
#2073 = CYLINDRICAL_SURFACE ( 'NONE', #2539, 1.250000000000001110 ) ;
#2074 = EDGE_LOOP ( 'NONE', ( #1906, #7657, #4302, #3697 ) ) ;
#2075 = AXIS2_PLACEMENT_3D ( 'NONE', #4343, #6906, #3121 ) ;
#2076 = LINE ( 'NONE', #3445, #4550 ) ;
#2077 = ORIENTED_EDGE ( 'NONE', *, *, #5095, .T. ) ;
#2078 = CARTESIAN_POINT ( 'NONE',  ( -241.7250000000000796, 13.49999999999999822, 47.45000000000005969 ) ) ;
#2079 = ORIENTED_EDGE ( 'NONE', *, *, #4360, .F. ) ;
#2080 = VECTOR ( 'NONE', #5166, 1000.000000000000000 ) ;
#2081 = LINE ( 'NONE', #7021, #7933 ) ;
#2082 = CARTESIAN_POINT ( 'NONE',  ( -215.3250000000000455, 22.00000000000000000, -17.89999999999995595 ) ) ;
#2083 = ADVANCED_FACE ( 'NONE', ( #3704 ), #1466, .F. ) ;
#2084 = EDGE_CURVE ( 'NONE', #3045, #2338, #7619, .T. ) ;
#2085 = CONICAL_SURFACE ( 'NONE', #7031, 1.250000000000001110, 1.029744258676655200 ) ;
#2086 = CARTESIAN_POINT ( 'NONE',  ( 198.0249999999999773, 8.499999999999992895, 28.83433046974910141 ) ) ;
#2087 = CARTESIAN_POINT ( 'NONE',  ( 165.5250000000000341, 13.49999999999999822, -3.899946568576850379E-14 ) ) ;
#2088 = ORIENTED_EDGE ( 'NONE', *, *, #736, .F. ) ;
#2089 = DIRECTION ( 'NONE',  ( 0.000000000000000000, 1.000000000000000000, 0.000000000000000000 ) ) ;
#2090 = EDGE_LOOP ( 'NONE', ( #2473, #3387 ) ) ;
#2091 = VERTEX_POINT ( 'NONE', #7846 ) ;
#2092 = CIRCLE ( 'NONE', #3821, 1.250000000000001110 ) ;
#2093 = CARTESIAN_POINT ( 'NONE',  ( 216.9749999999999943, 22.00000000000000000, 58.60000000000005826 ) ) ;
#2094 = CARTESIAN_POINT ( 'NONE',  ( 198.0250000000000057, -1.402220585023716934E-15, -31.51566953025089646 ) ) ;
#2095 = ORIENTED_EDGE ( 'NONE', *, *, #4262, .F. ) ;
#2096 = DIRECTION ( 'NONE',  ( -0.000000000000000000, -1.000000000000000000, -0.000000000000000000 ) ) ;
#2097 = ORIENTED_EDGE ( 'NONE', *, *, #6661, .T. ) ;
#2098 = AXIS2_PLACEMENT_3D ( 'NONE', #1700, #6073, #5595 ) ;
#2099 = FACE_OUTER_BOUND ( 'NONE', #2104, .T. ) ;
#2100 = DIRECTION ( 'NONE',  ( 0.000000000000000000, 1.000000000000000000, 0.000000000000000000 ) ) ;
#2101 = ADVANCED_FACE ( 'NONE', ( #734 ), #2073, .F. ) ;
#2102 = ORIENTED_EDGE ( 'NONE', *, *, #931, .F. ) ;
#2103 = DIRECTION ( 'NONE',  ( 0.000000000000000000, 0.000000000000000000, 1.000000000000000000 ) ) ;
#2104 = EDGE_LOOP ( 'NONE', ( #2417, #378, #3865 ) ) ;
#2105 = CARTESIAN_POINT ( 'NONE',  ( 207.4749999999999091, 22.00000000000000000, -2.900000000000001688 ) ) ;
#2106 = ORIENTED_EDGE ( 'NONE', *, *, #325, .F. ) ;
#2107 = LINE ( 'NONE', #7262, #5109 ) ;
#2108 = CYLINDRICAL_SURFACE ( 'NONE', #3850, 4.999999999999997335 ) ;
#2109 = FACE_OUTER_BOUND ( 'NONE', #2357, .T. ) ;
#2110 = DIRECTION ( 'NONE',  ( 0.000000000000000000, 0.000000000000000000, 1.000000000000000000 ) ) ;
#2111 = CARTESIAN_POINT ( 'NONE',  ( -203.6750000000000398, 22.00000000000000000, 32.05000000000006111 ) ) ;
#2112 = ORIENTED_EDGE ( 'NONE', *, *, #7546, .T. ) ;
#2113 = EDGE_CURVE ( 'NONE', #3270, #4405, #2809, .T. ) ;
#2114 = EDGE_CURVE ( 'NONE', #235, #7170, #3918, .T. ) ;
#2115 = DIRECTION ( 'NONE',  ( 0.000000000000000000, 0.000000000000000000, 1.000000000000000000 ) ) ;
#2116 = VERTEX_POINT ( 'NONE', #2033 ) ;
#2118 = EDGE_CURVE ( 'NONE', #2091, #1255, #4141, .T. ) ;
#2117 = DIRECTION ( 'NONE',  ( -0.000000000000000000, -1.000000000000000000, -0.000000000000000000 ) ) ;
#2119 = EDGE_LOOP ( 'NONE', ( #5199, #6313, #5192 ) ) ;
#2120 = LINE ( 'NONE', #5431, #1114 ) ;
#2121 = AXIS2_PLACEMENT_3D ( 'NONE', #6407, #6915, #3845 ) ;
#2122 = DIRECTION ( 'NONE',  ( -1.202972179678357944E-16, 0.000000000000000000, -1.000000000000000000 ) ) ;
#2123 = VECTOR ( 'NONE', #577, 1000.000000000000000 ) ;
#2124 = DIRECTION ( 'NONE',  ( 0.000000000000000000, 0.000000000000000000, -1.000000000000000000 ) ) ;
#2125 = DIRECTION ( 'NONE',  ( 1.000000000000000000, -0.000000000000000000, -1.202972179678357944E-16 ) ) ;
#2126 = ORIENTED_EDGE ( 'NONE', *, *, #21, .T. ) ;
#2127 = CONICAL_SURFACE ( 'NONE', #1457, 1.649999999999984812, 1.029744258676650093 ) ;
#2128 = ADVANCED_FACE ( 'NONE', ( #775 ), #271, .F. ) ;
#2129 = DIRECTION ( 'NONE',  ( 0.000000000000000000, 0.000000000000000000, 1.000000000000000000 ) ) ;
#2130 = ORIENTED_EDGE ( 'NONE', *, *, #5331, .T. ) ;
#2131 = VERTEX_POINT ( 'NONE', #1483 ) ;
#2132 = EDGE_CURVE ( 'NONE', #3155, #3641, #7180, .T. ) ;
#2133 = VECTOR ( 'NONE', #4503, 1000.000000000000114 ) ;
#2134 = DIRECTION ( 'NONE',  ( -0.000000000000000000, 1.000000000000000000, -0.000000000000000000 ) ) ;
#2135 = AXIS2_PLACEMENT_3D ( 'NONE', #3153, #3281, #1404 ) ;
#2136 = VECTOR ( 'NONE', #3449, 1000.000000000000000 ) ;
#2137 = CARTESIAN_POINT ( 'NONE',  ( -239.4750000000000227, 22.00000000000000000, 59.00000000000005684 ) ) ;
#2138 = EDGE_CURVE ( 'NONE', #4221, #2658, #2143, .T. ) ;
#2139 = EDGE_LOOP ( 'NONE', ( #3432, #2102, #1779, #4853 ) ) ;
#2140 = LINE ( 'NONE', #757, #403 ) ;
#2141 = EDGE_CURVE ( 'NONE', #4479, #608, #5351, .T. ) ;
#2142 = ORIENTED_EDGE ( 'NONE', *, *, #5277, .T. ) ;
#2143 = CIRCLE ( 'NONE', #7080, 1.250000000000001110 ) ;
#2144 = CONICAL_SURFACE ( 'NONE', #8019, 1.249999999999987121, 1.029744258676654312 ) ;
#2145 = LINE ( 'NONE', #3305, #3577 ) ;
#2146 = CIRCLE ( 'NONE', #3474, 1.250000000000001110 ) ;
#2147 = DIRECTION ( 'NONE',  ( 0.000000000000000000, 0.000000000000000000, 1.000000000000000000 ) ) ;
#2148 = VECTOR ( 'NONE', #3920, 1000.000000000000114 ) ;
#2149 = VERTEX_POINT ( 'NONE', #3319 ) ;
#2150 = FACE_OUTER_BOUND ( 'NONE', #7134, .T. ) ;
#2151 = VERTEX_POINT ( 'NONE', #6601 ) ;
#2152 = CARTESIAN_POINT ( 'NONE',  ( 219.4749999999999659, 22.00000000000000000, 48.70000000000000995 ) ) ;
#2153 = ORIENTED_EDGE ( 'NONE', *, *, #5966, .T. ) ;
#2154 = CARTESIAN_POINT ( 'NONE',  ( 165.5250000000000341, 13.49999999999999822, -59.85000000000004405 ) ) ;
#2155 = DIRECTION ( 'NONE',  ( 0.000000000000000000, 0.000000000000000000, 1.000000000000000000 ) ) ;
#2156 = CIRCLE ( 'NONE', #3076, 1.250000000000001110 ) ;
#2157 = ADVANCED_FACE ( 'NONE', ( #4074 ), #7494, .F. ) ;
#2158 = DIRECTION ( 'NONE',  ( 1.049727191138618572E-16, -0.5150380749100542666, 0.8571673007021122226 ) ) ;
#2159 = EDGE_CURVE ( 'NONE', #1761, #2116, #6024, .T. ) ;
#2160 = VECTOR ( 'NONE', #5670, 1000.000000000000000 ) ;
#2161 = CARTESIAN_POINT ( 'NONE',  ( -241.7250000000000796, 13.49999999999999822, -48.70000000000005969 ) ) ;
#2162 = CONICAL_SURFACE ( 'NONE', #956, 1.250000000000001110, 1.029744258676655200 ) ;
#2163 = FACE_OUTER_BOUND ( 'NONE', #5558, .T. ) ;
#2164 = VERTEX_POINT ( 'NONE', #2655 ) ;
#2165 = DIRECTION ( 'NONE',  ( -0.000000000000000000, 1.000000000000000000, -0.000000000000000000 ) ) ;
#2166 = ORIENTED_EDGE ( 'NONE', *, *, #5967, .T. ) ;
#2167 = CARTESIAN_POINT ( 'NONE',  ( -203.6750000000000398, 22.00000000000000000, -17.89999999999995595 ) ) ;
#2168 = ORIENTED_EDGE ( 'NONE', *, *, #7885, .F. ) ;
#2169 = FACE_OUTER_BOUND ( 'NONE', #1283, .T. ) ;
#2170 = CARTESIAN_POINT ( 'NONE',  ( 244.4749999999999659, 10.99999999999998757, -46.20000000000000284 ) ) ;
#2171 = VECTOR ( 'NONE', #5607, 1000.000000000000114 ) ;
#2172 = EDGE_CURVE ( 'NONE', #3063, #3135, #1405, .T. ) ;
#2173 = CIRCLE ( 'NONE', #7513, 2.776987756241654282 ) ;
#2174 = ADVANCED_FACE ( 'NONE', ( #2163 ), #4706, .F. ) ;
#2175 = FACE_OUTER_BOUND ( 'NONE', #2660, .T. ) ;
#2176 = FACE_OUTER_BOUND ( 'NONE', #6713, .T. ) ;
#2177 = ORIENTED_EDGE ( 'NONE', *, *, #3205, .F. ) ;
#2178 = CARTESIAN_POINT ( 'NONE',  ( 224.4749999999999659, 10.99999999999998757, -48.97698775624166245 ) ) ;
#2179 = CIRCLE ( 'NONE', #5785, 7.137400000000002187 ) ;
#2180 = ORIENTED_EDGE ( 'NONE', *, *, #3250, .T. ) ;
#2181 = EDGE_LOOP ( 'NONE', ( #2389, #2914 ) ) ;
#2182 = DIRECTION ( 'NONE',  ( -0.000000000000000000, -1.000000000000000000, -0.000000000000000000 ) ) ;
#2183 = EDGE_CURVE ( 'NONE', #6232, #7937, #150, .T. ) ;
#2184 = AXIS2_PLACEMENT_3D ( 'NONE', #6464, #3855, #2516 ) ;
#2185 = CIRCLE ( 'NONE', #7929, 1.250000000000001110 ) ;
#2186 = DIRECTION ( 'NONE',  ( -0.000000000000000000, 1.000000000000000000, -0.000000000000000000 ) ) ;
#2187 = ORIENTED_EDGE ( 'NONE', *, *, #7559, .T. ) ;
#2188 = ORIENTED_EDGE ( 'NONE', *, *, #4211, .T. ) ;
#2189 = CARTESIAN_POINT ( 'NONE',  ( 229.9750000000001080, 22.00000000000000000, -54.74999999999994316 ) ) ;
#2190 = EDGE_LOOP ( 'NONE', ( #5285, #2666 ) ) ;
#2191 = CIRCLE ( 'NONE', #1649, 1.249999999999987121 ) ;
#2192 = CARTESIAN_POINT ( 'NONE',  ( -4.474999999999979217, 13.49999999999999822, 32.05000000000001847 ) ) ;
#2193 = EDGE_CURVE ( 'NONE', #5960, #1420, #7764, .T. ) ;
#2194 = AXIS2_PLACEMENT_3D ( 'NONE', #1818, #4367, #1188 ) ;
#2195 = DIRECTION ( 'NONE',  ( 0.000000000000000000, 0.000000000000000000, 1.000000000000000000 ) ) ;
#2196 = VERTEX_POINT ( 'NONE', #5888 ) ;
#2197 = CARTESIAN_POINT ( 'NONE',  ( -4.474999999999979217, 22.00000000000000000, -1.949973284288425189E-14 ) ) ;
#2198 = ORIENTED_EDGE ( 'NONE', *, *, #7943, .F. ) ;
#2199 = DIRECTION ( 'NONE',  ( -0.000000000000000000, 1.000000000000000000, -0.000000000000000000 ) ) ;
#2200 = ORIENTED_EDGE ( 'NONE', *, *, #4181, .T. ) ;
#2201 = CARTESIAN_POINT ( 'NONE',  ( 202.8250000000000455, 11.99999999999999822, 48.70000000000000995 ) ) ;
#2202 = FACE_BOUND ( 'NONE', #1777, .T. ) ;
#2203 = DIRECTION ( 'NONE',  ( -0.000000000000000000, -1.000000000000000000, -0.000000000000000000 ) ) ;
#2204 = FACE_OUTER_BOUND ( 'NONE', #1208, .T. ) ;
#2205 = CARTESIAN_POINT ( 'NONE',  ( 3.024999999999999911, 0.000000000000000000, -32.76566953025087514 ) ) ;
#2206 = ORIENTED_EDGE ( 'NONE', *, *, #2739, .T. ) ;
#2207 = DIRECTION ( 'NONE',  ( -0.000000000000000000, 1.000000000000000000, -0.000000000000000000 ) ) ;
#2208 = ORIENTED_EDGE ( 'NONE', *, *, #7426, .T. ) ;
#2209 = CYLINDRICAL_SURFACE ( 'NONE', #1993, 4.999999999999997335 ) ;
#2210 = DIRECTION ( 'NONE',  ( 0.000000000000000000, 0.000000000000000000, -1.000000000000000000 ) ) ;
#2211 = LINE ( 'NONE', #3499, #5349 ) ;
#2212 = DIRECTION ( 'NONE',  ( -0.000000000000000000, -0.000000000000000000, -1.000000000000000000 ) ) ;
#2213 = CARTESIAN_POINT ( 'NONE',  ( 219.4749999999999659, 20.84529946162070502, 53.70000000000000284 ) ) ;
#2214 = ORIENTED_EDGE ( 'NONE', *, *, #4271, .T. ) ;
#2215 = FACE_OUTER_BOUND ( 'NONE', #4446, .T. ) ;
#2216 = ORIENTED_EDGE ( 'NONE', *, *, #6189, .T. ) ;
#2217 = CARTESIAN_POINT ( 'NONE',  ( 219.4749999999999943, 12.20899172797677146, 53.70000000000000284 ) ) ;
#2218 = EDGE_CURVE ( 'NONE', #3424, #7280, #2701, .T. ) ;
#2219 = ORIENTED_EDGE ( 'NONE', *, *, #1413, .T. ) ;
#2220 = EDGE_CURVE ( 'NONE', #5547, #776, #1439, .T. ) ;
#2221 = DIRECTION ( 'NONE',  ( -0.000000000000000000, -1.000000000000000000, -0.000000000000000000 ) ) ;
#2222 = DIRECTION ( 'NONE',  ( -0.000000000000000000, 1.000000000000000000, -0.000000000000000000 ) ) ;
#2223 = EDGE_LOOP ( 'NONE', ( #2366, #790, #3545, #7321 ) ) ;
#2224 = AXIS2_PLACEMENT_3D ( 'NONE', #1019, #6801, #6252 ) ;
#2225 = ORIENTED_EDGE ( 'NONE', *, *, #8112, .T. ) ;
#2226 = EDGE_CURVE ( 'NONE', #1396, #651, #4810, .T. ) ;
#2227 = EDGE_CURVE ( 'NONE', #1590, #2149, #6097, .T. ) ;
#2228 = EDGE_CURVE ( 'NONE', #5598, #5946, #437, .T. ) ;
#2229 = ORIENTED_EDGE ( 'NONE', *, *, #6337, .F. ) ;
#2230 = CARTESIAN_POINT ( 'NONE',  ( -174.4749999999999375, 13.49999999999999822, 59.85000000000006537 ) ) ;
#2231 = LINE ( 'NONE', #3475, #3514 ) ;
#2232 = VERTEX_POINT ( 'NONE', #6218 ) ;
#2233 = DIRECTION ( 'NONE',  ( -0.000000000000000000, -0.000000000000000000, -1.000000000000000000 ) ) ;
#2234 = DIRECTION ( 'NONE',  ( -0.000000000000000000, 1.000000000000000000, -0.000000000000000000 ) ) ;
#2235 = ORIENTED_EDGE ( 'NONE', *, *, #7688, .F. ) ;
#2236 = EDGE_CURVE ( 'NONE', #3295, #6288, #933, .T. ) ;
#2237 = LINE ( 'NONE', #4032, #5114 ) ;
#2238 = CARTESIAN_POINT ( 'NONE',  ( -174.4749999999999375, 13.49999999999999822, 59.85000000000006537 ) ) ;
#2239 = CIRCLE ( 'NONE', #3160, 1.250000000000001110 ) ;
#2240 = DIRECTION ( 'NONE',  ( 0.000000000000000000, 0.000000000000000000, 1.000000000000000000 ) ) ;
#2241 = CARTESIAN_POINT ( 'NONE',  ( -188.6750000000000398, 22.00000000000000000, -2.899999999999954170 ) ) ;
#2242 = DIRECTION ( 'NONE',  ( 1.000000000000000000, 0.000000000000000000, -1.202972179678357944E-16 ) ) ;
#2243 = ORIENTED_EDGE ( 'NONE', *, *, #34, .T. ) ;
#2244 = FACE_OUTER_BOUND ( 'NONE', #4983, .T. ) ;
#2245 = ORIENTED_EDGE ( 'NONE', *, *, #4981, .F. ) ;
#2246 = FACE_OUTER_BOUND ( 'NONE', #6085, .T. ) ;
#2247 = DIRECTION ( 'NONE',  ( 1.000000000000000000, -0.000000000000000000, -0.000000000000000000 ) ) ;
#2248 = EDGE_CURVE ( 'NONE', #3111, #2232, #2865, .T. ) ;
#2249 = CARTESIAN_POINT ( 'NONE',  ( 219.4826781522575345, 10.59700710778204602, -53.70000000000000995 ) ) ;
#2250 = AXIS2_PLACEMENT_3D ( 'NONE', #1391, #3941, #134 ) ;
#2251 = CARTESIAN_POINT ( 'NONE',  ( -224.4749999999999943, 22.00000000000000000, 59.85000000000006537 ) ) ;
#2252 = DIRECTION ( 'NONE',  ( -0.000000000000000000, -1.000000000000000000, -0.000000000000000000 ) ) ;
#2253 = ORIENTED_EDGE ( 'NONE', *, *, #4068, .F. ) ;
#2254 = CARTESIAN_POINT ( 'NONE',  ( 100.5249999999999488, 0.000000000000000000, 28.83433046974911207 ) ) ;
#2255 = ORIENTED_EDGE ( 'NONE', *, *, #2261, .T. ) ;
#2256 = CARTESIAN_POINT ( 'NONE',  ( -231.9750000000000512, 4.000000000000000000, -53.69999999999994600 ) ) ;
#2257 = CIRCLE ( 'NONE', #7201, 1.250000000000001110 ) ;
#2258 = EDGE_LOOP ( 'NONE', ( #410, #2964, #5325 ) ) ;
#2259 = DIRECTION ( 'NONE',  ( 6.014860898391704670E-17, 0.8660254037844428154, 0.4999999999999928946 ) ) ;
#2260 = CIRCLE ( 'NONE', #1846, 1.250000000000001110 ) ;
#2261 = EDGE_CURVE ( 'NONE', #1278, #5421, #3616, .T. ) ;
#2262 = LINE ( 'NONE', #961, #6367 ) ;
#2263 = CIRCLE ( 'NONE', #5603, 1.249999999999987121 ) ;
#2264 = ORIENTED_EDGE ( 'NONE', *, *, #4434, .F. ) ;
#2265 = ORIENTED_EDGE ( 'NONE', *, *, #6461, .T. ) ;
#2266 = ADVANCED_FACE ( 'NONE', ( #7346 ), #7471, .F. ) ;
#2267 = ORIENTED_EDGE ( 'NONE', *, *, #3596, .T. ) ;
#2268 = DIRECTION ( 'NONE',  ( 0.000000000000000000, 0.000000000000000000, 1.000000000000000000 ) ) ;
#2269 = CONICAL_SURFACE ( 'NONE', #3461, 1.250000000000001110, 1.029744258676654090 ) ;
#2270 = ADVANCED_FACE ( 'NONE', ( #6060 ), #1567, .F. ) ;
#2271 = CARTESIAN_POINT ( 'NONE',  ( 191.1750000000000114, 4.000000000000000000, 48.70000000000001705 ) ) ;
#2272 = ORIENTED_EDGE ( 'NONE', *, *, #690, .T. ) ;
#2273 = FACE_OUTER_BOUND ( 'NONE', #7584, .T. ) ;
#2274 = VECTOR ( 'NONE', #3767, 1000.000000000000000 ) ;
#2275 = LINE ( 'NONE', #1806, #152 ) ;
#2276 = ORIENTED_EDGE ( 'NONE', *, *, #57, .F. ) ;
#2277 = FACE_OUTER_BOUND ( 'NONE', #4011, .T. ) ;
#2278 = FACE_BOUND ( 'NONE', #4644, .T. ) ;
#2279 = VECTOR ( 'NONE', #2242, 1000.000000000000000 ) ;
#2280 = AXIS2_PLACEMENT_3D ( 'NONE', #474, #3662, #4874 ) ;
#2281 = ADVANCED_FACE ( 'NONE', ( #3570 ), #4786, .T. ) ;
#2282 = DIRECTION ( 'NONE',  ( 0.000000000000000000, 0.000000000000000000, 1.000000000000000000 ) ) ;
#2283 = FACE_OUTER_BOUND ( 'NONE', #7956, .T. ) ;
#2284 = DIRECTION ( 'NONE',  ( 0.000000000000000000, 0.5150380749100544886, 0.8571673007021121116 ) ) ;
#2285 = ORIENTED_EDGE ( 'NONE', *, *, #3623, .T. ) ;
#2286 = CARTESIAN_POINT ( 'NONE',  ( 0.000000000000000000, 0.000000000000000000, 0.000000000000000000 ) ) ;
#2287 = ORIENTED_EDGE ( 'NONE', *, *, #8089, .F. ) ;
#2288 = LINE ( 'NONE', #852, #6080 ) ;
#2289 = CARTESIAN_POINT ( 'NONE',  ( 179.1749999999999261, 22.00000000000000000, 33.70000000000001705 ) ) ;
#2290 = VECTOR ( 'NONE', #7296, 1000.000000000000000 ) ;
#2291 = CARTESIAN_POINT ( 'NONE',  ( 219.4772598664448253, 11.80593277469721514, -38.70000000000000284 ) ) ;
#2292 = AXIS2_PLACEMENT_3D ( 'NONE', #5507, #4746, #2282 ) ;
#2293 = EDGE_CURVE ( 'NONE', #4479, #420, #6760, .T. ) ;
#2294 = ADVANCED_FACE ( 'NONE', ( #1609 ), #6133, .F. ) ;
#2295 = CARTESIAN_POINT ( 'NONE',  ( 198.0250000000000057, -1.402220585023716934E-15, -34.01566953025089646 ) ) ;
#2296 = CARTESIAN_POINT ( 'NONE',  ( -244.4750000000000227, 0.000000000000000000, -67.00000000000000000 ) ) ;
#2297 = EDGE_LOOP ( 'NONE', ( #780, #1510, #7453, #4091 ) ) ;
#2298 = LINE ( 'NONE', #1539, #2958 ) ;
#2299 = ORIENTED_EDGE ( 'NONE', *, *, #6965, .F. ) ;
#2300 = LINE ( 'NONE', #4763, #4868 ) ;
#2301 = ORIENTED_EDGE ( 'NONE', *, *, #400, .F. ) ;
#2302 = AXIS2_PLACEMENT_3D ( 'NONE', #136, #6587, #3943 ) ;
#2303 = AXIS2_PLACEMENT_3D ( 'NONE', #6952, #3042, #2385 ) ;
#2304 = DIRECTION ( 'NONE',  ( 0.000000000000000000, 0.000000000000000000, 1.000000000000000000 ) ) ;
#2305 = AXIS2_PLACEMENT_3D ( 'NONE', #993, #2375, #6864 ) ;
#2306 = DIRECTION ( 'NONE',  ( 0.000000000000000000, 1.000000000000000000, 0.000000000000000000 ) ) ;
#2307 = ORIENTED_EDGE ( 'NONE', *, *, #6935, .F. ) ;
#2308 = ORIENTED_EDGE ( 'NONE', *, *, #2824, .T. ) ;
#2309 = VERTEX_POINT ( 'NONE', #8090 ) ;
#2310 = DIRECTION ( 'NONE',  ( 0.000000000000000000, 0.000000000000000000, 1.000000000000000000 ) ) ;
#2311 = CARTESIAN_POINT ( 'NONE',  ( 224.4749999999999659, 20.84529946162070502, -17.90000000000000213 ) ) ;
#2312 = VECTOR ( 'NONE', #3766, 1000.000000000000000 ) ;
#2313 = VERTEX_POINT ( 'NONE', #3021 ) ;
#2314 = AXIS2_PLACEMENT_3D ( 'NONE', #432, #4282, #7553 ) ;
#2315 = DIRECTION ( 'NONE',  ( 0.000000000000000000, 0.000000000000000000, -1.000000000000000000 ) ) ;
#2316 = CARTESIAN_POINT ( 'NONE',  ( -239.4750000000000227, 10.49999999999999822, 57.35000000000007248 ) ) ;
#2317 = AXIS2_PLACEMENT_3D ( 'NONE', #2713, #3416, #5306 ) ;
#2318 = EDGE_LOOP ( 'NONE', ( #3947, #8232, #7986, #7756 ) ) ;
#2319 = ADVANCED_FACE ( 'NONE', ( #2363 ), #6160, .F. ) ;
#2320 = DIRECTION ( 'NONE',  ( 0.000000000000000000, 0.000000000000000000, 1.000000000000000000 ) ) ;
#2321 = EDGE_CURVE ( 'NONE', #2597, #7681, #4907, .T. ) ;
#2322 = FACE_OUTER_BOUND ( 'NONE', #6202, .T. ) ;
#2323 = VECTOR ( 'NONE', #4923, 1000.000000000000000 ) ;
#2324 = DIRECTION ( 'NONE',  ( 0.000000000000000000, 0.000000000000000000, -1.000000000000000000 ) ) ;
#2325 = LINE ( 'NONE', #6175, #5566 ) ;
#2326 = DIRECTION ( 'NONE',  ( 0.000000000000000000, 0.000000000000000000, 1.000000000000000000 ) ) ;
#2327 = VERTEX_POINT ( 'NONE', #5585 ) ;
#2328 = DIRECTION ( 'NONE',  ( -0.000000000000000000, 0.000000000000000000, -1.000000000000000000 ) ) ;
#2329 = ORIENTED_EDGE ( 'NONE', *, *, #1618, .F. ) ;
#2330 = DIRECTION ( 'NONE',  ( -0.000000000000000000, -1.000000000000000000, -0.000000000000000000 ) ) ;
#2331 = EDGE_CURVE ( 'NONE', #6355, #143, #4161, .T. ) ;
#2332 = CARTESIAN_POINT ( 'NONE',  ( 224.4749999999999659, 9.953914315783277900, -43.62121915558288521 ) ) ;
#2333 = AXIS2_PLACEMENT_3D ( 'NONE', #6192, #3035, #6944 ) ;
#2334 = DIRECTION ( 'NONE',  ( 0.000000000000000000, 0.000000000000000000, 1.000000000000000000 ) ) ;
#2335 = DIRECTION ( 'NONE',  ( -1.000000000000000000, -0.000000000000000000, 0.000000000000000000 ) ) ;
#2336 = ORIENTED_EDGE ( 'NONE', *, *, #1437, .F. ) ;
#2337 = FACE_OUTER_BOUND ( 'NONE', #7073, .T. ) ;
#2338 = VERTEX_POINT ( 'NONE', #6676 ) ;
#2339 = CARTESIAN_POINT ( 'NONE',  ( 202.8250000000000455, 11.99999999999999822, 12.90000000000000213 ) ) ;
#2340 = ORIENTED_EDGE ( 'NONE', *, *, #4570, .F. ) ;
#2341 = CARTESIAN_POINT ( 'NONE',  ( 229.9750000000001080, 22.00000000000000000, 56.00000000000000000 ) ) ;
#2342 = EDGE_CURVE ( 'NONE', #6002, #7683, #8011, .T. ) ;
#2343 = AXIS2_PLACEMENT_3D ( 'NONE', #346, #3012, #4899 ) ;
#2344 = CARTESIAN_POINT ( 'NONE',  ( -216.9750000000000227, 4.000000000000000000, 33.70000000000005969 ) ) ;
#2345 = EDGE_CURVE ( 'NONE', #735, #4940, #1742, .T. ) ;
#2346 = CARTESIAN_POINT ( 'NONE',  ( 165.5250000000000341, 13.49999999999999822, -59.85000000000004405 ) ) ;
#2347 = CARTESIAN_POINT ( 'NONE',  ( -174.4749999999999943, 13.49999999999999822, -61.10000000000000142 ) ) ;
#2348 = VERTEX_POINT ( 'NONE', #395 ) ;
#2349 = ORIENTED_EDGE ( 'NONE', *, *, #5741, .F. ) ;
#2350 = ORIENTED_EDGE ( 'NONE', *, *, #7699, .F. ) ;
#2351 = EDGE_CURVE ( 'NONE', #1145, #4374, #1469, .T. ) ;
#2352 = CYLINDRICAL_SURFACE ( 'NONE', #782, 1.250000000000001110 ) ;
#2353 = CARTESIAN_POINT ( 'NONE',  ( 224.4749999997010264, 11.85814304959440868, -48.84952642706178239 ) ) ;
#2354 = ORIENTED_EDGE ( 'NONE', *, *, #5127, .T. ) ;
#2355 = FACE_OUTER_BOUND ( 'NONE', #7163, .T. ) ;
#2356 = DIRECTION ( 'NONE',  ( 0.000000000000000000, 0.000000000000000000, 1.000000000000000000 ) ) ;
#2357 = EDGE_LOOP ( 'NONE', ( #6992, #3080, #5683, #2760 ) ) ;
#2358 = CARTESIAN_POINT ( 'NONE',  ( -239.4750000000000227, 22.00000000000000000, 59.00000000000005684 ) ) ;
#2359 = DIRECTION ( 'NONE',  ( 0.000000000000000000, 1.000000000000000000, 0.000000000000000000 ) ) ;
#2360 = EDGE_CURVE ( 'NONE', #5992, #4405, #2522, .T. ) ;
#2361 = FACE_OUTER_BOUND ( 'NONE', #7521, .T. ) ;
#2362 = DIRECTION ( 'NONE',  ( 0.000000000000000000, 0.000000000000000000, 1.000000000000000000 ) ) ;
#2363 = FACE_OUTER_BOUND ( 'NONE', #6641, .T. ) ;
#2364 = VERTEX_POINT ( 'NONE', #8248 ) ;
#2365 = LINE ( 'NONE', #4832, #3622 ) ;
#2366 = ORIENTED_EDGE ( 'NONE', *, *, #5449, .F. ) ;
#2367 = DIRECTION ( 'NONE',  ( 1.049727191138618449E-16, 0.5150380749100544886, -0.8571673007021121116 ) ) ;
#2368 = VECTOR ( 'NONE', #2125, 1000.000000000000000 ) ;
#2369 = CYLINDRICAL_SURFACE ( 'NONE', #7468, 1.250000000000001110 ) ;
#2370 = EDGE_CURVE ( 'NONE', #3844, #3025, #6561, .T. ) ;
#2371 = ADVANCED_FACE ( 'NONE', ( #5671 ), #6967, .F. ) ;
#2372 = CARTESIAN_POINT ( 'NONE',  ( 165.5250000000000341, 22.00000000000000000, 32.04999999999999716 ) ) ;
#2373 = DIRECTION ( 'NONE',  ( -0.000000000000000000, 1.000000000000000000, -0.000000000000000000 ) ) ;
#2374 = ORIENTED_EDGE ( 'NONE', *, *, #4167, .T. ) ;
#2375 = DIRECTION ( 'NONE',  ( -0.000000000000000000, 1.000000000000000000, -0.000000000000000000 ) ) ;
#2376 = VERTEX_POINT ( 'NONE', #5033 ) ;
#2377 = DIRECTION ( 'NONE',  ( 1.049727191138615984E-16, 0.5150380749100580413, -0.8571673007021101132 ) ) ;
#2378 = ORIENTED_EDGE ( 'NONE', *, *, #5106, .T. ) ;
#2379 = DIRECTION ( 'NONE',  ( -0.000000000000000000, 1.000000000000000000, -0.000000000000000000 ) ) ;
#2380 = VECTOR ( 'NONE', #5371, 1000.000000000000000 ) ;
#2381 = FACE_OUTER_BOUND ( 'NONE', #7930, .T. ) ;
#2382 = EDGE_CURVE ( 'NONE', #2496, #1409, #4014, .T. ) ;
#2383 = DIRECTION ( 'NONE',  ( 0.000000000000000000, 0.000000000000000000, 1.000000000000000000 ) ) ;
#2384 = EDGE_CURVE ( 'NONE', #8275, #7280, #3612, .T. ) ;
#2385 = DIRECTION ( 'NONE',  ( 0.000000000000000000, 0.000000000000000000, 1.000000000000000000 ) ) ;
#2386 = VERTEX_POINT ( 'NONE', #1308 ) ;
#2387 = ORIENTED_EDGE ( 'NONE', *, *, #2345, .F. ) ;
#2388 = VECTOR ( 'NONE', #560, 1000.000000000000000 ) ;
#2389 = ORIENTED_EDGE ( 'NONE', *, *, #703, .F. ) ;
#2390 = DIRECTION ( 'NONE',  ( 1.000000000000000000, -0.000000000000000000, -0.000000000000000000 ) ) ;
#2391 = AXIS2_PLACEMENT_3D ( 'NONE', #6821, #2426, #4346 ) ;
#2392 = EDGE_CURVE ( 'NONE', #3549, #5706, #3203, .T. ) ;
#2393 = ORIENTED_EDGE ( 'NONE', *, *, #1654, .T. ) ;
#2394 = DIRECTION ( 'NONE',  ( 0.000000000000000000, 0.000000000000000000, 1.000000000000000000 ) ) ;
#2395 = CONICAL_SURFACE ( 'NONE', #7739, 1.250000000000001110, 1.029744258676654090 ) ;
#2396 = CARTESIAN_POINT ( 'NONE',  ( 191.1750000000000114, 11.99999999999999822, 58.60000000000005826 ) ) ;
#2397 = VERTEX_POINT ( 'NONE', #3860 ) ;
#2398 = LINE ( 'NONE', #8085, #6868 ) ;
#2399 = AXIS2_PLACEMENT_3D ( 'NONE', #6985, #744, #3289 ) ;
#2400 = FACE_BOUND ( 'NONE', #2860, .T. ) ;
#2401 = CONICAL_SURFACE ( 'NONE', #7075, 1.250000000000001110, 1.029744258676655200 ) ;
#2402 = CIRCLE ( 'NONE', #2803, 7.000000000000110134 ) ;
#2403 = FACE_OUTER_BOUND ( 'NONE', #5062, .T. ) ;
#2404 = CARTESIAN_POINT ( 'NONE',  ( -224.4749999999999943, 22.00000000000000000, 59.85000000000006537 ) ) ;
#2405 = CARTESIAN_POINT ( 'NONE',  ( 181.1750000000000398, 4.000000000000000000, 33.70000000000001705 ) ) ;
#2406 = VERTEX_POINT ( 'NONE', #7630 ) ;
#2407 = CARTESIAN_POINT ( 'NONE',  ( 198.0249999999999773, -1.402220585023716934E-15, 27.58433046974910141 ) ) ;
#2408 = ORIENTED_EDGE ( 'NONE', *, *, #8071, .F. ) ;
#2409 = CARTESIAN_POINT ( 'NONE',  ( 202.8250000000000455, 11.99999999999999822, 47.45000000000000284 ) ) ;
#2410 = EDGE_CURVE ( 'NONE', #1500, #4733, #3732, .T. ) ;
#2411 = DIRECTION ( 'NONE',  ( -0.8660254037844428154, 0.4999999999999926170, 0.000000000000000000 ) ) ;
#2412 = VECTOR ( 'NONE', #5368, 1000.000000000000000 ) ;
#2413 = CYLINDRICAL_SURFACE ( 'NONE', #1358, 1.649999999999984812 ) ;
#2414 = FACE_OUTER_BOUND ( 'NONE', #2888, .T. ) ;
#2415 = CIRCLE ( 'NONE', #5361, 1.250000000000001110 ) ;
#2416 = DIRECTION ( 'NONE',  ( 1.135313451912421414E-16, 0.000000000000000000, 1.000000000000000000 ) ) ;
#2417 = ORIENTED_EDGE ( 'NONE', *, *, #7332, .F. ) ;
#2418 = AXIS2_PLACEMENT_3D ( 'NONE', #6894, #1815, #2328 ) ;
#2419 = DIRECTION ( 'NONE',  ( 0.000000000000000000, 0.000000000000000000, 1.000000000000000000 ) ) ;
#2420 = VERTEX_POINT ( 'NONE', #3776 ) ;
#2421 = DIRECTION ( 'NONE',  ( 0.000000000000000000, 1.000000000000000000, 0.000000000000000000 ) ) ;
#2422 = ORIENTED_EDGE ( 'NONE', *, *, #879, .F. ) ;
#2423 = CARTESIAN_POINT ( 'NONE',  ( -241.7250000000000227, 22.00000000000000000, 1.250000000000001554 ) ) ;
#2424 = CIRCLE ( 'NONE', #7093, 1.649999999999984812 ) ;
#2425 = EDGE_CURVE ( 'NONE', #6742, #7326, #1, .T. ) ;
#2426 = DIRECTION ( 'NONE',  ( -0.000000000000000000, -1.000000000000000000, -0.000000000000000000 ) ) ;
#2427 = EDGE_CURVE ( 'NONE', #340, #6450, #1931, .T. ) ;
#2428 = AXIS2_PLACEMENT_3D ( 'NONE', #3435, #7338, #806 ) ;
#2429 = CARTESIAN_POINT ( 'NONE',  ( 244.4749999999999659, 22.00000000000000000, -61.50000000000000000 ) ) ;
#2430 = CARTESIAN_POINT ( 'NONE',  ( 216.9749999999999943, 22.00000000000000000, 59.85000000000006537 ) ) ;
#2431 = ORIENTED_EDGE ( 'NONE', *, *, #1026, .F. ) ;
#2432 = AXIS2_PLACEMENT_3D ( 'NONE', #5159, #762, #4612 ) ;
#2433 = AXIS2_PLACEMENT_3D ( 'NONE', #7733, #6492, #2668 ) ;
#2434 = ORIENTED_EDGE ( 'NONE', *, *, #1490, .F. ) ;
#2435 = EDGE_LOOP ( 'NONE', ( #5066, #121, #2393 ) ) ;
#2436 = EDGE_CURVE ( 'NONE', #7326, #4778, #1848, .T. ) ;
#2437 =( LENGTH_UNIT ( ) NAMED_UNIT ( * ) SI_UNIT ( .MILLI., .METRE. ) );
#2438 = AXIS2_PLACEMENT_3D ( 'NONE', #905, #4678, #2795 ) ;
#2439 = ORIENTED_EDGE ( 'NONE', *, *, #2944, .F. ) ;
#2440 = DIRECTION ( 'NONE',  ( 1.000000000000000000, 0.000000000000000000, -2.071311613106635399E-16 ) ) ;
#2441 = CARTESIAN_POINT ( 'NONE',  ( 224.4749999999999659, 20.84529946162070502, 48.70000000000000995 ) ) ;
#2442 = ORIENTED_EDGE ( 'NONE', *, *, #4051, .F. ) ;
#2443 = AXIS2_PLACEMENT_3D ( 'NONE', #4654, #5328, #848 ) ;
#2444 = LINE ( 'NONE', #5579, #7125 ) ;
#2445 = EDGE_CURVE ( 'NONE', #1254, #5600, #2415, .T. ) ;
#2446 = DIRECTION ( 'NONE',  ( 0.000000000000000000, 0.000000000000000000, 1.000000000000000000 ) ) ;
#2447 = EDGE_CURVE ( 'NONE', #89, #6983, #4404, .T. ) ;
#2448 = DIRECTION ( 'NONE',  ( 0.000000000000000000, -1.000000000000000000, 0.000000000000000000 ) ) ;
#2449 = CIRCLE ( 'NONE', #3107, 7.000000000000117240 ) ;
#2450 = DIRECTION ( 'NONE',  ( 0.000000000000000000, 0.5150380749100544886, 0.8571673007021121116 ) ) ;
#2451 = DIRECTION ( 'NONE',  ( 0.000000000000000000, 0.000000000000000000, 1.000000000000000000 ) ) ;
#2452 = EDGE_LOOP ( 'NONE', ( #54, #3628, #5447, #4139 ) ) ;
#2453 = CARTESIAN_POINT ( 'NONE',  ( -239.4750000000000227, 22.00000000000000000, 57.35000000000007248 ) ) ;
#2454 = ORIENTED_EDGE ( 'NONE', *, *, #7284, .T. ) ;
#2455 = LINE ( 'NONE', #6298, #1769 ) ;
#2456 = CIRCLE ( 'NONE', #5400, 1.250000000000001110 ) ;
#2457 = CARTESIAN_POINT ( 'NONE',  ( 224.4750000002989339, 11.44695762911614700, -43.45106773853846249 ) ) ;
#2458 = CARTESIAN_POINT ( 'NONE',  ( 244.4749999999999659, 10.99999999999998757, 46.20000000000000284 ) ) ;
#2459 = DIRECTION ( 'NONE',  ( -0.000000000000000000, 1.000000000000000000, -0.000000000000000000 ) ) ;
#2460 = DIRECTION ( 'NONE',  ( -0.000000000000000000, 1.000000000000000000, -0.000000000000000000 ) ) ;
#2461 = ORIENTED_EDGE ( 'NONE', *, *, #6225, .F. ) ;
#2462 = LINE ( 'NONE', #5010, #4972 ) ;
#2463 = ORIENTED_EDGE ( 'NONE', *, *, #6779, .F. ) ;
#2464 = DIRECTION ( 'NONE',  ( -0.000000000000000000, 1.000000000000000000, -0.000000000000000000 ) ) ;
#2465 = ORIENTED_EDGE ( 'NONE', *, *, #3430, .T. ) ;
#2466 = LINE ( 'NONE', #4422, #3650 ) ;
#2467 = DIRECTION ( 'NONE',  ( 0.000000000000000000, 0.000000000000000000, 1.000000000000000000 ) ) ;
#2468 = EDGE_CURVE ( 'NONE', #7047, #4104, #5758, .T. ) ;
#2469 = FACE_OUTER_BOUND ( 'NONE', #885, .T. ) ;
#2470 = EDGE_CURVE ( 'NONE', #7903, #1701, #1182, .T. ) ;
#2471 = CARTESIAN_POINT ( 'NONE',  ( 219.4749999999999659, 22.00000000000000000, -53.70000000000000284 ) ) ;
#2472 = ORIENTED_EDGE ( 'NONE', *, *, #8147, .F. ) ;
#2473 = ORIENTED_EDGE ( 'NONE', *, *, #4340, .F. ) ;
#2474 = CARTESIAN_POINT ( 'NONE',  ( 216.9749999999999943, 22.00000000000000000, 59.85000000000006537 ) ) ;
#2475 = ADVANCED_FACE ( 'NONE', ( #511 ), #14, .F. ) ;
#2476 = ORIENTED_EDGE ( 'NONE', *, *, #1796, .T. ) ;
#2477 = CARTESIAN_POINT ( 'NONE',  ( -4.474999999999979217, 22.00000000000000000, -59.85000000000002274 ) ) ;
#2478 = LINE ( 'NONE', #7583, #132 ) ;
#2479 = ORIENTED_EDGE ( 'NONE', *, *, #1760, .F. ) ;
#2480 = CARTESIAN_POINT ( 'NONE',  ( 244.4749999999999659, 10.99999999999998757, -46.20000000000000284 ) ) ;
#2481 = DIRECTION ( 'NONE',  ( -0.000000000000000000, 1.000000000000000000, -0.000000000000000000 ) ) ;
#2482 = AXIS2_PLACEMENT_3D ( 'NONE', #6600, #5969, #7266 ) ;
#2483 = CARTESIAN_POINT ( 'NONE',  ( 244.4749999999999659, 10.99999999999998757, 46.20000000000000284 ) ) ;
#2484 = EDGE_CURVE ( 'NONE', #7577, #6655, #7090, .T. ) ;
#2485 = CARTESIAN_POINT ( 'NONE',  ( -94.47500000000003695, 8.499999999999992895, 28.83433046974913694 ) ) ;
#2486 = EDGE_LOOP ( 'NONE', ( #7430, #4495, #4219, #6979 ) ) ;
#2487 = EDGE_CURVE ( 'NONE', #3874, #1932, #2146, .T. ) ;
#2488 = CARTESIAN_POINT ( 'NONE',  ( -215.3250000000000455, 13.49999999999999822, 17.90000000000004832 ) ) ;
#2489 = ORIENTED_EDGE ( 'NONE', *, *, #8133, .T. ) ;
#2490 = CONICAL_SURFACE ( 'NONE', #7167, 1.250000000000001110, 1.029744258676655200 ) ;
#2491 = DIRECTION ( 'NONE',  ( -0.000000000000000000, 1.000000000000000000, -0.000000000000000000 ) ) ;
#2492 = CARTESIAN_POINT ( 'NONE',  ( -231.9750000000000512, 22.00000000000000000, -48.69999999999995310 ) ) ;
#2493 =( NAMED_UNIT ( * ) PLANE_ANGLE_UNIT ( ) SI_UNIT ( $, .RADIAN. ) );
#2494 = DIRECTION ( 'NONE',  ( 0.000000000000000000, 0.5150380749100544886, 0.8571673007021121116 ) ) ;
#2495 = DIRECTION ( 'NONE',  ( -0.000000000000000000, -1.000000000000000000, -0.000000000000000000 ) ) ;
#2496 = VERTEX_POINT ( 'NONE', #59 ) ;
#2497 = EDGE_CURVE ( 'NONE', #3322, #5870, #6892, .T. ) ;
#2498 = DIRECTION ( 'NONE',  ( 1.049727191138621654E-16, -0.5150380749100501587, 0.8571673007021147761 ) ) ;
#2499 = ORIENTED_EDGE ( 'NONE', *, *, #6637, .T. ) ;
#2500 = DIRECTION ( 'NONE',  ( -0.000000000000000000, 1.000000000000000000, -0.000000000000000000 ) ) ;
#2501 = ORIENTED_EDGE ( 'NONE', *, *, #6686, .F. ) ;
#2502 = LINE ( 'NONE', #7446, #5354 ) ;
#2503 = CYLINDRICAL_SURFACE ( 'NONE', #4930, 1.649999999999984812 ) ;
#2504 = DIRECTION ( 'NONE',  ( 0.000000000000000000, 0.000000000000000000, 1.000000000000000000 ) ) ;
#2505 = FACE_OUTER_BOUND ( 'NONE', #3630, .T. ) ;
#2506 = VERTEX_POINT ( 'NONE', #843 ) ;
#2507 = CARTESIAN_POINT ( 'NONE',  ( 3.024999999999999911, 8.499999999999992895, -32.76566953025087514 ) ) ;
#2508 = VERTEX_POINT ( 'NONE', #3395 ) ;
#2509 = ORIENTED_EDGE ( 'NONE', *, *, #4331, .T. ) ;
#2510 = EDGE_CURVE ( 'NONE', #1653, #3518, #5324, .T. ) ;
#2511 = AXIS2_PLACEMENT_3D ( 'NONE', #391, #6094, #1057 ) ;
#2512 = ORIENTED_EDGE ( 'NONE', *, *, #2594, .T. ) ;
#2513 = CARTESIAN_POINT ( 'NONE',  ( -215.3250000000000455, 13.49999999999999822, 19.15000000000004832 ) ) ;
#2514 = CARTESIAN_POINT ( 'NONE',  ( 165.5250000000000341, 22.00000000000000000, -30.80000000000001492 ) ) ;
#2515 = ORIENTED_EDGE ( 'NONE', *, *, #1856, .T. ) ;
#2516 = DIRECTION ( 'NONE',  ( 0.000000000000000000, 0.000000000000000000, -1.000000000000000000 ) ) ;
#2517 = DIRECTION ( 'NONE',  ( 0.000000000000000000, 0.000000000000000000, -1.000000000000000000 ) ) ;
#2518 = ADVANCED_FACE ( 'NONE', ( #882 ), #5239, .F. ) ;
#2519 = CIRCLE ( 'NONE', #8258, 1.250000000000001110 ) ;
#2520 = AXIS2_PLACEMENT_3D ( 'NONE', #7817, #1536, #6645 ) ;
#2521 = DIRECTION ( 'NONE',  ( 0.000000000000000000, 0.000000000000000000, 1.000000000000000000 ) ) ;
#2522 = LINE ( 'NONE', #2566, #2937 ) ;
#2523 = ORIENTED_EDGE ( 'NONE', *, *, #2728, .F. ) ;
#2524 = DIRECTION ( 'NONE',  ( 0.000000000000000000, 0.000000000000000000, 1.000000000000000000 ) ) ;
#2525 = AXIS2_PLACEMENT_3D ( 'NONE', #7496, #5654, #1797 ) ;
#2526 = ORIENTED_EDGE ( 'NONE', *, *, #4475, .T. ) ;
#2527 = CARTESIAN_POINT ( 'NONE',  ( -174.4749999999999943, 12.74892422621554644, 0.000000000000000000 ) ) ;
#2528 = AXIS2_PLACEMENT_3D ( 'NONE', #5130, #7305, #813 ) ;
#2529 = CARTESIAN_POINT ( 'NONE',  ( -203.6750000000000398, 13.49999999999999822, -30.79999999999997939 ) ) ;
#2530 = ADVANCED_FACE ( 'NONE', ( #2150 ), #2605, .F. ) ;
#2531 =( NAMED_UNIT ( * ) SI_UNIT ( $, .STERADIAN. ) SOLID_ANGLE_UNIT ( ) );
#2532 = CARTESIAN_POINT ( 'NONE',  ( -239.4750000000000227, 10.49999999999999822, 59.00000000000005684 ) ) ;
#2533 = CARTESIAN_POINT ( 'NONE',  ( -4.474999999999979217, 22.00000000000000000, -58.60000000000002274 ) ) ;
#2534 = EDGE_LOOP ( 'NONE', ( #4500, #4065 ) ) ;
#2535 = FACE_OUTER_BOUND ( 'NONE', #759, .T. ) ;
#2536 = ORIENTED_EDGE ( 'NONE', *, *, #2568, .F. ) ;
#2537 = DIRECTION ( 'NONE',  ( -0.000000000000000000, 1.000000000000000000, -0.000000000000000000 ) ) ;
#2538 = ORIENTED_EDGE ( 'NONE', *, *, #2226, .T. ) ;
#2539 = AXIS2_PLACEMENT_3D ( 'NONE', #6638, #5336, #7143 ) ;
#2540 = DIRECTION ( 'NONE',  ( 0.000000000000000000, 0.000000000000000000, 1.000000000000000000 ) ) ;
#2541 = VECTOR ( 'NONE', #972, 1000.000000000000114 ) ;
#2542 = CARTESIAN_POINT ( 'NONE',  ( 176.1750000000000398, 4.000000000000000000, 22.90000000000000213 ) ) ;
#2543 = ADVANCED_FACE ( 'NONE', ( #1473 ), #2686, .F. ) ;
#2544 = AXIS2_PLACEMENT_3D ( 'NONE', #3108, #7590, #7007 ) ;
#2545 = CONICAL_SURFACE ( 'NONE', #6431, 1.250000000000001110, 1.029744258676654090 ) ;
#2546 = DIRECTION ( 'NONE',  ( 0.000000000000000000, -1.000000000000000000, 0.000000000000000000 ) ) ;
#2547 = CARTESIAN_POINT ( 'NONE',  ( 229.9750000000001080, 13.49999999999999822, -55.99999999999994316 ) ) ;
#2548 = ORIENTED_EDGE ( 'NONE', *, *, #3385, .F. ) ;
#2549 = DIRECTION ( 'NONE',  ( 1.049727191138618449E-16, 0.5150380749100544886, -0.8571673007021121116 ) ) ;
#2550 = EDGE_LOOP ( 'NONE', ( #3828, #5088 ) ) ;
#2551 = ORIENTED_EDGE ( 'NONE', *, *, #736, .T. ) ;
#2552 = DIRECTION ( 'NONE',  ( -0.000000000000000000, 1.000000000000000000, -0.000000000000000000 ) ) ;
#2553 = CONICAL_SURFACE ( 'NONE', #2682, 1.250000000000001110, 1.029744258676654090 ) ;
#2554 = CIRCLE ( 'NONE', #7244, 1.250000000000001110 ) ;
#2555 = ORIENTED_EDGE ( 'NONE', *, *, #2822, .T. ) ;
#2556 = CARTESIAN_POINT ( 'NONE',  ( 165.5250000000000341, 22.00000000000000000, -1.250000000000040190 ) ) ;
#2557 = CARTESIAN_POINT ( 'NONE',  ( 224.4749999997008842, 10.14169248567023729, 48.84946534510942229 ) ) ;
#2558 = ORIENTED_EDGE ( 'NONE', *, *, #1654, .F. ) ;
#2559 = CARTESIAN_POINT ( 'NONE',  ( -4.474999999999979217, 13.49999999999999822, -1.250000000000020650 ) ) ;
#2560 = VECTOR ( 'NONE', #1166, 1000.000000000000000 ) ;
#2561 = VECTOR ( 'NONE', #5817, 1000.000000000000000 ) ;
#2562 = CARTESIAN_POINT ( 'NONE',  ( 3.024999999999999911, 8.499999999999992895, -32.76566953025087514 ) ) ;
#2563 = LINE ( 'NONE', #1892, #2825 ) ;
#2564 = VECTOR ( 'NONE', #808, 1000.000000000000000 ) ;
#2565 = EDGE_CURVE ( 'NONE', #7683, #6895, #554, .T. ) ;
#2566 = CARTESIAN_POINT ( 'NONE',  ( 224.4749999999999659, 22.00000000000000000, -43.70000000000000284 ) ) ;
#2567 = ORIENTED_EDGE ( 'NONE', *, *, #3404, .F. ) ;
#2568 = EDGE_CURVE ( 'NONE', #4207, #1145, #6628, .T. ) ;
#2569 = CARTESIAN_POINT ( 'NONE',  ( 198.0249999999999773, 0.000000000000000000, 28.83433046974910141 ) ) ;
#2570 = VERTEX_POINT ( 'NONE', #3433 ) ;
#2571 = CARTESIAN_POINT ( 'NONE',  ( -4.474999999999979217, 22.00000000000000000, -59.85000000000002274 ) ) ;
#2572 = CARTESIAN_POINT ( 'NONE',  ( 226.4750000000000796, 22.00000000000000000, 48.70000000000000995 ) ) ;
#2573 = CIRCLE ( 'NONE', #1381, 4.999999999999997335 ) ;
#2574 = SURFACE_STYLE_FILL_AREA ( #3783 ) ;
#2575 = FACE_OUTER_BOUND ( 'NONE', #1734, .T. ) ;
#2576 = CARTESIAN_POINT ( 'NONE',  ( -174.4749999999999943, 22.00000000000000000, -61.10000000000000142 ) ) ;
#2577 = ORIENTED_EDGE ( 'NONE', *, *, #4484, .T. ) ;
#2578 = EDGE_CURVE ( 'NONE', #2878, #6232, #3762, .T. ) ;
#2579 = FACE_OUTER_BOUND ( 'NONE', #3565, .T. ) ;
#2580 = ORIENTED_EDGE ( 'NONE', *, *, #5385, .T. ) ;
#2581 = DIRECTION ( 'NONE',  ( -0.000000000000000000, 1.000000000000000000, -0.000000000000000000 ) ) ;
#2582 = VERTEX_POINT ( 'NONE', #2772 ) ;
#2583 = CIRCLE ( 'NONE', #8195, 1.249999999999987121 ) ;
#2584 = DIRECTION ( 'NONE',  ( -0.000000000000000000, 1.000000000000000000, -0.000000000000000000 ) ) ;
#2585 = FACE_OUTER_BOUND ( 'NONE', #3222, .T. ) ;
#2586 = VECTOR ( 'NONE', #5883, 1000.000000000000000 ) ;
#2587 = FACE_OUTER_BOUND ( 'NONE', #2930, .T. ) ;
#2588 = CARTESIAN_POINT ( 'NONE',  ( 227.0949999999999704, 10.99999999999998934, -39.06260000000000332 ) ) ;
#2589 = ORIENTED_EDGE ( 'NONE', *, *, #444, .F. ) ;
#2590 = FACE_OUTER_BOUND ( 'NONE', #1440, .T. ) ;
#2591 = ORIENTED_EDGE ( 'NONE', *, *, #7737, .F. ) ;
#2592 = ORIENTED_EDGE ( 'NONE', *, *, #2801, .F. ) ;
#2593 = ADVANCED_FACE ( 'NONE', ( #7877 ), #4526, .F. ) ;
#2594 = EDGE_CURVE ( 'NONE', #4800, #5421, #7710, .T. ) ;
#2595 = CARTESIAN_POINT ( 'NONE',  ( 191.1750000000000114, 22.00000000000000000, 59.85000000000006537 ) ) ;
#2596 = CARTESIAN_POINT ( 'NONE',  ( 224.4749999999999659, 4.000000000000000000, -48.70000000000000995 ) ) ;
#2597 = VERTEX_POINT ( 'NONE', #4650 ) ;
#2598 = DIRECTION ( 'NONE',  ( -2.071311613106635399E-16, 0.000000000000000000, -1.000000000000000000 ) ) ;
#2599 = CARTESIAN_POINT ( 'NONE',  ( 3.024999999999971934, 8.499999999999992895, 30.08433046974911562 ) ) ;
#2600 = EDGE_CURVE ( 'NONE', #7734, #1382, #2644, .T. ) ;
#2601 = VERTEX_POINT ( 'NONE', #4696 ) ;
#2602 = DIRECTION ( 'NONE',  ( 0.000000000000000000, 0.000000000000000000, 1.000000000000000000 ) ) ;
#2603 = CARTESIAN_POINT ( 'NONE',  ( -239.4750000000000227, 22.00000000000000000, -58.99999999999995026 ) ) ;
#2604 = DIRECTION ( 'NONE',  ( 0.000000000000000000, 0.000000000000000000, 1.000000000000000000 ) ) ;
#2605 = PLANE ( 'NONE',  #168 ) ;
#2606 = VERTEX_POINT ( 'NONE', #7797 ) ;
#2607 = DIRECTION ( 'NONE',  ( 0.4999999999999926725, 0.8660254037844429265, 0.000000000000000000 ) ) ;
#2608 = ORIENTED_EDGE ( 'NONE', *, *, #3646, .T. ) ;
#2609 = DIRECTION ( 'NONE',  ( 0.000000000000000000, 0.000000000000000000, -1.000000000000000000 ) ) ;
#2610 = CARTESIAN_POINT ( 'NONE',  ( 165.5250000000000341, 22.00000000000000000, -3.899946568576850379E-14 ) ) ;
#2611 = EDGE_CURVE ( 'NONE', #2681, #4920, #184, .T. ) ;
#2612 = DIRECTION ( 'NONE',  ( 0.000000000000000000, 1.000000000000000000, 0.000000000000000000 ) ) ;
#2613 = AXIS2_PLACEMENT_3D ( 'NONE', #31, #4591, #741 ) ;
#2615 = DIRECTION ( 'NONE',  ( 0.000000000000000000, 0.000000000000000000, 1.000000000000000000 ) ) ;
#2614 = AXIS2_PLACEMENT_3D ( 'NONE', #7428, #4870, #1688 ) ;
#2616 = CARTESIAN_POINT ( 'NONE',  ( -241.7250000000000796, 22.00000000000000000, 47.45000000000005969 ) ) ;
#2617 = EDGE_LOOP ( 'NONE', ( #5358, #154, #5316, #6692 ) ) ;
#2618 = CARTESIAN_POINT ( 'NONE',  ( 244.4749999999999659, 10.99999999999998757, 38.23697300000000610 ) ) ;
#2619 = ORIENTED_EDGE ( 'NONE', *, *, #6659, .T. ) ;
#2620 = FACE_OUTER_BOUND ( 'NONE', #198, .T. ) ;
#2621 = ORIENTED_EDGE ( 'NONE', *, *, #7199, .T. ) ;
#2622 = DIRECTION ( 'NONE',  ( 0.000000000000000000, 0.000000000000000000, 1.000000000000000000 ) ) ;
#2623 = CARTESIAN_POINT ( 'NONE',  ( -174.4749999999999943, 13.49999999999999822, -59.85000000000000142 ) ) ;
#2624 = ADVANCED_FACE ( 'NONE', ( #4027 ), #4973, .F. ) ;
#2625 = ADVANCED_FACE ( 'NONE', ( #6467 ), #3269, .F. ) ;
#2626 = DIRECTION ( 'NONE',  ( -0.000000000000000000, 1.000000000000000000, -0.000000000000000000 ) ) ;
#2627 = DIRECTION ( 'NONE',  ( 0.000000000000000000, 0.000000000000000000, -1.000000000000000000 ) ) ;
#2628 = ORIENTED_EDGE ( 'NONE', *, *, #3348, .F. ) ;
#2629 = DIRECTION ( 'NONE',  ( 0.000000000000000000, 0.000000000000000000, -1.000000000000000000 ) ) ;
#2630 = ORIENTED_EDGE ( 'NONE', *, *, #5398, .T. ) ;
#2631 = ORIENTED_EDGE ( 'NONE', *, *, #3623, .F. ) ;
#2632 = CIRCLE ( 'NONE', #2098, 5.000000000000000888 ) ;
#2633 = ADVANCED_FACE ( 'NONE', ( #3308 ), #1362, .F. ) ;
#2634 = DIRECTION ( 'NONE',  ( 0.000000000000000000, 0.000000000000000000, 1.000000000000000000 ) ) ;
#2635 = ORIENTED_EDGE ( 'NONE', *, *, #7708, .T. ) ;
#2636 = DIRECTION ( 'NONE',  ( -0.000000000000000000, -1.000000000000000000, -0.000000000000000000 ) ) ;
#2637 = CARTESIAN_POINT ( 'NONE',  ( 224.4750000002990760, 10.55267798131041168, 48.94886546318419107 ) ) ;
#2638 = ORIENTED_EDGE ( 'NONE', *, *, #2767, .F. ) ;
#2639 = CONICAL_SURFACE ( 'NONE', #2909, 1.250000000000001110, 1.029744258676655200 ) ;
#2640 = DIRECTION ( 'NONE',  ( -0.000000000000000000, 1.000000000000000000, -0.000000000000000000 ) ) ;
#2641 = EDGE_CURVE ( 'NONE', #5696, #7734, #6852, .T. ) ;
#2642 = ADVANCED_FACE ( 'NONE', ( #5377 ), #3226, .F. ) ;
#2643 = DIRECTION ( 'NONE',  ( -0.000000000000000000, 1.000000000000000000, -0.000000000000000000 ) ) ;
#2644 = LINE ( 'NONE', #7133, #1632 ) ;
#2645 = ORIENTED_EDGE ( 'NONE', *, *, #7062, .T. ) ;
#2646 = ORIENTED_EDGE ( 'NONE', *, *, #3234, .T. ) ;
#2647 = PLANE ( 'NONE',  #2821 ) ;
#2648 = ORIENTED_EDGE ( 'NONE', *, *, #534, .T. ) ;
#2649 = DIRECTION ( 'NONE',  ( 0.000000000000000000, 0.000000000000000000, 1.000000000000000000 ) ) ;
#2650 = AXIS2_PLACEMENT_3D ( 'NONE', #3868, #4491, #22 ) ;
#2651 = DIRECTION ( 'NONE',  ( 0.000000000000000000, 0.000000000000000000, 1.000000000000000000 ) ) ;
#2652 = CARTESIAN_POINT ( 'NONE',  ( 202.8250000000000455, 22.00000000000000000, 14.15000000000000213 ) ) ;
#2653 = AXIS2_PLACEMENT_3D ( 'NONE', #212, #5312, #7245 ) ;
#2654 = LINE ( 'NONE', #7640, #4135 ) ;
#2655 = CARTESIAN_POINT ( 'NONE',  ( -216.9750000000000227, 4.000000000000000000, -38.69999999999995310 ) ) ;
#2656 = ORIENTED_EDGE ( 'NONE', *, *, #1545, .T. ) ;
#2657 = DIRECTION ( 'NONE',  ( 0.000000000000000000, 0.000000000000000000, -1.000000000000000000 ) ) ;
#2658 = VERTEX_POINT ( 'NONE', #924 ) ;
#2659 = CARTESIAN_POINT ( 'NONE',  ( 224.4749999999999943, 10.99999999999998757, 46.20000000000000284 ) ) ;
#2660 = EDGE_LOOP ( 'NONE', ( #3492, #3014, #4666, #84 ) ) ;
#2661 = AXIS2_PLACEMENT_3D ( 'NONE', #7237, #4005, #5980 ) ;
#2662 = CARTESIAN_POINT ( 'NONE',  ( -224.4749999999999943, 13.49999999999999822, 61.10000000000006537 ) ) ;
#2663 = CARTESIAN_POINT ( 'NONE',  ( 165.5250000000000341, 13.49999999999999822, -29.55000000000001492 ) ) ;
#2664 = CARTESIAN_POINT ( 'NONE',  ( 227.0949999999999704, 10.99999999999998757, -53.33740000000000947 ) ) ;
#2665 = DIRECTION ( 'NONE',  ( -0.000000000000000000, 1.000000000000000000, -0.000000000000000000 ) ) ;
#2666 = ORIENTED_EDGE ( 'NONE', *, *, #1502, .F. ) ;
#2667 = AXIS2_PLACEMENT_3D ( 'NONE', #3899, #1344, #6459 ) ;
#2668 = DIRECTION ( 'NONE',  ( 0.000000000000000000, 0.000000000000000000, 1.000000000000000000 ) ) ;
#2669 = ORIENTED_EDGE ( 'NONE', *, *, #1544, .T. ) ;
#2670 = EDGE_CURVE ( 'NONE', #7937, #868, #3501, .T. ) ;
#2671 = ORIENTED_EDGE ( 'NONE', *, *, #878, .F. ) ;
#2672 = EDGE_CURVE ( 'NONE', #2508, #7419, #1224, .T. ) ;
#2673 = VECTOR ( 'NONE', #3785, 1000.000000000000000 ) ;
#2674 = AXIS2_PLACEMENT_3D ( 'NONE', #5133, #7145, #2036 ) ;
#2675 = FACE_OUTER_BOUND ( 'NONE', #8214, .T. ) ;
#2676 = ORIENTED_EDGE ( 'NONE', *, *, #6266, .F. ) ;
#2677 = DIRECTION ( 'NONE',  ( -1.000000000000000000, 0.000000000000000000, 0.000000000000000000 ) ) ;
#2678 = AXIS2_PLACEMENT_3D ( 'NONE', #3232, #595, #3146 ) ;
#2679 = LINE ( 'NONE', #413, #4402 ) ;
#2680 = ADVANCED_FACE ( 'NONE', ( #2815 ), #7525, .F. ) ;
#2681 = VERTEX_POINT ( 'NONE', #7678 ) ;
#2682 = AXIS2_PLACEMENT_3D ( 'NONE', #1650, #3568, #1687 ) ;
#2683 = DIRECTION ( 'NONE',  ( 0.000000000000000000, 0.000000000000000000, -1.000000000000000000 ) ) ;
#2684 = AXIS2_PLACEMENT_3D ( 'NONE', #5420, #2199, #4777 ) ;
#2685 = CARTESIAN_POINT ( 'NONE',  ( -94.47500000000000853, 8.499999999999992895, -34.01566953025085382 ) ) ;
#2686 = CYLINDRICAL_SURFACE ( 'NONE', #7912, 1.250000000000001110 ) ;
#2687 = ORIENTED_EDGE ( 'NONE', *, *, #2228, .F. ) ;
#2688 = DIRECTION ( 'NONE',  ( 0.000000000000000000, 0.000000000000000000, 1.000000000000000000 ) ) ;
#2689 = EDGE_LOOP ( 'NONE', ( #2479, #6341, #7674 ) ) ;
#2690 = CIRCLE ( 'NONE', #4959, 1.250000000000001110 ) ;
#2691 = AXIS2_PLACEMENT_3D ( 'NONE', #2507, #8151, #3677 ) ;
#2692 = ADVANCED_FACE ( 'NONE', ( #7564 ), #1937, .F. ) ;
#2693 = AXIS2_PLACEMENT_3D ( 'NONE', #745, #2546, #1250 ) ;
#2694 = DIRECTION ( 'NONE',  ( 0.000000000000000000, 0.000000000000000000, 1.000000000000000000 ) ) ;
#2695 = EDGE_CURVE ( 'NONE', #8144, #1612, #5040, .T. ) ;
#2696 = FACE_BOUND ( 'NONE', #2993, .T. ) ;
#2697 = VECTOR ( 'NONE', #2994, 1000.000000000000114 ) ;
#2698 = AXIS2_PLACEMENT_3D ( 'NONE', #5877, #1429, #2731 ) ;
#2699 = CARTESIAN_POINT ( 'NONE',  ( -203.6750000000000398, 22.00000000000000000, -17.89999999999995595 ) ) ;
#2700 = CARTESIAN_POINT ( 'NONE',  ( 176.1750000000000398, 4.000000000000000000, 38.70000000000000995 ) ) ;
#2701 = LINE ( 'NONE', #5256, #6822 ) ;
#2702 = VERTEX_POINT ( 'NONE', #1233 ) ;
#2703 = LINE ( 'NONE', #4589, #942 ) ;
#2704 = VERTEX_POINT ( 'NONE', #3739 ) ;
#2705 = DIRECTION ( 'NONE',  ( 0.9995520592605567911, 0.000000000000000000, -0.02992792722492301771 ) ) ;
#2706 = ORIENTED_EDGE ( 'NONE', *, *, #8133, .F. ) ;
#2707 = LINE ( 'NONE', #5216, #6873 ) ;
#2708 = CIRCLE ( 'NONE', #570, 1.250000000000001110 ) ;
#2709 = CARTESIAN_POINT ( 'NONE',  ( 227.0949999999999704, 10.99999999999998757, -46.20000000000000284 ) ) ;
#2710 = AXIS2_PLACEMENT_3D ( 'NONE', #4393, #2440, #2598 ) ;
#2711 = CARTESIAN_POINT ( 'NONE',  ( 165.5250000000000341, 13.49999999999999822, -30.80000000000001492 ) ) ;
#2712 = VECTOR ( 'NONE', #3811, 1000.000000000000114 ) ;
#2713 = CARTESIAN_POINT ( 'NONE',  ( 3.024999999999971934, 8.499999999999992895, 28.83433046974912628 ) ) ;
#2714 = ORIENTED_EDGE ( 'NONE', *, *, #2070, .F. ) ;
#2715 = CYLINDRICAL_SURFACE ( 'NONE', #6974, 1.250000000000001110 ) ;
#2716 = ORIENTED_EDGE ( 'NONE', *, *, #7724, .F. ) ;
#2717 = VERTEX_POINT ( 'NONE', #3702 ) ;
#2718 = CIRCLE ( 'NONE', #3248, 1.250000000000001110 ) ;
#2719 = EDGE_CURVE ( 'NONE', #3678, #2759, #4492, .T. ) ;
#2720 = EDGE_CURVE ( 'NONE', #4378, #5539, #6579, .T. ) ;
#2721 = DIRECTION ( 'NONE',  ( 0.000000000000000000, 0.000000000000000000, 1.000000000000000000 ) ) ;
#2722 = VERTEX_POINT ( 'NONE', #3072 ) ;
#2723 = CARTESIAN_POINT ( 'NONE',  ( 198.0249999999999773, 0.000000000000000000, 30.08433046974910496 ) ) ;
#2724 = ORIENTED_EDGE ( 'NONE', *, *, #4873, .F. ) ;
#2725 = AXIS2_PLACEMENT_3D ( 'NONE', #8225, #6231, #5684 ) ;
#2726 = CARTESIAN_POINT ( 'NONE',  ( 244.4749999999999659, 22.00000000000000000, 61.50000000000000000 ) ) ;
#2727 = ADVANCED_FACE ( 'NONE', ( #1821 ), #6707, .F. ) ;
#2728 = EDGE_CURVE ( 'NONE', #4318, #2681, #6261, .T. ) ;
#2729 = ADVANCED_FACE ( 'NONE', ( #5006 ), #298, .T. ) ;
#2730 = CARTESIAN_POINT ( 'NONE',  ( -241.7250000000000796, 13.49999999999999822, -48.70000000000005969 ) ) ;
#2731 = DIRECTION ( 'NONE',  ( 0.000000000000000000, 0.000000000000000000, 1.000000000000000000 ) ) ;
#2732 = ORIENTED_EDGE ( 'NONE', *, *, #1363, .F. ) ;
#2733 = FACE_OUTER_BOUND ( 'NONE', #5299, .T. ) ;
#2734 = ORIENTED_EDGE ( 'NONE', *, *, #86, .F. ) ;
#2735 = CYLINDRICAL_SURFACE ( 'NONE', #6320, 1.250000000000001110 ) ;
#2736 = VECTOR ( 'NONE', #2233, 1000.000000000000000 ) ;
#2737 = FACE_OUTER_BOUND ( 'NONE', #1395, .T. ) ;
#2738 = ADVANCED_FACE ( 'NONE', ( #5678 ), #1153, .F. ) ;
#2739 = EDGE_CURVE ( 'NONE', #7443, #312, #7109, .T. ) ;
#2740 = DIRECTION ( 'NONE',  ( 6.014860898391704670E-17, 0.8660254037844428154, 0.4999999999999928946 ) ) ;
#2741 = DIRECTION ( 'NONE',  ( -0.000000000000000000, 1.000000000000000000, -0.000000000000000000 ) ) ;
#2742 = CARTESIAN_POINT ( 'NONE',  ( 219.4749999999999659, 22.00000000000000000, -43.70000000000000284 ) ) ;
#2743 = EDGE_LOOP ( 'NONE', ( #2997, #7455, #2, #1532 ) ) ;
#2744 = CIRCLE ( 'NONE', #6756, 1.250000000000001110 ) ;
#2745 = DIRECTION ( 'NONE',  ( -0.000000000000000000, 1.000000000000000000, -0.000000000000000000 ) ) ;
#2746 = ORIENTED_EDGE ( 'NONE', *, *, #6576, .F. ) ;
#2747 = CYLINDRICAL_SURFACE ( 'NONE', #5347, 4.999999999999999112 ) ;
#2748 = ORIENTED_EDGE ( 'NONE', *, *, #6070, .F. ) ;
#2749 = CARTESIAN_POINT ( 'NONE',  ( 198.0250000000000057, 0.000000000000000000, -34.01566953025088225 ) ) ;
#2750 = CARTESIAN_POINT ( 'NONE',  ( -94.47500000000003695, 8.499999999999992895, 30.08433046974912273 ) ) ;
#2751 = MANIFOLD_SOLID_BREP ( 'LPattern4', #4472 ) ;
#2752 = AXIS2_PLACEMENT_3D ( 'NONE', #5150, #3896, #5825 ) ;
#2753 = ADVANCED_FACE ( 'NONE', ( #3240 ), #2413, .F. ) ;
#2754 = EDGE_CURVE ( 'NONE', #6149, #5524, #5910, .T. ) ;
#2755 = DIRECTION ( 'NONE',  ( -0.000000000000000000, -1.000000000000000000, -0.000000000000000000 ) ) ;
#2756 = DIRECTION ( 'NONE',  ( -0.000000000000000000, 1.000000000000000000, -0.000000000000000000 ) ) ;
#2757 = ORIENTED_EDGE ( 'NONE', *, *, #6934, .F. ) ;
#2758 = DIRECTION ( 'NONE',  ( -0.000000000000000000, 1.000000000000000000, 0.000000000000000000 ) ) ;
#2759 = VERTEX_POINT ( 'NONE', #7063 ) ;
#2760 = ORIENTED_EDGE ( 'NONE', *, *, #369, .F. ) ;
#2761 = CONICAL_SURFACE ( 'NONE', #8229, 1.250000000000001110, 1.029744258676654090 ) ;
#2762 = CARTESIAN_POINT ( 'NONE',  ( -221.9750000000000227, 20.84529946162070502, 38.70000000000005969 ) ) ;
#2763 = LINE ( 'NONE', #4362, #7832 ) ;
#2764 = ORIENTED_EDGE ( 'NONE', *, *, #2754, .F. ) ;
#2765 = DIRECTION ( 'NONE',  ( 0.000000000000000000, 0.000000000000000000, 1.000000000000000000 ) ) ;
#2766 = ORIENTED_EDGE ( 'NONE', *, *, #4181, .F. ) ;
#2767 = EDGE_CURVE ( 'NONE', #6147, #5870, #687, .T. ) ;
#2768 = AXIS2_PLACEMENT_3D ( 'NONE', #1537, #2792, #4086 ) ;
#2769 = VECTOR ( 'NONE', #2450, 1000.000000000000000 ) ;
#2770 = CARTESIAN_POINT ( 'NONE',  ( 219.4779082038245690, 10.33945640669545085, 53.70000000000000284 ) ) ;
#2771 = DIRECTION ( 'NONE',  ( 1.049727191138618449E-16, 0.5150380749100544886, -0.8571673007021121116 ) ) ;
#2772 = CARTESIAN_POINT ( 'NONE',  ( -174.4749999999999943, 22.00000000000000000, 32.05000000000003979 ) ) ;
#2773 = ORIENTED_EDGE ( 'NONE', *, *, #2032, .F. ) ;
#2774 = FACE_OUTER_BOUND ( 'NONE', #1119, .T. ) ;
#2775 = ORIENTED_EDGE ( 'NONE', *, *, #7861, .F. ) ;
#2776 = FACE_OUTER_BOUND ( 'NONE', #1816, .T. ) ;
#2777 = ADVANCED_FACE ( 'NONE', ( #1287 ), #1874, .T. ) ;
#2778 = FACE_BOUND ( 'NONE', #183, .T. ) ;
#2779 = DIRECTION ( 'NONE',  ( -0.000000000000000000, 1.000000000000000000, -0.000000000000000000 ) ) ;
#2780 = LINE ( 'NONE', #1482, #7874 ) ;
#2781 = DIRECTION ( 'NONE',  ( 0.000000000000000000, -0.5150380749100552658, -0.8571673007021116675 ) ) ;
#2782 = ORIENTED_EDGE ( 'NONE', *, *, #114, .F. ) ;
#2783 = CARTESIAN_POINT ( 'NONE',  ( 229.9750000000001080, 22.00000000000000000, 54.75000000000000000 ) ) ;
#2784 = AXIS2_PLACEMENT_3D ( 'NONE', #7841, #6510, #1562 ) ;
#2785 = VERTEX_POINT ( 'NONE', #5179 ) ;
#2786 = FACE_OUTER_BOUND ( 'NONE', #6100, .T. ) ;
#2787 = ORIENTED_EDGE ( 'NONE', *, *, #703, .T. ) ;
#2788 = LINE ( 'NONE', #4670, #180 ) ;
#2789 = ADVANCED_FACE ( 'NONE', ( #2587 ), #5104, .F. ) ;
#2790 = DIRECTION ( 'NONE',  ( -0.000000000000000000, 1.000000000000000000, -0.000000000000000000 ) ) ;
#2791 = FACE_OUTER_BOUND ( 'NONE', #2258, .T. ) ;
#2792 = DIRECTION ( 'NONE',  ( -0.000000000000000000, 1.000000000000000000, -0.000000000000000000 ) ) ;
#2793 = ORIENTED_EDGE ( 'NONE', *, *, #5562, .F. ) ;
#2794 = AXIS2_PLACEMENT_3D ( 'NONE', #5304, #287, #7901 ) ;
#2795 = DIRECTION ( 'NONE',  ( 0.000000000000000000, 0.000000000000000000, 1.000000000000000000 ) ) ;
#2796 = EDGE_LOOP ( 'NONE', ( #6539, #2808, #4724, #6452 ) ) ;
#2797 = ORIENTED_EDGE ( 'NONE', *, *, #6474, .F. ) ;
#2798 = VECTOR ( 'NONE', #1285, 1000.000000000000000 ) ;
#2799 = EDGE_CURVE ( 'NONE', #3256, #4730, #1493, .T. ) ;
#2800 = DIRECTION ( 'NONE',  ( -0.000000000000000000, 1.000000000000000000, -0.000000000000000000 ) ) ;
#2801 = EDGE_CURVE ( 'NONE', #651, #6117, #3965, .T. ) ;
#2802 = CIRCLE ( 'NONE', #7162, 2.776987756241696026 ) ;
#2803 = AXIS2_PLACEMENT_3D ( 'NONE', #4120, #6680, #940 ) ;
#2804 = CARTESIAN_POINT ( 'NONE',  ( 229.9750000000001080, 12.74892422621554644, -55.99999999999994316 ) ) ;
#2805 = ORIENTED_EDGE ( 'NONE', *, *, #4618, .T. ) ;
#2806 = ORIENTED_EDGE ( 'NONE', *, *, #931, .T. ) ;
#2807 = DIRECTION ( 'NONE',  ( 0.000000000000000000, 0.000000000000000000, 1.000000000000000000 ) ) ;
#2808 = ORIENTED_EDGE ( 'NONE', *, *, #2427, .T. ) ;
#2809 = CIRCLE ( 'NONE', #6151, 4.999999999999997335 ) ;
#2810 = VECTOR ( 'NONE', #464, 1000.000000000000000 ) ;
#2811 = CARTESIAN_POINT ( 'NONE',  ( 219.4749999999999659, 4.000000000000000000, -43.70000000000000284 ) ) ;
#2812 = AXIS2_PLACEMENT_3D ( 'NONE', #2942, #8051, #2326 ) ;
#2813 = DIRECTION ( 'NONE',  ( -0.000000000000000000, -1.000000000000000000, -0.000000000000000000 ) ) ;
#2814 = AXIS2_PLACEMENT_3D ( 'NONE', #1905, #106, #4542 ) ;
#2815 = FACE_OUTER_BOUND ( 'NONE', #2139, .T. ) ;
#2816 = VERTEX_POINT ( 'NONE', #8270 ) ;
#2817 = DIRECTION ( 'NONE',  ( -0.000000000000000000, 1.000000000000000000, -0.000000000000000000 ) ) ;
#2818 = EDGE_LOOP ( 'NONE', ( #8154, #3986, #2866 ) ) ;
#2819 = DIRECTION ( 'NONE',  ( -0.000000000000000000, 1.000000000000000000, -0.000000000000000000 ) ) ;
#2820 = CARTESIAN_POINT ( 'NONE',  ( -216.9750000000000227, 22.00000000000000000, -33.69999999999995310 ) ) ;
#2821 = AXIS2_PLACEMENT_3D ( 'NONE', #4528, #1397, #5715 ) ;
#2822 = EDGE_CURVE ( 'NONE', #4255, #50, #1995, .T. ) ;
#2823 = CARTESIAN_POINT ( 'NONE',  ( 219.4749999999999659, 12.74892422621554644, -59.85000000000002984 ) ) ;
#2824 = EDGE_CURVE ( 'NONE', #4809, #874, #7774, .T. ) ;
#2825 = VECTOR ( 'NONE', #5582, 1000.000000000000000 ) ;
#2827 = CARTESIAN_POINT ( 'NONE',  ( 244.4749999999999659, 22.00000000000000000, -67.00000000000000000 ) ) ;
#2826 = AXIS2_PLACEMENT_3D ( 'NONE', #5737, #1999, #5269 ) ;
#2828 = VECTOR ( 'NONE', #5052, 1000.000000000000000 ) ;
#2829 = DIRECTION ( 'NONE',  ( -0.000000000000000000, 1.000000000000000000, -0.000000000000000000 ) ) ;
#2830 = VERTEX_POINT ( 'NONE', #4551 ) ;
#2831 = LINE ( 'NONE', #4750, #1075 ) ;
#2832 = EDGE_LOOP ( 'NONE', ( #4740, #501, #6677 ) ) ;
#2833 = DIRECTION ( 'NONE',  ( 0.000000000000000000, 0.000000000000000000, -1.000000000000000000 ) ) ;
#2834 = CARTESIAN_POINT ( 'NONE',  ( 100.5249999999999488, 8.499999999999992895, 28.83433046974911207 ) ) ;
#2835 = DIRECTION ( 'NONE',  ( -1.000000000000000000, -0.000000000000000000, 0.000000000000000000 ) ) ;
#2836 = VECTOR ( 'NONE', #6899, 1000.000000000000000 ) ;
#2837 = EDGE_CURVE ( 'NONE', #4433, #6110, #7247, .T. ) ;
#2838 = DIRECTION ( 'NONE',  ( -0.000000000000000000, 1.000000000000000000, -0.000000000000000000 ) ) ;
#2839 = DIRECTION ( 'NONE',  ( 0.000000000000000000, 0.000000000000000000, 1.000000000000000000 ) ) ;
#2840 = ORIENTED_EDGE ( 'NONE', *, *, #7688, .T. ) ;
#2841 = DIRECTION ( 'NONE',  ( -0.000000000000000000, 1.000000000000000000, -0.000000000000000000 ) ) ;
#2842 = ORIENTED_EDGE ( 'NONE', *, *, #5339, .F. ) ;
#2843 = CARTESIAN_POINT ( 'NONE',  ( 224.4749999999999943, 20.84529946162070502, 53.70000000000000284 ) ) ;
#2844 = ORIENTED_EDGE ( 'NONE', *, *, #1141, .T. ) ;
#2845 = DIRECTION ( 'NONE',  ( 1.049727191138615984E-16, 0.5150380749100580413, -0.8571673007021101132 ) ) ;
#2846 = VECTOR ( 'NONE', #1054, 1000.000000000000000 ) ;
#2847 = CONICAL_SURFACE ( 'NONE', #2049, 1.250000000000001110, 1.029744258676654090 ) ;
#2848 = EDGE_CURVE ( 'NONE', #3844, #1515, #162, .T. ) ;
#2849 = DIRECTION ( 'NONE',  ( -0.000000000000000000, 1.000000000000000000, 0.000000000000000000 ) ) ;
#2850 = EDGE_LOOP ( 'NONE', ( #7339, #459, #2177, #1829 ) ) ;
#2851 = ORIENTED_EDGE ( 'NONE', *, *, #5331, .F. ) ;
#2852 = VERTEX_POINT ( 'NONE', #3796 ) ;
#2853 = CARTESIAN_POINT ( 'NONE',  ( -193.6750000000000398, 20.84529946162070502, -2.899999999999954614 ) ) ;
#2854 = AXIS2_PLACEMENT_3D ( 'NONE', #7594, #1854, #4409 ) ;
#2855 = CARTESIAN_POINT ( 'NONE',  ( 219.4749999999999659, 13.49999999999999822, -32.04999999999999716 ) ) ;
#2856 = VECTOR ( 'NONE', #3402, 1000.000000000000000 ) ;
#2857 = ADVANCED_FACE ( 'NONE', ( #7110 ), #7612, .F. ) ;
#2858 = CARTESIAN_POINT ( 'NONE',  ( 179.1749999999999261, 22.00000000000000000, 27.90000000000000213 ) ) ;
#2859 = DIRECTION ( 'NONE',  ( -0.000000000000000000, 1.000000000000000000, -0.000000000000000000 ) ) ;
#2860 = EDGE_LOOP ( 'NONE', ( #7085, #1335 ) ) ;
#2861 = CARTESIAN_POINT ( 'NONE',  ( -215.3250000000000455, 13.49999999999999822, 17.90000000000004832 ) ) ;
#2862 = FACE_BOUND ( 'NONE', #6818, .T. ) ;
#2863 = DIRECTION ( 'NONE',  ( 0.000000000000000000, 0.000000000000000000, 1.000000000000000000 ) ) ;
#2864 = LINE ( 'NONE', #3442, #3599 ) ;
#2865 = LINE ( 'NONE', #7306, #3067 ) ;
#2866 = ORIENTED_EDGE ( 'NONE', *, *, #1363, .T. ) ;
#2867 = FACE_BOUND ( 'NONE', #747, .T. ) ;
#2868 = ORIENTED_EDGE ( 'NONE', *, *, #8013, .F. ) ;
#2869 = DIRECTION ( 'NONE',  ( 0.000000000000000000, 1.000000000000000000, 0.000000000000000000 ) ) ;
#2870 = CARTESIAN_POINT ( 'NONE',  ( -239.4750000000000227, 22.00000000000000000, 60.65000000000004121 ) ) ;
#2871 = ADVANCED_FACE ( 'NONE', ( #1914 ), #3930, .F. ) ;
#2872 = CARTESIAN_POINT ( 'NONE',  ( 179.1749999999999261, 22.00000000000000000, 33.70000000000001705 ) ) ;
#2873 = EDGE_CURVE ( 'NONE', #3399, #1528, #4160, .T. ) ;
#2874 = CYLINDRICAL_SURFACE ( 'NONE', #6808, 2.500000000000002220 ) ;
#2875 = CYLINDRICAL_SURFACE ( 'NONE', #6780, 1.249999999999987121 ) ;
#2876 = ORIENTED_EDGE ( 'NONE', *, *, #2975, .T. ) ;
#2877 = DIRECTION ( 'NONE',  ( -0.000000000000000000, 1.000000000000000000, -0.000000000000000000 ) ) ;
#2878 = VERTEX_POINT ( 'NONE', #5856 ) ;
#2879 = DIRECTION ( 'NONE',  ( 0.8660254037844428154, 0.4999999999999926170, 0.000000000000000000 ) ) ;
#2880 = ORIENTED_EDGE ( 'NONE', *, *, #1292, .F. ) ;
#2881 = EDGE_CURVE ( 'NONE', #4255, #5768, #2173, .T. ) ;
#2882 = DIRECTION ( 'NONE',  ( -0.000000000000000000, -1.000000000000000000, -0.000000000000000000 ) ) ;
#2883 = EDGE_CURVE ( 'NONE', #6170, #4599, #6359, .T. ) ;
#2884 = LINE ( 'NONE', #6037, #3555 ) ;
#2885 = ORIENTED_EDGE ( 'NONE', *, *, #8169, .F. ) ;
#2886 = AXIS2_PLACEMENT_3D ( 'NONE', #7365, #7955, #6620 ) ;
#2887 = EDGE_LOOP ( 'NONE', ( #3684, #4642, #3603, #1137 ) ) ;
#2888 = EDGE_LOOP ( 'NONE', ( #4063, #2097, #6914, #2229 ) ) ;
#2889 = EDGE_CURVE ( 'NONE', #8177, #3874, #1951, .T. ) ;
#2890 = CARTESIAN_POINT ( 'NONE',  ( 219.4749999999999659, 9.791008272023203673, 53.70000000000000284 ) ) ;
#2891 = FACE_OUTER_BOUND ( 'NONE', #7647, .T. ) ;
#2892 = VERTEX_POINT ( 'NONE', #704 ) ;
#2893 = DIRECTION ( 'NONE',  ( -0.000000000000000000, 1.000000000000000000, -0.000000000000000000 ) ) ;
#2894 = CARTESIAN_POINT ( 'NONE',  ( -210.6750000000001819, 22.00000000000000000, 0.000000000000000000 ) ) ;
#2895 = ORIENTED_EDGE ( 'NONE', *, *, #1163, .F. ) ;
#2896 = FACE_OUTER_BOUND ( 'NONE', #6865, .T. ) ;
#2897 = EDGE_CURVE ( 'NONE', #4350, #2131, #8167, .T. ) ;
#2898 = FACE_OUTER_BOUND ( 'NONE', #4831, .T. ) ;
#2899 = AXIS2_PLACEMENT_3D ( 'NONE', #27, #694, #4373 ) ;
#2900 = DIRECTION ( 'NONE',  ( -0.000000000000000000, 1.000000000000000000, -0.000000000000000000 ) ) ;
#2901 = LINE ( 'NONE', #5465, #1697 ) ;
#2902 = CARTESIAN_POINT ( 'NONE',  ( 229.9750000000001080, 13.49999999999999822, -17.90000000000000213 ) ) ;
#2903 = EDGE_LOOP ( 'NONE', ( #807, #1064, #5838, #1040 ) ) ;
#2904 = FACE_BOUND ( 'NONE', #1692, .T. ) ;
#2905 = ORIENTED_EDGE ( 'NONE', *, *, #3666, .F. ) ;
#2906 = DIRECTION ( 'NONE',  ( -0.000000000000000000, 1.000000000000000000, -0.000000000000000000 ) ) ;
#2907 = DIRECTION ( 'NONE',  ( 1.000000000000000000, 0.000000000000000000, -1.202972179678357944E-16 ) ) ;
#2908 = CARTESIAN_POINT ( 'NONE',  ( 224.4750000002990760, 10.55267798131062129, -43.45113453681580751 ) ) ;
#2909 = AXIS2_PLACEMENT_3D ( 'NONE', #3813, #7040, #3856 ) ;
#2910 = FACE_OUTER_BOUND ( 'NONE', #3381, .T. ) ;
#2911 = LINE ( 'NONE', #6187, #1832 ) ;
#2912 = ORIENTED_EDGE ( 'NONE', *, *, #4618, .F. ) ;
#2913 = CARTESIAN_POINT ( 'NONE',  ( 239.4749999999999943, 22.00000000000000000, 60.64999999999999147 ) ) ;
#2914 = ORIENTED_EDGE ( 'NONE', *, *, #1820, .F. ) ;
#2915 = LINE ( 'NONE', #5482, #7814 ) ;
#2916 = ORIENTED_EDGE ( 'NONE', *, *, #4151, .F. ) ;
#2917 = LINE ( 'NONE', #1503, #1186 ) ;
#2918 = EDGE_CURVE ( 'NONE', #1612, #4489, #5776, .T. ) ;
#2919 = ADVANCED_FACE ( 'NONE', ( #2791 ), #2162, .F. ) ;
#2920 = FACE_OUTER_BOUND ( 'NONE', #6334, .T. ) ;
#2921 = AXIS2_PLACEMENT_3D ( 'NONE', #3462, #1456, #4640 ) ;
#2922 = ORIENTED_EDGE ( 'NONE', *, *, #5800, .T. ) ;
#2923 = EDGE_LOOP ( 'NONE', ( #248, #151, #6867, #2267 ) ) ;
#2924 = ORIENTED_EDGE ( 'NONE', *, *, #2141, .T. ) ;
#2925 = DIRECTION ( 'NONE',  ( -0.000000000000000000, 1.000000000000000000, -0.000000000000000000 ) ) ;
#2926 = CIRCLE ( 'NONE', #4266, 1.250000000000001110 ) ;
#2927 = DIRECTION ( 'NONE',  ( -0.000000000000000000, 1.000000000000000000, -0.000000000000000000 ) ) ;
#2928 = EDGE_CURVE ( 'NONE', #3135, #3562, #7372, .T. ) ;
#2929 = AXIS2_PLACEMENT_3D ( 'NONE', #6940, #6264, #524 ) ;
#2930 = EDGE_LOOP ( 'NONE', ( #3932, #1426, #908 ) ) ;
#2931 = CARTESIAN_POINT ( 'NONE',  ( -4.474999999999923261, 13.49999999999999822, 59.85000000000004405 ) ) ;
#2932 = CIRCLE ( 'NONE', #1202, 1.249999999999973355 ) ;
#2933 = DIRECTION ( 'NONE',  ( 0.000000000000000000, 0.000000000000000000, 1.000000000000000000 ) ) ;
#2934 = ORIENTED_EDGE ( 'NONE', *, *, #4331, .F. ) ;
#2935 = DIRECTION ( 'NONE',  ( -0.000000000000000000, 1.000000000000000000, 0.000000000000000000 ) ) ;
#2936 = FACE_BOUND ( 'NONE', #2090, .T. ) ;
#2937 = VECTOR ( 'NONE', #4952, 1000.000000000000000 ) ;
#2938 = VECTOR ( 'NONE', #5428, 1000.000000000000114 ) ;
#2939 = FACE_OUTER_BOUND ( 'NONE', #6694, .T. ) ;
#2940 = CARTESIAN_POINT ( 'NONE',  ( 229.9750000000001080, 22.00000000000000000, -34.74999999999995026 ) ) ;
#2941 = ADVANCED_FACE ( 'NONE', ( #902 ), #3374, .F. ) ;
#2942 = CARTESIAN_POINT ( 'NONE',  ( -4.474999999999979217, 22.00000000000000000, -30.79999999999999361 ) ) ;
#2943 = ORIENTED_EDGE ( 'NONE', *, *, #133, .F. ) ;
#2944 = EDGE_CURVE ( 'NONE', #1642, #7618, #7191, .T. ) ;
#2945 = DIRECTION ( 'NONE',  ( 0.000000000000000000, 0.000000000000000000, -1.000000000000000000 ) ) ;
#2946 = ORIENTED_EDGE ( 'NONE', *, *, #4824, .T. ) ;
#2947 = CARTESIAN_POINT ( 'NONE',  ( 229.9750000000001080, 12.74892422621554644, -17.90000000000000213 ) ) ;
#2948 = CARTESIAN_POINT ( 'NONE',  ( 224.4749999999986585, 10.77594197860300618, -43.42303056076066525 ) ) ;
#2949 = AXIS2_PLACEMENT_3D ( 'NONE', #4904, #6718, #8049 ) ;
#2950 = CYLINDRICAL_SURFACE ( 'NONE', #3325, 1.249999999999987121 ) ;
#2951 = CARTESIAN_POINT ( 'NONE',  ( -174.4749999999999943, 22.00000000000000000, -32.04999999999997584 ) ) ;
#2952 = ORIENTED_EDGE ( 'NONE', *, *, #3132, .F. ) ;
#2953 = CARTESIAN_POINT ( 'NONE',  ( -193.6750000000000398, 4.000000000000000000, -2.899999999999954614 ) ) ;
#2954 = ORIENTED_EDGE ( 'NONE', *, *, #2070, .T. ) ;
#2955 = CARTESIAN_POINT ( 'NONE',  ( 165.5250000000000341, 22.00000000000000000, -3.899946568576850379E-14 ) ) ;
#2956 = EDGE_LOOP ( 'NONE', ( #7617, #5819 ) ) ;
#2957 = DIRECTION ( 'NONE',  ( -0.000000000000000000, 1.000000000000000000, -0.000000000000000000 ) ) ;
#2958 = VECTOR ( 'NONE', #2129, 1000.000000000000000 ) ;
#2959 = PRESENTATION_LAYER_ASSIGNMENT (  '', '', ( #4961 ) ) ;
#2960 = CARTESIAN_POINT ( 'NONE',  ( -224.4749999999999943, 13.49999999999999822, -58.60000000000000142 ) ) ;
#2961 = CARTESIAN_POINT ( 'NONE',  ( 202.8250000000000455, 22.00000000000000000, 48.70000000000000995 ) ) ;
#2962 = FACE_OUTER_BOUND ( 'NONE', #3523, .T. ) ;
#2963 = EDGE_LOOP ( 'NONE', ( #5726, #7827, #7870, #7917 ) ) ;
#2964 = ORIENTED_EDGE ( 'NONE', *, *, #4101, .T. ) ;
#2965 = ORIENTED_EDGE ( 'NONE', *, *, #3585, .T. ) ;
#2966 = EDGE_CURVE ( 'NONE', #5992, #3679, #3453, .T. ) ;
#2967 = CYLINDRICAL_SURFACE ( 'NONE', #5050, 7.137400000000002187 ) ;
#2968 = CARTESIAN_POINT ( 'NONE',  ( 229.9750000000001080, 22.00000000000000000, -19.15000000000000213 ) ) ;
#2969 = EDGE_LOOP ( 'NONE', ( #3092, #6529, #1472, #2787 ) ) ;
#2970 = AXIS2_PLACEMENT_3D ( 'NONE', #3963, #2584, #3249 ) ;
#2971 = CARTESIAN_POINT ( 'NONE',  ( -241.7250000000000227, 22.00000000000000000, 3.252606517456513302E-16 ) ) ;
#2972 = CARTESIAN_POINT ( 'NONE',  ( -239.4750000000000227, 10.49999999999999822, 60.65000000000004121 ) ) ;
#2973 = ORIENTED_EDGE ( 'NONE', *, *, #1855, .F. ) ;
#2974 = CARTESIAN_POINT ( 'NONE',  ( 229.9750000000001080, 13.49999999999999822, 57.25000000000000000 ) ) ;
#2975 = EDGE_CURVE ( 'NONE', #398, #6061, #5510, .T. ) ;
#2976 = FACE_BOUND ( 'NONE', #6483, .T. ) ;
#2977 = EDGE_CURVE ( 'NONE', #72, #2348, #5196, .T. ) ;
#2978 = ADVANCED_FACE ( 'NONE', ( #1576 ), #3052, .F. ) ;
#2979 = AXIS2_PLACEMENT_3D ( 'NONE', #7714, #4532, #7089 ) ;
#2980 = FACE_OUTER_BOUND ( 'NONE', #7243, .T. ) ;
#2981 = DIRECTION ( 'NONE',  ( 1.049727191138618449E-16, 0.5150380749100544886, -0.8571673007021121116 ) ) ;
#2982 = DIRECTION ( 'NONE',  ( -0.000000000000000000, 1.000000000000000000, -0.000000000000000000 ) ) ;
#2983 = ORIENTED_EDGE ( 'NONE', *, *, #3720, .F. ) ;
#2984 = DIRECTION ( 'NONE',  ( -0.000000000000000000, -1.000000000000000000, -0.000000000000000000 ) ) ;
#2985 = ORIENTED_EDGE ( 'NONE', *, *, #5517, .T. ) ;
#2986 = CARTESIAN_POINT ( 'NONE',  ( 209.4750000000000227, 20.84529946162070502, -2.900000000000001688 ) ) ;
#2987 = CARTESIAN_POINT ( 'NONE',  ( 224.4749999999999943, 12.20899172797666488, -38.70000000000000995 ) ) ;
#2988 = VECTOR ( 'NONE', #1828, 1000.000000000000114 ) ;
#2989 = ADVANCED_FACE ( 'NONE', ( #7855 ), #4394, .F. ) ;
#2990 = EDGE_CURVE ( 'NONE', #7114, #4607, #1189, .T. ) ;
#2991 = DIRECTION ( 'NONE',  ( 0.000000000000000000, 0.000000000000000000, 1.000000000000000000 ) ) ;
#2992 = LINE ( 'NONE', #2296, #5574 ) ;
#2993 = EDGE_LOOP ( 'NONE', ( #6004, #6761 ) ) ;
#2994 = DIRECTION ( 'NONE',  ( 0.000000000000000000, 0.5150380749100536004, 0.8571673007021125557 ) ) ;
#2995 = ORIENTED_EDGE ( 'NONE', *, *, #727, .F. ) ;
#2996 = FACE_OUTER_BOUND ( 'NONE', #5297, .T. ) ;
#2997 = ORIENTED_EDGE ( 'NONE', *, *, #1770, .F. ) ;
#2998 = CARTESIAN_POINT ( 'NONE',  ( 214.4750000000000227, 4.000000000000000000, 53.70000000000000284 ) ) ;
#2999 = CARTESIAN_POINT ( 'NONE',  ( 165.5250000000000341, 22.00000000000000000, 30.79999999999999361 ) ) ;
#3000 = ADVANCED_FACE ( 'NONE', ( #2175 ), #4171, .F. ) ;
#3001 = DIRECTION ( 'NONE',  ( 0.000000000000000000, 0.000000000000000000, -1.000000000000000000 ) ) ;
#3002 = LINE ( 'NONE', #5568, #7637 ) ;
#3003 = EDGE_LOOP ( 'NONE', ( #3123, #7165, #4955, #7591 ) ) ;
#3004 = EDGE_LOOP ( 'NONE', ( #4408, #337, #4707 ) ) ;
#3005 = VERTEX_POINT ( 'NONE', #7276 ) ;
#3006 = FACE_OUTER_BOUND ( 'NONE', #5011, .T. ) ;
#3007 = CONICAL_SURFACE ( 'NONE', #7696, 1.250000000000001110, 1.029744258676655200 ) ;
#3008 = AXIS2_PLACEMENT_3D ( 'NONE', #1812, #5786, #1961 ) ;
#3009 = FACE_OUTER_BOUND ( 'NONE', #3807, .T. ) ;
#3010 = EDGE_CURVE ( 'NONE', #4607, #4635, #6687, .T. ) ;
#3011 = VERTEX_POINT ( 'NONE', #4085 ) ;
#3012 = DIRECTION ( 'NONE',  ( 1.000000000000000000, -0.000000000000000000, -0.000000000000000000 ) ) ;
#3013 = DIRECTION ( 'NONE',  ( 0.000000000000000000, 0.000000000000000000, 1.000000000000000000 ) ) ;
#3014 = ORIENTED_EDGE ( 'NONE', *, *, #2611, .T. ) ;
#3015 = DIRECTION ( 'NONE',  ( -0.000000000000000000, -1.000000000000000000, -0.000000000000000000 ) ) ;
#3016 = ADVANCED_FACE ( 'NONE', ( #824 ), #3857, .F. ) ;
#3017 = CARTESIAN_POINT ( 'NONE',  ( -208.6750000000000682, 20.84529946162070502, 22.90000000000005187 ) ) ;
#3018 = LINE ( 'NONE', #6338, #2160 ) ;
#3019 = CARTESIAN_POINT ( 'NONE',  ( -219.9749999999999091, 22.00000000000000000, -33.69999999999996021 ) ) ;
#3020 = EDGE_CURVE ( 'NONE', #6078, #6361, #7208, .T. ) ;
#3021 = CARTESIAN_POINT ( 'NONE',  ( 165.5250000000000341, 22.00000000000000000, 32.04999999999999716 ) ) ;
#3022 = ORIENTED_EDGE ( 'NONE', *, *, #2918, .T. ) ;
#3023 = ADVANCED_FACE ( 'NONE', ( #6071 ), #2874, .T. ) ;
#3024 = DIRECTION ( 'NONE',  ( 0.000000000000000000, 1.000000000000000000, -0.000000000000000000 ) ) ;
#3025 = VERTEX_POINT ( 'NONE', #6106 ) ;
#3026 = LINE ( 'NONE', #1150, #1117 ) ;
#3027 = AXIS2_PLACEMENT_3D ( 'NONE', #1661, #6772, #3580 ) ;
#3028 = DIRECTION ( 'NONE',  ( -0.000000000000000000, 1.000000000000000000, -0.000000000000000000 ) ) ;
#3029 = CARTESIAN_POINT ( 'NONE',  ( 100.5249999999999773, -1.402220585023716934E-15, -32.76566953025088935 ) ) ;
#3030 = CARTESIAN_POINT ( 'NONE',  ( 3.024999999999999911, 0.000000000000000000, -32.76566953025087514 ) ) ;
#3031 = ORIENTED_EDGE ( 'NONE', *, *, #4825, .F. ) ;
#3032 = EDGE_CURVE ( 'NONE', #4607, #7114, #392, .T. ) ;
#3033 = CARTESIAN_POINT ( 'NONE',  ( -4.474999999999979217, 13.49999999999999822, -30.79999999999999361 ) ) ;
#3034 = ORIENTED_EDGE ( 'NONE', *, *, #8158, .T. ) ;
#3035 = DIRECTION ( 'NONE',  ( -0.000000000000000000, 1.000000000000000000, -0.000000000000000000 ) ) ;
#3036 = ORIENTED_EDGE ( 'NONE', *, *, #1184, .T. ) ;
#3037 = DIRECTION ( 'NONE',  ( 0.000000000000000000, 0.000000000000000000, -1.000000000000000000 ) ) ;
#3038 = VECTOR ( 'NONE', #4736, 1000.000000000000000 ) ;
#3039 = DIRECTION ( 'NONE',  ( -0.000000000000000000, 1.000000000000000000, -0.000000000000000000 ) ) ;
#3040 = CARTESIAN_POINT ( 'NONE',  ( 214.4750000000000227, 4.000000000000000000, 48.70000000000000995 ) ) ;
#3041 = VECTOR ( 'NONE', #1638, 1000.000000000000000 ) ;
#3042 = DIRECTION ( 'NONE',  ( 0.000000000000000000, 1.000000000000000000, 0.000000000000000000 ) ) ;
#3043 = ORIENTED_EDGE ( 'NONE', *, *, #522, .F. ) ;
#3044 = ADVANCED_FACE ( 'NONE', ( #2414 ), #2950, .F. ) ;
#3045 = VERTEX_POINT ( 'NONE', #7398 ) ;
#3046 = EDGE_CURVE ( 'NONE', #826, #7653, #5479, .T. ) ;
#3047 = EDGE_LOOP ( 'NONE', ( #4012, #817, #3455, #1174 ) ) ;
#3048 = CARTESIAN_POINT ( 'NONE',  ( 3.024999999999971934, -1.402220585023716934E-15, 30.08433046974911562 ) ) ;
#3049 = VECTOR ( 'NONE', #1127, 1000.000000000000227 ) ;
#3050 = EDGE_LOOP ( 'NONE', ( #3786, #7272 ) ) ;
#3051 = DIRECTION ( 'NONE',  ( 0.000000000000000000, 0.000000000000000000, 1.000000000000000000 ) ) ;
#3052 = CONICAL_SURFACE ( 'NONE', #2794, 1.250000000000001110, 1.029744258676659197 ) ;
#3053 = DIRECTION ( 'NONE',  ( -0.000000000000000000, -1.000000000000000000, -0.000000000000000000 ) ) ;
#3054 = ORIENTED_EDGE ( 'NONE', *, *, #8070, .F. ) ;
#3055 = DIRECTION ( 'NONE',  ( -0.000000000000000000, 1.000000000000000000, -0.000000000000000000 ) ) ;
#3056 = CIRCLE ( 'NONE', #7217, 5.000000000000000888 ) ;
#3057 = CARTESIAN_POINT ( 'NONE',  ( 198.0250000000000057, -1.402220585023716934E-15, -32.76566953025089646 ) ) ;
#3058 = AXIS2_PLACEMENT_3D ( 'NONE', #6977, #3784, #6348 ) ;
#3059 = LINE ( 'NONE', #7588, #3756 ) ;
#3060 = AXIS2_PLACEMENT_3D ( 'NONE', #2341, #1243, #6195 ) ;
#3061 = CARTESIAN_POINT ( 'NONE',  ( 202.8250000000000455, 11.24892422621554822, 12.90000000000000213 ) ) ;
#3062 = DIRECTION ( 'NONE',  ( -0.000000000000000000, 1.000000000000000000, -0.000000000000000000 ) ) ;
#3063 = VERTEX_POINT ( 'NONE', #6810 ) ;
#3064 = CARTESIAN_POINT ( 'NONE',  ( 165.5250000000000341, 22.00000000000000000, 29.54999999999999361 ) ) ;
#3065 = ORIENTED_EDGE ( 'NONE', *, *, #1618, .T. ) ;
#3066 = DIRECTION ( 'NONE',  ( -0.000000000000000000, 1.000000000000000000, -0.000000000000000000 ) ) ;
#3067 = VECTOR ( 'NONE', #4830, 1000.000000000000000 ) ;
#3068 = CARTESIAN_POINT ( 'NONE',  ( 224.4749999999999659, 12.20899172797666310, -43.70000000000000284 ) ) ;
#3069 = VECTOR ( 'NONE', #1238, 1000.000000000000000 ) ;
#3070 = EDGE_CURVE ( 'NONE', #1736, #169, #5518, .T. ) ;
#3071 = EDGE_CURVE ( 'NONE', #5262, #4797, #3703, .T. ) ;
#3072 = CARTESIAN_POINT ( 'NONE',  ( -215.3250000000000455, 22.00000000000000000, -19.14999999999995950 ) ) ;
#3073 = DIRECTION ( 'NONE',  ( -0.000000000000000000, 1.000000000000000000, -0.000000000000000000 ) ) ;
#3074 = CARTESIAN_POINT ( 'NONE',  ( 241.9749999999999659, 0.000000000000000000, 64.00000000000000000 ) ) ;
#3075 = ORIENTED_EDGE ( 'NONE', *, *, #2897, .T. ) ;
#3076 = AXIS2_PLACEMENT_3D ( 'NONE', #7046, #2022, #728 ) ;
#3077 = LINE ( 'NONE', #5643, #4304 ) ;
#3078 = ORIENTED_EDGE ( 'NONE', *, *, #6103, .F. ) ;
#3079 = DIRECTION ( 'NONE',  ( -1.000000000000000000, -0.000000000000000000, 0.000000000000000000 ) ) ;
#3080 = ORIENTED_EDGE ( 'NONE', *, *, #2799, .F. ) ;
#3081 = CARTESIAN_POINT ( 'NONE',  ( 165.5250000000000341, 13.49999999999999822, 30.79999999999999361 ) ) ;
#3082 = AXIS2_PLACEMENT_3D ( 'NONE', #7141, #2612, #5806 ) ;
#3083 = DIRECTION ( 'NONE',  ( 0.000000000000000000, 0.000000000000000000, 1.000000000000000000 ) ) ;
#3084 = CIRCLE ( 'NONE', #3343, 7.963026999999997635 ) ;
#3085 = ADVANCED_FACE ( 'NONE', ( #5594 ), #4927, .F. ) ;
#3086 = ADVANCED_FACE ( 'NONE', ( #2910 ), #2127, .F. ) ;
#3087 = DIRECTION ( 'NONE',  ( -0.000000000000000000, 1.000000000000000000, -0.000000000000000000 ) ) ;
#3088 = PLANE ( 'NONE',  #822 ) ;
#3089 = EDGE_LOOP ( 'NONE', ( #7779, #6268, #4846 ) ) ;
#3090 = AXIS2_PLACEMENT_3D ( 'NONE', #12, #8246, #4327 ) ;
#3091 = AXIS2_PLACEMENT_3D ( 'NONE', #5098, #5778, #4425 ) ;
#3092 = ORIENTED_EDGE ( 'NONE', *, *, #6976, .F. ) ;
#3093 = CARTESIAN_POINT ( 'NONE',  ( -174.4749999999999375, 22.00000000000000000, 58.60000000000005826 ) ) ;
#3094 = AXIS2_PLACEMENT_3D ( 'NONE', #804, #5918, #5284 ) ;
#3095 = ADVANCED_FACE ( 'NONE', ( #7526 ), #6672, .F. ) ;
#3096 = ORIENTED_EDGE ( 'NONE', *, *, #5277, .F. ) ;
#3097 = CARTESIAN_POINT ( 'NONE',  ( 191.1750000000000114, 22.00000000000000000, 0.000000000000000000 ) ) ;
#3098 = DIRECTION ( 'NONE',  ( -0.000000000000000000, 1.000000000000000000, -0.000000000000000000 ) ) ;
#3099 = EDGE_LOOP ( 'NONE', ( #3984, #1324, #6491 ) ) ;
#3100 = CONICAL_SURFACE ( 'NONE', #4175, 1.250000000000001110, 1.029744258676654090 ) ;
#3101 = DIRECTION ( 'NONE',  ( 0.000000000000000000, 0.000000000000000000, 1.000000000000000000 ) ) ;
#3102 = CARTESIAN_POINT ( 'NONE',  ( 239.4749999999999659, 10.49999999999999822, -58.99999999999995026 ) ) ;
#3103 = AXIS2_PLACEMENT_3D ( 'NONE', #428, #1597, #4147 ) ;
#3104 = EDGE_CURVE ( 'NONE', #5600, #4140, #523, .T. ) ;
#3105 = VECTOR ( 'NONE', #5792, 1000.000000000000000 ) ;
#3106 = FACE_OUTER_BOUND ( 'NONE', #4339, .T. ) ;
#3107 = AXIS2_PLACEMENT_3D ( 'NONE', #6749, #2813, #5375 ) ;
#3108 = CARTESIAN_POINT ( 'NONE',  ( -174.4749999999999943, 22.00000000000000000, 0.000000000000000000 ) ) ;
#3109 = VERTEX_POINT ( 'NONE', #8098 ) ;
#3110 = FACE_OUTER_BOUND ( 'NONE', #685, .T. ) ;
#3111 = VERTEX_POINT ( 'NONE', #4214 ) ;
#3112 = FACE_OUTER_BOUND ( 'NONE', #846, .T. ) ;
#3113 = CIRCLE ( 'NONE', #7795, 1.249999999999987121 ) ;
#3114 = DIRECTION ( 'NONE',  ( -0.000000000000000000, 1.000000000000000000, -0.000000000000000000 ) ) ;
#3115 = DIRECTION ( 'NONE',  ( -0.000000000000000000, 1.000000000000000000, -0.000000000000000000 ) ) ;
#3116 = CARTESIAN_POINT ( 'NONE',  ( 239.4749999999999659, 10.49999999999999822, -60.64999999999993463 ) ) ;
#3117 = CARTESIAN_POINT ( 'NONE',  ( 234.1449999999999534, 10.99999999999998757, -46.20000000000000284 ) ) ;
#3118 = ORIENTED_EDGE ( 'NONE', *, *, #415, .F. ) ;
#3119 = LINE ( 'NONE', #1076, #7516 ) ;
#3120 = VERTEX_POINT ( 'NONE', #1785 ) ;
#3121 = DIRECTION ( 'NONE',  ( 0.000000000000000000, 0.000000000000000000, -1.000000000000000000 ) ) ;
#3122 = ADVANCED_FACE ( 'NONE', ( #1823 ), #652, .F. ) ;
#3123 = ORIENTED_EDGE ( 'NONE', *, *, #5700, .F. ) ;
#3124 = DIRECTION ( 'NONE',  ( -0.000000000000000000, 1.000000000000000000, -0.000000000000000000 ) ) ;
#3125 = DIRECTION ( 'NONE',  ( 0.000000000000000000, 0.000000000000000000, 1.000000000000000000 ) ) ;
#3126 = CARTESIAN_POINT ( 'NONE',  ( -231.9750000000000227, 22.00000000000000000, 55.70000000000018048 ) ) ;
#3127 = AXIS2_PLACEMENT_3D ( 'NONE', #716, #756, #6738 ) ;
#3128 = DIRECTION ( 'NONE',  ( -0.000000000000000000, 0.000000000000000000, 1.000000000000000000 ) ) ;
#3129 = EDGE_LOOP ( 'NONE', ( #5406, #1236, #5147 ) ) ;
#3130 = ORIENTED_EDGE ( 'NONE', *, *, #7784, .T. ) ;
#3131 = AXIS2_PLACEMENT_3D ( 'NONE', #2971, #971, #6167 ) ;
#3132 = EDGE_CURVE ( 'NONE', #3735, #695, #4657, .T. ) ;
#3133 =( NAMED_UNIT ( * ) SI_UNIT ( $, .STERADIAN. ) SOLID_ANGLE_UNIT ( ) );
#3134 = AXIS2_PLACEMENT_3D ( 'NONE', #6776, #3584, #3631 ) ;
#3135 = VERTEX_POINT ( 'NONE', #5554 ) ;
#3136 = DIRECTION ( 'NONE',  ( 0.000000000000000000, 0.000000000000000000, 1.000000000000000000 ) ) ;
#3137 = CARTESIAN_POINT ( 'NONE',  ( 224.3296974072249554, 10.14226098443406343, 53.70000000000000995 ) ) ;
#3138 = EDGE_CURVE ( 'NONE', #3409, #608, #1193, .T. ) ;
#3139 = ORIENTED_EDGE ( 'NONE', *, *, #6461, .F. ) ;
#3140 = DIRECTION ( 'NONE',  ( 0.000000000000000000, 0.000000000000000000, -1.000000000000000000 ) ) ;
#3141 = DIRECTION ( 'NONE',  ( 0.000000000000000000, 1.000000000000000000, 0.000000000000000000 ) ) ;
#3142 = AXIS2_PLACEMENT_3D ( 'NONE', #436, #4159, #4997 ) ;
#3143 = DIRECTION ( 'NONE',  ( 1.000000000000000000, -0.000000000000000000, -0.000000000000000000 ) ) ;
#3144 = DIRECTION ( 'NONE',  ( -0.000000000000000000, 1.000000000000000000, -0.000000000000000000 ) ) ;
#3145 = ORIENTED_EDGE ( 'NONE', *, *, #4102, .T. ) ;
#3146 = DIRECTION ( 'NONE',  ( 0.000000000000000000, 0.000000000000000000, 1.000000000000000000 ) ) ;
#3147 = VERTEX_POINT ( 'NONE', #4878 ) ;
#3148 = AXIS2_PLACEMENT_3D ( 'NONE', #669, #172, #2721 ) ;
#3149 = EDGE_CURVE ( 'NONE', #7488, #2313, #3741, .T. ) ;
#3150 = DIRECTION ( 'NONE',  ( -0.000000000000000000, 1.000000000000000000, -0.000000000000000000 ) ) ;
#3151 = DIRECTION ( 'NONE',  ( -1.000000000000000000, 0.000000000000000000, 1.202972179678357944E-16 ) ) ;
#3152 = CARTESIAN_POINT ( 'NONE',  ( -188.6750000000000398, 4.000000000000000000, 2.900000000000046541 ) ) ;
#3153 = CARTESIAN_POINT ( 'NONE',  ( 234.1449999999999534, 10.99999999999998757, 46.20000000000000284 ) ) ;
#3154 = DIRECTION ( 'NONE',  ( 0.000000000000000000, -0.5150380749100501587, -0.8571673007021147761 ) ) ;
#3155 = VERTEX_POINT ( 'NONE', #361 ) ;
#3156 = DIRECTION ( 'NONE',  ( 0.000000000000000000, 0.000000000000000000, 1.000000000000000000 ) ) ;
#3157 = VERTEX_POINT ( 'NONE', #2295 ) ;
#3158 = DIRECTION ( 'NONE',  ( -1.000000000000000000, 0.000000000000000000, 0.000000000000000000 ) ) ;
#3159 = ORIENTED_EDGE ( 'NONE', *, *, #2600, .F. ) ;
#3160 = AXIS2_PLACEMENT_3D ( 'NONE', #4719, #7155, #1496 ) ;
#3161 = DIRECTION ( 'NONE',  ( -0.000000000000000000, 1.000000000000000000, -0.000000000000000000 ) ) ;
#3162 = DIRECTION ( 'NONE',  ( 0.000000000000000000, 1.000000000000000000, 0.000000000000000000 ) ) ;
#3163 = DIRECTION ( 'NONE',  ( 0.000000000000000000, 0.000000000000000000, 1.000000000000000000 ) ) ;
#3164 = CARTESIAN_POINT ( 'NONE',  ( 219.4826772021489205, 10.79829039482907937, -53.70000000000000284 ) ) ;
#3165 = ORIENTED_EDGE ( 'NONE', *, *, #21, .F. ) ;
#3166 = DIRECTION ( 'NONE',  ( -1.000000000000000000, 0.000000000000000000, 1.202972179678357944E-16 ) ) ;
#3167 = ORIENTED_EDGE ( 'NONE', *, *, #2236, .T. ) ;
#3168 = ORIENTED_EDGE ( 'NONE', *, *, #6831, .T. ) ;
#3169 = ADVANCED_FACE ( 'NONE', ( #4296 ), #2395, .F. ) ;
#3170 = ADVANCED_FACE ( 'NONE', ( #4916 ), #6142, .F. ) ;
#3171 = VERTEX_POINT ( 'NONE', #1071 ) ;
#3172 = DIRECTION ( 'NONE',  ( -0.000000000000000000, 1.000000000000000000, -0.000000000000000000 ) ) ;
#3173 = DIRECTION ( 'NONE',  ( 0.000000000000000000, 0.000000000000000000, 1.000000000000000000 ) ) ;
#3174 = ORIENTED_EDGE ( 'NONE', *, *, #3494, .F. ) ;
#3175 = AXIS2_PLACEMENT_3D ( 'NONE', #1718, #381, #7503 ) ;
#3176 = LINE ( 'NONE', #2559, #8048 ) ;
#3177 = DIRECTION ( 'NONE',  ( 0.000000000000000000, 0.000000000000000000, 1.000000000000000000 ) ) ;
#3178 = CIRCLE ( 'NONE', #1981, 4.999999999999997335 ) ;
#3179 = EDGE_CURVE ( 'NONE', #4096, #504, #8006, .T. ) ;
#3180 = AXIS2_PLACEMENT_3D ( 'NONE', #7945, #3502, #327 ) ;
#3181 = DIRECTION ( 'NONE',  ( -1.202972179678357944E-16, 0.000000000000000000, -1.000000000000000000 ) ) ;
#3182 = CARTESIAN_POINT ( 'NONE',  ( -174.4749999999999375, 22.00000000000000000, 59.85000000000006537 ) ) ;
#3183 = ORIENTED_EDGE ( 'NONE', *, *, #3327, .T. ) ;
#3184 = CARTESIAN_POINT ( 'NONE',  ( -224.4749999999999943, 22.00000000000000000, 58.60000000000005826 ) ) ;
#3185 = VERTEX_POINT ( 'NONE', #3116 ) ;
#3186 = DIRECTION ( 'NONE',  ( -0.000000000000000000, 1.000000000000000000, -0.000000000000000000 ) ) ;
#3187 = CIRCLE ( 'NONE', #3867, 1.250000000000001110 ) ;
#3188 = FACE_OUTER_BOUND ( 'NONE', #3129, .T. ) ;
#3189 = AXIS2_PLACEMENT_3D ( 'NONE', #5392, #2117, #2833 ) ;
#3190 = VECTOR ( 'NONE', #285, 1000.000000000000227 ) ;
#3191 = EDGE_CURVE ( 'NONE', #5210, #1897, #1591, .T. ) ;
#3192 = FACE_OUTER_BOUND ( 'NONE', #2318, .T. ) ;
#3193 = CARTESIAN_POINT ( 'NONE',  ( -4.474999999999979217, 13.49999999999999822, 30.80000000000001492 ) ) ;
#3194 = EDGE_LOOP ( 'NONE', ( #3380, #1975, #5437, #1540 ) ) ;
#3195 = CARTESIAN_POINT ( 'NONE',  ( 239.4749999999999943, 10.49999999999999822, 59.00000000000000711 ) ) ;
#3196 = ORIENTED_EDGE ( 'NONE', *, *, #3393, .T. ) ;
#3197 = DIRECTION ( 'NONE',  ( 0.000000000000000000, 0.000000000000000000, 1.000000000000000000 ) ) ;
#3198 = ORIENTED_EDGE ( 'NONE', *, *, #7735, .F. ) ;
#3199 = VECTOR ( 'NONE', #4455, 1000.000000000000000 ) ;
#3200 = DIRECTION ( 'NONE',  ( -0.000000000000000000, 1.000000000000000000, -0.000000000000000000 ) ) ;
#3201 = VECTOR ( 'NONE', #4565, 1000.000000000000000 ) ;
#3202 = FACE_OUTER_BOUND ( 'NONE', #6454, .T. ) ;
#3203 = CIRCLE ( 'NONE', #7895, 1.250000000000001110 ) ;
#3204 = VECTOR ( 'NONE', #7017, 1000.000000000000000 ) ;
#3205 = EDGE_CURVE ( 'NONE', #1090, #1129, #8259, .T. ) ;
#3206 = DIRECTION ( 'NONE',  ( -0.000000000000000000, 1.000000000000000000, -0.000000000000000000 ) ) ;
#3207 = DIRECTION ( 'NONE',  ( -0.000000000000000000, 1.000000000000000000, -0.000000000000000000 ) ) ;
#3208 = EDGE_LOOP ( 'NONE', ( #1768, #5171, #1463, #3861 ) ) ;
#3209 = CARTESIAN_POINT ( 'NONE',  ( 229.9750000000001080, 13.49999999999999822, 54.75000000000000000 ) ) ;
#3210 = ORIENTED_EDGE ( 'NONE', *, *, #1301, .F. ) ;
#3211 = ORIENTED_EDGE ( 'NONE', *, *, #377, .T. ) ;
#3212 = VECTOR ( 'NONE', #635, 1000.000000000000000 ) ;
#3213 = CARTESIAN_POINT ( 'NONE',  ( 234.1449999999999534, 10.99999999999998757, -53.85373296636841900 ) ) ;
#3214 = CONICAL_SURFACE ( 'NONE', #7628, 1.250000000000001110, 1.029744258676654090 ) ;
#3215 = VECTOR ( 'NONE', #6376, 1000.000000000000000 ) ;
#3216 = AXIS2_PLACEMENT_3D ( 'NONE', #8025, #1498, #5308 ) ;
#3217 = VECTOR ( 'NONE', #1784, 1000.000000000000000 ) ;
#3218 = DIRECTION ( 'NONE',  ( 0.000000000000000000, 0.5150380749100536004, 0.8571673007021125557 ) ) ;
#3219 = ORIENTED_EDGE ( 'NONE', *, *, #2392, .F. ) ;
#3220 = LINE ( 'NONE', #5063, #202 ) ;
#3221 = CARTESIAN_POINT ( 'NONE',  ( 224.4750000000013017, 11.22360374662903482, 48.97700605466577883 ) ) ;
#3222 = EDGE_LOOP ( 'NONE', ( #7765, #329, #2805, #1023 ) ) ;
#3223 = ADVANCED_FACE ( 'NONE', ( #7600 ), #68, .F. ) ;
#3224 = CARTESIAN_POINT ( 'NONE',  ( 219.4749999999999659, 12.20899172797666488, -48.70000000000000995 ) ) ;
#3225 = AXIS2_PLACEMENT_3D ( 'NONE', #867, #2758, #1580 ) ;
#3226 = CONICAL_SURFACE ( 'NONE', #691, 1.250000000000001110, 1.029744258676655200 ) ;
#3227 = DIRECTION ( 'NONE',  ( 0.000000000000000000, 0.000000000000000000, -1.000000000000000000 ) ) ;
#3228 = CARTESIAN_POINT ( 'NONE',  ( -188.6750000000000398, 22.00000000000000000, -5.899999999999846700 ) ) ;
#3229 = AXIS2_PLACEMENT_3D ( 'NONE', #7048, #7635, #2649 ) ;
#3230 = DIRECTION ( 'NONE',  ( -0.000000000000000000, 1.000000000000000000, -0.000000000000000000 ) ) ;
#3231 = ORIENTED_EDGE ( 'NONE', *, *, #4403, .T. ) ;
#3232 = CARTESIAN_POINT ( 'NONE',  ( -4.474999999999979217, 13.49999999999999822, -30.79999999999999361 ) ) ;
#3233 = ORIENTED_EDGE ( 'NONE', *, *, #7914, .F. ) ;
#3234 = EDGE_CURVE ( 'NONE', #6188, #312, #2031, .T. ) ;
#3235 = CARTESIAN_POINT ( 'NONE',  ( 234.1449999999999534, 10.99999999999998757, 38.54626703363159379 ) ) ;
#3236 = EDGE_CURVE ( 'NONE', #5262, #5185, #4128, .T. ) ;
#3237 = DIRECTION ( 'NONE',  ( 0.000000000000000000, -1.000000000000000000, 0.000000000000000000 ) ) ;
#3238 = CIRCLE ( 'NONE', #3370, 4.999999999999997335 ) ;
#3239 = AXIS2_PLACEMENT_3D ( 'NONE', #1915, #80, #4505 ) ;
#3240 = FACE_OUTER_BOUND ( 'NONE', #7403, .T. ) ;
#3241 = CARTESIAN_POINT ( 'NONE',  ( 239.4749999999999659, 22.00000000000000000, -57.34999999999996589 ) ) ;
#3242 = DIRECTION ( 'NONE',  ( 0.000000000000000000, 0.000000000000000000, -1.000000000000000000 ) ) ;
#3243 = ORIENTED_EDGE ( 'NONE', *, *, #4351, .F. ) ;
#3244 = CARTESIAN_POINT ( 'NONE',  ( -219.9749999999999091, 22.00000000000000000, -33.69999999999996021 ) ) ;
#3245 = ORIENTED_EDGE ( 'NONE', *, *, #146, .F. ) ;
#3246 = DIRECTION ( 'NONE',  ( 0.000000000000000000, 0.000000000000000000, 1.000000000000000000 ) ) ;
#3247 = VERTEX_POINT ( 'NONE', #5042 ) ;
#3248 = AXIS2_PLACEMENT_3D ( 'NONE', #5094, #1910, #2622 ) ;
#3249 = DIRECTION ( 'NONE',  ( 0.000000000000000000, 0.000000000000000000, 1.000000000000000000 ) ) ;
#3250 = EDGE_CURVE ( 'NONE', #5960, #4173, #4493, .T. ) ;
#3251 = ADVANCED_FACE ( 'NONE', ( #5208 ), #7483, .F. ) ;
#3252 = LINE ( 'NONE', #5773, #5334 ) ;
#3253 = VECTOR ( 'NONE', #1273, 1000.000000000000114 ) ;
#3254 = CARTESIAN_POINT ( 'NONE',  ( -94.47500000000000853, 8.499999999999992895, -32.76566953025086804 ) ) ;
#3255 = DIRECTION ( 'NONE',  ( -0.000000000000000000, 1.000000000000000000, -0.000000000000000000 ) ) ;
#3256 = VERTEX_POINT ( 'NONE', #4586 ) ;
#3257 = DIRECTION ( 'NONE',  ( -0.000000000000000000, -1.000000000000000000, -0.000000000000000000 ) ) ;
#3258 = VERTEX_POINT ( 'NONE', #26 ) ;
#3259 = ORIENTED_EDGE ( 'NONE', *, *, #4059, .T. ) ;
#3260 = EDGE_CURVE ( 'NONE', #2021, #5185, #7679, .T. ) ;
#3261 = DIRECTION ( 'NONE',  ( 1.000000000000000000, -0.000000000000000000, -0.000000000000000000 ) ) ;
#3262 = ORIENTED_EDGE ( 'NONE', *, *, #5302, .F. ) ;
#3263 = PLANE ( 'NONE',  #588 ) ;
#3264 = CARTESIAN_POINT ( 'NONE',  ( 219.4750000050836150, 9.992389885825380347, 53.70000000000000284 ) ) ;
#3265 = ORIENTED_EDGE ( 'NONE', *, *, #7312, .T. ) ;
#3266 = DIRECTION ( 'NONE',  ( 0.000000000000000000, 0.000000000000000000, 1.000000000000000000 ) ) ;
#3267 = EDGE_CURVE ( 'NONE', #1255, #7067, #2654, .T. ) ;
#3268 = CARTESIAN_POINT ( 'NONE',  ( -203.6750000000000398, 20.84529946162070502, 22.90000000000004832 ) ) ;
#3269 = PLANE ( 'NONE',  #960 ) ;
#3270 = VERTEX_POINT ( 'NONE', #4413 ) ;
#3271 = ORIENTED_EDGE ( 'NONE', *, *, #7235, .F. ) ;
#3272 = DIRECTION ( 'NONE',  ( 0.000000000000000000, 0.000000000000000000, -1.000000000000000000 ) ) ;
#3273 = ORIENTED_EDGE ( 'NONE', *, *, #5069, .T. ) ;
#3274 = CARTESIAN_POINT ( 'NONE',  ( 226.4750000000000796, 22.00000000000000000, -43.70000000000000284 ) ) ;
#3275 = CARTESIAN_POINT ( 'NONE',  ( 165.5250000000000341, 13.49999999999999822, 32.04999999999999716 ) ) ;
#3276 = EDGE_CURVE ( 'NONE', #6945, #8127, #8269, .T. ) ;
#3277 = LINE ( 'NONE', #6478, #2856 ) ;
#3278 = EDGE_CURVE ( 'NONE', #6827, #2597, #8140, .T. ) ;
#3279 = VECTOR ( 'NONE', #5135, 1000.000000000000000 ) ;
#3281 = DIRECTION ( 'NONE',  ( 1.000000000000000000, -0.000000000000000000, -0.000000000000000000 ) ) ;
#3280 = CIRCLE ( 'NONE', #3142, 2.999999999999891642 ) ;
#3282 = CARTESIAN_POINT ( 'NONE',  ( 176.1750000000000398, 20.84529946162070502, 33.70000000000001705 ) ) ;
#3283 = ORIENTED_EDGE ( 'NONE', *, *, #929, .T. ) ;
#3284 = CARTESIAN_POINT ( 'NONE',  ( 196.1750000000000114, 20.84529946162070502, 53.69999999999999574 ) ) ;
#3285 = ORIENTED_EDGE ( 'NONE', *, *, #3764, .T. ) ;
#3286 = CARTESIAN_POINT ( 'NONE',  ( -4.474999999999979217, 13.49999999999999822, -1.949973284288425189E-14 ) ) ;
#3287 = ORIENTED_EDGE ( 'NONE', *, *, #6266, .T. ) ;
#3288 = DIRECTION ( 'NONE',  ( 0.000000000000000000, 0.000000000000000000, 1.000000000000000000 ) ) ;
#3289 = DIRECTION ( 'NONE',  ( 0.000000000000000000, 0.000000000000000000, -1.000000000000000000 ) ) ;
#3290 = EDGE_CURVE ( 'NONE', #8081, #7957, #7053, .T. ) ;
#3291 = DIRECTION ( 'NONE',  ( 1.000000000000000000, -0.000000000000000000, -0.000000000000000000 ) ) ;
#3292 = CARTESIAN_POINT ( 'NONE',  ( 219.4772598664448253, 11.80593277469704283, -53.69999999999999574 ) ) ;
#3293 = ORIENTED_EDGE ( 'NONE', *, *, #1181, .T. ) ;
#3294 = CARTESIAN_POINT ( 'NONE',  ( -231.9750000000000227, 22.00000000000000000, 55.70000000000017337 ) ) ;
#3295 = VERTEX_POINT ( 'NONE', #5843 ) ;
#3296 = ORIENTED_EDGE ( 'NONE', *, *, #6934, .T. ) ;
#3297 = CIRCLE ( 'NONE', #8108, 1.250000000000001110 ) ;
#3298 = ADVANCED_FACE ( 'NONE', ( #2575 ), #1365, .F. ) ;
#3299 = DIRECTION ( 'NONE',  ( 0.000000000000000000, 0.4999999999999924505, -0.8660254037844429265 ) ) ;
#3300 = VERTEX_POINT ( 'NONE', #5679 ) ;
#3301 = CARTESIAN_POINT ( 'NONE',  ( 224.4749999999999659, 20.84529946162070502, -7.900000000000003908 ) ) ;
#3302 = CARTESIAN_POINT ( 'NONE',  ( 100.5249999999999773, 8.499999999999992895, -34.01566953025087514 ) ) ;
#3303 = ORIENTED_EDGE ( 'NONE', *, *, #5448, .F. ) ;
#3304 = AXIS2_PLACEMENT_3D ( 'NONE', #1648, #6250, #6129 ) ;
#3305 = CARTESIAN_POINT ( 'NONE',  ( -191.9750000000000227, 0.000000000000000000, 27.58433046974914760 ) ) ;
#3306 = DIRECTION ( 'NONE',  ( -0.000000000000000000, 1.000000000000000000, -0.000000000000000000 ) ) ;
#3307 = ORIENTED_EDGE ( 'NONE', *, *, #837, .F. ) ;
#3308 = FACE_OUTER_BOUND ( 'NONE', #2435, .T. ) ;
#3309 = ORIENTED_EDGE ( 'NONE', *, *, #6225, .T. ) ;
#3310 = ORIENTED_EDGE ( 'NONE', *, *, #2918, .F. ) ;
#3311 = CARTESIAN_POINT ( 'NONE',  ( -4.474999999999979217, 22.00000000000000000, -59.85000000000002274 ) ) ;
#3312 = ORIENTED_EDGE ( 'NONE', *, *, #5605, .F. ) ;
#3313 = LINE ( 'NONE', #144, #4055 ) ;
#3314 = AXIS2_PLACEMENT_3D ( 'NONE', #5676, #6300, #3151 ) ;
#3315 = DIRECTION ( 'NONE',  ( 0.000000000000000000, 0.000000000000000000, 1.000000000000000000 ) ) ;
#3316 = DIRECTION ( 'NONE',  ( -0.000000000000000000, -0.000000000000000000, -1.000000000000000000 ) ) ;
#3317 = VECTOR ( 'NONE', #5988, 1000.000000000000000 ) ;
#3318 = FACE_OUTER_BOUND ( 'NONE', #5812, .T. ) ;
#3319 = CARTESIAN_POINT ( 'NONE',  ( -174.4749999999999943, 13.49999999999999822, 32.05000000000003979 ) ) ;
#3320 = ORIENTED_EDGE ( 'NONE', *, *, #5922, .T. ) ;
#3321 = CARTESIAN_POINT ( 'NONE',  ( -224.4749999999999943, 13.49999999999999822, -61.10000000000000142 ) ) ;
#3322 = VERTEX_POINT ( 'NONE', #643 ) ;
#3323 = FACE_OUTER_BOUND ( 'NONE', #4239, .T. ) ;
#3324 = ORIENTED_EDGE ( 'NONE', *, *, #3927, .T. ) ;
#3325 = AXIS2_PLACEMENT_3D ( 'NONE', #4840, #3667, #6861 ) ;
#3326 = DIRECTION ( 'NONE',  ( 0.000000000000000000, 0.5150380749100536004, 0.8571673007021125557 ) ) ;
#3327 = EDGE_CURVE ( 'NONE', #3345, #6606, #260, .T. ) ;
#3328 = FACE_OUTER_BOUND ( 'NONE', #7530, .T. ) ;
#3329 = ADVANCED_FACE ( 'NONE', ( #602 ), #5720, .F. ) ;
#3330 = AXIS2_PLACEMENT_3D ( 'NONE', #3926, #6488, #1871 ) ;
#3331 = CARTESIAN_POINT ( 'NONE',  ( 229.9750000000001080, 22.00000000000000000, -55.99999999999994316 ) ) ;
#3332 = CARTESIAN_POINT ( 'NONE',  ( 244.4749999999999659, 10.99999999999998934, 54.16302699999999959 ) ) ;
#3333 = ORIENTED_EDGE ( 'NONE', *, *, #7538, .T. ) ;
#3334 = AXIS2_PLACEMENT_3D ( 'NONE', #1509, #5952, #6041 ) ;
#3335 = FACE_OUTER_BOUND ( 'NONE', #6074, .T. ) ;
#3336 = ORIENTED_EDGE ( 'NONE', *, *, #5359, .F. ) ;
#3337 = ORIENTED_EDGE ( 'NONE', *, *, #6103, .T. ) ;
#3338 = ADVANCED_FACE ( 'NONE', ( #3192 ), #4534, .F. ) ;
#3339 = ADVANCED_FACE ( 'NONE', ( #4623 ), #6636, .T. ) ;
#3340 = ADVANCED_FACE ( 'NONE', ( #3318 ), #4662, .T. ) ;
#3341 = CARTESIAN_POINT ( 'NONE',  ( -215.3250000000000455, 13.49999999999999822, -17.89999999999995595 ) ) ;
#3342 = ORIENTED_EDGE ( 'NONE', *, *, #1896, .F. ) ;
#3343 = AXIS2_PLACEMENT_3D ( 'NONE', #4698, #3480, #884 ) ;
#3344 = DIRECTION ( 'NONE',  ( -0.000000000000000000, -1.000000000000000000, -0.000000000000000000 ) ) ;
#3345 = VERTEX_POINT ( 'NONE', #7888 ) ;
#3346 = EDGE_CURVE ( 'NONE', #651, #1396, #3187, .T. ) ;
#3347 = AXIS2_PLACEMENT_3D ( 'NONE', #1731, #6673, #4287 ) ;
#3348 = EDGE_CURVE ( 'NONE', #7156, #5276, #2780, .T. ) ;
#3349 = CARTESIAN_POINT ( 'NONE',  ( 219.4826781170588959, 10.66971962331487767, 53.70000000000000284 ) ) ;
#3350 = DIRECTION ( 'NONE',  ( 0.000000000000000000, 0.000000000000000000, 1.000000000000000000 ) ) ;
#3351 = ORIENTED_EDGE ( 'NONE', *, *, #1036, .F. ) ;
#3352 = CARTESIAN_POINT ( 'NONE',  ( 229.9750000000001080, 13.49999999999999822, -55.99999999999994316 ) ) ;
#3353 = VERTEX_POINT ( 'NONE', #7845 ) ;
#3354 = FACE_OUTER_BOUND ( 'NONE', #7454, .T. ) ;
#3355 = VERTEX_POINT ( 'NONE', #7806 ) ;
#3356 = CIRCLE ( 'NONE', #5103, 1.250000000000001110 ) ;
#3357 = AXIS2_PLACEMENT_3D ( 'NONE', #3331, #5899, #7025 ) ;
#3358 = CARTESIAN_POINT ( 'NONE',  ( 176.1750000000000398, 20.84529946162070502, 27.90000000000000213 ) ) ;
#3359 = DIRECTION ( 'NONE',  ( 1.000000000000000000, 0.000000000000000000, -1.202972179678357944E-16 ) ) ;
#3360 = EDGE_CURVE ( 'NONE', #7947, #6783, #892, .T. ) ;
#3361 = DIRECTION ( 'NONE',  ( 0.000000000000000000, 0.000000000000000000, 1.000000000000000000 ) ) ;
#3362 = DIRECTION ( 'NONE',  ( 0.000000000000000000, 0.000000000000000000, -1.000000000000000000 ) ) ;
#3363 = CARTESIAN_POINT ( 'NONE',  ( 165.5250000000000341, 13.49999999999999822, -59.85000000000004405 ) ) ;
#3364 = ORIENTED_EDGE ( 'NONE', *, *, #290, .T. ) ;
#3365 = CARTESIAN_POINT ( 'NONE',  ( -208.6750000000000682, 4.000000000000000000, 17.90000000000004832 ) ) ;
#3366 = ORIENTED_EDGE ( 'NONE', *, *, #3278, .T. ) ;
#3367 = DIRECTION ( 'NONE',  ( 0.000000000000000000, 1.000000000000000000, 0.000000000000000000 ) ) ;
#3368 = ORIENTED_EDGE ( 'NONE', *, *, #8256, .F. ) ;
#3369 = CARTESIAN_POINT ( 'NONE',  ( 3.024999999999971934, 8.499999999999992895, 28.83433046974912628 ) ) ;
#3370 = AXIS2_PLACEMENT_3D ( 'NONE', #6754, #5541, #5666 ) ;
#3371 = CARTESIAN_POINT ( 'NONE',  ( 224.4749999999999659, 10.99999999999998757, -46.20000000000000284 ) ) ;
#3372 = CIRCLE ( 'NONE', #7123, 2.500000000000002220 ) ;
#3373 = ADVANCED_FACE ( 'NONE', ( #2204 ), #4669, .F. ) ;
#3374 = PLANE ( 'NONE',  #5638 ) ;
#3375 = AXIS2_PLACEMENT_3D ( 'NONE', #6212, #467, #1808 ) ;
#3376 = FACE_OUTER_BOUND ( 'NONE', #5442, .T. ) ;
#3377 = ORIENTED_EDGE ( 'NONE', *, *, #2006, .T. ) ;
#3378 = DIRECTION ( 'NONE',  ( 0.000000000000000000, 0.000000000000000000, 1.000000000000000000 ) ) ;
#3379 = AXIS2_PLACEMENT_3D ( 'NONE', #2087, #7316, #7277 ) ;
#3380 = ORIENTED_EDGE ( 'NONE', *, *, #295, .T. ) ;
#3381 = EDGE_LOOP ( 'NONE', ( #8065, #3919, #6612 ) ) ;
#3382 = CARTESIAN_POINT ( 'NONE',  ( 196.1750000000000114, 20.84529946162070502, 12.90000000000000213 ) ) ;
#3383 = CIRCLE ( 'NONE', #4450, 7.963026999999997635 ) ;
#3384 = PRODUCT_DEFINITION_CONTEXT ( 'detailed design', #1403, 'design' ) ;
#3385 = EDGE_CURVE ( 'NONE', #5055, #3120, #656, .T. ) ;
#3386 = FACE_OUTER_BOUND ( 'NONE', #1066, .T. ) ;
#3387 = ORIENTED_EDGE ( 'NONE', *, *, #7853, .F. ) ;
#3388 = DIRECTION ( 'NONE',  ( 0.000000000000000000, 0.000000000000000000, 1.000000000000000000 ) ) ;
#3389 = ORIENTED_EDGE ( 'NONE', *, *, #1294, .F. ) ;
#3390 = VECTOR ( 'NONE', #2421, 1000.000000000000000 ) ;
#3391 = DIRECTION ( 'NONE',  ( -0.000000000000000000, 1.000000000000000000, -0.000000000000000000 ) ) ;
#3392 = DIRECTION ( 'NONE',  ( 0.000000000000000000, -1.000000000000000000, -0.000000000000000000 ) ) ;
#3393 = EDGE_CURVE ( 'NONE', #5276, #2406, #2864, .T. ) ;
#3394 = ORIENTED_EDGE ( 'NONE', *, *, #2427, .F. ) ;
#3395 = CARTESIAN_POINT ( 'NONE',  ( 224.4749999999999659, 10.99999999999998934, -43.42301224375835034 ) ) ;
#3396 = EDGE_LOOP ( 'NONE', ( #2895, #962, #1002, #6724 ) ) ;
#3397 = CONICAL_SURFACE ( 'NONE', #5272, 2.999999999999884537, 1.047197551196606735 ) ;
#3398 = DIRECTION ( 'NONE',  ( 1.202972179678357944E-16, 0.000000000000000000, 1.000000000000000000 ) ) ;
#3399 = VERTEX_POINT ( 'NONE', #5887 ) ;
#3400 = CARTESIAN_POINT ( 'NONE',  ( -244.4750000000000227, 0.000000000000000000, -61.49999999999994316 ) ) ;
#3401 = CARTESIAN_POINT ( 'NONE',  ( 229.9750000000001080, 13.49999999999999822, -35.99999999999995026 ) ) ;
#3402 = DIRECTION ( 'NONE',  ( 0.000000000000000000, 0.000000000000000000, -1.000000000000000000 ) ) ;
#3403 = CARTESIAN_POINT ( 'NONE',  ( 204.4750000000000227, 22.00000000000000000, -2.900000000000001688 ) ) ;
#3404 = EDGE_CURVE ( 'NONE', #7419, #6468, #4705, .T. ) ;
#3405 = CARTESIAN_POINT ( 'NONE',  ( 219.4749999999999659, 20.84529946162070502, 48.70000000000000995 ) ) ;
#3406 = ORIENTED_EDGE ( 'NONE', *, *, #7100, .F. ) ;
#3407 = EDGE_CURVE ( 'NONE', #331, #2420, #3463, .T. ) ;
#3408 = FACE_BOUND ( 'NONE', #7543, .T. ) ;
#3409 = VERTEX_POINT ( 'NONE', #2700 ) ;
#3410 = DIRECTION ( 'NONE',  ( -0.000000000000000000, 1.000000000000000000, -0.000000000000000000 ) ) ;
#3411 = EDGE_LOOP ( 'NONE', ( #797, #3923 ) ) ;
#3412 = DIRECTION ( 'NONE',  ( 1.049727191138618449E-16, 0.5150380749100544886, -0.8571673007021121116 ) ) ;
#3413 = CARTESIAN_POINT ( 'NONE',  ( -174.4749999999999375, 22.00000000000000000, 61.10000000000006537 ) ) ;
#3414 = AXIS2_PLACEMENT_3D ( 'NONE', #2241, #5930, #4784 ) ;
#3415 = CARTESIAN_POINT ( 'NONE',  ( -241.7250000000000227, 13.49999999999999822, 3.252606517456513302E-16 ) ) ;
#3416 = DIRECTION ( 'NONE',  ( -0.000000000000000000, -1.000000000000000000, -0.000000000000000000 ) ) ;
#3417 = VERTEX_POINT ( 'NONE', #853 ) ;
#3418 = DIRECTION ( 'NONE',  ( 0.000000000000000000, 0.000000000000000000, -1.000000000000000000 ) ) ;
#3419 = ORIENTED_EDGE ( 'NONE', *, *, #7665, .F. ) ;
#3420 = ORIENTED_EDGE ( 'NONE', *, *, #4558, .F. ) ;
#3421 = AXIS2_PLACEMENT_3D ( 'NONE', #2430, #6990, #578 ) ;
#3422 = CARTESIAN_POINT ( 'NONE',  ( 224.4749999999999659, 22.00000000000000000, 48.70000000000000995 ) ) ;
#3423 = DIRECTION ( 'NONE',  ( 0.000000000000000000, 0.000000000000000000, 1.000000000000000000 ) ) ;
#3424 = VERTEX_POINT ( 'NONE', #6675 ) ;
#3425 = CARTESIAN_POINT ( 'NONE',  ( 165.5250000000000341, 22.00000000000000000, -30.80000000000001492 ) ) ;
#3426 = VERTEX_POINT ( 'NONE', #316 ) ;
#3427 = AXIS2_PLACEMENT_3D ( 'NONE', #6143, #2335, #406 ) ;
#3428 = ADVANCED_FACE ( 'NONE', ( #5425 ), #2401, .F. ) ;
#3429 = DIRECTION ( 'NONE',  ( 0.000000000000000000, 0.000000000000000000, 1.000000000000000000 ) ) ;
#3430 = EDGE_CURVE ( 'NONE', #1849, #5657, #2802, .T. ) ;
#3431 = DIRECTION ( 'NONE',  ( 0.000000000000000000, 0.000000000000000000, 1.000000000000000000 ) ) ;
#3432 = ORIENTED_EDGE ( 'NONE', *, *, #4859, .F. ) ;
#3433 = CARTESIAN_POINT ( 'NONE',  ( 196.1750000000000114, 4.000000000000000000, 12.90000000000000213 ) ) ;
#3434 = ORIENTED_EDGE ( 'NONE', *, *, #5841, .T. ) ;
#3435 = CARTESIAN_POINT ( 'NONE',  ( 191.1750000000000114, 11.99999999999999822, 59.85000000000006537 ) ) ;
#3436 = VERTEX_POINT ( 'NONE', #6554 ) ;
#3437 = LINE ( 'NONE', #1477, #170 ) ;
#3438 = FACE_BOUND ( 'NONE', #2956, .T. ) ;
#3439 = EDGE_CURVE ( 'NONE', #1420, #5100, #8095, .T. ) ;
#3440 = CIRCLE ( 'NONE', #4782, 1.250000000000001110 ) ;
#3441 = CARTESIAN_POINT ( 'NONE',  ( 3.024999999999971934, 8.499999999999992895, 30.08433046974911562 ) ) ;
#3442 = CARTESIAN_POINT ( 'NONE',  ( 191.1750000000000114, 22.00000000000000000, 58.60000000000005826 ) ) ;
#3443 = CARTESIAN_POINT ( 'NONE',  ( -215.3250000000000455, 22.00000000000000000, 19.15000000000004832 ) ) ;
#3444 = ORIENTED_EDGE ( 'NONE', *, *, #1267, .F. ) ;
#3445 = CARTESIAN_POINT ( 'NONE',  ( 229.9750000000001080, 22.00000000000000000, -37.24999999999995026 ) ) ;
#3446 = ORIENTED_EDGE ( 'NONE', *, *, #2032, .T. ) ;
#3447 = FACE_OUTER_BOUND ( 'NONE', #7204, .T. ) ;
#3448 = LINE ( 'NONE', #1614, #7130 ) ;
#3449 = DIRECTION ( 'NONE',  ( 0.000000000000000000, -0.000000000000000000, 1.000000000000000000 ) ) ;
#3450 = EDGE_CURVE ( 'NONE', #874, #4809, #5311, .T. ) ;
#3451 = ADVANCED_FACE ( 'NONE', ( #7225 ), #7433, .F. ) ;
#3452 = VECTOR ( 'NONE', #2845, 999.9999999999998863 ) ;
#3453 = LINE ( 'NONE', #1449, #823 ) ;
#3454 = PLANE ( 'NONE',  #3644 ) ;
#3455 = ORIENTED_EDGE ( 'NONE', *, *, #4499, .T. ) ;
#3456 = AXIS2_PLACEMENT_3D ( 'NONE', #2711, #445, #1116 ) ;
#3457 = DIRECTION ( 'NONE',  ( 0.000000000000000000, 0.5150380749100580413, 0.8571673007021101132 ) ) ;
#3458 = ORIENTED_EDGE ( 'NONE', *, *, #6857, .T. ) ;
#3459 = CARTESIAN_POINT ( 'NONE',  ( 224.4749999999999659, 20.84529946162070502, -17.90000000000000213 ) ) ;
#3460 = ORIENTED_EDGE ( 'NONE', *, *, #1535, .F. ) ;
#3461 = AXIS2_PLACEMENT_3D ( 'NONE', #1831, #8029, #2304 ) ;
#3462 = CARTESIAN_POINT ( 'NONE',  ( 165.5250000000000341, 22.00000000000000000, 30.79999999999999361 ) ) ;
#3463 = CIRCLE ( 'NONE', #1728, 4.999999999999997335 ) ;
#3464 = EDGE_CURVE ( 'NONE', #4497, #1476, #4073, .T. ) ;
#3465 = VECTOR ( 'NONE', #1613, 1000.000000000000000 ) ;
#3466 = CARTESIAN_POINT ( 'NONE',  ( -239.4750000000000227, 22.00000000000000000, -57.34999999999996589 ) ) ;
#3467 = ORIENTED_EDGE ( 'NONE', *, *, #2468, .T. ) ;
#3468 = ORIENTED_EDGE ( 'NONE', *, *, #2345, .T. ) ;
#3469 = DIRECTION ( 'NONE',  ( 0.000000000000000000, -1.000000000000000000, 0.000000000000000000 ) ) ;
#3470 = ORIENTED_EDGE ( 'NONE', *, *, #4417, .F. ) ;
#3471 = VECTOR ( 'NONE', #4663, 1000.000000000000000 ) ;
#3472 = CIRCLE ( 'NONE', #8149, 1.250000000000001110 ) ;
#3473 = DIRECTION ( 'NONE',  ( -0.000000000000000000, 1.000000000000000000, -0.000000000000000000 ) ) ;
#3474 = AXIS2_PLACEMENT_3D ( 'NONE', #7044, #3230, #2451 ) ;
#3475 = CARTESIAN_POINT ( 'NONE',  ( -4.474999999999923261, 13.49999999999999822, 58.60000000000004405 ) ) ;
#3476 = EDGE_CURVE ( 'NONE', #7361, #2338, #4202, .T. ) ;
#3477 = ORIENTED_EDGE ( 'NONE', *, *, #6318, .T. ) ;
#3478 = DIRECTION ( 'NONE',  ( -1.000000000000000000, -0.000000000000000000, 0.000000000000000000 ) ) ;
#3479 = EDGE_LOOP ( 'NONE', ( #4762, #3043, #969, #4931 ) ) ;
#3480 = DIRECTION ( 'NONE',  ( 1.000000000000000000, -0.000000000000000000, -0.000000000000000000 ) ) ;
#3481 = CONICAL_SURFACE ( 'NONE', #2013, 1.249999999999973355, 1.029744258676649427 ) ;
#3482 = ORIENTED_EDGE ( 'NONE', *, *, #326, .F. ) ;
#3483 = DIRECTION ( 'NONE',  ( 0.000000000000000000, 0.000000000000000000, -1.000000000000000000 ) ) ;
#3484 = DIRECTION ( 'NONE',  ( -0.000000000000000000, 1.000000000000000000, -0.000000000000000000 ) ) ;
#3485 = CIRCLE ( 'NONE', #6567, 1.250000000000001110 ) ;
#3486 = CARTESIAN_POINT ( 'NONE',  ( 202.8250000000000455, 22.00000000000000000, 48.70000000000000995 ) ) ;
#3487 = CIRCLE ( 'NONE', #8165, 1.250000000000001110 ) ;
#3489 = DIRECTION ( 'NONE',  ( 1.049727191138618942E-16, 0.5150380749100536004, -0.8571673007021125557 ) ) ;
#3488 = AXIS2_PLACEMENT_3D ( 'NONE', #1877, #4265, #1128 ) ;
#3490 = AXIS2_PLACEMENT_3D ( 'NONE', #6448, #1330, #2044 ) ;
#3491 = DIRECTION ( 'NONE',  ( 1.000000000000000000, -0.000000000000000000, -1.202972179678357944E-16 ) ) ;
#3492 = ORIENTED_EDGE ( 'NONE', *, *, #7830, .F. ) ;
#3493 = ADVANCED_FACE ( 'NONE', ( #4244 ), #7843, .F. ) ;
#3494 = EDGE_CURVE ( 'NONE', #896, #1320, #7967, .T. ) ;
#3495 = CARTESIAN_POINT ( 'NONE',  ( -224.4749999999999943, 22.00000000000000000, 59.85000000000006537 ) ) ;
#3496 = ORIENTED_EDGE ( 'NONE', *, *, #6857, .F. ) ;
#3497 = CARTESIAN_POINT ( 'NONE',  ( 198.1750000000001251, 22.00000000000000000, 0.000000000000000000 ) ) ;
#3498 = DIRECTION ( 'NONE',  ( -0.000000000000000000, -1.000000000000000000, -0.000000000000000000 ) ) ;
#3499 = CARTESIAN_POINT ( 'NONE',  ( 165.5250000000000341, 13.49999999999999822, -29.55000000000001492 ) ) ;
#3500 = VECTOR ( 'NONE', #4919, 1000.000000000000000 ) ;
#3501 = CIRCLE ( 'NONE', #5382, 1.250000000000001110 ) ;
#3502 = DIRECTION ( 'NONE',  ( -0.000000000000000000, 1.000000000000000000, -0.000000000000000000 ) ) ;
#3503 = CARTESIAN_POINT ( 'NONE',  ( 224.4749999999999659, 4.000000000000000000, -53.70000000000000284 ) ) ;
#3504 = ORIENTED_EDGE ( 'NONE', *, *, #6686, .T. ) ;
#3505 = EDGE_CURVE ( 'NONE', #3705, #5309, #7386, .T. ) ;
#3506 = LINE ( 'NONE', #2913, #4828 ) ;
#3507 = AXIS2_PLACEMENT_3D ( 'NONE', #4490, #2068, #3822 ) ;
#3508 = ORIENTED_EDGE ( 'NONE', *, *, #1058, .T. ) ;
#3509 = DIRECTION ( 'NONE',  ( -6.014860898391699739E-17, 0.8660254037844430375, -0.4999999999999925060 ) ) ;
#3510 = VERTEX_POINT ( 'NONE', #510 ) ;
#3511 = DIRECTION ( 'NONE',  ( 0.000000000000000000, 0.000000000000000000, 1.000000000000000000 ) ) ;
#3512 = AXIS2_PLACEMENT_3D ( 'NONE', #1765, #7420, #1681 ) ;
#3513 = VECTOR ( 'NONE', #1647, 1000.000000000000000 ) ;
#3514 = VECTOR ( 'NONE', #4103, 1000.000000000000000 ) ;
#3515 = CARTESIAN_POINT ( 'NONE',  ( 191.1750000000000114, 22.00000000000000000, 59.85000000000006537 ) ) ;
#3516 = ORIENTED_EDGE ( 'NONE', *, *, #7246, .T. ) ;
#3517 = ADVANCED_FACE ( 'NONE', ( #2283 ), #1939, .F. ) ;
#3518 = VERTEX_POINT ( 'NONE', #1062 ) ;
#3519 = EDGE_CURVE ( 'NONE', #4557, #2196, #7517, .T. ) ;
#3520 = ORIENTED_EDGE ( 'NONE', *, *, #3407, .T. ) ;
#3521 = DIRECTION ( 'NONE',  ( 0.000000000000000000, 1.000000000000000000, 0.000000000000000000 ) ) ;
#3522 = DIRECTION ( 'NONE',  ( -0.000000000000000000, 1.000000000000000000, -0.000000000000000000 ) ) ;
#3523 = EDGE_LOOP ( 'NONE', ( #6666, #2621, #4987, #3801 ) ) ;
#3524 = CARTESIAN_POINT ( 'NONE',  ( 227.0949999999999704, 10.99999999999998757, -53.33740000000000947 ) ) ;
#3525 = FACE_OUTER_BOUND ( 'NONE', #3802, .T. ) ;
#3526 = ORIENTED_EDGE ( 'NONE', *, *, #3010, .F. ) ;
#3527 = DIRECTION ( 'NONE',  ( 0.000000000000000000, 0.000000000000000000, 1.000000000000000000 ) ) ;
#3528 = DIRECTION ( 'NONE',  ( 0.000000000000000000, 0.000000000000000000, 1.000000000000000000 ) ) ;
#3529 = CIRCLE ( 'NONE', #997, 4.999999999999997335 ) ;
#3530 = DIRECTION ( 'NONE',  ( 0.000000000000000000, 0.000000000000000000, 1.000000000000000000 ) ) ;
#3531 = CYLINDRICAL_SURFACE ( 'NONE', #214, 1.250000000000001110 ) ;
#3532 = CARTESIAN_POINT ( 'NONE',  ( 176.1750000000000398, 4.000000000000000000, 27.90000000000000213 ) ) ;
#3533 = ORIENTED_EDGE ( 'NONE', *, *, #1010, .T. ) ;
#3534 = LINE ( 'NONE', #279, #2010 ) ;
#3535 = ORIENTED_EDGE ( 'NONE', *, *, #6659, .F. ) ;
#3536 = DIRECTION ( 'NONE',  ( -0.000000000000000000, -1.000000000000000000, -0.000000000000000000 ) ) ;
#3537 = DIRECTION ( 'NONE',  ( 0.000000000000000000, 0.000000000000000000, -1.000000000000000000 ) ) ;
#3538 = CARTESIAN_POINT ( 'NONE',  ( -241.7250000000000227, 13.49999999999999822, 3.252606517456513302E-16 ) ) ;
#3539 = EDGE_CURVE ( 'NONE', #5421, #7198, #4288, .T. ) ;
#3540 = EDGE_CURVE ( 'NONE', #3109, #1430, #394, .T. ) ;
#3541 = CIRCLE ( 'NONE', #2075, 5.000000000000000888 ) ;
#3542 = DIRECTION ( 'NONE',  ( 0.000000000000000000, 0.000000000000000000, 1.000000000000000000 ) ) ;
#3543 = AXIS2_PLACEMENT_3D ( 'NONE', #7094, #5292, #7224 ) ;
#3544 = CARTESIAN_POINT ( 'NONE',  ( -236.9750000000000512, 20.84529946162070502, -53.69999999999994600 ) ) ;
#3545 = ORIENTED_EDGE ( 'NONE', *, *, #3476, .F. ) ;
#3546 = DIRECTION ( 'NONE',  ( -0.000000000000000000, 1.000000000000000000, -0.000000000000000000 ) ) ;
#3547 = ORIENTED_EDGE ( 'NONE', *, *, #1139, .F. ) ;
#3548 = FACE_OUTER_BOUND ( 'NONE', #3194, .T. ) ;
#3549 = VERTEX_POINT ( 'NONE', #3615 ) ;
#3550 = LINE ( 'NONE', #3382, #8004 ) ;
#3551 = CIRCLE ( 'NONE', #2752, 1.250000000000001110 ) ;
#3552 = ADVANCED_FACE ( 'NONE', ( #3569 ), #2085, .F. ) ;
#3553 = CARTESIAN_POINT ( 'NONE',  ( 196.1750000000000114, 20.84529946162070502, 12.90000000000000213 ) ) ;
#3554 = ORIENTED_EDGE ( 'NONE', *, *, #7548, .F. ) ;
#3555 = VECTOR ( 'NONE', #2186, 1000.000000000000000 ) ;
#3556 = VERTEX_POINT ( 'NONE', #6132 ) ;
#3557 = VERTEX_POINT ( 'NONE', #3061 ) ;
#3558 = CARTESIAN_POINT ( 'NONE',  ( -224.4749999999999943, 22.00000000000000000, -61.10000000000000142 ) ) ;
#3559 = EDGE_CURVE ( 'NONE', #7532, #5100, #2325, .T. ) ;
#3560 = EDGE_CURVE ( 'NONE', #546, #7317, #3280, .T. ) ;
#3561 = CARTESIAN_POINT ( 'NONE',  ( 191.1750000000000114, 22.00000000000000000, 48.70000000000001705 ) ) ;
#3562 = VERTEX_POINT ( 'NONE', #4905 ) ;
#3563 = CYLINDRICAL_SURFACE ( 'NONE', #3131, 1.250000000000001110 ) ;
#3564 = CARTESIAN_POINT ( 'NONE',  ( -241.7250000000000796, 22.00000000000000000, 48.70000000000005969 ) ) ;
#3565 = EDGE_LOOP ( 'NONE', ( #5919, #2946, #4699, #2463 ) ) ;
#3566 = DIRECTION ( 'NONE',  ( 0.000000000000000000, 0.000000000000000000, 1.000000000000000000 ) ) ;
#3567 = DIRECTION ( 'NONE',  ( -0.000000000000000000, 1.000000000000000000, -0.000000000000000000 ) ) ;
#3568 = DIRECTION ( 'NONE',  ( -0.000000000000000000, 1.000000000000000000, -0.000000000000000000 ) ) ;
#3569 = FACE_OUTER_BOUND ( 'NONE', #3680, .T. ) ;
#3570 = FACE_OUTER_BOUND ( 'NONE', #496, .T. ) ;
#3571 = ORIENTED_EDGE ( 'NONE', *, *, #2183, .F. ) ;
#3572 = CARTESIAN_POINT ( 'NONE',  ( 214.4750000000000227, 20.84529946162070502, 48.70000000000000995 ) ) ;
#3573 = EDGE_LOOP ( 'NONE', ( #5809, #8212, #5020 ) ) ;
#3574 = FACE_OUTER_BOUND ( 'NONE', #1131, .T. ) ;
#3575 = CARTESIAN_POINT ( 'NONE',  ( -241.7250000000000796, 22.00000000000000000, 47.45000000000005969 ) ) ;
#3576 = CARTESIAN_POINT ( 'NONE',  ( 224.2129706549569335, 10.77711465408970426, -38.69999999999721041 ) ) ;
#3577 = VECTOR ( 'NONE', #5997, 1000.000000000000000 ) ;
#3578 = CIRCLE ( 'NONE', #2784, 7.963026999999997635 ) ;
#3579 = CARTESIAN_POINT ( 'NONE',  ( -174.4749999999999943, 13.49999999999999822, -59.85000000000000142 ) ) ;
#3580 = DIRECTION ( 'NONE',  ( 0.000000000000000000, 0.000000000000000000, -1.000000000000000000 ) ) ;
#3581 = ORIENTED_EDGE ( 'NONE', *, *, #2497, .T. ) ;
#3582 = CARTESIAN_POINT ( 'NONE',  ( 224.4749999999999659, 9.791008272023308479, -43.70000000000000284 ) ) ;
#3583 = ORIENTED_EDGE ( 'NONE', *, *, #2720, .F. ) ;
#3584 = DIRECTION ( 'NONE',  ( -0.000000000000000000, 1.000000000000000000, -0.000000000000000000 ) ) ;
#3585 = EDGE_CURVE ( 'NONE', #45, #3005, #6719, .T. ) ;
#3586 = ORIENTED_EDGE ( 'NONE', *, *, #7290, .F. ) ;
#3587 = ADVANCED_FACE ( 'NONE', ( #5545 ), #3531, .F. ) ;
#3588 = DIRECTION ( 'NONE',  ( 1.049727191138618449E-16, 0.5150380749100544886, -0.8571673007021121116 ) ) ;
#3589 = AXIS2_PLACEMENT_3D ( 'NONE', #976, #3567, #3528 ) ;
#3590 = EDGE_CURVE ( 'NONE', #3025, #3844, #4482, .T. ) ;
#3591 = AXIS2_PLACEMENT_3D ( 'NONE', #5476, #8060, #2334 ) ;
#3592 = LINE ( 'NONE', #4384, #705 ) ;
#3593 = CARTESIAN_POINT ( 'NONE',  ( 191.1750000000000114, 11.99999999999999822, 59.85000000000006537 ) ) ;
#3594 = ORIENTED_EDGE ( 'NONE', *, *, #5741, .T. ) ;
#3595 = ORIENTED_EDGE ( 'NONE', *, *, #3539, .F. ) ;
#3596 = EDGE_CURVE ( 'NONE', #128, #4920, #4353, .T. ) ;
#3597 = ORIENTED_EDGE ( 'NONE', *, *, #2017, .T. ) ;
#3598 = EDGE_CURVE ( 'NONE', #5470, #6014, #4888, .T. ) ;
#3599 = VECTOR ( 'NONE', #7971, 1000.000000000000000 ) ;
#3600 = DIRECTION ( 'NONE',  ( 0.000000000000000000, 0.000000000000000000, 1.000000000000000000 ) ) ;
#3601 = VECTOR ( 'NONE', #7536, 1000.000000000000000 ) ;
#3602 = DIRECTION ( 'NONE',  ( 0.000000000000000000, 0.000000000000000000, 1.000000000000000000 ) ) ;
#3603 = ORIENTED_EDGE ( 'NONE', *, *, #837, .T. ) ;
#3604 = CARTESIAN_POINT ( 'NONE',  ( -174.4749999999999375, 12.74892422621554644, 59.85000000000006537 ) ) ;
#3605 = AXIS2_PLACEMENT_3D ( 'NONE', #3652, #6210, #5538 ) ;
#3606 = DIRECTION ( 'NONE',  ( 0.000000000000000000, 0.000000000000000000, 1.000000000000000000 ) ) ;
#3607 = EDGE_CURVE ( 'NONE', #1942, #7992, #2901, .T. ) ;
#3608 = ORIENTED_EDGE ( 'NONE', *, *, #6119, .F. ) ;
#3609 = EDGE_CURVE ( 'NONE', #1515, #7624, #6379, .T. ) ;
#3610 = CARTESIAN_POINT ( 'NONE',  ( 100.5249999999999488, -1.402220585023716934E-15, 28.83433046974911207 ) ) ;
#3611 = LINE ( 'NONE', #1772, #5469 ) ;
#3612 = CIRCLE ( 'NONE', #6832, 1.250000000000001110 ) ;
#3613 = AXIS2_PLACEMENT_3D ( 'NONE', #8176, #6930, #1111 ) ;
#3614 = CARTESIAN_POINT ( 'NONE',  ( -236.9750000000000512, 20.84529946162070502, 48.70000000000005969 ) ) ;
#3615 = CARTESIAN_POINT ( 'NONE',  ( -215.3250000000000455, 13.49999999999999822, -16.64999999999995595 ) ) ;
#3616 = LINE ( 'NONE', #1652, #2279 ) ;
#3617 = ORIENTED_EDGE ( 'NONE', *, *, #5397, .T. ) ;
#3618 = CYLINDRICAL_SURFACE ( 'NONE', #5089, 1.250000000000001110 ) ;
#3619 = ORIENTED_EDGE ( 'NONE', *, *, #1759, .T. ) ;
#3620 = EDGE_CURVE ( 'NONE', #5706, #3549, #1275, .T. ) ;
#3621 = CARTESIAN_POINT ( 'NONE',  ( 191.1750000000000114, 22.00000000000000000, 5.899999999999884892 ) ) ;
#3622 = VECTOR ( 'NONE', #557, 1000.000000000000000 ) ;
#3623 = EDGE_CURVE ( 'NONE', #7067, #6468, #3683, .T. ) ;
#3624 = CARTESIAN_POINT ( 'NONE',  ( 224.4749999999999659, 9.791008272023310255, -43.70000000000000284 ) ) ;
#3625 = VECTOR ( 'NONE', #1564, 1000.000000000000114 ) ;
#3626 = CARTESIAN_POINT ( 'NONE',  ( 219.4749999999999659, 20.84529946162070502, -17.90000000000000213 ) ) ;
#3627 = CARTESIAN_POINT ( 'NONE',  ( 229.9750000000001080, 12.74892422621554644, -35.99999999999995026 ) ) ;
#3628 = ORIENTED_EDGE ( 'NONE', *, *, #6020, .T. ) ;
#3629 = CARTESIAN_POINT ( 'NONE',  ( 224.4749999999999659, 4.000000000000000000, -53.70000000000000284 ) ) ;
#3630 = EDGE_LOOP ( 'NONE', ( #6245, #8114, #5427 ) ) ;
#3631 = DIRECTION ( 'NONE',  ( 0.000000000000000000, 0.000000000000000000, 1.000000000000000000 ) ) ;
#3632 = ORIENTED_EDGE ( 'NONE', *, *, #1842, .T. ) ;
#3633 = CARTESIAN_POINT ( 'NONE',  ( 219.4749999999999659, 4.000000000000000000, 53.70000000000000284 ) ) ;
#3634 = CIRCLE ( 'NONE', #2826, 4.999999999999999112 ) ;
#3635 = CARTESIAN_POINT ( 'NONE',  ( 165.5250000000000341, 22.00000000000000000, -58.60000000000004405 ) ) ;
#3636 = ADVANCED_FACE ( 'NONE', ( #2675 ), #4084, .F. ) ;
#3637 = VECTOR ( 'NONE', #6766, 1000.000000000000000 ) ;
#3638 = LINE ( 'NONE', #6198, #6405 ) ;
#3639 = LINE ( 'NONE', #494, #2560 ) ;
#3640 = ORIENTED_EDGE ( 'NONE', *, *, #3020, .T. ) ;
#3641 = VERTEX_POINT ( 'NONE', #6926 ) ;
#3642 = ORIENTED_EDGE ( 'NONE', *, *, #5078, .T. ) ;
#3643 = DIRECTION ( 'NONE',  ( 0.000000000000000000, 0.000000000000000000, 1.000000000000000000 ) ) ;
#3644 = AXIS2_PLACEMENT_3D ( 'NONE', #3503, #948, #786 ) ;
#3645 = ADVANCED_FACE ( 'NONE', ( #7072 ), #5158, .F. ) ;
#3646 = EDGE_CURVE ( 'NONE', #1298, #7068, #7202, .T. ) ;
#3647 =( BOUNDED_SURFACE ( )  B_SPLINE_SURFACE ( 3, 2, ( 
 ( #3624, #6767, #1783 ),
 ( #2332, #8179, #4958 ),
 ( #1027, #1695, #360 ),
 ( #2908, #4210, #3701 ),
 ( #2948, #3576, #1115 ),
 ( #6223, #7563, #6809 ),
 ( #2457, #5474, #8018 ),
 ( #6260, #6140, #2291 ),
 ( #5516, #988, #6184 ),
 ( #3068, #2987, #480 ) ),
 .UNSPECIFIED., .F., .F., .F. ) 
 B_SPLINE_SURFACE_WITH_KNOTS ( ( 4, 2, 2, 2, 4 ),
 ( 3, 3 ),
 ( 0.008884793940934495454, 0.009487038341015182827, 0.01008928274109587020, 0.01069152714117655757, 0.01129377154125724494 ),
 ( 0.000000000000000000, 1.000000000000000000 ),
 .UNSPECIFIED. ) 
 GEOMETRIC_REPRESENTATION_ITEM ( )  RATIONAL_B_SPLINE_SURFACE ( (
 ( 1.000000000000000000, 0.7071067811865470176, 1.000000000000000000),
 ( 1.000000000000000000, 0.7126890574133197820, 1.000000000000000000),
 ( 1.000000000000000000, 0.7176060282613366814, 1.000000000000000000),
 ( 1.000000000000000000, 0.7244987396590537587, 1.000000000000000000),
 ( 1.000000000000000000, 0.7264275214535937941, 1.000000000000000000),
 ( 1.000000000000000000, 0.7264300416891320555, 1.000000000000000000),
 ( 1.000000000000000000, 0.7245033504512488065, 1.000000000000000000),
 ( 1.000000000000000000, 0.7176102850520909016, 1.000000000000000000),
 ( 1.000000000000000000, 0.7126924247123889167, 1.000000000000000000),
 ( 1.000000000000000000, 0.7071067811865470176, 1.000000000000000000) ) ) 
 REPRESENTATION_ITEM ( '' )  SURFACE ( )  );
#3648 = CARTESIAN_POINT ( 'NONE',  ( 219.4811430000774237, 10.59681829144351184, -53.70000000000000284 ) ) ;
#3649 = ORIENTED_EDGE ( 'NONE', *, *, #3104, .T. ) ;
#3650 = VECTOR ( 'NONE', #6819, 1000.000000000000114 ) ;
#3651 = LINE ( 'NONE', #4861, #7393 ) ;
#3652 = CARTESIAN_POINT ( 'NONE',  ( -231.9750000000000227, 22.00000000000000000, 48.70000000000005969 ) ) ;
#3653 = ORIENTED_EDGE ( 'NONE', *, *, #6204, .F. ) ;
#3654 = DIRECTION ( 'NONE',  ( -0.000000000000000000, 1.000000000000000000, -0.000000000000000000 ) ) ;
#3655 = LINE ( 'NONE', #4242, #1837 ) ;
#3656 = CIRCLE ( 'NONE', #51, 1.250000000000001110 ) ;
#3657 = ADVANCED_FACE ( 'NONE', ( #3386 ), #231, .F. ) ;
#3658 = LINE ( 'NONE', #7555, #7510 ) ;
#3659 = CARTESIAN_POINT ( 'NONE',  ( 176.1750000000000398, 4.000000000000000000, 22.90000000000000213 ) ) ;
#3660 = DIRECTION ( 'NONE',  ( 0.000000000000000000, -0.4999999999999926170, 0.8660254037844428154 ) ) ;
#3661 = VERTEX_POINT ( 'NONE', #2094 ) ;
#3662 = DIRECTION ( 'NONE',  ( -0.000000000000000000, 1.000000000000000000, -0.000000000000000000 ) ) ;
#3663 = ORIENTED_EDGE ( 'NONE', *, *, #1084, .F. ) ;
#3664 = DIRECTION ( 'NONE',  ( 1.000000000000000000, -0.000000000000000000, -1.202972179678357944E-16 ) ) ;
#3665 = CARTESIAN_POINT ( 'NONE',  ( 165.5250000000000341, 22.00000000000000000, -59.85000000000004405 ) ) ;
#3666 = EDGE_CURVE ( 'NONE', #5185, #5826, #6456, .T. ) ;
#3667 = DIRECTION ( 'NONE',  ( -0.000000000000000000, -1.000000000000000000, -0.000000000000000000 ) ) ;
#3668 = DIRECTION ( 'NONE',  ( 0.000000000000000000, 0.000000000000000000, -1.000000000000000000 ) ) ;
#3669 = ORIENTED_EDGE ( 'NONE', *, *, #955, .T. ) ;
#3670 = DIRECTION ( 'NONE',  ( -0.000000000000000000, 1.000000000000000000, -0.000000000000000000 ) ) ;
#3671 = ORIENTED_EDGE ( 'NONE', *, *, #1511, .T. ) ;
#3672 = DIRECTION ( 'NONE',  ( 0.000000000000000000, 0.000000000000000000, 1.000000000000000000 ) ) ;
#3673 = ORIENTED_EDGE ( 'NONE', *, *, #6409, .T. ) ;
#3674 = DIRECTION ( 'NONE',  ( 1.000000000000000000, 0.000000000000000000, -1.202972179678357944E-16 ) ) ;
#3675 = LINE ( 'NONE', #3750, #6410 ) ;
#3676 = FACE_OUTER_BOUND ( 'NONE', #7002, .T. ) ;
#3677 = DIRECTION ( 'NONE',  ( 0.000000000000000000, 0.000000000000000000, -1.000000000000000000 ) ) ;
#3678 = VERTEX_POINT ( 'NONE', #5187 ) ;
#3679 = VERTEX_POINT ( 'NONE', #2596 ) ;
#3680 = EDGE_LOOP ( 'NONE', ( #5530, #3508, #5413 ) ) ;
#3681 = DIRECTION ( 'NONE',  ( 0.000000000000000000, 0.000000000000000000, 1.000000000000000000 ) ) ;
#3682 = CIRCLE ( 'NONE', #5433, 2.776987756241696026 ) ;
#3683 = CIRCLE ( 'NONE', #7697, 4.999999999999997335 ) ;
#3684 = ORIENTED_EDGE ( 'NONE', *, *, #3393, .F. ) ;
#3685 = FACE_OUTER_BOUND ( 'NONE', #1369, .T. ) ;
#3686 = CARTESIAN_POINT ( 'NONE',  ( -239.4750000000000227, 22.00000000000000000, -58.99999999999995026 ) ) ;
#3687 = VERTEX_POINT ( 'NONE', #4641 ) ;
#3688 = EDGE_CURVE ( 'NONE', #579, #438, #1462, .T. ) ;
#3689 = LINE ( 'NONE', #6795, #2846 ) ;
#3690 = EDGE_CURVE ( 'NONE', #3353, #2582, #3551, .T. ) ;
#3691 = DIRECTION ( 'NONE',  ( -0.000000000000000000, -1.000000000000000000, -0.000000000000000000 ) ) ;
#3692 = DIRECTION ( 'NONE',  ( 1.049727191138617833E-16, -0.5150380749100552658, 0.8571673007021116675 ) ) ;
#3693 = DIRECTION ( 'NONE',  ( 0.000000000000000000, 0.000000000000000000, 1.000000000000000000 ) ) ;
#3694 = DIRECTION ( 'NONE',  ( 0.000000000000000000, 0.000000000000000000, 1.000000000000000000 ) ) ;
#3695 = ORIENTED_EDGE ( 'NONE', *, *, #6965, .T. ) ;
#3696 = CARTESIAN_POINT ( 'NONE',  ( 100.5249999999999773, 8.499999999999992895, -32.76566953025088935 ) ) ;
#3697 = ORIENTED_EDGE ( 'NONE', *, *, #2248, .F. ) ;
#3698 = LINE ( 'NONE', #7476, #5125 ) ;
#3699 = EDGE_CURVE ( 'NONE', #8177, #7098, #4619, .T. ) ;
#3700 = CONICAL_SURFACE ( 'NONE', #492, 1.249999999999973355, 1.029744258676649427 ) ;
#3701 = CARTESIAN_POINT ( 'NONE',  ( 219.4811430000774237, 10.59681829144351362, -38.70000000000000284 ) ) ;
#3702 = CARTESIAN_POINT ( 'NONE',  ( -244.4749999999999943, 22.00000000000000000, 61.50000000000005684 ) ) ;
#3703 = LINE ( 'NONE', #4372, #8131 ) ;
#3704 = FACE_OUTER_BOUND ( 'NONE', #5337, .T. ) ;
#3705 = VERTEX_POINT ( 'NONE', #4017 ) ;
#3706 = DIRECTION ( 'NONE',  ( 0.000000000000000000, 0.000000000000000000, -1.000000000000000000 ) ) ;
#3707 = VERTEX_POINT ( 'NONE', #7825 ) ;
#3708 = LINE ( 'NONE', #528, #7823 ) ;
#3709 = ORIENTED_EDGE ( 'NONE', *, *, #5967, .F. ) ;
#3710 = CARTESIAN_POINT ( 'NONE',  ( 202.8250000000000455, 11.99999999999999822, 48.70000000000000995 ) ) ;
#3711 = AXIS2_PLACEMENT_3D ( 'NONE', #877, #5916, #6501 ) ;
#3712 = EDGE_CURVE ( 'NONE', #7156, #2386, #4604, .T. ) ;
#3713 = DIRECTION ( 'NONE',  ( -0.000000000000000000, 1.000000000000000000, -0.000000000000000000 ) ) ;
#3714 = DIRECTION ( 'NONE',  ( -0.000000000000000000, 1.000000000000000000, -0.000000000000000000 ) ) ;
#3715 = VECTOR ( 'NONE', #5453, 1000.000000000000000 ) ;
#3716 = DIRECTION ( 'NONE',  ( -1.000000000000000000, 0.000000000000000000, 1.202972179678357944E-16 ) ) ;
#3717 = ORIENTED_EDGE ( 'NONE', *, *, #8256, .T. ) ;
#3718 = ORIENTED_EDGE ( 'NONE', *, *, #2883, .T. ) ;
#3719 = CONICAL_SURFACE ( 'NONE', #7864, 1.250000000000001110, 1.029744258676655200 ) ;
#3720 = EDGE_CURVE ( 'NONE', #1090, #6827, #5911, .T. ) ;
#3721 = DIRECTION ( 'NONE',  ( -0.000000000000000000, 1.000000000000000000, -0.000000000000000000 ) ) ;
#3722 = CONICAL_SURFACE ( 'NONE', #5740, 1.649999999999984812, 1.029744258676650093 ) ;
#3723 = ORIENTED_EDGE ( 'NONE', *, *, #5540, .F. ) ;
#3724 = CARTESIAN_POINT ( 'NONE',  ( -241.7250000000000796, 13.49999999999999822, -49.95000000000006679 ) ) ;
#3725 = DIRECTION ( 'NONE',  ( 1.049727191138617833E-16, -0.5150380749100552658, 0.8571673007021116675 ) ) ;
#3726 = ORIENTED_EDGE ( 'NONE', *, *, #3590, .F. ) ;
#3727 = CARTESIAN_POINT ( 'NONE',  ( -208.6750000000000682, 20.84529946162070502, -17.89999999999995595 ) ) ;
#3728 = CARTESIAN_POINT ( 'NONE',  ( 239.4749999999999659, 22.00000000000000000, -58.99999999999995026 ) ) ;
#3729 = EDGE_CURVE ( 'NONE', #6076, #659, #213, .T. ) ;
#3730 = CARTESIAN_POINT ( 'NONE',  ( 207.4749999999999091, 22.00000000000000000, 48.70000000000000995 ) ) ;
#3731 = CIRCLE ( 'NONE', #1467, 1.649999999999984812 ) ;
#3732 = LINE ( 'NONE', #3817, #7232 ) ;
#3733 = ORIENTED_EDGE ( 'NONE', *, *, #3620, .F. ) ;
#3734 = DIRECTION ( 'NONE',  ( 0.000000000000000000, -0.000000000000000000, 1.000000000000000000 ) ) ;
#3735 = VERTEX_POINT ( 'NONE', #127 ) ;
#3736 = CARTESIAN_POINT ( 'NONE',  ( -188.6750000000000398, 20.84529946162070502, 7.900000000000047429 ) ) ;
#3737 = CIRCLE ( 'NONE', #401, 1.250000000000001110 ) ;
#3738 = DIRECTION ( 'NONE',  ( 0.000000000000000000, 0.000000000000000000, 1.000000000000000000 ) ) ;
#3739 = CARTESIAN_POINT ( 'NONE',  ( 227.0949999999999704, 10.99999999999998934, 53.33740000000000947 ) ) ;
#3740 = EDGE_CURVE ( 'NONE', #3109, #3011, #5289, .T. ) ;
#3741 = LINE ( 'NONE', #2372, #6406 ) ;
#3742 = DIRECTION ( 'NONE',  ( 0.000000000000000000, 0.000000000000000000, 1.000000000000000000 ) ) ;
#3743 = VERTEX_POINT ( 'NONE', #834 ) ;
#3744 = CARTESIAN_POINT ( 'NONE',  ( 198.0249999999999773, -1.402220585023716934E-15, 30.08433046974910496 ) ) ;
#3745 = ORIENTED_EDGE ( 'NONE', *, *, #871, .F. ) ;
#3746 = CARTESIAN_POINT ( 'NONE',  ( -236.9750000000000512, 22.00000000000000000, -48.69999999999995310 ) ) ;
#3747 = ORIENTED_EDGE ( 'NONE', *, *, #8237, .T. ) ;
#3748 = DIRECTION ( 'NONE',  ( -0.000000000000000000, -1.000000000000000000, -0.000000000000000000 ) ) ;
#3749 = AXIS2_PLACEMENT_3D ( 'NONE', #1364, #6599, #232 ) ;
#3750 = CARTESIAN_POINT ( 'NONE',  ( 244.4749999999999659, 22.00000000000000000, 61.50000000000000000 ) ) ;
#3751 = CONICAL_SURFACE ( 'NONE', #5228, 1.649999999999984812, 1.029744258676650093 ) ;
#3752 = ADVANCED_FACE ( 'NONE', ( #6535 ), #794, .F. ) ;
#3753 = DIRECTION ( 'NONE',  ( 0.000000000000000000, 0.000000000000000000, -1.000000000000000000 ) ) ;
#3754 = CARTESIAN_POINT ( 'NONE',  ( 239.4749999999999943, 10.49999999999999822, 57.35000000000001563 ) ) ;
#3755 = ORIENTED_EDGE ( 'NONE', *, *, #4059, .F. ) ;
#3756 = VECTOR ( 'NONE', #5072, 1000.000000000000000 ) ;
#3757 = CONICAL_SURFACE ( 'NONE', #2691, 1.249999999999987121, 1.029744258676653201 ) ;
#3758 = VECTOR ( 'NONE', #6937, 1000.000000000000114 ) ;
#3759 = ORIENTED_EDGE ( 'NONE', *, *, #8092, .T. ) ;
#3760 = DIRECTION ( 'NONE',  ( -0.000000000000000000, 1.000000000000000000, -0.000000000000000000 ) ) ;
#3761 = CIRCLE ( 'NONE', #6315, 7.137400000000002187 ) ;
#3762 = CIRCLE ( 'NONE', #5650, 1.250000000000001110 ) ;
#3763 = EDGE_CURVE ( 'NONE', #207, #1278, #2763, .T. ) ;
#3764 = EDGE_CURVE ( 'NONE', #4050, #3970, #6770, .T. ) ;
#3765 = EDGE_LOOP ( 'NONE', ( #387, #4833 ) ) ;
#3766 = DIRECTION ( 'NONE',  ( -0.000000000000000000, 1.000000000000000000, -0.000000000000000000 ) ) ;
#3767 = DIRECTION ( 'NONE',  ( -0.000000000000000000, 1.000000000000000000, -0.000000000000000000 ) ) ;
#3768 = VERTEX_POINT ( 'NONE', #7411 ) ;
#3769 = AXIS2_PLACEMENT_3D ( 'NONE', #6006, #269, #6093 ) ;
#3770 = CARTESIAN_POINT ( 'NONE',  ( 100.5249999999999773, 0.000000000000000000, -32.76566953025088935 ) ) ;
#3771 = DIRECTION ( 'NONE',  ( -0.000000000000000000, 1.000000000000000000, -0.000000000000000000 ) ) ;
#3772 = AXIS2_PLACEMENT_3D ( 'NONE', #3097, #3172, #6246 ) ;
#3773 = CIRCLE ( 'NONE', #4043, 4.999999999999997335 ) ;
#3774 = CARTESIAN_POINT ( 'NONE',  ( 198.0250000000000057, 0.000000000000000000, -31.51566953025090712 ) ) ;
#3775 = AXIS2_PLACEMENT_3D ( 'NONE', #4062, #4815, #3431 ) ;
#3776 = CARTESIAN_POINT ( 'NONE',  ( -236.9750000000000512, 4.000000000000000000, -48.69999999999995310 ) ) ;
#3777 = VERTEX_POINT ( 'NONE', #3553 ) ;
#3778 = FACE_OUTER_BOUND ( 'NONE', #7283, .T. ) ;
#3779 = ORIENTED_EDGE ( 'NONE', *, *, #5450, .T. ) ;
#3780 = CYLINDRICAL_SURFACE ( 'NONE', #701, 1.249999999999987121 ) ;
#3781 = VECTOR ( 'NONE', #4712, 1000.000000000000114 ) ;
#3782 = DIRECTION ( 'NONE',  ( 0.000000000000000000, 0.000000000000000000, 1.000000000000000000 ) ) ;
#3783 = FILL_AREA_STYLE ('',( #1192 ) ) ;
#3784 = DIRECTION ( 'NONE',  ( -0.000000000000000000, -1.000000000000000000, -0.000000000000000000 ) ) ;
#3785 = DIRECTION ( 'NONE',  ( -1.000000000000000000, 0.000000000000000000, 1.135313451912421167E-16 ) ) ;
#3786 = ORIENTED_EDGE ( 'NONE', *, *, #2754, .T. ) ;
#3787 = LINE ( 'NONE', #4457, #3204 ) ;
#3788 = ORIENTED_EDGE ( 'NONE', *, *, #520, .T. ) ;
#3789 = DIRECTION ( 'NONE',  ( 0.000000000000000000, 0.000000000000000000, 1.000000000000000000 ) ) ;
#3790 = ORIENTED_EDGE ( 'NONE', *, *, #4727, .T. ) ;
#3791 = CARTESIAN_POINT ( 'NONE',  ( 219.4749999999999659, 4.000000000000000000, -38.70000000000000284 ) ) ;
#3792 = AXIS2_PLACEMENT_3D ( 'NONE', #4884, #5523, #1199 ) ;
#3793 = ADVANCED_FACE ( 'NONE', ( #872 ), #2490, .F. ) ;
#3794 = CARTESIAN_POINT ( 'NONE',  ( -94.47500000000003695, 8.499999999999992895, 28.83433046974913694 ) ) ;
#3795 = EDGE_CURVE ( 'NONE', #6734, #776, #4892, .T. ) ;
#3796 = CARTESIAN_POINT ( 'NONE',  ( 181.1750000000000398, 20.84529946162070502, 27.90000000000000213 ) ) ;
#3797 = CARTESIAN_POINT ( 'NONE',  ( 224.3296974072249270, 10.14226098443378632, -53.69999999999860307 ) ) ;
#3798 = ORIENTED_EDGE ( 'NONE', *, *, #6354, .F. ) ;
#3799 = CONICAL_SURFACE ( 'NONE', #7415, 2.999999999999884537, 1.047197551196606735 ) ;
#3800 = FACE_OUTER_BOUND ( 'NONE', #3934, .T. ) ;
#3801 = ORIENTED_EDGE ( 'NONE', *, *, #2837, .F. ) ;
#3802 = EDGE_LOOP ( 'NONE', ( #1021, #4236, #4217, #3745 ) ) ;
#3803 = AXIS2_PLACEMENT_3D ( 'NONE', #5456, #6123, #4237 ) ;
#3804 = ADVANCED_FACE ( 'NONE', ( #5445 ), #4685, .F. ) ;
#3805 = DIRECTION ( 'NONE',  ( 0.000000000000000000, 0.000000000000000000, 1.000000000000000000 ) ) ;
#3806 = AXIS2_PLACEMENT_3D ( 'NONE', #1240, #7103, #3789 ) ;
#3807 = EDGE_LOOP ( 'NONE', ( #6, #2208, #4932, #1379 ) ) ;
#3808 = DIRECTION ( 'NONE',  ( 0.000000000000000000, -0.5150380749100552658, -0.8571673007021116675 ) ) ;
#3809 = LINE ( 'NONE', #624, #926 ) ;
#3810 = ORIENTED_EDGE ( 'NONE', *, *, #6798, .F. ) ;
#3811 = DIRECTION ( 'NONE',  ( -0.8660254037844428154, -0.4999999999999926170, 0.000000000000000000 ) ) ;
#3812 = ADVANCED_FACE ( 'NONE', ( #7286 ), #4729, .F. ) ;
#3813 = CARTESIAN_POINT ( 'NONE',  ( 202.8250000000000455, 11.99999999999999822, 48.70000000000000995 ) ) ;
#3814 = EDGE_CURVE ( 'NONE', #7419, #697, #1685, .T. ) ;
#3815 = VECTOR ( 'NONE', #6759, 1000.000000000000000 ) ;
#3816 = CARTESIAN_POINT ( 'NONE',  ( 219.4749999999999659, 22.00000000000000000, -36.69999999999988916 ) ) ;
#3817 = CARTESIAN_POINT ( 'NONE',  ( 244.4749999999999659, 10.99999999999998934, -38.23697300000000610 ) ) ;
#3818 = ORIENTED_EDGE ( 'NONE', *, *, #2084, .F. ) ;
#3819 = CARTESIAN_POINT ( 'NONE',  ( -203.6750000000000398, 13.49999999999999822, 32.05000000000006111 ) ) ;
#3820 = EDGE_LOOP ( 'NONE', ( #4277, #1309, #4709, #1393 ) ) ;
#3821 = AXIS2_PLACEMENT_3D ( 'NONE', #1253, #4890, #8197 ) ;
#3822 = DIRECTION ( 'NONE',  ( 0.000000000000000000, 0.000000000000000000, 1.000000000000000000 ) ) ;
#3823 = CARTESIAN_POINT ( 'NONE',  ( 219.4749999999999659, 4.000000000000000000, 53.70000000000000284 ) ) ;
#3824 = EDGE_CURVE ( 'NONE', #5237, #6324, #911, .T. ) ;
#3825 = DIRECTION ( 'NONE',  ( 0.000000000000000000, 0.000000000000000000, 1.000000000000000000 ) ) ;
#3826 = DIRECTION ( 'NONE',  ( -0.8660254037844428154, 0.4999999999999926170, 0.000000000000000000 ) ) ;
#3827 = CARTESIAN_POINT ( 'NONE',  ( 244.4749999999999659, 22.00000000000000000, 64.00000000000000000 ) ) ;
#3828 = ORIENTED_EDGE ( 'NONE', *, *, #5095, .F. ) ;
#3829 = CARTESIAN_POINT ( 'NONE',  ( -208.6750000000000682, -0.001999999999998530731, 22.90000000000005187 ) ) ;
#3830 = VERTEX_POINT ( 'NONE', #2804 ) ;
#3831 = DIRECTION ( 'NONE',  ( -0.000000000000000000, -1.000000000000000000, -0.000000000000000000 ) ) ;
#3832 = ORIENTED_EDGE ( 'NONE', *, *, #2321, .F. ) ;
#3833 = VECTOR ( 'NONE', #5401, 1000.000000000000000 ) ;
#3834 = CARTESIAN_POINT ( 'NONE',  ( -241.7250000000000227, 13.49999999999999822, -1.250000000000000666 ) ) ;
#3835 = VECTOR ( 'NONE', #49, 1000.000000000000000 ) ;
#3836 = CARTESIAN_POINT ( 'NONE',  ( 219.4749999999999659, 22.00000000000000000, -24.90000000000011582 ) ) ;
#3837 = EDGE_CURVE ( 'NONE', #6110, #5960, #2262, .T. ) ;
#3838 = CARTESIAN_POINT ( 'NONE',  ( 229.9750000000001080, 22.00000000000000000, -16.65000000000000213 ) ) ;
#3839 = DIRECTION ( 'NONE',  ( 0.000000000000000000, 0.000000000000000000, 1.000000000000000000 ) ) ;
#3840 = ORIENTED_EDGE ( 'NONE', *, *, #343, .T. ) ;
#3841 = LINE ( 'NONE', #3209, #1628 ) ;
#3842 = VERTEX_POINT ( 'NONE', #5363 ) ;
#3843 = VECTOR ( 'NONE', #4522, 1000.000000000000000 ) ;
#3844 = VERTEX_POINT ( 'NONE', #4227 ) ;
#3845 = DIRECTION ( 'NONE',  ( 0.000000000000000000, 0.000000000000000000, -1.000000000000000000 ) ) ;
#3846 = AXIS2_PLACEMENT_3D ( 'NONE', #8115, #1091, #2310 ) ;
#3847 = ADVANCED_FACE ( 'NONE', ( #7325 ), #5410, .F. ) ;
#3848 = EDGE_CURVE ( 'NONE', #6983, #8275, #2884, .T. ) ;
#3849 = CARTESIAN_POINT ( 'NONE',  ( 219.4749999999999659, 13.49999999999999822, -59.85000000000002984 ) ) ;
#3850 = AXIS2_PLACEMENT_3D ( 'NONE', #7969, #1434, #5330 ) ;
#3851 = ORIENTED_EDGE ( 'NONE', *, *, #8071, .T. ) ;
#3852 = CARTESIAN_POINT ( 'NONE',  ( -203.6750000000000398, 22.00000000000000000, 30.80000000000005755 ) ) ;
#3853 = CARTESIAN_POINT ( 'NONE',  ( 224.4749999997010264, 11.85814304959483323, 48.84952642706176107 ) ) ;
#3854 = VERTEX_POINT ( 'NONE', #6782 ) ;
#3855 = DIRECTION ( 'NONE',  ( 1.000000000000000000, -0.000000000000000000, -0.000000000000000000 ) ) ;
#3856 = DIRECTION ( 'NONE',  ( 0.000000000000000000, 0.000000000000000000, 1.000000000000000000 ) ) ;
#3857 = CONICAL_SURFACE ( 'NONE', #2520, 1.250000000000001110, 1.029744258676654090 ) ;
#3858 = DIRECTION ( 'NONE',  ( 1.000000000000000000, -0.000000000000000000, -0.000000000000000000 ) ) ;
#3859 = EDGE_CURVE ( 'NONE', #1528, #1077, #1546, .T. ) ;
#3860 = CARTESIAN_POINT ( 'NONE',  ( -191.9750000000000227, 8.499999999999992895, 27.58433046974914760 ) ) ;
#3861 = ORIENTED_EDGE ( 'NONE', *, *, #3494, .T. ) ;
#3862 = ADVANCED_FACE ( 'NONE', ( #2920 ), #2761, .F. ) ;
#3863 = DIRECTION ( 'NONE',  ( 0.000000000000000000, 0.000000000000000000, 1.000000000000000000 ) ) ;
#3864 = VECTOR ( 'NONE', #8069, 1000.000000000000000 ) ;
#3865 = ORIENTED_EDGE ( 'NONE', *, *, #3032, .T. ) ;
#3866 = CARTESIAN_POINT ( 'NONE',  ( 100.5249999999999488, 0.000000000000000000, 28.83433046974911207 ) ) ;
#3867 = AXIS2_PLACEMENT_3D ( 'NONE', #7345, #233, #274 ) ;
#3868 = CARTESIAN_POINT ( 'NONE',  ( 204.4750000000000227, 20.84529946162070502, -2.900000000000001688 ) ) ;
#3869 = VECTOR ( 'NONE', #1024, 1000.000000000000000 ) ;
#3870 = DIRECTION ( 'NONE',  ( -0.000000000000000000, 1.000000000000000000, -0.000000000000000000 ) ) ;
#3871 = DIRECTION ( 'NONE',  ( 1.000000000000000000, 0.000000000000000000, -1.202972179678357944E-16 ) ) ;
#3872 = EDGE_CURVE ( 'NONE', #6191, #6606, #4137, .T. ) ;
#3873 = CARTESIAN_POINT ( 'NONE',  ( -239.4750000000000227, 10.49999999999999822, -57.34999999999996589 ) ) ;
#3874 = VERTEX_POINT ( 'NONE', #418 ) ;
#3875 = ADVANCED_FACE ( 'NONE', ( #7991 ), #300, .F. ) ;
#3876 = FACE_OUTER_BOUND ( 'NONE', #5458, .T. ) ;
#3877 = EDGE_LOOP ( 'NONE', ( #3342, #120, #7445, #4204 ) ) ;
#3878 = FACE_OUTER_BOUND ( 'NONE', #4106, .T. ) ;
#3879 = ORIENTED_EDGE ( 'NONE', *, *, #4658, .T. ) ;
#3880 = CARTESIAN_POINT ( 'NONE',  ( 165.5250000000000909, 13.49999999999999822, 59.85000000000002274 ) ) ;
#3881 = VECTOR ( 'NONE', #5317, 1000.000000000000000 ) ;
#3882 = DIRECTION ( 'NONE',  ( 0.000000000000000000, 0.000000000000000000, 1.000000000000000000 ) ) ;
#3883 = AXIS2_PLACEMENT_3D ( 'NONE', #8174, #3144, #1776 ) ;
#3884 = CIRCLE ( 'NONE', #4948, 1.250000000000001110 ) ;
#3885 = DIRECTION ( 'NONE',  ( -0.000000000000000000, 1.000000000000000000, -0.000000000000000000 ) ) ;
#3886 = CARTESIAN_POINT ( 'NONE',  ( 224.4750000002989339, 11.44695762911632286, -48.94893226146155030 ) ) ;
#3887 = ORIENTED_EDGE ( 'NONE', *, *, #1545, .F. ) ;
#3888 = CARTESIAN_POINT ( 'NONE',  ( -241.7250000000000227, 13.49999999999999822, 1.250000000000001554 ) ) ;
#3889 = ORIENTED_EDGE ( 'NONE', *, *, #5022, .T. ) ;
#3890 = ORIENTED_EDGE ( 'NONE', *, *, #1390, .T. ) ;
#3891 = AXIS2_PLACEMENT_3D ( 'NONE', #3910, #6969, #2524 ) ;
#3892 = EDGE_CURVE ( 'NONE', #169, #6147, #8032, .T. ) ;
#3893 = CONICAL_SURFACE ( 'NONE', #296, 7.963026999999997635, 0.02993239667170256510 ) ;
#3894 = VECTOR ( 'NONE', #7240, 1000.000000000000000 ) ;
#3895 = VECTOR ( 'NONE', #3885, 1000.000000000000000 ) ;
#3896 = DIRECTION ( 'NONE',  ( -0.000000000000000000, 1.000000000000000000, -0.000000000000000000 ) ) ;
#3897 = EDGE_LOOP ( 'NONE', ( #3911, #6166, #5310, #7786 ) ) ;
#3898 = LINE ( 'NONE', #90, #7150 ) ;
#3899 = CARTESIAN_POINT ( 'NONE',  ( 198.0250000000000057, 8.499999999999992895, -32.76566953025089646 ) ) ;
#3900 = ORIENTED_EDGE ( 'NONE', *, *, #5615, .F. ) ;
#3901 = DIRECTION ( 'NONE',  ( 1.000000000000000000, -0.000000000000000000, -0.000000000000000000 ) ) ;
#3902 = EDGE_CURVE ( 'NONE', #5826, #4797, #7034, .T. ) ;
#3903 = AXIS2_PLACEMENT_3D ( 'NONE', #7214, #1394, #7835 ) ;
#3904 = CARTESIAN_POINT ( 'NONE',  ( 219.4826781170588959, 11.40300536966335976, -38.70000000000000284 ) ) ;
#3905 = EDGE_CURVE ( 'NONE', #3322, #169, #2092, .T. ) ;
#3906 = FACE_OUTER_BOUND ( 'NONE', #5341, .T. ) ;
#3907 = CARTESIAN_POINT ( 'NONE',  ( -94.47500000000000853, 8.499999999999992895, -32.76566953025086804 ) ) ;
#3908 = EDGE_LOOP ( 'NONE', ( #6219, #5879, #7377, #3887 ) ) ;
#3909 = ORIENTED_EDGE ( 'NONE', *, *, #2226, .F. ) ;
#3910 = CARTESIAN_POINT ( 'NONE',  ( 216.9749999999999943, 13.49999999999999822, 59.85000000000006537 ) ) ;
#3911 = ORIENTED_EDGE ( 'NONE', *, *, #2966, .F. ) ;
#3912 = LINE ( 'NONE', #3274, #5653 ) ;
#3913 = CARTESIAN_POINT ( 'NONE',  ( -94.47500000000003695, 8.499999999999992895, 30.08433046974912273 ) ) ;
#3914 = EDGE_CURVE ( 'NONE', #6905, #2759, #221, .T. ) ;
#3915 = AXIS2_PLACEMENT_3D ( 'NONE', #5623, #3055, #7423 ) ;
#3916 = DIRECTION ( 'NONE',  ( 0.000000000000000000, 0.5150380749100544886, 0.8571673007021121116 ) ) ;
#3917 = CARTESIAN_POINT ( 'NONE',  ( 202.8250000000000455, 11.99999999999999822, 12.90000000000000213 ) ) ;
#3918 = LINE ( 'NONE', #3443, #3471 ) ;
#3919 = ORIENTED_EDGE ( 'NONE', *, *, #879, .T. ) ;
#3920 = DIRECTION ( 'NONE',  ( 0.000000000000000000, 0.5150380749100536004, 0.8571673007021125557 ) ) ;
#3921 = ORIENTED_EDGE ( 'NONE', *, *, #7071, .T. ) ;
#3922 = CARTESIAN_POINT ( 'NONE',  ( 165.5250000000000341, 13.49999999999999822, -61.10000000000004405 ) ) ;
#3923 = ORIENTED_EDGE ( 'NONE', *, *, #196, .F. ) ;
#3924 = CONICAL_SURFACE ( 'NONE', #4443, 1.249999999999987121, 1.029744258676654312 ) ;
#3925 = DIRECTION ( 'NONE',  ( -0.000000000000000000, -1.000000000000000000, -0.000000000000000000 ) ) ;
#3926 = CARTESIAN_POINT ( 'NONE',  ( -4.474999999999979217, 22.00000000000000000, 30.80000000000001492 ) ) ;
#3927 = EDGE_CURVE ( 'NONE', #7068, #4556, #753, .T. ) ;
#3928 = EDGE_CURVE ( 'NONE', #695, #3735, #3356, .T. ) ;
#3929 = VECTOR ( 'NONE', #102, 999.9999999999998863 ) ;
#3930 = CYLINDRICAL_SURFACE ( 'NONE', #24, 1.250000000000001110 ) ;
#3931 = CARTESIAN_POINT ( 'NONE',  ( 224.4749999997008842, 10.14169248566995840, -48.84946534510944360 ) ) ;
#3932 = ORIENTED_EDGE ( 'NONE', *, *, #7493, .F. ) ;
#3933 = CARTESIAN_POINT ( 'NONE',  ( 198.0249999999999773, 0.000000000000000000, 28.83433046974910141 ) ) ;
#3934 = EDGE_LOOP ( 'NONE', ( #4075, #1158, #6520, #396 ) ) ;
#3935 = ORIENTED_EDGE ( 'NONE', *, *, #1301, .T. ) ;
#3936 = CARTESIAN_POINT ( 'NONE',  ( 227.0949999999999704, 10.99999999999998757, -46.20000000000000284 ) ) ;
#3937 = ORIENTED_EDGE ( 'NONE', *, *, #4417, .T. ) ;
#3938 = PLANE ( 'NONE',  #4603 ) ;
#3939 = LINE ( 'NONE', #3302, #4805 ) ;
#3940 = ORIENTED_EDGE ( 'NONE', *, *, #5302, .T. ) ;
#3941 = DIRECTION ( 'NONE',  ( -0.000000000000000000, -1.000000000000000000, -0.000000000000000000 ) ) ;
#3942 = AXIS2_PLACEMENT_3D ( 'NONE', #1159, #6269, #1078 ) ;
#3943 = DIRECTION ( 'NONE',  ( 0.000000000000000000, 0.000000000000000000, 1.000000000000000000 ) ) ;
#3944 = EDGE_CURVE ( 'NONE', #2506, #3185, #7452, .T. ) ;
#3945 = CARTESIAN_POINT ( 'NONE',  ( -224.4749999999999943, 22.00000000000000000, 58.60000000000005826 ) ) ;
#3946 = VERTEX_POINT ( 'NONE', #456 ) ;
#3947 = ORIENTED_EDGE ( 'NONE', *, *, #7354, .T. ) ;
#3948 = EDGE_CURVE ( 'NONE', #2606, #3549, #6825, .T. ) ;
#3949 = CARTESIAN_POINT ( 'NONE',  ( 198.0249999999999773, -1.402220585023716934E-15, 28.83433046974910141 ) ) ;
#3950 = ORIENTED_EDGE ( 'NONE', *, *, #5122, .T. ) ;
#3951 = CARTESIAN_POINT ( 'NONE',  ( -224.4749999999999943, 13.49999999999999822, 61.10000000000006537 ) ) ;
#3952 = CARTESIAN_POINT ( 'NONE',  ( 165.5250000000000341, 13.49999999999999822, -1.250000000000040190 ) ) ;
#3953 = FACE_OUTER_BOUND ( 'NONE', #6775, .T. ) ;
#3954 = DIRECTION ( 'NONE',  ( 0.000000000000000000, 0.000000000000000000, 1.000000000000000000 ) ) ;
#3955 = DIRECTION ( 'NONE',  ( 0.000000000000000000, -1.000000000000000000, 0.000000000000000000 ) ) ;
#3956 = EDGE_LOOP ( 'NONE', ( #2973, #7045, #3649, #8222 ) ) ;
#3957 = PRODUCT_RELATED_PRODUCT_CATEGORY ( 'part', '', ( #1577 ) ) ;
#3958 = ADVANCED_FACE ( 'NONE', ( #4428 ), #3757, .F. ) ;
#3959 = DIRECTION ( 'NONE',  ( -0.000000000000000000, 1.000000000000000000, -0.000000000000000000 ) ) ;
#3960 = ORIENTED_EDGE ( 'NONE', *, *, #1084, .T. ) ;
#3961 = LINE ( 'NONE', #6519, #4610 ) ;
#3962 = ORIENTED_EDGE ( 'NONE', *, *, #2331, .T. ) ;
#3963 = CARTESIAN_POINT ( 'NONE',  ( -241.7250000000000796, 22.00000000000000000, -48.70000000000005969 ) ) ;
#3964 = CARTESIAN_POINT ( 'NONE',  ( -231.9750000000000227, 22.00000000000000000, 53.70000000000005969 ) ) ;
#3965 = LINE ( 'NONE', #785, #2561 ) ;
#3966 = DIRECTION ( 'NONE',  ( -0.000000000000000000, -1.000000000000000000, -0.000000000000000000 ) ) ;
#3967 = EDGE_LOOP ( 'NONE', ( #83, #857, #4933, #8113 ) ) ;
#3968 = EDGE_CURVE ( 'NONE', #1642, #398, #3002, .T. ) ;
#3969 = CARTESIAN_POINT ( 'NONE',  ( -4.474999999999923261, 22.00000000000000000, 59.85000000000004405 ) ) ;
#3970 = VERTEX_POINT ( 'NONE', #6276 ) ;
#3971 = ORIENTED_EDGE ( 'NONE', *, *, #2641, .T. ) ;
#3972 = EDGE_CURVE ( 'NONE', #487, #2131, #3639, .T. ) ;
#3973 = DIRECTION ( 'NONE',  ( 0.000000000000000000, 0.000000000000000000, 1.000000000000000000 ) ) ;
#3974 = ORIENTED_EDGE ( 'NONE', *, *, #5700, .T. ) ;
#3975 = FACE_OUTER_BOUND ( 'NONE', #4944, .T. ) ;
#3976 = EDGE_CURVE ( 'NONE', #504, #5946, #8110, .T. ) ;
#3977 = ORIENTED_EDGE ( 'NONE', *, *, #1502, .T. ) ;
#3978 = VECTOR ( 'NONE', #4857, 1000.000000000000000 ) ;
#3979 = CARTESIAN_POINT ( 'NONE',  ( -191.9750000000000227, 8.499999999999992895, 30.08433046974914760 ) ) ;
#3980 = VECTOR ( 'NONE', #4168, 1000.000000000000114 ) ;
#3981 = CARTESIAN_POINT ( 'NONE',  ( -4.474999999999979217, 22.00000000000000000, 29.55000000000001492 ) ) ;
#3982 = AXIS2_PLACEMENT_3D ( 'NONE', #1920, #2552, #4473 ) ;
#3983 = CARTESIAN_POINT ( 'NONE',  ( -4.474999999999979217, 22.00000000000000000, -29.54999999999999361 ) ) ;
#3984 = ORIENTED_EDGE ( 'NONE', *, *, #1266, .F. ) ;
#3985 = PLANE ( 'NONE',  #5634 ) ;
#3986 = ORIENTED_EDGE ( 'NONE', *, *, #7323, .T. ) ;
#3987 = DIRECTION ( 'NONE',  ( 1.049727191138621654E-16, -0.5150380749100501587, 0.8571673007021147761 ) ) ;
#3988 = AXIS2_PLACEMENT_3D ( 'NONE', #1978, #64, #1190 ) ;
#3989 = DIRECTION ( 'NONE',  ( -0.000000000000000000, -1.000000000000000000, -0.000000000000000000 ) ) ;
#3990 = ADVANCED_FACE ( 'NONE', ( #3800 ), #3088, .F. ) ;
#3991 = CARTESIAN_POINT ( 'NONE',  ( 239.4749999999999659, 10.49999999999999822, -57.34999999999996589 ) ) ;
#3992 = CONICAL_SURFACE ( 'NONE', #6141, 1.250000000000001110, 1.029744258676655200 ) ;
#3993 = DIRECTION ( 'NONE',  ( -0.000000000000000000, -0.000000000000000000, -1.000000000000000000 ) ) ;
#3994 = CARTESIAN_POINT ( 'NONE',  ( -241.7250000000000796, 13.49999999999999822, 47.45000000000005969 ) ) ;
#3995 = ORIENTED_EDGE ( 'NONE', *, *, #871, .T. ) ;
#3996 = CARTESIAN_POINT ( 'NONE',  ( 165.5250000000000341, 12.74892422621554644, -30.80000000000001492 ) ) ;
#3997 = ORIENTED_EDGE ( 'NONE', *, *, #6947, .F. ) ;
#3998 = CARTESIAN_POINT ( 'NONE',  ( -203.6750000000000398, 12.74892422621554822, -30.79999999999997939 ) ) ;
#3999 = ORIENTED_EDGE ( 'NONE', *, *, #65, .T. ) ;
#4000 = VECTOR ( 'NONE', #3826, 1000.000000000000114 ) ;
#4001 = DIRECTION ( 'NONE',  ( -0.000000000000000000, 1.000000000000000000, -0.000000000000000000 ) ) ;
#4002 = CARTESIAN_POINT ( 'NONE',  ( -174.4749999999999943, 22.00000000000000000, 1.250000000000001110 ) ) ;
#4003 = AXIS2_PLACEMENT_3D ( 'NONE', #6022, #1616, #4122 ) ;
#4004 = ADVANCED_FACE ( 'NONE', ( #2962 ), #1087, .T. ) ;
#4005 = DIRECTION ( 'NONE',  ( -0.000000000000000000, 1.000000000000000000, -0.000000000000000000 ) ) ;
#4006 = VECTOR ( 'NONE', #645, 1000.000000000000000 ) ;
#4007 = DIRECTION ( 'NONE',  ( 0.000000000000000000, 0.000000000000000000, 1.000000000000000000 ) ) ;
#4008 = ORIENTED_EDGE ( 'NONE', *, *, #6779, .T. ) ;
#4009 = AXIS2_PLACEMENT_3D ( 'NONE', #4688, #7788, #5275 ) ;
#4010 = CARTESIAN_POINT ( 'NONE',  ( 204.4750000000000227, 20.84529946162070502, -7.900000000000002132 ) ) ;
#4011 = EDGE_LOOP ( 'NONE', ( #1852, #6689, #5951, #7499 ) ) ;
#4012 = ORIENTED_EDGE ( 'NONE', *, *, #5979, .F. ) ;
#4013 = FACE_OUTER_BOUND ( 'NONE', #815, .T. ) ;
#4014 = CIRCLE ( 'NONE', #282, 1.249999999999987121 ) ;
#4015 = AXIS2_PLACEMENT_3D ( 'NONE', #3572, #7560, #513 ) ;
#4016 = EDGE_CURVE ( 'NONE', #740, #1788, #5655, .T. ) ;
#4017 = CARTESIAN_POINT ( 'NONE',  ( 165.5250000000000909, 12.74892422621554644, 59.85000000000002274 ) ) ;
#4018 = ORIENTED_EDGE ( 'NONE', *, *, #5690, .F. ) ;
#4019 = CONICAL_SURFACE ( 'NONE', #1615, 1.250000000000001110, 1.029744258676654090 ) ;
#4020 = CYLINDRICAL_SURFACE ( 'NONE', #5073, 1.649999999999984812 ) ;
#4021 = ORIENTED_EDGE ( 'NONE', *, *, #4744, .F. ) ;
#4022 = CARTESIAN_POINT ( 'NONE',  ( 191.1750000000000114, 20.84529946162070502, 7.900000000000000355 ) ) ;
#4023 = EDGE_CURVE ( 'NONE', #6112, #3399, #5018, .T. ) ;
#4024 = ADVANCED_FACE ( 'NONE', ( #4929 ), #5637, .F. ) ;
#4025 = DIRECTION ( 'NONE',  ( 0.000000000000000000, 0.000000000000000000, 1.000000000000000000 ) ) ;
#4026 = VERTEX_POINT ( 'NONE', #1207 ) ;
#4027 = FACE_OUTER_BOUND ( 'NONE', #7120, .T. ) ;
#4028 = ORIENTED_EDGE ( 'NONE', *, *, #4949, .T. ) ;
#4029 = DIRECTION ( 'NONE',  ( 1.000000000000000000, 0.000000000000000000, -1.202972179678357944E-16 ) ) ;
#4030 = ORIENTED_EDGE ( 'NONE', *, *, #1461, .F. ) ;
#4031 = VECTOR ( 'NONE', #660, 1000.000000000000000 ) ;
#4032 = CARTESIAN_POINT ( 'NONE',  ( 100.5249999999999773, 0.000000000000000000, -34.01566953025087514 ) ) ;
#4033 = CARTESIAN_POINT ( 'NONE',  ( 239.4749999999999943, 9.508579978604522864, 59.00000000000000711 ) ) ;
#4034 = DIRECTION ( 'NONE',  ( 0.000000000000000000, 0.000000000000000000, -1.000000000000000000 ) ) ;
#4035 = CARTESIAN_POINT ( 'NONE',  ( 224.4749999999999659, 22.00000000000000000, -43.70000000000000284 ) ) ;
#4036 = DIRECTION ( 'NONE',  ( 0.000000000000000000, 0.000000000000000000, 1.000000000000000000 ) ) ;
#4037 = ORIENTED_EDGE ( 'NONE', *, *, #7559, .F. ) ;
#4038 = FACE_OUTER_BOUND ( 'NONE', #7358, .T. ) ;
#4039 = EDGE_LOOP ( 'NONE', ( #4021, #5550, #30, #62 ) ) ;
#4040 = CARTESIAN_POINT ( 'NONE',  ( -188.6750000000000398, 4.000000000000000000, 2.900000000000046541 ) ) ;
#4041 = VERTEX_POINT ( 'NONE', #3754 ) ;
#4042 = DIRECTION ( 'NONE',  ( 1.202972179678357944E-16, 0.000000000000000000, 1.000000000000000000 ) ) ;
#4043 = AXIS2_PLACEMENT_3D ( 'NONE', #3224, #5068, #2602 ) ;
#4044 = DIRECTION ( 'NONE',  ( -1.000000000000000000, 0.000000000000000000, 1.202972179678357944E-16 ) ) ;
#4045 = CARTESIAN_POINT ( 'NONE',  ( 244.4749999999999659, 0.000000000000000000, -64.00000000000000000 ) ) ;
#4046 = VECTOR ( 'NONE', #6314, 1000.000000000000000 ) ;
#4047 = CARTESIAN_POINT ( 'NONE',  ( 204.4750000000000227, 4.000000000000000000, -2.900000000000001688 ) ) ;
#4048 = ORIENTED_EDGE ( 'NONE', *, *, #5303, .T. ) ;
#4049 = CYLINDRICAL_SURFACE ( 'NONE', #7908, 1.249999999999987121 ) ;
#4050 = VERTEX_POINT ( 'NONE', #8233 ) ;
#4051 = EDGE_CURVE ( 'NONE', #438, #8127, #6322, .T. ) ;
#4052 = ORIENTED_EDGE ( 'NONE', *, *, #388, .T. ) ;
#4053 = EDGE_CURVE ( 'NONE', #2785, #7098, #5529, .T. ) ;
#4054 = CARTESIAN_POINT ( 'NONE',  ( 165.5250000000000341, 13.49999999999999822, -58.60000000000004405 ) ) ;
#4055 = VECTOR ( 'NONE', #2694, 1000.000000000000000 ) ;
#4056 = CARTESIAN_POINT ( 'NONE',  ( -4.474999999999979217, 22.00000000000000000, -61.10000000000002274 ) ) ;
#4057 = ORIENTED_EDGE ( 'NONE', *, *, #7757, .T. ) ;
#4058 = FACE_OUTER_BOUND ( 'NONE', #6381, .T. ) ;
#4059 = EDGE_CURVE ( 'NONE', #7903, #1761, #7693, .T. ) ;
#4060 = EDGE_LOOP ( 'NONE', ( #6604, #512, #6401, #6241 ) ) ;
#4061 = CARTESIAN_POINT ( 'NONE',  ( -239.4750000000000227, 22.00000000000000000, -60.64999999999993463 ) ) ;
#4062 = CARTESIAN_POINT ( 'NONE',  ( 204.4750000000000227, 4.000000000000000000, -2.900000000000001688 ) ) ;
#4063 = ORIENTED_EDGE ( 'NONE', *, *, #4814, .F. ) ;
#4064 = DIRECTION ( 'NONE',  ( -0.000000000000000000, 1.000000000000000000, -0.000000000000000000 ) ) ;
#4065 = ORIENTED_EDGE ( 'NONE', *, *, #4914, .F. ) ;
#4066 = DIRECTION ( 'NONE',  ( 0.000000000000000000, 0.000000000000000000, 1.000000000000000000 ) ) ;
#4067 = EDGE_LOOP ( 'NONE', ( #925, #7770 ) ) ;
#4068 = EDGE_CURVE ( 'NONE', #6076, #4605, #3634, .T. ) ;
#4069 = DIRECTION ( 'NONE',  ( -0.000000000000000000, -1.000000000000000000, -0.000000000000000000 ) ) ;
#4070 = EDGE_CURVE ( 'NONE', #4742, #4607, #1380, .T. ) ;
#4071 = CARTESIAN_POINT ( 'NONE',  ( 100.5249999999999773, -1.402220585023716934E-15, -34.01566953025087514 ) ) ;
#4072 = LINE ( 'NONE', #6635, #147 ) ;
#4073 = LINE ( 'NONE', #3019, #1149 ) ;
#4074 = FACE_OUTER_BOUND ( 'NONE', #4689, .T. ) ;
#4075 = ORIENTED_EDGE ( 'NONE', *, *, #5178, .T. ) ;
#4076 = DIRECTION ( 'NONE',  ( 0.000000000000000000, 1.000000000000000000, 0.000000000000000000 ) ) ;
#4077 = ORIENTED_EDGE ( 'NONE', *, *, #2889, .T. ) ;
#4078 = FACE_OUTER_BOUND ( 'NONE', #1549, .T. ) ;
#4079 = VERTEX_POINT ( 'NONE', #708 ) ;
#4080 = LINE ( 'NONE', #283, #1249 ) ;
#4081 = ADVANCED_FACE ( 'NONE', ( #5101 ), #1954, .F. ) ;
#4082 = CARTESIAN_POINT ( 'NONE',  ( 244.4749999999999659, 10.99999999999998757, -54.16302699999999959 ) ) ;
#4083 = CONICAL_SURFACE ( 'NONE', #6235, 7.137400000000002187, 1.029744258676656310 ) ;
#4084 = CONICAL_SURFACE ( 'NONE', #7826, 7.137400000000002187, 1.029744258676656310 ) ;
#4085 = CARTESIAN_POINT ( 'NONE',  ( 229.9750000000001080, 13.49999999999999822, -37.24999999999995026 ) ) ;
#4086 = DIRECTION ( 'NONE',  ( 0.000000000000000000, 0.000000000000000000, 1.000000000000000000 ) ) ;
#4087 = EDGE_LOOP ( 'NONE', ( #5093, #8263, #3265, #2187 ) ) ;
#4088 = FACE_OUTER_BOUND ( 'NONE', #4629, .T. ) ;
#4089 = VERTEX_POINT ( 'NONE', #7654 ) ;
#4090 = CARTESIAN_POINT ( 'NONE',  ( 207.4749999999999091, 22.00000000000000000, -2.900000000000003464 ) ) ;
#4091 = ORIENTED_EDGE ( 'NONE', *, *, #3540, .F. ) ;
#4092 = LINE ( 'NONE', #5444, #254 ) ;
#4093 = ADVANCED_FACE ( 'NONE', ( #2590 ), #82, .T. ) ;
#4094 = CARTESIAN_POINT ( 'NONE',  ( 198.0249999999999773, 8.499999999999992895, 27.58433046974910141 ) ) ;
#4095 = VERTEX_POINT ( 'NONE', #1333 ) ;
#4096 = VERTEX_POINT ( 'NONE', #165 ) ;
#4097 = DIRECTION ( 'NONE',  ( -0.000000000000000000, 1.000000000000000000, -0.000000000000000000 ) ) ;
#4098 = ORIENTED_EDGE ( 'NONE', *, *, #4309, .F. ) ;
#4099 = AXIS2_PLACEMENT_3D ( 'NONE', #2046, #4598, #5352 ) ;
#4100 = CARTESIAN_POINT ( 'NONE',  ( 214.4750000000000227, 20.84529946162070502, 53.70000000000000284 ) ) ;
#4101 = EDGE_CURVE ( 'NONE', #7753, #6989, #6402, .T. ) ;
#4102 = EDGE_CURVE ( 'NONE', #6471, #2717, #7157, .T. ) ;
#4103 = DIRECTION ( 'NONE',  ( 1.049727191138618449E-16, 0.5150380749100544886, -0.8571673007021121116 ) ) ;
#4104 = VERTEX_POINT ( 'NONE', #7113 ) ;
#4105 = DIRECTION ( 'NONE',  ( -0.000000000000000000, 1.000000000000000000, -0.000000000000000000 ) ) ;
#4106 = EDGE_LOOP ( 'NONE', ( #7561, #4187, #3640, #3547 ) ) ;
#4107 = DIRECTION ( 'NONE',  ( 0.000000000000000000, 0.5150380749100544886, 0.8571673007021121116 ) ) ;
#4108 = ORIENTED_EDGE ( 'NONE', *, *, #6176, .T. ) ;
#4109 = AXIS2_PLACEMENT_3D ( 'NONE', #8209, #6963, #7626 ) ;
#4110 = CARTESIAN_POINT ( 'NONE',  ( 202.8250000000000455, 22.00000000000000000, 11.65000000000000036 ) ) ;
#4111 = CARTESIAN_POINT ( 'NONE',  ( 229.9750000000001080, 22.00000000000000000, 54.75000000000000000 ) ) ;
#4112 = ADVANCED_FACE ( 'NONE', ( #2048 ), #2715, .F. ) ;
#4113 = CARTESIAN_POINT ( 'NONE',  ( 219.4749999999999659, 22.00000000000000000, -30.79999999999999716 ) ) ;
#4114 = DIRECTION ( 'NONE',  ( 0.000000000000000000, 1.000000000000000000, 0.000000000000000000 ) ) ;
#4115 = DIRECTION ( 'NONE',  ( -0.000000000000000000, 1.000000000000000000, -0.000000000000000000 ) ) ;
#4116 = ORIENTED_EDGE ( 'NONE', *, *, #3948, .F. ) ;
#4117 = CARTESIAN_POINT ( 'NONE',  ( -224.4749999999999943, 13.49999999999999822, 59.85000000000006537 ) ) ;
#4118 = AXIS2_PLACEMENT_3D ( 'NONE', #5462, #2359, #8122 ) ;
#4119 = ORIENTED_EDGE ( 'NONE', *, *, #3070, .T. ) ;
#4120 = CARTESIAN_POINT ( 'NONE',  ( -231.9750000000000512, 22.00000000000000000, -48.69999999999995310 ) ) ;
#4121 = DIRECTION ( 'NONE',  ( 1.049727191138618942E-16, 0.5150380749100536004, -0.8571673007021125557 ) ) ;
#4122 = DIRECTION ( 'NONE',  ( 0.000000000000000000, 0.000000000000000000, 1.000000000000000000 ) ) ;
#4123 = AXIS2_PLACEMENT_3D ( 'NONE', #2762, #251, #7364 ) ;
#4124 = ADVANCED_FACE ( 'NONE', ( #5820 ), #4600, .F. ) ;
#4125 = DIRECTION ( 'NONE',  ( -1.135313451912421414E-16, 0.000000000000000000, -1.000000000000000000 ) ) ;
#4126 = FACE_OUTER_BOUND ( 'NONE', #1962, .T. ) ;
#4127 = ORIENTED_EDGE ( 'NONE', *, *, #6224, .F. ) ;
#4128 = CIRCLE ( 'NONE', #6139, 1.649999999999984812 ) ;
#4129 = DIRECTION ( 'NONE',  ( 0.000000000000000000, 0.000000000000000000, 1.000000000000000000 ) ) ;
#4130 = ORIENTED_EDGE ( 'NONE', *, *, #4531, .F. ) ;
#4131 = DIRECTION ( 'NONE',  ( -1.000000000000000000, 0.000000000000000000, 1.202972179678357944E-16 ) ) ;
#4132 = EDGE_LOOP ( 'NONE', ( #2628, #4787, #2214 ) ) ;
#4133 = AXIS2_PLACEMENT_3D ( 'NONE', #1446, #2122, #4044 ) ;
#4134 = LINE ( 'NONE', #4054, #4925 ) ;
#4135 = VECTOR ( 'NONE', #733, 1000.000000000000114 ) ;
#4136 = CONICAL_SURFACE ( 'NONE', #2667, 1.249999999999973355, 1.029744258676649427 ) ;
#4137 = LINE ( 'NONE', #4094, #1016 ) ;
#4138 = ORIENTED_EDGE ( 'NONE', *, *, #4224, .F. ) ;
#4139 = ORIENTED_EDGE ( 'NONE', *, *, #6215, .F. ) ;
#4140 = VERTEX_POINT ( 'NONE', #5182 ) ;
#4141 = CIRCLE ( 'NONE', #7222, 7.000000000000110134 ) ;
#4142 = AXIS2_PLACEMENT_3D ( 'NONE', #6762, #1691, #8014 ) ;
#4143 = LINE ( 'NONE', #1762, #7465 ) ;
#4144 = CARTESIAN_POINT ( 'NONE',  ( -4.474999999999923261, 22.00000000000000000, 61.10000000000004405 ) ) ;
#4145 = CIRCLE ( 'NONE', #10, 1.250000000000001110 ) ;
#4146 = ORIENTED_EDGE ( 'NONE', *, *, #3046, .F. ) ;
#4147 = DIRECTION ( 'NONE',  ( 0.000000000000000000, 0.000000000000000000, 1.000000000000000000 ) ) ;
#4148 = CARTESIAN_POINT ( 'NONE',  ( 100.5249999999999773, 8.499999999999992895, -32.76566953025088935 ) ) ;
#4149 = CIRCLE ( 'NONE', #4819, 1.250000000000001110 ) ;
#4150 = ORIENTED_EDGE ( 'NONE', *, *, #2801, .T. ) ;
#4151 = EDGE_CURVE ( 'NONE', #235, #6704, #6304, .T. ) ;
#4152 = CARTESIAN_POINT ( 'NONE',  ( 241.9749999999999659, 0.000000000000000000, 61.50000000000000000 ) ) ;
#4153 = EDGE_CURVE ( 'NONE', #7924, #6656, #616, .T. ) ;
#4154 = CARTESIAN_POINT ( 'NONE',  ( -241.7250000000000796, 22.00000000000000000, -47.45000000000005969 ) ) ;
#4155 = AXIS2_PLACEMENT_3D ( 'NONE', #3564, #8001, #2933 ) ;
#4156 = ADVANCED_FACE ( 'NONE', ( #4469 ), #1452, .F. ) ;
#4157 = DIRECTION ( 'NONE',  ( 0.000000000000000000, 0.000000000000000000, 1.000000000000000000 ) ) ;
#4158 = AXIS2_PLACEMENT_3D ( 'NONE', #7043, #802, #7168 ) ;
#4159 = DIRECTION ( 'NONE',  ( 0.000000000000000000, 1.000000000000000000, 0.000000000000000000 ) ) ;
#4160 = CIRCLE ( 'NONE', #1093, 1.649999999999984812 ) ;
#4161 = LINE ( 'NONE', #4289, #5493 ) ;
#4162 = ORIENTED_EDGE ( 'NONE', *, *, #7724, .T. ) ;
#4163 = FACE_BOUND ( 'NONE', #1003, .T. ) ;
#4164 = EDGE_LOOP ( 'NONE', ( #2329, #449 ) ) ;
#4165 = CARTESIAN_POINT ( 'NONE',  ( -203.6750000000000398, 4.000000000000000000, -22.89999999999995239 ) ) ;
#4166 = LINE ( 'NONE', #860, #5937 ) ;
#4167 = EDGE_CURVE ( 'NONE', #2149, #2582, #7778, .T. ) ;
#4168 = DIRECTION ( 'NONE',  ( 0.000000000000000000, 0.5150380749100536004, 0.8571673007021125557 ) ) ;
#4169 = AXIS2_PLACEMENT_3D ( 'NONE', #448, #1826, #526 ) ;
#4170 = AXIS2_PLACEMENT_3D ( 'NONE', #1316, #3115, #1900 ) ;
#4171 = CYLINDRICAL_SURFACE ( 'NONE', #5332, 1.250000000000001110 ) ;
#4172 = DIRECTION ( 'NONE',  ( 0.000000000000000000, 0.000000000000000000, -1.000000000000000000 ) ) ;
#4173 = VERTEX_POINT ( 'NONE', #4010 ) ;
#4174 = DIRECTION ( 'NONE',  ( -0.000000000000000000, 1.000000000000000000, -0.000000000000000000 ) ) ;
#4175 = AXIS2_PLACEMENT_3D ( 'NONE', #2154, #1520, #3527 ) ;
#4176 = ORIENTED_EDGE ( 'NONE', *, *, #2600, .T. ) ;
#4177 = FACE_OUTER_BOUND ( 'NONE', #3908, .T. ) ;
#4178 = ORIENTED_EDGE ( 'NONE', *, *, #1842, .F. ) ;
#4179 = EDGE_CURVE ( 'NONE', #2309, #5983, #6850, .T. ) ;
#4180 = DIRECTION ( 'NONE',  ( -0.000000000000000000, -1.000000000000000000, -0.000000000000000000 ) ) ;
#4181 = EDGE_CURVE ( 'NONE', #3510, #7829, #3841, .T. ) ;
#4182 = VECTOR ( 'NONE', #5152, 1000.000000000000000 ) ;
#4183 = VECTOR ( 'NONE', #7255, 1000.000000000000000 ) ;
#4184 = DIRECTION ( 'NONE',  ( -0.000000000000000000, 1.000000000000000000, -0.000000000000000000 ) ) ;
#4185 = ORIENTED_EDGE ( 'NONE', *, *, #7677, .T. ) ;
#4186 = ORIENTED_EDGE ( 'NONE', *, *, #2351, .F. ) ;
#4187 = ORIENTED_EDGE ( 'NONE', *, *, #1970, .T. ) ;
#4188 = AXIS2_PLACEMENT_3D ( 'NONE', #743, #4001, #2540 ) ;
#4189 = CARTESIAN_POINT ( 'NONE',  ( 234.1449999999999534, 10.99999999999998757, 39.06260000000000332 ) ) ;
#4190 = DIRECTION ( 'NONE',  ( -0.000000000000000000, 1.000000000000000000, -0.000000000000000000 ) ) ;
#4191 = ORIENTED_EDGE ( 'NONE', *, *, #1901, .T. ) ;
#4192 = CYLINDRICAL_SURFACE ( 'NONE', #5548, 1.250000000000001110 ) ;
#4193 = FACE_BOUND ( 'NONE', #8276, .T. ) ;
#4194 = ORIENTED_EDGE ( 'NONE', *, *, #6408, .F. ) ;
#4195 = CARTESIAN_POINT ( 'NONE',  ( 100.5249999999999773, 8.499999999999992895, -31.51566953025090356 ) ) ;
#4196 = PLANE ( 'NONE',  #4118 ) ;
#4197 = B_SPLINE_CURVE_WITH_KNOTS ( 'NONE', 3,
 ( #799, #1552, #219, #93, #3349, #2770, #4691, #918, #5831, #2890 ),
 .UNSPECIFIED., .F., .F.,
 ( 4, 3, 3, 4 ),
 ( 0.000000000000000000, 0.001209016108990224004, 0.002199861332882284241, 0.002418039183358482343 ),
 .UNSPECIFIED. ) ;
#4198 = ADVANCED_FACE ( 'NONE', ( #3335 ), #5780, .T. ) ;
#4199 = AXIS2_PLACEMENT_3D ( 'NONE', #5405, #332, #4801 ) ;
#4200 = DIRECTION ( 'NONE',  ( 0.000000000000000000, 0.000000000000000000, -1.000000000000000000 ) ) ;
#4201 = EDGE_CURVE ( 'NONE', #7685, #374, #6846, .T. ) ;
#4202 = LINE ( 'NONE', #8088, #5832 ) ;
#4203 = DIRECTION ( 'NONE',  ( -0.000000000000000000, 1.000000000000000000, -0.000000000000000000 ) ) ;
#4204 = ORIENTED_EDGE ( 'NONE', *, *, #6932, .T. ) ;
#4205 = CIRCLE ( 'NONE', #863, 1.250000000000001110 ) ;
#4206 = DIRECTION ( 'NONE',  ( 1.049727191138615491E-16, -0.5150380749100585964, 0.8571673007021097801 ) ) ;
#4207 = VERTEX_POINT ( 'NONE', #6028 ) ;
#4208 = DIRECTION ( 'NONE',  ( 0.000000000000000000, 0.000000000000000000, -1.000000000000000000 ) ) ;
#4209 = CARTESIAN_POINT ( 'NONE',  ( 179.1749999999999261, 22.00000000000000000, 27.90000000000000213 ) ) ;
#4210 = CARTESIAN_POINT ( 'NONE',  ( 224.2379908571826661, 10.55383282108764575, -38.70000000000070628 ) ) ;
#4211 = EDGE_CURVE ( 'NONE', #5858, #8120, #7948, .T. ) ;
#4212 = EDGE_CURVE ( 'NONE', #6110, #2702, #1623, .T. ) ;
#4213 = ADVANCED_FACE ( 'NONE', ( #4088 ), #5909, .F. ) ;
#4214 = CARTESIAN_POINT ( 'NONE',  ( 3.024999999999971934, 8.499999999999992895, 27.58433046974914049 ) ) ;
#4215 = AXIS2_PLACEMENT_3D ( 'NONE', #4704, #4659, #732 ) ;
#4216 = DIRECTION ( 'NONE',  ( 6.014860898391702205E-17, 0.8660254037844429265, 0.4999999999999926725 ) ) ;
#4217 = ORIENTED_EDGE ( 'NONE', *, *, #5924, .F. ) ;
#4218 = DIRECTION ( 'NONE',  ( 1.000000000000000000, -0.000000000000000000, -0.000000000000000000 ) ) ;
#4219 = ORIENTED_EDGE ( 'NONE', *, *, #8205, .F. ) ;
#4220 = CARTESIAN_POINT ( 'NONE',  ( 219.4749999999999659, 20.84529946162070502, -22.90000000000000213 ) ) ;
#4221 = VERTEX_POINT ( 'NONE', #5480 ) ;
#4222 = CARTESIAN_POINT ( 'NONE',  ( -241.7250000000000227, 13.49999999999999822, 1.250000000000001554 ) ) ;
#4223 = VECTOR ( 'NONE', #1384, 1000.000000000000000 ) ;
#4224 = EDGE_CURVE ( 'NONE', #2420, #6827, #2298, .T. ) ;
#4225 = CARTESIAN_POINT ( 'NONE',  ( 244.4749999999999659, 10.99999999999998934, 54.16302699999999959 ) ) ;
#4226 = ADVANCED_FACE ( 'NONE', ( #2215 ), #4049, .F. ) ;
#4227 = CARTESIAN_POINT ( 'NONE',  ( 229.9750000000001080, 13.49999999999999822, -16.65000000000000213 ) ) ;
#4228 = ORIENTED_EDGE ( 'NONE', *, *, #36, .T. ) ;
#4229 = ORIENTED_EDGE ( 'NONE', *, *, #2848, .F. ) ;
#4230 = EDGE_LOOP ( 'NONE', ( #1916, #617, #3974 ) ) ;
#4231 = CARTESIAN_POINT ( 'NONE',  ( -221.9750000000000227, 4.000000000000000000, -33.69999999999996021 ) ) ;
#4232 = EDGE_CURVE ( 'NONE', #2717, #340, #1757, .T. ) ;
#4233 = LINE ( 'NONE', #2588, #1105 ) ;
#4234 = EDGE_CURVE ( 'NONE', #7464, #735, #3506, .T. ) ;
#4235 = CIRCLE ( 'NONE', #3027, 1.250000000000001110 ) ;
#4236 = ORIENTED_EDGE ( 'NONE', *, *, #7708, .F. ) ;
#4237 = DIRECTION ( 'NONE',  ( 0.000000000000000000, 0.000000000000000000, 1.000000000000000000 ) ) ;
#4238 = CARTESIAN_POINT ( 'NONE',  ( 219.4749999999999659, 4.000000000000000000, -38.70000000000000284 ) ) ;
#4239 = EDGE_LOOP ( 'NONE', ( #8002, #4953, #3477, #7713 ) ) ;
#4240 = AXIS2_PLACEMENT_3D ( 'NONE', #2404, #6851, #6891 ) ;
#4241 = DIRECTION ( 'NONE',  ( 0.000000000000000000, 0.000000000000000000, 1.000000000000000000 ) ) ;
#4242 = CARTESIAN_POINT ( 'NONE',  ( 229.9750000000001080, 22.00000000000000000, 57.25000000000000000 ) ) ;
#4243 = DIRECTION ( 'NONE',  ( 0.000000000000000000, 0.000000000000000000, 1.000000000000000000 ) ) ;
#4244 = FACE_OUTER_BOUND ( 'NONE', #5962, .T. ) ;
#4245 = DIRECTION ( 'NONE',  ( 0.000000000000000000, 0.000000000000000000, 1.000000000000000000 ) ) ;
#4246 = ORIENTED_EDGE ( 'NONE', *, *, #5107, .T. ) ;
#4247 = FACE_BOUND ( 'NONE', #5223, .T. ) ;
#4248 = ORIENTED_EDGE ( 'NONE', *, *, #468, .F. ) ;
#4249 = DIRECTION ( 'NONE',  ( 0.000000000000000000, -0.000000000000000000, 1.000000000000000000 ) ) ;
#4250 = ADVANCED_FACE ( 'NONE', ( #1664 ), #297, .F. ) ;
#4251 = CARTESIAN_POINT ( 'NONE',  ( 226.4750000000000796, 22.00000000000000000, -17.90000000000000213 ) ) ;
#4252 = CIRCLE ( 'NONE', #6794, 1.250000000000001110 ) ;
#4253 = DIRECTION ( 'NONE',  ( 0.000000000000000000, 0.000000000000000000, 1.000000000000000000 ) ) ;
#4254 = FACE_OUTER_BOUND ( 'NONE', #2850, .T. ) ;
#4255 = VERTEX_POINT ( 'NONE', #2178 ) ;
#4256 = CARTESIAN_POINT ( 'NONE',  ( 198.0249999999999773, 8.499999999999992895, 30.08433046974910496 ) ) ;
#4257 = ORIENTED_EDGE ( 'NONE', *, *, #5283, .F. ) ;
#4258 = DIRECTION ( 'NONE',  ( 0.000000000000000000, 0.000000000000000000, -1.000000000000000000 ) ) ;
#4259 = ORIENTED_EDGE ( 'NONE', *, *, #7784, .F. ) ;
#4260 = LINE ( 'NONE', #6946, #5662 ) ;
#4261 = CYLINDRICAL_SURFACE ( 'NONE', #7344, 4.999999999999997335 ) ;
#4262 = EDGE_CURVE ( 'NONE', #3147, #4730, #7279, .T. ) ;
#4263 = CIRCLE ( 'NONE', #1455, 1.249999999999987121 ) ;
#4264 = FACE_OUTER_BOUND ( 'NONE', #6968, .T. ) ;
#4265 = DIRECTION ( 'NONE',  ( -0.000000000000000000, 1.000000000000000000, -0.000000000000000000 ) ) ;
#4266 = AXIS2_PLACEMENT_3D ( 'NONE', #5015, #3713, #5526 ) ;
#4267 = ORIENTED_EDGE ( 'NONE', *, *, #6798, .T. ) ;
#4268 = ORIENTED_EDGE ( 'NONE', *, *, #1780, .F. ) ;
#4269 = ORIENTED_EDGE ( 'NONE', *, *, #2966, .T. ) ;
#4270 = AXIS2_PLACEMENT_3D ( 'NONE', #2161, #1565, #5335 ) ;
#4271 = EDGE_CURVE ( 'NONE', #2386, #5276, #423, .T. ) ;
#4272 = VECTOR ( 'NONE', #7940, 1000.000000000000000 ) ;
#4273 = DIRECTION ( 'NONE',  ( -0.000000000000000000, 1.000000000000000000, -0.000000000000000000 ) ) ;
#4274 = AXIS2_PLACEMENT_3D ( 'NONE', #5432, #4793, #6729 ) ;
#4275 = CARTESIAN_POINT ( 'NONE',  ( 224.3967351014233031, 12.04715255905840898, -53.69999999999999574 ) ) ;
#4276 = VECTOR ( 'NONE', #6555, 1000.000000000000114 ) ;
#4277 = ORIENTED_EDGE ( 'NONE', *, *, #6898, .T. ) ;
#4278 = DIRECTION ( 'NONE',  ( 0.000000000000000000, 0.000000000000000000, 1.000000000000000000 ) ) ;
#4279 = VECTOR ( 'NONE', #4097, 1000.000000000000000 ) ;
#4280 = CYLINDRICAL_SURFACE ( 'NONE', #5614, 1.250000000000001110 ) ;
#4281 = ORIENTED_EDGE ( 'NONE', *, *, #6935, .T. ) ;
#4282 = DIRECTION ( 'NONE',  ( -0.000000000000000000, 1.000000000000000000, -0.000000000000000000 ) ) ;
#4283 = ADVANCED_FACE ( 'NONE', ( #5944 ), #247, .F. ) ;
#4284 = FACE_BOUND ( 'NONE', #6460, .T. ) ;
#4285 = AXIS2_PLACEMENT_3D ( 'NONE', #2485, #6294, #555 ) ;
#4286 = CONICAL_SURFACE ( 'NONE', #673, 1.249999999999973355, 1.029744258676649427 ) ;
#4287 = DIRECTION ( 'NONE',  ( 0.000000000000000000, 0.000000000000000000, -1.000000000000000000 ) ) ;
#4288 = LINE ( 'NONE', #3659, #3815 ) ;
#4289 = CARTESIAN_POINT ( 'NONE',  ( -241.7250000000000796, 13.49999999999999822, -49.95000000000006679 ) ) ;
#4290 = EDGE_LOOP ( 'NONE', ( #3389, #662 ) ) ;
#4291 = CARTESIAN_POINT ( 'NONE',  ( -174.4749999999999943, 13.49999999999999822, 29.55000000000003624 ) ) ;
#4292 = ORIENTED_EDGE ( 'NONE', *, *, #5193, .T. ) ;
#4293 = CARTESIAN_POINT ( 'NONE',  ( 224.4749999999999659, 4.000000000000000000, 22.89999999999999503 ) ) ;
#4294 = AXIS2_PLACEMENT_3D ( 'NONE', #7796, #2100, #2147 ) ;
#4295 = VECTOR ( 'NONE', #1834, 999.9999999999998863 ) ;
#4296 = FACE_OUTER_BOUND ( 'NONE', #6773, .T. ) ;
#4297 = FACE_OUTER_BOUND ( 'NONE', #1838, .T. ) ;
#4298 = ORIENTED_EDGE ( 'NONE', *, *, #78, .F. ) ;
#4299 = CARTESIAN_POINT ( 'NONE',  ( -4.474999999999979217, 13.49999999999999822, -59.85000000000002274 ) ) ;
#4300 = ORIENTED_EDGE ( 'NONE', *, *, #7408, .F. ) ;
#4301 = FACE_OUTER_BOUND ( 'NONE', #7672, .T. ) ;
#4302 = ORIENTED_EDGE ( 'NONE', *, *, #5615, .T. ) ;
#4303 = FACE_OUTER_BOUND ( 'NONE', #4357, .T. ) ;
#4304 = VECTOR ( 'NONE', #3670, 1000.000000000000000 ) ;
#4305 = CARTESIAN_POINT ( 'NONE',  ( -191.9749999999999943, -1.402220585023716934E-15, -34.01566953025085382 ) ) ;
#4306 = VECTOR ( 'NONE', #6183, 1000.000000000000000 ) ;
#4307 = EDGE_CURVE ( 'NONE', #7620, #7464, #5356, .T. ) ;
#4308 = CARTESIAN_POINT ( 'NONE',  ( -241.7250000000000796, 13.49999999999999822, 49.95000000000006679 ) ) ;
#4309 = EDGE_CURVE ( 'NONE', #1476, #1444, #167, .T. ) ;
#4310 = DIRECTION ( 'NONE',  ( 0.000000000000000000, 1.000000000000000000, 0.000000000000000000 ) ) ;
#4311 = ORIENTED_EDGE ( 'NONE', *, *, #7284, .F. ) ;
#4312 = ORIENTED_EDGE ( 'NONE', *, *, #792, .F. ) ;
#4313 = ORIENTED_EDGE ( 'NONE', *, *, #290, .F. ) ;
#4314 = AXIS2_PLACEMENT_3D ( 'NONE', #1346, #720, #5029 ) ;
#4315 = CYLINDRICAL_SURFACE ( 'NONE', #3175, 5.000000000000000888 ) ;
#4316 = CONICAL_SURFACE ( 'NONE', #7535, 1.249999999999987121, 1.029744258676654312 ) ;
#4317 = ADVANCED_FACE ( 'NONE', ( #7360 ), #364, .F. ) ;
#4318 = VERTEX_POINT ( 'NONE', #5438 ) ;
#4319 = AXIS2_PLACEMENT_3D ( 'NONE', #1445, #6395, #1947 ) ;
#4320 = LINE ( 'NONE', #4477, #2312 ) ;
#4321 = CARTESIAN_POINT ( 'NONE',  ( -4.474999999999923261, 22.00000000000000000, 59.85000000000004405 ) ) ;
#4322 = ORIENTED_EDGE ( 'NONE', *, *, #4307, .F. ) ;
#4323 = CARTESIAN_POINT ( 'NONE',  ( 165.5250000000000341, 22.00000000000000000, -59.85000000000004405 ) ) ;
#4324 = DIRECTION ( 'NONE',  ( -1.000000000000000000, 0.000000000000000000, 1.202972179678357944E-16 ) ) ;
#4325 = CIRCLE ( 'NONE', #6860, 1.249999999999987121 ) ;
#4326 = CONICAL_SURFACE ( 'NONE', #1789, 1.250000000000001110, 1.029744258676654090 ) ;
#4327 = DIRECTION ( 'NONE',  ( 0.000000000000000000, 0.000000000000000000, -1.000000000000000000 ) ) ;
#4328 = DIRECTION ( 'NONE',  ( -0.000000000000000000, 1.000000000000000000, -0.000000000000000000 ) ) ;
#4329 = CARTESIAN_POINT ( 'NONE',  ( 3.024999999999999911, -1.402220585023716934E-15, -32.76566953025087514 ) ) ;
#4330 = ORIENTED_EDGE ( 'NONE', *, *, #7022, .T. ) ;
#4331 = EDGE_CURVE ( 'NONE', #5185, #5262, #6714, .T. ) ;
#4332 = DIRECTION ( 'NONE',  ( 0.000000000000000000, 0.000000000000000000, 1.000000000000000000 ) ) ;
#4333 = ORIENTED_EDGE ( 'NONE', *, *, #1922, .F. ) ;
#4334 = DIRECTION ( 'NONE',  ( 0.000000000000000000, 0.000000000000000000, 1.000000000000000000 ) ) ;
#4335 = CARTESIAN_POINT ( 'NONE',  ( 216.9749999999999943, 22.00000000000000000, 58.60000000000005826 ) ) ;
#4336 = DIRECTION ( 'NONE',  ( 0.000000000000000000, 0.000000000000000000, -1.000000000000000000 ) ) ;
#4337 = DIRECTION ( 'NONE',  ( -0.000000000000000000, 1.000000000000000000, -0.000000000000000000 ) ) ;
#4338 = CARTESIAN_POINT ( 'NONE',  ( 244.4749999999999659, 0.000000000000000000, -64.00000000000000000 ) ) ;
#4339 = EDGE_LOOP ( 'NONE', ( #280, #6207, #7558, #5891 ) ) ;
#4340 = EDGE_CURVE ( 'NONE', #289, #5588, #553, .T. ) ;
#4341 = CYLINDRICAL_SURFACE ( 'NONE', #4169, 1.250000000000001110 ) ;
#4342 = EDGE_LOOP ( 'NONE', ( #2746, #5144, #7800 ) ) ;
#4343 = CARTESIAN_POINT ( 'NONE',  ( -203.6750000000000398, 4.000000000000000000, -17.89999999999995595 ) ) ;
#4344 = ORIENTED_EDGE ( 'NONE', *, *, #263, .F. ) ;
#4345 = CARTESIAN_POINT ( 'NONE',  ( 165.5250000000000909, 22.00000000000000000, 58.60000000000002274 ) ) ;
#4346 = DIRECTION ( 'NONE',  ( 0.000000000000000000, 0.000000000000000000, -1.000000000000000000 ) ) ;
#4347 = LINE ( 'NONE', #4225, #3049 ) ;
#4348 = DIRECTION ( 'NONE',  ( -0.000000000000000000, 1.000000000000000000, -0.000000000000000000 ) ) ;
#4349 = ORIENTED_EDGE ( 'NONE', *, *, #5002, .T. ) ;
#4350 = VERTEX_POINT ( 'NONE', #1702 ) ;
#4351 = EDGE_CURVE ( 'NONE', #2327, #7268, #7529, .T. ) ;
#4352 = AXIS2_PLACEMENT_3D ( 'NONE', #5047, #5172, #3197 ) ;
#4353 = CIRCLE ( 'NONE', #4240, 1.250000000000001110 ) ;
#4354 = ORIENTED_EDGE ( 'NONE', *, *, #520, .F. ) ;
#4355 = DIRECTION ( 'NONE',  ( -0.000000000000000000, 1.000000000000000000, -0.000000000000000000 ) ) ;
#4356 = CARTESIAN_POINT ( 'NONE',  ( 219.4750000051118946, 12.00748610526568960, 53.70000000000000284 ) ) ;
#4357 = EDGE_LOOP ( 'NONE', ( #7927, #4885, #5739, #3198 ) ) ;
#4358 = CARTESIAN_POINT ( 'NONE',  ( -208.6750000000000682, 20.84529946162070502, 17.90000000000004832 ) ) ;
#4359 = CARTESIAN_POINT ( 'NONE',  ( -4.474999999999979217, 13.49999999999999822, -59.85000000000002274 ) ) ;
#4360 = EDGE_CURVE ( 'NONE', #7443, #2348, #3119, .T. ) ;
#4361 = CYLINDRICAL_SURFACE ( 'NONE', #3090, 1.250000000000001110 ) ;
#4362 = CARTESIAN_POINT ( 'NONE',  ( -203.6750000000000398, 4.000000000000000000, 22.90000000000004832 ) ) ;
#4363 = DIRECTION ( 'NONE',  ( 1.049727191138618449E-16, 0.5150380749100544886, -0.8571673007021121116 ) ) ;
#4364 = ORIENTED_EDGE ( 'NONE', *, *, #5242, .T. ) ;
#4365 = FACE_OUTER_BOUND ( 'NONE', #7642, .T. ) ;
#4366 = ORIENTED_EDGE ( 'NONE', *, *, #2944, .T. ) ;
#4367 = DIRECTION ( 'NONE',  ( -0.000000000000000000, 1.000000000000000000, -0.000000000000000000 ) ) ;
#4368 = VECTOR ( 'NONE', #7902, 1000.000000000000000 ) ;
#4369 = DIRECTION ( 'NONE',  ( 0.000000000000000000, 0.000000000000000000, -1.000000000000000000 ) ) ;
#4370 = ADVANCED_FACE ( 'NONE', ( #6190 ), #4341, .F. ) ;
#4371 = CARTESIAN_POINT ( 'NONE',  ( -174.4749999999999943, 13.49999999999999822, 0.000000000000000000 ) ) ;
#4372 = CARTESIAN_POINT ( 'NONE',  ( -239.4750000000000227, 22.00000000000000000, 57.35000000000007248 ) ) ;
#4373 = DIRECTION ( 'NONE',  ( 0.000000000000000000, 0.000000000000000000, 1.000000000000000000 ) ) ;
#4374 = VERTEX_POINT ( 'NONE', #6904 ) ;
#4375 = CARTESIAN_POINT ( 'NONE',  ( -231.9750000000000512, 22.00000000000000000, -55.70000000000005969 ) ) ;
#4376 = ORIENTED_EDGE ( 'NONE', *, *, #2889, .F. ) ;
#4377 = CARTESIAN_POINT ( 'NONE',  ( 224.4749999999999659, 10.99999999999998757, -46.20000000000000284 ) ) ;
#4378 = VERTEX_POINT ( 'NONE', #5557 ) ;
#4379 = DIRECTION ( 'NONE',  ( 0.000000000000000000, 0.000000000000000000, -1.000000000000000000 ) ) ;
#4380 = CIRCLE ( 'NONE', #7197, 1.649999999999984812 ) ;
#4381 = CARTESIAN_POINT ( 'NONE',  ( 234.1449999999999534, 10.99999999999998757, -46.20000000000000284 ) ) ;
#4382 = EDGE_CURVE ( 'NONE', #5237, #3556, #7378, .T. ) ;
#4383 = EDGE_CURVE ( 'NONE', #4041, #4940, #7484, .T. ) ;
#4384 = CARTESIAN_POINT ( 'NONE',  ( -174.4749999999999943, 22.00000000000000000, -61.10000000000000142 ) ) ;
#4385 = AXIS2_PLACEMENT_3D ( 'NONE', #5495, #3521, #6086 ) ;
#4386 = DIRECTION ( 'NONE',  ( 0.000000000000000000, 0.000000000000000000, 1.000000000000000000 ) ) ;
#4387 = EDGE_LOOP ( 'NONE', ( #1311, #2631, #1956, #1272 ) ) ;
#4388 = ORIENTED_EDGE ( 'NONE', *, *, #1375, .F. ) ;
#4389 = CONICAL_SURFACE ( 'NONE', #1178, 1.250000000000001110, 1.029744258676655200 ) ;
#4390 = CARTESIAN_POINT ( 'NONE',  ( -191.9749999999999943, 0.000000000000000000, -32.76566953025085382 ) ) ;
#4391 = CIRCLE ( 'NONE', #4523, 7.137400000000002187 ) ;
#4392 = EDGE_LOOP ( 'NONE', ( #5522, #5611, #1923 ) ) ;
#4393 = CARTESIAN_POINT ( 'NONE',  ( -244.4750000000000227, 22.00000000000000000, -67.00000000000000000 ) ) ;
#4394 = CONICAL_SURFACE ( 'NONE', #4524, 1.250000000000001110, 1.029744258676659197 ) ;
#4395 = CARTESIAN_POINT ( 'NONE',  ( 219.4772598664448253, 11.80593277469728974, 53.70000000000000284 ) ) ;
#4396 = EDGE_LOOP ( 'NONE', ( #8100, #4722, #2354, #4311 ) ) ;
#4397 = FACE_OUTER_BOUND ( 'NONE', #1228, .T. ) ;
#4398 = AXIS2_PLACEMENT_3D ( 'NONE', #7061, #5177, #7106 ) ;
#4399 = CARTESIAN_POINT ( 'NONE',  ( -224.4749999999999943, 22.00000000000000000, 59.85000000000006537 ) ) ;
#4400 = VECTOR ( 'NONE', #7641, 999.9999999999998863 ) ;
#4401 = LINE ( 'NONE', #3774, #8157 ) ;
#4402 = VECTOR ( 'NONE', #1550, 1000.000000000000000 ) ;
#4403 = EDGE_CURVE ( 'NONE', #740, #331, #8223, .T. ) ;
#4404 = LINE ( 'NONE', #1269, #1072 ) ;
#4405 = VERTEX_POINT ( 'NONE', #3582 ) ;
#4406 = ADVANCED_FACE ( 'NONE', ( #1121 ), #1631, .F. ) ;
#4407 = LINE ( 'NONE', #6342, #3212 ) ;
#4408 = ORIENTED_EDGE ( 'NONE', *, *, #5022, .F. ) ;
#4409 = DIRECTION ( 'NONE',  ( 0.000000000000000000, 0.000000000000000000, 1.000000000000000000 ) ) ;
#4410 = AXIS2_PLACEMENT_3D ( 'NONE', #6720, #7429, #317 ) ;
#4411 = FACE_OUTER_BOUND ( 'NONE', #5034, .T. ) ;
#4412 = AXIS2_PLACEMENT_3D ( 'NONE', #3195, #4496, #153 ) ;
#4413 = CARTESIAN_POINT ( 'NONE',  ( 219.4749999999999659, 9.791008272023308479, -38.70000000000000284 ) ) ;
#4414 = DIRECTION ( 'NONE',  ( 0.000000000000000000, 0.000000000000000000, 1.000000000000000000 ) ) ;
#4415 = ORIENTED_EDGE ( 'NONE', *, *, #2672, .F. ) ;
#4416 = VECTOR ( 'NONE', #7633, 1000.000000000000000 ) ;
#4417 = EDGE_CURVE ( 'NONE', #2704, #438, #3761, .T. ) ;
#4418 = FACE_OUTER_BOUND ( 'NONE', #5781, .T. ) ;
#4419 = ORIENTED_EDGE ( 'NONE', *, *, #3071, .F. ) ;
#4420 = FACE_OUTER_BOUND ( 'NONE', #1488, .T. ) ;
#4421 = ORIENTED_EDGE ( 'NONE', *, *, #679, .T. ) ;
#4422 = CARTESIAN_POINT ( 'NONE',  ( 219.4749999999999659, 20.84529946162070502, 53.70000000000000284 ) ) ;
#4423 = AXIS2_PLACEMENT_3D ( 'NONE', #6131, #6849, #4200 ) ;
#4424 = LINE ( 'NONE', #7728, #2798 ) ;
#4425 = DIRECTION ( 'NONE',  ( 0.000000000000000000, 0.000000000000000000, -1.000000000000000000 ) ) ;
#4426 = CARTESIAN_POINT ( 'NONE',  ( 224.4750000000000227, 9.791008272023308479, -53.70000000000000284 ) ) ;
#4427 = ORIENTED_EDGE ( 'NONE', *, *, #4053, .T. ) ;
#4428 = FACE_OUTER_BOUND ( 'NONE', #7172, .T. ) ;
#4429 = VERTEX_POINT ( 'NONE', #6267 ) ;
#4430 = VECTOR ( 'NONE', #536, 999.9999999999998863 ) ;
#4431 = EDGE_CURVE ( 'NONE', #5210, #896, #3077, .T. ) ;
#4432 = VECTOR ( 'NONE', #7979, 1000.000000000000000 ) ;
#4433 = VERTEX_POINT ( 'NONE', #2953 ) ;
#4434 = EDGE_CURVE ( 'NONE', #3426, #289, #1197, .T. ) ;
#4435 = DIRECTION ( 'NONE',  ( -0.000000000000000000, -1.000000000000000000, -0.000000000000000000 ) ) ;
#4436 = VERTEX_POINT ( 'NONE', #3744 ) ;
#4437 = PLANE ( 'NONE',  #2710 ) ;
#4438 = FACE_OUTER_BOUND ( 'NONE', #4230, .T. ) ;
#4439 = ORIENTED_EDGE ( 'NONE', *, *, #2236, .F. ) ;
#4440 = CIRCLE ( 'NONE', #2184, 7.653732966368412605 ) ;
#4441 = FACE_OUTER_BOUND ( 'NONE', #7808, .T. ) ;
#4442 = DIRECTION ( 'NONE',  ( -0.000000000000000000, 1.000000000000000000, -0.000000000000000000 ) ) ;
#4443 = AXIS2_PLACEMENT_3D ( 'NONE', #2834, #7852, #7977 ) ;
#4444 = FACE_OUTER_BOUND ( 'NONE', #2617, .T. ) ;
#4445 = DIRECTION ( 'NONE',  ( -0.000000000000000000, -1.000000000000000000, -0.000000000000000000 ) ) ;
#4446 = EDGE_LOOP ( 'NONE', ( #1944, #7057, #4458, #5723 ) ) ;
#4447 = LINE ( 'NONE', #5121, #7761 ) ;
#4448 = ORIENTED_EDGE ( 'NONE', *, *, #1266, .T. ) ;
#4449 = DIRECTION ( 'NONE',  ( -0.000000000000000000, 1.000000000000000000, -0.000000000000000000 ) ) ;
#4450 = AXIS2_PLACEMENT_3D ( 'NONE', #6643, #5346, #2210 ) ;
#4451 = DIRECTION ( 'NONE',  ( -0.000000000000000000, 1.000000000000000000, -0.000000000000000000 ) ) ;
#4452 = EDGE_CURVE ( 'NONE', #636, #5994, #2462, .T. ) ;
#4453 = CARTESIAN_POINT ( 'NONE',  ( 165.5250000000000341, 13.49999999999999822, 30.79999999999999361 ) ) ;
#4454 = CARTESIAN_POINT ( 'NONE',  ( -239.4750000000000227, 22.00000000000000000, 59.00000000000005684 ) ) ;
#4455 = DIRECTION ( 'NONE',  ( -0.000000000000000000, 1.000000000000000000, -0.000000000000000000 ) ) ;
#4456 = EDGE_LOOP ( 'NONE', ( #558, #276, #2551, #7249 ) ) ;
#4457 = CARTESIAN_POINT ( 'NONE',  ( 165.5250000000000341, 13.49999999999999822, -61.10000000000004405 ) ) ;
#4458 = ORIENTED_EDGE ( 'NONE', *, *, #6432, .T. ) ;
#4459 = CARTESIAN_POINT ( 'NONE',  ( -203.6750000000000398, 22.00000000000000000, -32.04999999999998295 ) ) ;
#4460 = ORIENTED_EDGE ( 'NONE', *, *, #3236, .F. ) ;
#4461 = LINE ( 'NONE', #7813, #6072 ) ;
#4462 = AXIS2_PLACEMENT_3D ( 'NONE', #6111, #7444, #3672 ) ;
#4463 = CARTESIAN_POINT ( 'NONE',  ( 239.4749999999999943, 22.00000000000000000, 59.00000000000000711 ) ) ;
#4464 = EDGE_CURVE ( 'NONE', #6560, #7047, #8102, .T. ) ;
#4465 = EDGE_CURVE ( 'NONE', #6191, #3345, #566, .T. ) ;
#4466 = CARTESIAN_POINT ( 'NONE',  ( 219.4749999999999659, 22.00000000000000000, -30.79999999999999716 ) ) ;
#4467 = CARTESIAN_POINT ( 'NONE',  ( 219.4750000050836150, 9.992389885825474494, -53.70000000000000284 ) ) ;
#4468 = ORIENTED_EDGE ( 'NONE', *, *, #2695, .T. ) ;
#4469 = FACE_OUTER_BOUND ( 'NONE', #1148, .T. ) ;
#4470 = ORIENTED_EDGE ( 'NONE', *, *, #6236, .T. ) ;
#4471 = EDGE_LOOP ( 'NONE', ( #7472, #5556, #44, #6806 ) ) ;
#4472 = CLOSED_SHELL ( 'NONE', ( #4112, #3451, #7840, #5355, #4226, #5829, #3044, #5141, #7221, #2083, #2174, #3958, #7153, #1505, #1110, #5343, #1339, #6829, #1521, #3428, #4866, #7512, #8134, #3552, #3000, #3493, #668, #7477, #7804, #1602, #5761, #3373, #4317, #2642, #2543, #6533, #7700, #2128, #3170, #771, #4849, #2518, #3804, #2319, #5542, #612, #1569, #5004, #1767, #1312, #46, #4483, #1086, #7816, #2270, #5031, #7182, #4757, #5279, #7502, #7032, #1120, #5067, #849, #573, #4024, #2371, #7187, #831, #6609, #4509, #5041, #6889, #8200, #2738, #3169, #5460, #5659, #5667, #3095, #2753, #6722, #3329, #7610, #1246, #541, #6524, #989, #1248, #1109, #3636, #7298, #8036, #3645, #5023, #2266, #6745, #6434, #7887, #3587, #7050, #8245, #2727, #6921, #4767, #3298, #6584, #3812, #7129, #5322, #4596, #7342, #6281, #7491, #6384, #4774, #1231, #123, #7658, #4250, #4156, #5409, #6597, #630, #2680, #5255, #3517, #620, #5096, #7333, #1641, #7460, #5914, #4969, #87, #2530, #7254, #367, #1259, #4533, #2777, #634, #2625, #3990, #6302, #4822, #498, #2281, #738, #4839, #4559, #7382, #5338, #1132, #1460, #335, #5365, #7379, #5797, #7587, #1630, #800, #20, #7041, #5724, #4004, #758, #7140, #8101, #5777, #7438, #5552, #1844, #890, #6671, #5415, #302, #3085, #1512, #4093, #2475, #243, #3122, #6787, #1869, #6626, #1435, #901, #3339, #220, #6618, #6768, #277, #2729, #6697, #7458, #4893, #784, #3338, #5291, #1338, #737, #7547, #6828, #278, #2157, #1957, #8189, #2978, #4938, #2941, #1822, #4631, #4198, #3023, #3340, #5149, #2857, #5473, #7746, #3086, #6495, #4569, #7096, #7173, #2058, #4406, #2294, #5649, #2871, #3862, #4725, #3016, #3752, #575, #3223, #1000, #6155, #4474, #7406, #7437, #2101, #1968, #6365, #3793, #3875, #6327, #6743, #1056, #3847, #5669, #171, #1282, #229, #7568, #4370, #479, #4283, #1594, #8047, #11, #4081, #664, #7689, #3657, #2692, #5129, #6081, #677, #5258, #2919, #7, #591, #2593, #4734, #7740, #2633, #1880, #3251, #6279, #379, #7282, #6319, #6213, #2624, #1891, #2789, #6032, #7759, #1810, #1663, #1592, #6253, #6595, #4213, #6165, #4735, #4124, #2989, #4991 ) ) ;
#4473 = DIRECTION ( 'NONE',  ( 0.000000000000000000, 0.000000000000000000, 1.000000000000000000 ) ) ;
#4474 = ADVANCED_FACE ( 'NONE', ( #5045 ), #4838, .F. ) ;
#4475 = EDGE_CURVE ( 'NONE', #7992, #5971, #484, .T. ) ;
#4476 = ORIENTED_EDGE ( 'NONE', *, *, #5775, .T. ) ;
#4477 = CARTESIAN_POINT ( 'NONE',  ( -4.474999999999979217, 22.00000000000000000, 1.249999999999981570 ) ) ;
#4478 = CARTESIAN_POINT ( 'NONE',  ( 224.4749999999986585, 10.77594197860299019, 48.97696943923934043 ) ) ;
#4479 = VERTEX_POINT ( 'NONE', #8064 ) ;
#4480 = CARTESIAN_POINT ( 'NONE',  ( 3.024999999999969269, 9.251075773784437573, 28.83433046974912628 ) ) ;
#4481 = DIRECTION ( 'NONE',  ( -0.000000000000000000, -1.000000000000000000, -0.000000000000000000 ) ) ;
#4482 = CIRCLE ( 'NONE', #6633, 1.250000000000001110 ) ;
#4483 = ADVANCED_FACE ( 'NONE', ( #2337 ), #1763, .F. ) ;
#4484 = EDGE_CURVE ( 'NONE', #4489, #1612, #2028, .T. ) ;
#4485 = DIRECTION ( 'NONE',  ( -0.000000000000000000, -1.000000000000000000, -0.000000000000000000 ) ) ;
#4486 = DIRECTION ( 'NONE',  ( 0.000000000000000000, 0.000000000000000000, -1.000000000000000000 ) ) ;
#4487 = ORIENTED_EDGE ( 'NONE', *, *, #4660, .T. ) ;
#4488 = DIRECTION ( 'NONE',  ( 0.000000000000000000, 0.000000000000000000, -1.000000000000000000 ) ) ;
#4489 = VERTEX_POINT ( 'NONE', #5170 ) ;
#4490 = CARTESIAN_POINT ( 'NONE',  ( -174.4749999999999943, 22.00000000000000000, -30.79999999999997229 ) ) ;
#4491 = DIRECTION ( 'NONE',  ( 0.000000000000000000, -1.000000000000000000, 0.000000000000000000 ) ) ;
#4492 = LINE ( 'NONE', #7639, #3217 ) ;
#4493 = LINE ( 'NONE', #5086, #4798 ) ;
#4494 = DIRECTION ( 'NONE',  ( 0.000000000000000000, 0.000000000000000000, 1.000000000000000000 ) ) ;
#4495 = ORIENTED_EDGE ( 'NONE', *, *, #6997, .F. ) ;
#4496 = DIRECTION ( 'NONE',  ( -0.000000000000000000, 1.000000000000000000, -0.000000000000000000 ) ) ;
#4497 = VERTEX_POINT ( 'NONE', #3244 ) ;
#4498 = FACE_OUTER_BOUND ( 'NONE', #3967, .T. ) ;
#4499 = EDGE_CURVE ( 'NONE', #6895, #7683, #4683, .T. ) ;
#4500 = ORIENTED_EDGE ( 'NONE', *, *, #4727, .F. ) ;
#4501 = VECTOR ( 'NONE', #1194, 1000.000000000000000 ) ;
#4502 = DIRECTION ( 'NONE',  ( -0.000000000000000000, -1.000000000000000000, -0.000000000000000000 ) ) ;
#4503 = DIRECTION ( 'NONE',  ( 1.049727191138618942E-16, 0.5150380749100536004, -0.8571673007021125557 ) ) ;
#4504 = CARTESIAN_POINT ( 'NONE',  ( -174.4749999999999943, 22.00000000000000000, -58.60000000000000142 ) ) ;
#4505 = DIRECTION ( 'NONE',  ( 0.000000000000000000, 0.000000000000000000, 1.000000000000000000 ) ) ;
#4506 = ORIENTED_EDGE ( 'NONE', *, *, #7988, .F. ) ;
#4507 = CARTESIAN_POINT ( 'NONE',  ( 229.9750000000001080, 22.00000000000000000, -35.99999999999995026 ) ) ;
#4508 = EDGE_LOOP ( 'NONE', ( #3798, #6583 ) ) ;
#4509 = ADVANCED_FACE ( 'NONE', ( #1368 ), #739, .F. ) ;
#4510 = CIRCLE ( 'NONE', #6653, 4.999999999999997335 ) ;
#4511 = ORIENTED_EDGE ( 'NONE', *, *, #7998, .T. ) ;
#4512 = EDGE_CURVE ( 'NONE', #6929, #235, #7101, .T. ) ;
#4513 = CIRCLE ( 'NONE', #3982, 1.250000000000001110 ) ;
#4514 = DIRECTION ( 'NONE',  ( 1.000000000000000000, -0.000000000000000000, -0.000000000000000000 ) ) ;
#4515 = CONICAL_SURFACE ( 'NONE', #910, 1.649999999999984812, 1.029744258676650093 ) ;
#4516 = ORIENTED_EDGE ( 'NONE', *, *, #2799, .T. ) ;
#4517 = DIRECTION ( 'NONE',  ( -0.000000000000000000, 1.000000000000000000, -0.000000000000000000 ) ) ;
#4518 = FACE_OUTER_BOUND ( 'NONE', #8111, .T. ) ;
#4519 = EDGE_CURVE ( 'NONE', #2785, #8177, #777, .T. ) ;
#4520 = VERTEX_POINT ( 'NONE', #2618 ) ;
#4521 = DIRECTION ( 'NONE',  ( 0.000000000000000000, 0.000000000000000000, -1.000000000000000000 ) ) ;
#4522 = DIRECTION ( 'NONE',  ( -1.000000000000000000, 0.000000000000000000, 1.202972179678357944E-16 ) ) ;
#4523 = AXIS2_PLACEMENT_3D ( 'NONE', #4381, #6948, #1751 ) ;
#4524 = AXIS2_PLACEMENT_3D ( 'NONE', #2086, #2755, #2124 ) ;
#4525 = CARTESIAN_POINT ( 'NONE',  ( 229.9750000000001080, 22.00000000000000000, -34.74999999999995026 ) ) ;
#4526 = CYLINDRICAL_SURFACE ( 'NONE', #2029, 1.250000000000001110 ) ;
#4527 = VERTEX_POINT ( 'NONE', #5811 ) ;
#4528 = CARTESIAN_POINT ( 'NONE',  ( 224.4749999999999659, 4.000000000000000000, 7.899999999999997691 ) ) ;
#4529 = CIRCLE ( 'NONE', #5608, 5.000000000000000000 ) ;
#4530 = ORIENTED_EDGE ( 'NONE', *, *, #5485, .T. ) ;
#4531 = EDGE_CURVE ( 'NONE', #2338, #3777, #6482, .T. ) ;
#4532 = DIRECTION ( 'NONE',  ( -0.000000000000000000, 1.000000000000000000, -0.000000000000000000 ) ) ;
#4533 = ADVANCED_FACE ( 'NONE', ( #2535 ), #5846, .T. ) ;
#4534 = CONICAL_SURFACE ( 'NONE', #2528, 7.000000000000117240, 1.047197551196607179 ) ;
#4535 = CARTESIAN_POINT ( 'NONE',  ( 219.4749999999999659, 4.000000000000000000, -22.90000000000000213 ) ) ;
#4536 = CIRCLE ( 'NONE', #3189, 1.249999999999987121 ) ;
#4537 = AXIS2_PLACEMENT_3D ( 'NONE', #530, #6908, #3674 ) ;
#4538 = CARTESIAN_POINT ( 'NONE',  ( -4.474999999999979217, 13.49999999999999822, -32.04999999999999716 ) ) ;
#4539 = DIRECTION ( 'NONE',  ( 0.000000000000000000, 0.000000000000000000, 1.000000000000000000 ) ) ;
#4540 = CARTESIAN_POINT ( 'NONE',  ( -174.4749999999999943, 22.00000000000000000, -59.85000000000000142 ) ) ;
#4541 = ORIENTED_EDGE ( 'NONE', *, *, #6661, .F. ) ;
#4542 = DIRECTION ( 'NONE',  ( 0.000000000000000000, 0.000000000000000000, 1.000000000000000000 ) ) ;
#4543 = ORIENTED_EDGE ( 'NONE', *, *, #723, .T. ) ;
#4544 = CARTESIAN_POINT ( 'NONE',  ( 209.4750000000000227, 4.000000000000000000, -2.900000000000003464 ) ) ;
#4545 = ORIENTED_EDGE ( 'NONE', *, *, #3559, .T. ) ;
#4546 = VECTOR ( 'NONE', #3660, 1000.000000000000114 ) ;
#4547 = CARTESIAN_POINT ( 'NONE',  ( 239.4749999999999659, 22.00000000000000000, -58.99999999999995026 ) ) ;
#4548 = VECTOR ( 'NONE', #1750, 1000.000000000000000 ) ;
#4549 = DIRECTION ( 'NONE',  ( -0.000000000000000000, 1.000000000000000000, -0.000000000000000000 ) ) ;
#4550 = VECTOR ( 'NONE', #5933, 1000.000000000000000 ) ;
#4551 = CARTESIAN_POINT ( 'NONE',  ( 226.4750000000000796, 22.00000000000000000, 48.70000000000000995 ) ) ;
#4552 = CARTESIAN_POINT ( 'NONE',  ( -221.9750000000000227, 20.84529946162070502, -33.69999999999996021 ) ) ;
#4553 = ORIENTED_EDGE ( 'NONE', *, *, #7959, .F. ) ;
#4554 = DIRECTION ( 'NONE',  ( -1.000000000000000000, 0.000000000000000000, 1.202972179678357944E-16 ) ) ;
#4555 = CIRCLE ( 'NONE', #945, 1.250000000000001110 ) ;
#4556 = VERTEX_POINT ( 'NONE', #3321 ) ;
#4557 = VERTEX_POINT ( 'NONE', #5211 ) ;
#4558 = EDGE_CURVE ( 'NONE', #515, #651, #3787, .T. ) ;
#4559 = ADVANCED_FACE ( 'NONE', ( #2579 ), #7767, .F. ) ;
#4560 = VECTOR ( 'NONE', #3692, 1000.000000000000000 ) ;
#4561 = AXIS2_PLACEMENT_3D ( 'NONE', #1495, #6610, #5399 ) ;
#4562 = CARTESIAN_POINT ( 'NONE',  ( -239.4750000000000227, 22.00000000000000000, 60.65000000000004121 ) ) ;
#4563 = ORIENTED_EDGE ( 'NONE', *, *, #1820, .T. ) ;
#4564 = DIRECTION ( 'NONE',  ( -6.014860898391702205E-17, 0.8660254037844429265, -0.4999999999999926725 ) ) ;
#4565 = DIRECTION ( 'NONE',  ( 0.000000000000000000, 0.000000000000000000, 1.000000000000000000 ) ) ;
#4566 = ORIENTED_EDGE ( 'NONE', *, *, #6069, .T. ) ;
#4567 = VECTOR ( 'NONE', #5521, 1000.000000000000000 ) ;
#4568 = CARTESIAN_POINT ( 'NONE',  ( -215.3250000000000455, 22.00000000000000000, 17.90000000000004832 ) ) ;
#4569 = ADVANCED_FACE ( 'NONE', ( #4418 ), #5217, .F. ) ;
#4570 = EDGE_CURVE ( 'NONE', #6188, #7443, #2703, .T. ) ;
#4571 = DIRECTION ( 'NONE',  ( -0.000000000000000000, 1.000000000000000000, -0.000000000000000000 ) ) ;
#4572 = CIRCLE ( 'NONE', #2041, 4.999999999999997335 ) ;
#4573 = ORIENTED_EDGE ( 'NONE', *, *, #2248, .T. ) ;
#4574 = DIRECTION ( 'NONE',  ( 0.000000000000000000, -0.4999999999999933387, -0.8660254037844424824 ) ) ;
#4575 = ORIENTED_EDGE ( 'NONE', *, *, #466, .T. ) ;
#4576 = ORIENTED_EDGE ( 'NONE', *, *, #111, .F. ) ;
#4577 = DIRECTION ( 'NONE',  ( 0.000000000000000000, 0.000000000000000000, -1.000000000000000000 ) ) ;
#4578 = ORIENTED_EDGE ( 'NONE', *, *, #4837, .F. ) ;
#4579 = DIRECTION ( 'NONE',  ( -0.000000000000000000, -1.000000000000000000, -0.000000000000000000 ) ) ;
#4580 = CARTESIAN_POINT ( 'NONE',  ( 229.9750000000001080, 22.00000000000000000, -19.15000000000000213 ) ) ;
#4581 = VECTOR ( 'NONE', #5419, 1000.000000000000000 ) ;
#4582 = VECTOR ( 'NONE', #1138, 1000.000000000000000 ) ;
#4583 = VECTOR ( 'NONE', #7418, 1000.000000000000000 ) ;
#4584 = EDGE_CURVE ( 'NONE', #3705, #3426, #6351, .T. ) ;
#4585 = CARTESIAN_POINT ( 'NONE',  ( 198.0250000000000057, -1.402220585023716934E-15, -32.76566953025089646 ) ) ;
#4586 = CARTESIAN_POINT ( 'NONE',  ( 224.4749999999999659, 20.84529946162070502, -48.70000000000000995 ) ) ;
#4587 = DIRECTION ( 'NONE',  ( -0.000000000000000000, -1.000000000000000000, -0.000000000000000000 ) ) ;
#4588 = EDGE_LOOP ( 'NONE', ( #2088, #6258, #6137, #6777 ) ) ;
#4589 = CARTESIAN_POINT ( 'NONE',  ( -174.4749999999999943, 13.49999999999999822, -1.250000000000001110 ) ) ;
#4590 = ORIENTED_EDGE ( 'NONE', *, *, #4153, .T. ) ;
#4591 = DIRECTION ( 'NONE',  ( 1.000000000000000000, 0.000000000000000000, -0.000000000000000000 ) ) ;
#4592 = EDGE_LOOP ( 'NONE', ( #4439, #3999, #6221, #4872 ) ) ;
#4593 = AXIS2_PLACEMENT_3D ( 'NONE', #322, #941, #4753 ) ;
#4594 = CARTESIAN_POINT ( 'NONE',  ( -174.4749999999999943, 13.49999999999999822, 29.55000000000003624 ) ) ;
#4595 = CARTESIAN_POINT ( 'NONE',  ( 165.5250000000000909, 13.49999999999999822, 59.85000000000002274 ) ) ;
#4596 = ADVANCED_FACE ( 'NONE', ( #29 ), #408, .F. ) ;
#4597 = DIRECTION ( 'NONE',  ( -1.000000000000000000, -0.000000000000000000, 0.000000000000000000 ) ) ;
#4598 = DIRECTION ( 'NONE',  ( -0.000000000000000000, 1.000000000000000000, -0.000000000000000000 ) ) ;
#4599 = VERTEX_POINT ( 'NONE', #6391 ) ;
#4600 = CYLINDRICAL_SURFACE ( 'NONE', #5230, 1.249999999999987121 ) ;
#4601 = ORIENTED_EDGE ( 'NONE', *, *, #111, .T. ) ;
#4602 = EDGE_LOOP ( 'NONE', ( #6856, #140, #5364, #3078 ) ) ;
#4603 = AXIS2_PLACEMENT_3D ( 'NONE', #5868, #129, #1582 ) ;
#4604 = LINE ( 'NONE', #5950, #5697 ) ;
#4605 = VERTEX_POINT ( 'NONE', #5259 ) ;
#4606 = CARTESIAN_POINT ( 'NONE',  ( -4.474999999999979217, 22.00000000000000000, -58.60000000000002274 ) ) ;
#4607 = VERTEX_POINT ( 'NONE', #1863 ) ;
#4608 = EDGE_CURVE ( 'NONE', #6038, #5075, #7682, .T. ) ;
#4609 = DIRECTION ( 'NONE',  ( -0.000000000000000000, -1.000000000000000000, -0.000000000000000000 ) ) ;
#4610 = VECTOR ( 'NONE', #5769, 1000.000000000000000 ) ;
#4611 = VECTOR ( 'NONE', #2158, 1000.000000000000000 ) ;
#4612 = DIRECTION ( 'NONE',  ( 0.000000000000000000, 0.000000000000000000, 1.000000000000000000 ) ) ;
#4613 = DIRECTION ( 'NONE',  ( 1.000000000000000000, 0.000000000000000000, 0.000000000000000000 ) ) ;
#4614 = ORIENTED_EDGE ( 'NONE', *, *, #4512, .T. ) ;
#4615 = CARTESIAN_POINT ( 'NONE',  ( 100.5249999999999488, 8.499999999999992895, 30.08433046974910141 ) ) ;
#4616 = ORIENTED_EDGE ( 'NONE', *, *, #5823, .F. ) ;
#4617 = CYLINDRICAL_SURFACE ( 'NONE', #6994, 1.250000000000001110 ) ;
#4618 = EDGE_CURVE ( 'NONE', #4778, #5248, #5625, .T. ) ;
#4619 = CIRCLE ( 'NONE', #1008, 1.250000000000001110 ) ;
#4620 = FACE_OUTER_BOUND ( 'NONE', #3573, .T. ) ;
#4621 = CARTESIAN_POINT ( 'NONE',  ( -231.9750000000000512, 20.84529946162070502, -53.69999999999994600 ) ) ;
#4623 = FACE_OUTER_BOUND ( 'NONE', #1864, .T. ) ;
#4622 = VECTOR ( 'NONE', #1633, 1000.000000000000000 ) ;
#4624 = DIRECTION ( 'NONE',  ( 0.000000000000000000, 0.000000000000000000, 1.000000000000000000 ) ) ;
#4625 = ORIENTED_EDGE ( 'NONE', *, *, #6576, .T. ) ;
#4626 = CARTESIAN_POINT ( 'NONE',  ( -224.4749999999999943, 22.00000000000000000, -58.60000000000000142 ) ) ;
#4627 = EDGE_LOOP ( 'NONE', ( #6378, #7645, #4191 ) ) ;
#4628 = CARTESIAN_POINT ( 'NONE',  ( 202.8250000000000455, 11.99999999999999822, 14.15000000000000213 ) ) ;
#4629 = EDGE_LOOP ( 'NONE', ( #6457, #1352, #6108 ) ) ;
#4630 = CARTESIAN_POINT ( 'NONE',  ( -231.9750000000000227, 4.000000000000000000, 48.70000000000005969 ) ) ;
#4631 = ADVANCED_FACE ( 'NONE', ( #3876 ), #696, .T. ) ;
#4632 = CARTESIAN_POINT ( 'NONE',  ( -236.9750000000000512, 20.84529946162070502, 48.70000000000006679 ) ) ;
#4633 = CARTESIAN_POINT ( 'NONE',  ( 3.024999999999999911, 8.499999999999992895, -32.76566953025087514 ) ) ;
#4634 = DIRECTION ( 'NONE',  ( 0.000000000000000000, 0.000000000000000000, -1.000000000000000000 ) ) ;
#4635 = VERTEX_POINT ( 'NONE', #6603 ) ;
#4636 = CARTESIAN_POINT ( 'NONE',  ( -174.4749999999999943, 22.00000000000000000, 32.05000000000003979 ) ) ;
#4637 = ORIENTED_EDGE ( 'NONE', *, *, #3476, .T. ) ;
#4638 = ORIENTED_EDGE ( 'NONE', *, *, #6872, .F. ) ;
#4639 = EDGE_CURVE ( 'NONE', #719, #3247, #7891, .T. ) ;
#4640 = DIRECTION ( 'NONE',  ( 0.000000000000000000, 0.000000000000000000, 1.000000000000000000 ) ) ;
#4641 = CARTESIAN_POINT ( 'NONE',  ( 244.4749999999999659, 10.99999999999998757, -54.16302699999999959 ) ) ;
#4642 = ORIENTED_EDGE ( 'NONE', *, *, #4271, .F. ) ;
#4643 = CARTESIAN_POINT ( 'NONE',  ( -191.6749999999999261, 22.00000000000000000, 2.900000000000046541 ) ) ;
#4644 = EDGE_LOOP ( 'NONE', ( #4566, #1497, #596, #564, #3364, #4052, #1530, #7329, #5439, #5376, #3779, #6248, #1424, #3747, #4421, #3759, #4590, #4364, #2922, #7602, #4980, #5134, #2840, #5234, #3597, #1581, #1096, #3971, #4543, #5161, #4854, #2054, #8077, #4267, #3995, #8206 ) ) ;
#4645 = CIRCLE ( 'NONE', #772, 1.249999999999987121 ) ;
#4646 = LINE ( 'NONE', #2192, #5459 ) ;
#4647 = CIRCLE ( 'NONE', #7729, 2.999999999999891642 ) ;
#4648 = LINE ( 'NONE', #2685, #5229 ) ;
#4649 = VECTOR ( 'NONE', #3473, 1000.000000000000000 ) ;
#4650 = CARTESIAN_POINT ( 'NONE',  ( -231.9750000000000227, 4.000000000000000000, 53.70000000000005969 ) ) ;
#4651 = EDGE_LOOP ( 'NONE', ( #6545, #819, #3446, #2501 ) ) ;
#4652 = CARTESIAN_POINT ( 'NONE',  ( -4.474999999999923261, 13.49999999999999822, 58.60000000000004405 ) ) ;
#4653 = ORIENTED_EDGE ( 'NONE', *, *, #6224, .T. ) ;
#4654 = CARTESIAN_POINT ( 'NONE',  ( 100.5249999999999773, 8.499999999999992895, -32.76566953025088935 ) ) ;
#4655 = CIRCLE ( 'NONE', #1047, 1.250000000000001110 ) ;
#4656 = DIRECTION ( 'NONE',  ( -0.000000000000000000, 1.000000000000000000, -0.000000000000000000 ) ) ;
#4657 = CIRCLE ( 'NONE', #1989, 1.250000000000001110 ) ;
#4658 = EDGE_CURVE ( 'NONE', #7104, #504, #2831, .T. ) ;
#4659 = DIRECTION ( 'NONE',  ( -0.000000000000000000, 1.000000000000000000, -0.000000000000000000 ) ) ;
#4660 = EDGE_CURVE ( 'NONE', #2892, #3256, #197, .T. ) ;
#4661 = CIRCLE ( 'NONE', #1055, 1.250000000000001110 ) ;
#4662 = CYLINDRICAL_SURFACE ( 'NONE', #1059, 2.500000000000002220 ) ;
#4663 = DIRECTION ( 'NONE',  ( -0.000000000000000000, 1.000000000000000000, -0.000000000000000000 ) ) ;
#4664 = ORIENTED_EDGE ( 'NONE', *, *, #7199, .F. ) ;
#4665 = FACE_BOUND ( 'NONE', #7694, .T. ) ;
#4666 = ORIENTED_EDGE ( 'NONE', *, *, #4766, .T. ) ;
#4667 = FACE_OUTER_BOUND ( 'NONE', #2818, .T. ) ;
#4668 = ORIENTED_EDGE ( 'NONE', *, *, #1232, .F. ) ;
#4669 = CONICAL_SURFACE ( 'NONE', #4270, 1.250000000000001110, 1.029744258676655200 ) ;
#4670 = CARTESIAN_POINT ( 'NONE',  ( 244.4749999999999659, 10.99999999999998757, -53.33740000000000947 ) ) ;
#4671 = CYLINDRICAL_SURFACE ( 'NONE', #6547, 1.249999999999987121 ) ;
#4672 = AXIS2_PLACEMENT_3D ( 'NONE', #4595, #5218, #3882 ) ;
#4673 = EDGE_CURVE ( 'NONE', #3011, #1883, #2076, .T. ) ;
#4674 = CARTESIAN_POINT ( 'NONE',  ( 244.4749999999999659, 0.000000000000000000, 64.00000000000000000 ) ) ;
#4675 = AXIS2_PLACEMENT_3D ( 'NONE', #104, #234, #7936 ) ;
#4676 = CARTESIAN_POINT ( 'NONE',  ( -241.7250000000000796, 13.49999999999999822, 49.95000000000006679 ) ) ;
#4677 = ORIENTED_EDGE ( 'NONE', *, *, #3267, .T. ) ;
#4678 = DIRECTION ( 'NONE',  ( -0.000000000000000000, 1.000000000000000000, -0.000000000000000000 ) ) ;
#4679 = ORIENTED_EDGE ( 'NONE', *, *, #6119, .T. ) ;
#4680 = VERTEX_POINT ( 'NONE', #5390 ) ;
#4681 = FACE_OUTER_BOUND ( 'NONE', #6739, .T. ) ;
#4682 = VECTOR ( 'NONE', #6340, 1000.000000000000000 ) ;
#4683 = CIRCLE ( 'NONE', #284, 1.250000000000001110 ) ;
#4684 = EDGE_CURVE ( 'NONE', #7068, #3355, #7938, .T. ) ;
#4685 = CYLINDRICAL_SURFACE ( 'NONE', #5434, 1.250000000000001110 ) ;
#4686 = ORIENTED_EDGE ( 'NONE', *, *, #6474, .T. ) ;
#4687 = AXIS2_PLACEMENT_3D ( 'NONE', #1431, #7259, #2066 ) ;
#4688 = CARTESIAN_POINT ( 'NONE',  ( 234.1449999999999534, 18.13739999999998886, -46.20000000000000284 ) ) ;
#4689 = EDGE_LOOP ( 'NONE', ( #3879, #7876, #3211, #3460 ) ) ;
#4690 = CIRCLE ( 'NONE', #811, 1.250000000000001110 ) ;
#4691 = CARTESIAN_POINT ( 'NONE',  ( 219.4757709837698201, 10.00918294497971672, 53.70000000000000284 ) ) ;
#4692 = AXIS2_PLACEMENT_3D ( 'NONE', #7131, #5197, #3350 ) ;
#4693 = CARTESIAN_POINT ( 'NONE',  ( -224.4749999999999943, 22.00000000000000000, -59.85000000000000142 ) ) ;
#4694 = EDGE_CURVE ( 'NONE', #1034, #2722, #6833, .T. ) ;
#4695 = ORIENTED_EDGE ( 'NONE', *, *, #1258, .F. ) ;
#4696 = CARTESIAN_POINT ( 'NONE',  ( 198.0250000000000057, 9.251075773784437573, -32.76566953025089646 ) ) ;
#4697 = ORIENTED_EDGE ( 'NONE', *, *, #2977, .T. ) ;
#4698 = CARTESIAN_POINT ( 'NONE',  ( 244.4749999999999659, 10.99999999999998757, 46.20000000000000284 ) ) ;
#4699 = ORIENTED_EDGE ( 'NONE', *, *, #5873, .F. ) ;
#4700 = AXIS2_PLACEMENT_3D ( 'NONE', #692, #3870, #8257 ) ;
#4701 = DIRECTION ( 'NONE',  ( -0.000000000000000000, 1.000000000000000000, -0.000000000000000000 ) ) ;
#4702 = LINE ( 'NONE', #5884, #5593 ) ;
#4703 = CIRCLE ( 'NONE', #1786, 1.250000000000001110 ) ;
#4704 = CARTESIAN_POINT ( 'NONE',  ( 219.4749999999999659, 22.00000000000000000, -48.70000000000000995 ) ) ;
#4705 = LINE ( 'NONE', #4035, #6018 ) ;
#4706 = CYLINDRICAL_SURFACE ( 'NONE', #1738, 1.249999999999987121 ) ;
#4707 = ORIENTED_EDGE ( 'NONE', *, *, #2138, .T. ) ;
#4708 = FACE_OUTER_BOUND ( 'NONE', #5747, .T. ) ;
#4709 = ORIENTED_EDGE ( 'NONE', *, *, #4475, .F. ) ;
#4710 = DIRECTION ( 'NONE',  ( 0.000000000000000000, 0.000000000000000000, 1.000000000000000000 ) ) ;
#4711 = ORIENTED_EDGE ( 'NONE', *, *, #1258, .T. ) ;
#4712 = DIRECTION ( 'NONE',  ( 0.8660254037844428154, -0.4999999999999926170, 0.000000000000000000 ) ) ;
#4713 = EDGE_CURVE ( 'NONE', #5309, #5588, #3534, .T. ) ;
#4714 = AXIS2_PLACEMENT_3D ( 'NONE', #1561, #6053, #5461 ) ;
#4715 = DIRECTION ( 'NONE',  ( 1.000000000000000000, -0.000000000000000000, -0.000000000000000000 ) ) ;
#4716 = AXIS2_PLACEMENT_3D ( 'NONE', #1009, #967, #6121 ) ;
#4717 = DIRECTION ( 'NONE',  ( -0.000000000000000000, 1.000000000000000000, -0.000000000000000000 ) ) ;
#4718 = VECTOR ( 'NONE', #8227, 1000.000000000000000 ) ;
#4719 = CARTESIAN_POINT ( 'NONE',  ( -203.6750000000000398, 22.00000000000000000, 30.80000000000005755 ) ) ;
#4720 = ORIENTED_EDGE ( 'NONE', *, *, #1026, .T. ) ;
#4721 = CARTESIAN_POINT ( 'NONE',  ( 239.4749999999999943, 10.49999999999999822, 60.64999999999999147 ) ) ;
#4722 = ORIENTED_EDGE ( 'NONE', *, *, #4360, .T. ) ;
#4723 = DIRECTION ( 'NONE',  ( 0.000000000000000000, 0.5150380749100544886, 0.8571673007021121116 ) ) ;
#4724 = ORIENTED_EDGE ( 'NONE', *, *, #8046, .F. ) ;
#4725 = ADVANCED_FACE ( 'NONE', ( #6015 ), #7809, .F. ) ;
#4726 = CARTESIAN_POINT ( 'NONE',  ( -239.4750000000000227, 10.49999999999999822, 57.35000000000007248 ) ) ;
#4727 = EDGE_CURVE ( 'NONE', #7836, #176, #2003, .T. ) ;
#4728 = VECTOR ( 'NONE', #3664, 1000.000000000000000 ) ;
#4729 = CYLINDRICAL_SURFACE ( 'NONE', #1817, 1.250000000000001110 ) ;
#4730 = VERTEX_POINT ( 'NONE', #5340 ) ;
#4731 = VERTEX_POINT ( 'NONE', #3365 ) ;
#4732 = CARTESIAN_POINT ( 'NONE',  ( 191.1750000000000114, 4.000000000000000000, 53.70000000000000995 ) ) ;
#4733 = VERTEX_POINT ( 'NONE', #984 ) ;
#4734 = ADVANCED_FACE ( 'NONE', ( #2244 ), #5362, .F. ) ;
#4735 = ADVANCED_FACE ( 'NONE', ( #4038 ), #4286, .F. ) ;
#4736 = DIRECTION ( 'NONE',  ( -0.000000000000000000, 1.000000000000000000, -0.000000000000000000 ) ) ;
#4737 = CARTESIAN_POINT ( 'NONE',  ( -4.474999999999923261, 22.00000000000000000, 59.85000000000004405 ) ) ;
#4738 = EDGE_LOOP ( 'NONE', ( #1342, #6623, #5876, #5226, #2555, #4679 ) ) ;
#4739 = CARTESIAN_POINT ( 'NONE',  ( 224.4749999999999659, 10.99999999999998757, -46.20000000000000284 ) ) ;
#4740 = ORIENTED_EDGE ( 'NONE', *, *, #4639, .F. ) ;
#4741 = DIRECTION ( 'NONE',  ( 0.000000000000000000, 0.000000000000000000, 1.000000000000000000 ) ) ;
#4742 = VERTEX_POINT ( 'NONE', #3996 ) ;
#4743 = DIRECTION ( 'NONE',  ( -0.000000000000000000, -1.000000000000000000, -0.000000000000000000 ) ) ;
#4744 = EDGE_CURVE ( 'NONE', #7829, #7572, #7848, .T. ) ;
#4745 = FACE_BOUND ( 'NONE', #2550, .T. ) ;
#4746 = DIRECTION ( 'NONE',  ( -0.000000000000000000, 1.000000000000000000, -0.000000000000000000 ) ) ;
#4747 = DIRECTION ( 'NONE',  ( -0.4999999999999926725, 0.8660254037844429265, 0.000000000000000000 ) ) ;
#4748 = CARTESIAN_POINT ( 'NONE',  ( -188.6750000000000398, 20.84529946162070502, -7.899999999999954170 ) ) ;
#4749 = ORIENTED_EDGE ( 'NONE', *, *, #8089, .T. ) ;
#4750 = CARTESIAN_POINT ( 'NONE',  ( 219.4749999999999659, 22.00000000000000000, -24.90000000000011582 ) ) ;
#4751 = ORIENTED_EDGE ( 'NONE', *, *, #2218, .T. ) ;
#4752 = DIRECTION ( 'NONE',  ( 0.000000000000000000, 0.000000000000000000, 1.000000000000000000 ) ) ;
#4753 = DIRECTION ( 'NONE',  ( 0.000000000000000000, 0.000000000000000000, -1.000000000000000000 ) ) ;
#4754 = CARTESIAN_POINT ( 'NONE',  ( 219.4749999999999659, 9.791008272023308479, -53.70000000000000284 ) ) ;
#4755 = VECTOR ( 'NONE', #7310, 1000.000000000000000 ) ;
#4756 = AXIS2_PLACEMENT_3D ( 'NONE', #3936, #3261, #754 ) ;
#4757 = ADVANCED_FACE ( 'NONE', ( #4708 ), #2545, .F. ) ;
#4758 = DIRECTION ( 'NONE',  ( 0.000000000000000000, 0.000000000000000000, -1.000000000000000000 ) ) ;
#4759 = DIRECTION ( 'NONE',  ( -0.000000000000000000, 1.000000000000000000, -0.000000000000000000 ) ) ;
#4760 = ORIENTED_EDGE ( 'NONE', *, *, #5693, .F. ) ;
#4761 = CARTESIAN_POINT ( 'NONE',  ( 219.4749999999999659, 22.00000000000000000, -55.70000000000011653 ) ) ;
#4762 = ORIENTED_EDGE ( 'NONE', *, *, #1674, .F. ) ;
#4763 = CARTESIAN_POINT ( 'NONE',  ( 214.4750000000000227, 22.00000000000000000, 55.70000000000011653 ) ) ;
#4764 = ORIENTED_EDGE ( 'NONE', *, *, #5564, .T. ) ;
#4765 = DIRECTION ( 'NONE',  ( 0.000000000000000000, 0.000000000000000000, 1.000000000000000000 ) ) ;
#4766 = EDGE_CURVE ( 'NONE', #4920, #128, #3884, .T. ) ;
#4767 = ADVANCED_FACE ( 'NONE', ( #6557, #7269, #4665, #2867, #3408, #4163, #6099, #356, #2904, #8053, #4247 ), #1735, .F. ) ;
#4768 = CARTESIAN_POINT ( 'NONE',  ( -241.7250000000000796, 13.49999999999999822, 48.70000000000005969 ) ) ;
#4769 = ORIENTED_EDGE ( 'NONE', *, *, #1922, .T. ) ;
#4770 = ORIENTED_EDGE ( 'NONE', *, *, #4639, .T. ) ;
#4771 = EDGE_LOOP ( 'NONE', ( #2461, #1417, #3293 ) ) ;
#4772 = DIRECTION ( 'NONE',  ( -0.000000000000000000, 1.000000000000000000, -0.000000000000000000 ) ) ;
#4773 = FACE_OUTER_BOUND ( 'NONE', #963, .T. ) ;
#4774 = ADVANCED_FACE ( 'NONE', ( #6135 ), #5000, .F. ) ;
#4775 = EDGE_LOOP ( 'NONE', ( #1683, #5120, #4563, #4820 ) ) ;
#4776 = CARTESIAN_POINT ( 'NONE',  ( -174.4749999999999943, 22.00000000000000000, 1.250000000000001110 ) ) ;
#4777 = DIRECTION ( 'NONE',  ( 0.000000000000000000, 0.000000000000000000, 1.000000000000000000 ) ) ;
#4778 = VERTEX_POINT ( 'NONE', #439 ) ;
#4779 = AXIS2_PLACEMENT_3D ( 'NONE', #2238, #1686, #4781 ) ;
#4780 = DIRECTION ( 'NONE',  ( 0.000000000000000000, 0.000000000000000000, 1.000000000000000000 ) ) ;
#4781 = DIRECTION ( 'NONE',  ( 0.000000000000000000, 0.000000000000000000, 1.000000000000000000 ) ) ;
#4782 = AXIS2_PLACEMENT_3D ( 'NONE', #2595, #1881, #4985 ) ;
#4783 = CARTESIAN_POINT ( 'NONE',  ( -238.9750000000001648, 22.00000000000000000, 48.70000000000005969 ) ) ;
#4784 = DIRECTION ( 'NONE',  ( 0.000000000000000000, 0.000000000000000000, 1.000000000000000000 ) ) ;
#4785 = EDGE_CURVE ( 'NONE', #4429, #3417, #1205, .T. ) ;
#4786 = CYLINDRICAL_SURFACE ( 'NONE', #1606, 4.999999999999997335 ) ;
#4787 = ORIENTED_EDGE ( 'NONE', *, *, #3712, .T. ) ;
#4788 = EDGE_CURVE ( 'NONE', #1590, #5674, #6804, .T. ) ;
#4789 = DIRECTION ( 'NONE',  ( 0.000000000000000000, -0.4999999999999926170, 0.8660254037844428154 ) ) ;
#4790 = VERTEX_POINT ( 'NONE', #2407 ) ;
#4791 = CARTESIAN_POINT ( 'NONE',  ( 229.9750000000001080, 13.49999999999999822, -35.99999999999995026 ) ) ;
#4792 = FACE_OUTER_BOUND ( 'NONE', #5578, .T. ) ;
#4793 = DIRECTION ( 'NONE',  ( -1.000000000000000000, 0.000000000000000000, 0.000000000000000000 ) ) ;
#4794 = AXIS2_PLACEMENT_3D ( 'NONE', #5017, #1833, #3001 ) ;
#4795 = CARTESIAN_POINT ( 'NONE',  ( 241.9749999999999659, 0.000000000000000000, 61.50000000000000000 ) ) ;
#4796 = FACE_OUTER_BOUND ( 'NONE', #2969, .T. ) ;
#4797 = VERTEX_POINT ( 'NONE', #2453 ) ;
#4798 = VECTOR ( 'NONE', #3871, 1000.000000000000000 ) ;
#4799 = CARTESIAN_POINT ( 'NONE',  ( 227.0949999999999704, 10.99999999999998757, -46.20000000000000284 ) ) ;
#4800 = VERTEX_POINT ( 'NONE', #6855 ) ;
#4801 = DIRECTION ( 'NONE',  ( 0.000000000000000000, 0.000000000000000000, 1.000000000000000000 ) ) ;
#4802 = ORIENTED_EDGE ( 'NONE', *, *, #3848, .F. ) ;
#4803 = CIRCLE ( 'NONE', #6953, 5.000000000000000888 ) ;
#4804 = CARTESIAN_POINT ( 'NONE',  ( -236.9750000000000512, 4.000000000000000000, 48.70000000000006679 ) ) ;
#4805 = VECTOR ( 'NONE', #7205, 1000.000000000000000 ) ;
#4806 = DIRECTION ( 'NONE',  ( -0.000000000000000000, 1.000000000000000000, -0.000000000000000000 ) ) ;
#4807 = VERTEX_POINT ( 'NONE', #3064 ) ;
#4808 = ORIENTED_EDGE ( 'NONE', *, *, #3740, .F. ) ;
#4809 = VERTEX_POINT ( 'NONE', #1022 ) ;
#4810 = CIRCLE ( 'NONE', #6421, 1.250000000000001110 ) ;
#4811 = AXIS2_PLACEMENT_3D ( 'NONE', #1441, #2165, #7974 ) ;
#4812 = EDGE_CURVE ( 'NONE', #719, #3842, #6257, .T. ) ;
#4813 = DIRECTION ( 'NONE',  ( -0.000000000000000000, -1.000000000000000000, -0.000000000000000000 ) ) ;
#4814 = EDGE_CURVE ( 'NONE', #7720, #1334, #7359, .T. ) ;
#4815 = DIRECTION ( 'NONE',  ( 0.000000000000000000, 1.000000000000000000, -0.000000000000000000 ) ) ;
#4816 = ORIENTED_EDGE ( 'NONE', *, *, #4224, .T. ) ;
#4817 = DIRECTION ( 'NONE',  ( 0.000000000000000000, 0.000000000000000000, 1.000000000000000000 ) ) ;
#4818 = CARTESIAN_POINT ( 'NONE',  ( 165.5250000000000341, 22.00000000000000000, -29.55000000000001492 ) ) ;
#4819 = AXIS2_PLACEMENT_3D ( 'NONE', #7304, #2900, #3530 ) ;
#4820 = ORIENTED_EDGE ( 'NONE', *, *, #1605, .F. ) ;
#4821 = CYLINDRICAL_SURFACE ( 'NONE', #7395, 1.249999999999987121 ) ;
#4822 = ADVANCED_FACE ( 'NONE', ( #4365 ), #5631, .F. ) ;
#4823 = DIRECTION ( 'NONE',  ( 0.000000000000000000, 0.000000000000000000, -1.000000000000000000 ) ) ;
#4824 = EDGE_CURVE ( 'NONE', #1653, #7903, #137, .T. ) ;
#4825 = EDGE_CURVE ( 'NONE', #2406, #5618, #5896, .T. ) ;
#4826 = FACE_OUTER_BOUND ( 'NONE', #1322, .T. ) ;
#4827 = AXIS2_PLACEMENT_3D ( 'NONE', #4996, #8124, #509 ) ;
#4829 = DIRECTION ( 'NONE',  ( -0.000000000000000000, 1.000000000000000000, -0.000000000000000000 ) ) ;
#4828 = VECTOR ( 'NONE', #2841, 1000.000000000000000 ) ;
#4830 = DIRECTION ( 'NONE',  ( -0.000000000000000000, -1.000000000000000000, -0.000000000000000000 ) ) ;
#4831 = EDGE_LOOP ( 'NONE', ( #8153, #7604, #6309, #6427, #1226, #4922, #604, #2876 ) ) ;
#4832 = CARTESIAN_POINT ( 'NONE',  ( 244.4749999999999659, 10.99999999999998934, 53.33740000000000947 ) ) ;
#4833 = ORIENTED_EDGE ( 'NONE', *, *, #3598, .F. ) ;
#4834 = CARTESIAN_POINT ( 'NONE',  ( 100.5249999999999773, -1.402220585023716934E-15, -31.51566953025090356 ) ) ;
#4835 = CARTESIAN_POINT ( 'NONE',  ( 100.5249999999999488, -1.402220585023716934E-15, 28.83433046974911207 ) ) ;
#4836 = LINE ( 'NONE', #1659, #6418 ) ;
#4837 = EDGE_CURVE ( 'NONE', #2196, #5110, #1873, .T. ) ;
#4838 = CONICAL_SURFACE ( 'NONE', #5381, 1.250000000000001110, 1.029744258676654090 ) ;
#4839 = ADVANCED_FACE ( 'NONE', ( #6220 ), #6296, .F. ) ;
#4840 = CARTESIAN_POINT ( 'NONE',  ( 100.5249999999999773, 0.000000000000000000, -32.76566953025088935 ) ) ;
#4841 = DIRECTION ( 'NONE',  ( -0.000000000000000000, 1.000000000000000000, -0.000000000000000000 ) ) ;
#4842 = ORIENTED_EDGE ( 'NONE', *, *, #999, .T. ) ;
#4843 = DIRECTION ( 'NONE',  ( 0.000000000000000000, 0.000000000000000000, -1.000000000000000000 ) ) ;
#4844 = ORIENTED_EDGE ( 'NONE', *, *, #5823, .T. ) ;
#4845 = PLANE ( 'NONE',  #1264 ) ;
#4846 = ORIENTED_EDGE ( 'NONE', *, *, #2392, .T. ) ;
#4847 = CARTESIAN_POINT ( 'NONE',  ( -203.6750000000000398, 20.84529946162070502, 17.90000000000004832 ) ) ;
#4848 = CIRCLE ( 'NONE', #5926, 1.250000000000001110 ) ;
#4849 = ADVANCED_FACE ( 'NONE', ( #1065 ), #3618, .F. ) ;
#4850 = AXIS2_PLACEMENT_3D ( 'NONE', #3610, #3015, #1101 ) ;
#4851 = CIRCLE ( 'NONE', #968, 1.249999999999973355 ) ;
#4852 = CARTESIAN_POINT ( 'NONE',  ( 219.4749999999999659, 4.000000000000000000, 48.70000000000000995 ) ) ;
#4853 = ORIENTED_EDGE ( 'NONE', *, *, #5995, .T. ) ;
#4854 = ORIENTED_EDGE ( 'NONE', *, *, #5948, .T. ) ;
#4855 = ORIENTED_EDGE ( 'NONE', *, *, #7548, .T. ) ;
#4856 = VECTOR ( 'NONE', #1489, 1000.000000000000000 ) ;
#4857 = DIRECTION ( 'NONE',  ( 1.000000000000000000, -0.000000000000000000, -1.135313451912421167E-16 ) ) ;
#4858 = FACE_OUTER_BOUND ( 'NONE', #6270, .T. ) ;
#4859 = EDGE_CURVE ( 'NONE', #2704, #6945, #2365, .T. ) ;
#4860 = ORIENTED_EDGE ( 'NONE', *, *, #6923, .T. ) ;
#4861 = CARTESIAN_POINT ( 'NONE',  ( 181.1750000000000398, 20.84529946162070502, 33.70000000000001705 ) ) ;
#4862 = CONICAL_SURFACE ( 'NONE', #4462, 1.250000000000001110, 1.029744258676655200 ) ;
#4863 = CARTESIAN_POINT ( 'NONE',  ( -4.474999999999979217, 13.49999999999999822, -61.10000000000002274 ) ) ;
#4864 = ORIENTED_EDGE ( 'NONE', *, *, #124, .T. ) ;
#4865 = DIRECTION ( 'NONE',  ( 0.000000000000000000, 0.000000000000000000, 1.000000000000000000 ) ) ;
#4866 = ADVANCED_FACE ( 'NONE', ( #5468 ), #7520, .F. ) ;
#4867 = CYLINDRICAL_SURFACE ( 'NONE', #2511, 1.250000000000001110 ) ;
#4868 = VECTOR ( 'NONE', #2677, 1000.000000000000000 ) ;
#4869 = LINE ( 'NONE', #6010, #3625 ) ;
#4870 = DIRECTION ( 'NONE',  ( -0.000000000000000000, 1.000000000000000000, -0.000000000000000000 ) ) ;
#4871 = CARTESIAN_POINT ( 'NONE',  ( -174.4749999999999943, 22.00000000000000000, -30.79999999999997229 ) ) ;
#4872 = ORIENTED_EDGE ( 'NONE', *, *, #6153, .F. ) ;
#4873 = EDGE_CURVE ( 'NONE', #2601, #4089, #7389, .T. ) ;
#4874 = DIRECTION ( 'NONE',  ( 0.000000000000000000, 0.000000000000000000, 1.000000000000000000 ) ) ;
#4875 = ORIENTED_EDGE ( 'NONE', *, *, #2218, .F. ) ;
#4876 = DIRECTION ( 'NONE',  ( 0.000000000000000000, 0.000000000000000000, -1.000000000000000000 ) ) ;
#4877 = CYLINDRICAL_SURFACE ( 'NONE', #376, 4.999999999999997335 ) ;
#4878 = CARTESIAN_POINT ( 'NONE',  ( 219.4749999999999659, 22.00000000000000000, -55.70000000000011653 ) ) ;
#4879 = DIRECTION ( 'NONE',  ( 0.4999999999999926725, 0.8660254037844429265, 0.000000000000000000 ) ) ;
#4880 = ORIENTED_EDGE ( 'NONE', *, *, #2767, .T. ) ;
#4881 = EDGE_CURVE ( 'NONE', #6913, #3155, #1271, .T. ) ;
#4882 = DIRECTION ( 'NONE',  ( -0.000000000000000000, 1.000000000000000000, -0.000000000000000000 ) ) ;
#4883 = VERTEX_POINT ( 'NONE', #5801 ) ;
#4884 = CARTESIAN_POINT ( 'NONE',  ( 176.1750000000000398, 4.000000000000000000, 33.70000000000001705 ) ) ;
#4885 = ORIENTED_EDGE ( 'NONE', *, *, #4744, .T. ) ;
#4886 = LINE ( 'NONE', #1706, #4548 ) ;
#4887 = DIRECTION ( 'NONE',  ( -0.000000000000000000, 1.000000000000000000, -0.000000000000000000 ) ) ;
#4888 = CIRCLE ( 'NONE', #7302, 1.250000000000001110 ) ;
#4889 = LINE ( 'NONE', #7539, #7609 ) ;
#4890 = DIRECTION ( 'NONE',  ( -0.000000000000000000, 1.000000000000000000, -0.000000000000000000 ) ) ;
#4891 = ORIENTED_EDGE ( 'NONE', *, *, #679, .F. ) ;
#4892 = CIRCLE ( 'NONE', #611, 1.250000000000001110 ) ;
#4893 = ADVANCED_FACE ( 'NONE', ( #1895 ), #7755, .T. ) ;
#4894 = ORIENTED_EDGE ( 'NONE', *, *, #7546, .F. ) ;
#4895 = ORIENTED_EDGE ( 'NONE', *, *, #5605, .T. ) ;
#4896 = CARTESIAN_POINT ( 'NONE',  ( 239.4749999999999659, 10.49999999999999822, -57.34999999999996589 ) ) ;
#4897 = CARTESIAN_POINT ( 'NONE',  ( 219.4750000051118946, 12.00748610526573401, -53.70000000000000284 ) ) ;
#4898 = ORIENTED_EDGE ( 'NONE', *, *, #3824, .F. ) ;
#4899 = DIRECTION ( 'NONE',  ( 0.000000000000000000, 0.000000000000000000, -1.000000000000000000 ) ) ;
#4900 = PLANE ( 'NONE',  #5885 ) ;
#4901 = ORIENTED_EDGE ( 'NONE', *, *, #4382, .F. ) ;
#4902 = DIRECTION ( 'NONE',  ( -0.000000000000000000, 1.000000000000000000, -0.000000000000000000 ) ) ;
#4903 = DIRECTION ( 'NONE',  ( 0.000000000000000000, 0.000000000000000000, 1.000000000000000000 ) ) ;
#4904 = CARTESIAN_POINT ( 'NONE',  ( -174.4749999999999943, 22.00000000000000000, -59.85000000000000142 ) ) ;
#4905 = CARTESIAN_POINT ( 'NONE',  ( 3.024999999999999911, 8.499999999999992895, -31.51566953025088935 ) ) ;
#4906 = CIRCLE ( 'NONE', #8247, 1.649999999999984812 ) ;
#4907 = LINE ( 'NONE', #6802, #405 ) ;
#4908 = EDGE_LOOP ( 'NONE', ( #195, #1453, #4281, #537 ) ) ;
#4909 = DIRECTION ( 'NONE',  ( 1.000000000000000000, 0.000000000000000000, 0.000000000000000000 ) ) ;
#4910 = EDGE_LOOP ( 'NONE', ( #1716, #2885 ) ) ;
#4911 = DIRECTION ( 'NONE',  ( -0.000000000000000000, 1.000000000000000000, -0.000000000000000000 ) ) ;
#4912 = DIRECTION ( 'NONE',  ( 0.000000000000000000, 0.000000000000000000, 1.000000000000000000 ) ) ;
#4913 = EDGE_CURVE ( 'NONE', #7532, #4433, #684, .T. ) ;
#4914 = EDGE_CURVE ( 'NONE', #176, #7836, #2156, .T. ) ;
#4915 = AXIS2_PLACEMENT_3D ( 'NONE', #600, #7595, #7049 ) ;
#4916 = FACE_OUTER_BOUND ( 'NONE', #2297, .T. ) ;
#4917 = PLANE ( 'NONE',  #1295 ) ;
#4918 = ORIENTED_EDGE ( 'NONE', *, *, #6585, .F. ) ;
#4919 = DIRECTION ( 'NONE',  ( -0.000000000000000000, 1.000000000000000000, -0.000000000000000000 ) ) ;
#4920 = VERTEX_POINT ( 'NONE', #3184 ) ;
#4921 = CARTESIAN_POINT ( 'NONE',  ( -241.7250000000000227, 13.49999999999999822, 3.252606517456513302E-16 ) ) ;
#4922 = ORIENTED_EDGE ( 'NONE', *, *, #978, .T. ) ;
#4923 = DIRECTION ( 'NONE',  ( -0.000000000000000000, 1.000000000000000000, -0.000000000000000000 ) ) ;
#4924 = CARTESIAN_POINT ( 'NONE',  ( -216.9750000000000227, 4.000000000000000000, 33.70000000000005969 ) ) ;
#4925 = VECTOR ( 'NONE', #832, 1000.000000000000000 ) ;
#4926 = EDGE_CURVE ( 'NONE', #3436, #4140, #6164, .T. ) ;
#4927 = CONICAL_SURFACE ( 'NONE', #3591, 7.000000000000110134, 1.047197551196605625 ) ;
#4928 = CARTESIAN_POINT ( 'NONE',  ( 100.5249999999999773, 0.000000000000000000, -31.51566953025090356 ) ) ;
#4929 = FACE_OUTER_BOUND ( 'NONE', #7215, .T. ) ;
#4930 = AXIS2_PLACEMENT_3D ( 'NONE', #4463, #7608, #37 ) ;
#4931 = ORIENTED_EDGE ( 'NONE', *, *, #1036, .T. ) ;
#4932 = ORIENTED_EDGE ( 'NONE', *, *, #3914, .T. ) ;
#4933 = ORIENTED_EDGE ( 'NONE', *, *, #2670, .T. ) ;
#4934 = VECTOR ( 'NONE', #3993, 1000.000000000000000 ) ;
#4935 = VECTOR ( 'NONE', #2705, 1000.000000000000227 ) ;
#4936 = CARTESIAN_POINT ( 'NONE',  ( 191.1750000000000114, 22.00000000000000000, 48.70000000000001705 ) ) ;
#4937 = EDGE_CURVE ( 'NONE', #5203, #6783, #4447, .T. ) ;
#4938 = ADVANCED_FACE ( 'NONE', ( #16 ), #8213, .F. ) ;
#4939 = AXIS2_PLACEMENT_3D ( 'NONE', #4540, #2460, #4414 ) ;
#4940 = VERTEX_POINT ( 'NONE', #1974 ) ;
#4941 = CARTESIAN_POINT ( 'NONE',  ( -191.9749999999999943, 8.499999999999992895, -32.76566953025085382 ) ) ;
#4942 = CIRCLE ( 'NONE', #667, 1.250000000000001110 ) ;
#4943 = DIRECTION ( 'NONE',  ( -0.000000000000000000, 1.000000000000000000, -0.000000000000000000 ) ) ;
#4944 = EDGE_LOOP ( 'NONE', ( #4487, #5499, #3653, #2235 ) ) ;
#4945 = DIRECTION ( 'NONE',  ( -0.8660254037844428154, 0.4999999999999926170, 0.000000000000000000 ) ) ;
#4946 = FACE_BOUND ( 'NONE', #6701, .T. ) ;
#4947 = AXIS2_PLACEMENT_3D ( 'NONE', #6377, #5119, #1144 ) ;
#4948 = AXIS2_PLACEMENT_3D ( 'NONE', #3495, #319, #2115 ) ;
#4949 = EDGE_CURVE ( 'NONE', #1825, #3011, #5076, .T. ) ;
#4950 = DIRECTION ( 'NONE',  ( -0.000000000000000000, 1.000000000000000000, -0.000000000000000000 ) ) ;
#4951 = DIRECTION ( 'NONE',  ( 0.000000000000000000, 0.000000000000000000, -1.000000000000000000 ) ) ;
#4952 = DIRECTION ( 'NONE',  ( -0.000000000000000000, 1.000000000000000000, 0.000000000000000000 ) ) ;
#4953 = ORIENTED_EDGE ( 'NONE', *, *, #1994, .T. ) ;
#4954 = DIRECTION ( 'NONE',  ( 1.049727191138618942E-16, 0.5150380749100536004, -0.8571673007021125557 ) ) ;
#4955 = ORIENTED_EDGE ( 'NONE', *, *, #943, .T. ) ;
#4956 = DIRECTION ( 'NONE',  ( 1.049727191138618942E-16, 0.5150380749100536004, -0.8571673007021125557 ) ) ;
#4957 = VECTOR ( 'NONE', #4206, 999.9999999999998863 ) ;
#4958 = CARTESIAN_POINT ( 'NONE',  ( 219.4750000050836150, 9.992389885825467388, -38.70000000000000284 ) ) ;
#4959 = AXIS2_PLACEMENT_3D ( 'NONE', #7081, #7750, #6422 ) ;
#4960 = AXIS2_PLACEMENT_3D ( 'NONE', #291, #3546, #3378 ) ;
#4961 = STYLED_ITEM ( 'NONE', ( #5128 ), #2751 ) ;
#4962 = CARTESIAN_POINT ( 'NONE',  ( -239.4750000000000227, 22.00000000000000000, -58.99999999999995026 ) ) ;
#4963 = CARTESIAN_POINT ( 'NONE',  ( 239.4749999999999659, 10.49999999999999822, -58.99999999999995026 ) ) ;
#4964 = FACE_OUTER_BOUND ( 'NONE', #556, .T. ) ;
#4965 = EDGE_LOOP ( 'NONE', ( #2340, #2646, #3168 ) ) ;
#4966 = CARTESIAN_POINT ( 'NONE',  ( -174.4749999999999943, 13.49999999999999822, -30.79999999999997229 ) ) ;
#4967 = EDGE_LOOP ( 'NONE', ( #2714, #6649, #1588 ) ) ;
#4968 = CARTESIAN_POINT ( 'NONE',  ( -94.47500000000003695, 8.499999999999992895, 27.58433046974915115 ) ) ;
#4969 = ADVANCED_FACE ( 'NONE', ( #3778 ), #2647, .F. ) ;
#4970 = EDGE_LOOP ( 'NONE', ( #3210, #2307 ) ) ;
#4971 = DIRECTION ( 'NONE',  ( -0.000000000000000000, -1.000000000000000000, -0.000000000000000000 ) ) ;
#4972 = VECTOR ( 'NONE', #7569, 1000.000000000000000 ) ;
#4973 = CONICAL_SURFACE ( 'NONE', #6715, 1.249999999999987121, 1.029744258676654312 ) ;
#4974 = DIRECTION ( 'NONE',  ( 0.000000000000000000, 0.000000000000000000, 1.000000000000000000 ) ) ;
#4975 = EDGE_CURVE ( 'NONE', #1099, #6170, #4407, .T. ) ;
#4976 = CIRCLE ( 'NONE', #7118, 7.137400000000002187 ) ;
#4977 = FACE_OUTER_BOUND ( 'NONE', #5270, .T. ) ;
#4978 = CARTESIAN_POINT ( 'NONE',  ( -203.6750000000000398, 20.84529946162070502, -22.89999999999995239 ) ) ;
#4979 = ORIENTED_EDGE ( 'NONE', *, *, #7426, .F. ) ;
#4980 = ORIENTED_EDGE ( 'NONE', *, *, #7100, .T. ) ;
#4981 = EDGE_CURVE ( 'NONE', #4436, #4790, #4145, .T. ) ;
#4982 = EDGE_CURVE ( 'NONE', #4207, #859, #7504, .T. ) ;
#4983 = EDGE_LOOP ( 'NONE', ( #2523, #5391, #1673 ) ) ;
#4984 = CONICAL_SURFACE ( 'NONE', #5251, 1.250000000000001110, 1.029744258676654090 ) ;
#4985 = DIRECTION ( 'NONE',  ( 0.000000000000000000, 0.000000000000000000, 1.000000000000000000 ) ) ;
#4986 = VECTOR ( 'NONE', #6400, 1000.000000000000000 ) ;
#4987 = ORIENTED_EDGE ( 'NONE', *, *, #3837, .F. ) ;
#4988 = VECTOR ( 'NONE', #4121, 1000.000000000000114 ) ;
#4989 = FACE_OUTER_BOUND ( 'NONE', #3956, .T. ) ;
#4990 = DIRECTION ( 'NONE',  ( 0.000000000000000000, 0.000000000000000000, 1.000000000000000000 ) ) ;
#4991 = ADVANCED_FACE ( 'NONE', ( #3110 ), #7087, .F. ) ;
#4992 = ORIENTED_EDGE ( 'NONE', *, *, #517, .T. ) ;
#4993 = DIRECTION ( 'NONE',  ( 0.000000000000000000, 0.000000000000000000, 1.000000000000000000 ) ) ;
#4994 = FACE_OUTER_BOUND ( 'NONE', #7367, .T. ) ;
#4995 = VECTOR ( 'NONE', #3316, 1000.000000000000000 ) ;
#4996 = CARTESIAN_POINT ( 'NONE',  ( 244.4749999999999659, 22.00000000000000000, -67.00000000000000000 ) ) ;
#4997 = DIRECTION ( 'NONE',  ( 0.000000000000000000, 0.000000000000000000, 1.000000000000000000 ) ) ;
#4998 = CARTESIAN_POINT ( 'NONE',  ( 219.4749999999999659, 22.00000000000000000, -32.04999999999999716 ) ) ;
#4999 = ORIENTED_EDGE ( 'NONE', *, *, #1494, .T. ) ;
#5000 = PLANE ( 'NONE',  #2418 ) ;
#5001 = ORIENTED_EDGE ( 'NONE', *, *, #133, .T. ) ;
#5002 = EDGE_CURVE ( 'NONE', #6704, #235, #7899, .T. ) ;
#5003 = CARTESIAN_POINT ( 'NONE',  ( -193.6750000000000398, 4.000000000000000000, 7.900000000000049205 ) ) ;
#5004 = ADVANCED_FACE ( 'NONE', ( #8250 ), #1348, .F. ) ;
#5005 = FACE_OUTER_BOUND ( 'NONE', #4060, .T. ) ;
#5006 = FACE_OUTER_BOUND ( 'NONE', #5571, .T. ) ;
#5007 = CARTESIAN_POINT ( 'NONE',  ( 191.1750000000000114, 22.00000000000000000, 1.250000000000001110 ) ) ;
#5008 = CARTESIAN_POINT ( 'NONE',  ( 191.1750000000000114, 20.84529946162070502, 48.70000000000001705 ) ) ;
#5009 = ORIENTED_EDGE ( 'NONE', *, *, #2578, .F. ) ;
#5010 = CARTESIAN_POINT ( 'NONE',  ( 209.4750000000000227, 4.000000000000000000, -2.900000000000001688 ) ) ;
#5011 = EDGE_LOOP ( 'NONE', ( #1088, #7994, #5418, #6506 ) ) ;
#5012 = DIRECTION ( 'NONE',  ( -0.000000000000000000, 1.000000000000000000, -0.000000000000000000 ) ) ;
#5013 = ORIENTED_EDGE ( 'NONE', *, *, #7169, .T. ) ;
#5014 = CARTESIAN_POINT ( 'NONE',  ( -203.6750000000000398, 22.00000000000000000, -24.90000000000006963 ) ) ;
#5015 = CARTESIAN_POINT ( 'NONE',  ( 229.9750000000001080, 13.49999999999999822, 56.00000000000000000 ) ) ;
#5016 = AXIS2_PLACEMENT_3D ( 'NONE', #3286, #6393, #8264 ) ;
#5017 = CARTESIAN_POINT ( 'NONE',  ( 181.1750000000000398, 20.84529946162070502, 38.70000000000000284 ) ) ;
#5018 = LINE ( 'NONE', #7576, #4295 ) ;
#5019 = ORIENTED_EDGE ( 'NONE', *, *, #3914, .F. ) ;
#5020 = ORIENTED_EDGE ( 'NONE', *, *, #3236, .T. ) ;
#5021 = CARTESIAN_POINT ( 'NONE',  ( 202.8250000000000455, 11.99999999999999822, 11.65000000000000036 ) ) ;
#5022 = EDGE_CURVE ( 'NONE', #1501, #2658, #5837, .T. ) ;
#5023 = ADVANCED_FACE ( 'NONE', ( #7592 ), #286, .F. ) ;
#5024 = AXIS2_PLACEMENT_3D ( 'NONE', #6580, #1423, #3973 ) ;
#5025 = EDGE_LOOP ( 'NONE', ( #2106, #1583, #2374, #3890 ) ) ;
#5026 = DIRECTION ( 'NONE',  ( -1.000000000000000000, 0.000000000000000000, 1.202972179678357944E-16 ) ) ;
#5027 = CARTESIAN_POINT ( 'NONE',  ( 224.2379908571826377, 10.55383282108743614, 53.70000000000000995 ) ) ;
#5028 = ORIENTED_EDGE ( 'NONE', *, *, #5220, .F. ) ;
#5029 = DIRECTION ( 'NONE',  ( 0.000000000000000000, 0.000000000000000000, 1.000000000000000000 ) ) ;
#5030 = CARTESIAN_POINT ( 'NONE',  ( 219.4749999999999659, 11.80598635831329268, -38.70000000000000284 ) ) ;
#5031 = ADVANCED_FACE ( 'NONE', ( #3354 ), #5219, .F. ) ;
#5032 = DIRECTION ( 'NONE',  ( -0.000000000000000000, 1.000000000000000000, -0.000000000000000000 ) ) ;
#5033 = CARTESIAN_POINT ( 'NONE',  ( 234.1449999999999534, 10.99999999999998757, -53.33740000000000947 ) ) ;
#5034 = EDGE_LOOP ( 'NONE', ( #3336, #3303, #3243, #4312 ) ) ;
#5035 = CARTESIAN_POINT ( 'NONE',  ( 165.5250000000000341, 13.49999999999999822, -3.899946568576850379E-14 ) ) ;
#5036 = ORIENTED_EDGE ( 'NONE', *, *, #621, .T. ) ;
#5037 = CARTESIAN_POINT ( 'NONE',  ( -94.47500000000003695, 0.000000000000000000, 28.83433046974913694 ) ) ;
#5038 = DIRECTION ( 'NONE',  ( -0.000000000000000000, 1.000000000000000000, -0.000000000000000000 ) ) ;
#5039 = EDGE_CURVE ( 'NONE', #81, #3417, #6049, .T. ) ;
#5040 = LINE ( 'NONE', #25, #2836 ) ;
#5041 = ADVANCED_FACE ( 'NONE', ( #2774 ), #4019, .F. ) ;
#5042 = CARTESIAN_POINT ( 'NONE',  ( -203.6750000000000398, 13.49999999999999822, -29.54999999999997939 ) ) ;
#5043 = DIRECTION ( 'NONE',  ( -1.000000000000000000, 0.000000000000000000, 1.202972179678357944E-16 ) ) ;
#5044 = ORIENTED_EDGE ( 'NONE', *, *, #4608, .F. ) ;
#5045 = FACE_OUTER_BOUND ( 'NONE', #913, .T. ) ;
#5046 = ORIENTED_EDGE ( 'NONE', *, *, #5854, .F. ) ;
#5047 = CARTESIAN_POINT ( 'NONE',  ( 229.9750000000001080, 13.49999999999999822, 56.00000000000000000 ) ) ;
#5048 = ORIENTED_EDGE ( 'NONE', *, *, #3763, .T. ) ;
#5049 = CARTESIAN_POINT ( 'NONE',  ( 191.1750000000000114, 11.99999999999999822, 1.250000000000001110 ) ) ;
#5050 = AXIS2_PLACEMENT_3D ( 'NONE', #6043, #2390, #1593 ) ;
#5051 = CARTESIAN_POINT ( 'NONE',  ( 216.9749999999999943, 13.49999999999999822, 59.85000000000006537 ) ) ;
#5052 = DIRECTION ( 'NONE',  ( 0.5150380749100526012, 0.000000000000000000, -0.8571673007021132218 ) ) ;
#5053 = AXIS2_PLACEMENT_3D ( 'NONE', #2230, #5414, #2268 ) ;
#5054 = CYLINDRICAL_SURFACE ( 'NONE', #3239, 1.250000000000001110 ) ;
#5055 = VERTEX_POINT ( 'NONE', #2105 ) ;
#5056 = DIRECTION ( 'NONE',  ( 1.000000000000000000, -0.000000000000000000, -0.000000000000000000 ) ) ;
#5057 = ORIENTED_EDGE ( 'NONE', *, *, #2837, .T. ) ;
#5058 = ORIENTED_EDGE ( 'NONE', *, *, #5572, .T. ) ;
#5059 = AXIS2_PLACEMENT_3D ( 'NONE', #7676, #8219, #5840 ) ;
#5060 = VECTOR ( 'NONE', #2494, 1000.000000000000000 ) ;
#5061 = CONICAL_SURFACE ( 'NONE', #5329, 1.250000000000001110, 1.029744258676654090 ) ;
#5062 = EDGE_LOOP ( 'NONE', ( #646, #828, #6364, #2198 ) ) ;
#5063 = CARTESIAN_POINT ( 'NONE',  ( -216.9750000000000227, 4.000000000000000000, -38.69999999999995310 ) ) ;
#5064 = AXIS2_PLACEMENT_3D ( 'NONE', #5807, #693, #2615 ) ;
#5065 = CARTESIAN_POINT ( 'NONE',  ( 224.2129706549540629, 10.77711465408951774, 53.70000000000280949 ) ) ;
#5066 = ORIENTED_EDGE ( 'NONE', *, *, #1058, .F. ) ;
#5067 = ADVANCED_FACE ( 'NONE', ( #2733 ), #5326, .F. ) ;
#5068 = DIRECTION ( 'NONE',  ( -0.000000000000000000, 1.000000000000000000, 0.000000000000000000 ) ) ;
#5069 = EDGE_CURVE ( 'NONE', #15, #2852, #5880, .T. ) ;
#5070 = DIRECTION ( 'NONE',  ( 0.000000000000000000, 0.000000000000000000, 1.000000000000000000 ) ) ;
#5071 = VECTOR ( 'NONE', #3154, 1000.000000000000000 ) ;
#5072 = DIRECTION ( 'NONE',  ( 0.000000000000000000, 0.000000000000000000, -1.000000000000000000 ) ) ;
#5073 = AXIS2_PLACEMENT_3D ( 'NONE', #7289, #6582, #3388 ) ;
#5074 = DIRECTION ( 'NONE',  ( -0.000000000000000000, 1.000000000000000000, -0.000000000000000000 ) ) ;
#5075 = VERTEX_POINT ( 'NONE', #6592 ) ;
#5076 = LINE ( 'NONE', #7136, #6291 ) ;
#5077 = ORIENTED_EDGE ( 'NONE', *, *, #4464, .F. ) ;
#5078 = EDGE_CURVE ( 'NONE', #1011, #6425, #7928, .T. ) ;
#5079 = CARTESIAN_POINT ( 'NONE',  ( 219.4749999999999659, 13.49999999999999822, -30.79999999999999716 ) ) ;
#5080 = EDGE_CURVE ( 'NONE', #7198, #6182, #6438, .T. ) ;
#5081 = EDGE_CURVE ( 'NONE', #5985, #3844, #6630, .T. ) ;
#5082 = AXIS2_PLACEMENT_3D ( 'NONE', #8126, #4203, #5511 ) ;
#5083 = DIRECTION ( 'NONE',  ( 0.000000000000000000, 0.000000000000000000, 1.000000000000000000 ) ) ;
#5084 = AXIS2_PLACEMENT_3D ( 'NONE', #6640, #7184, #5972 ) ;
#5085 = DIRECTION ( 'NONE',  ( 0.000000000000000000, -1.000000000000000000, 0.000000000000000000 ) ) ;
#5086 = CARTESIAN_POINT ( 'NONE',  ( 204.4750000000000227, 20.84529946162070502, -7.900000000000002132 ) ) ;
#5087 = CARTESIAN_POINT ( 'NONE',  ( 224.4749999999999659, 20.84529946162070502, -48.70000000000000995 ) ) ;
#5088 = ORIENTED_EDGE ( 'NONE', *, *, #1247, .F. ) ;
#5089 = AXIS2_PLACEMENT_3D ( 'NONE', #6181, #5549, #8093 ) ;
#5090 = DIRECTION ( 'NONE',  ( 1.000000000000000000, -0.000000000000000000, 0.000000000000000000 ) ) ;
#5091 = VERTEX_POINT ( 'NONE', #5247 ) ;
#5092 = DIRECTION ( 'NONE',  ( 0.000000000000000000, 0.000000000000000000, 1.000000000000000000 ) ) ;
#5093 = ORIENTED_EDGE ( 'NONE', *, *, #2410, .F. ) ;
#5094 = CARTESIAN_POINT ( 'NONE',  ( 229.9750000000001080, 22.00000000000000000, -17.90000000000000213 ) ) ;
#5095 = EDGE_CURVE ( 'NONE', #1430, #1883, #3485, .T. ) ;
#5096 = ADVANCED_FACE ( 'NONE', ( #5961 ), #3985, .F. ) ;
#5097 = CARTESIAN_POINT ( 'NONE',  ( -188.6750000000000398, 20.84529946162070502, -2.899999999999954170 ) ) ;
#5098 = CARTESIAN_POINT ( 'NONE',  ( -94.47500000000003695, 8.499999999999992895, 28.83433046974913694 ) ) ;
#5099 = FACE_OUTER_BOUND ( 'NONE', #7369, .T. ) ;
#5100 = VERTEX_POINT ( 'NONE', #225 ) ;
#5101 = FACE_OUTER_BOUND ( 'NONE', #1596, .T. ) ;
#5102 = ORIENTED_EDGE ( 'NONE', *, *, #5193, .F. ) ;
#5103 = AXIS2_PLACEMENT_3D ( 'NONE', #7541, #6875, #6912 ) ;
#5104 = CONICAL_SURFACE ( 'NONE', #3091, 1.249999999999987121, 1.029744258676654312 ) ;
#5105 = VERTEX_POINT ( 'NONE', #4615 ) ;
#5106 = EDGE_CURVE ( 'NONE', #6324, #1955, #8159, .T. ) ;
#5107 = EDGE_CURVE ( 'NONE', #81, #4429, #7837, .T. ) ;
#5108 = APPLICATION_PROTOCOL_DEFINITION ( 'draft international standard', 'automotive_design', 1998, #6699 ) ;
#5109 = VECTOR ( 'NONE', #3987, 1000.000000000000000 ) ;
#5110 = VERTEX_POINT ( 'NONE', #4652 ) ;
#5111 = CARTESIAN_POINT ( 'NONE',  ( -216.9750000000000227, 22.00000000000000000, -33.69999999999995310 ) ) ;
#5112 = CARTESIAN_POINT ( 'NONE',  ( 219.4772579652960474, 10.19389167114951533, 53.70000000000000995 ) ) ;
#5113 = EDGE_LOOP ( 'NONE', ( #4894, #2965, #699 ) ) ;
#5114 = VECTOR ( 'NONE', #6594, 1000.000000000000000 ) ;
#5115 = DIRECTION ( 'NONE',  ( 0.000000000000000000, 0.000000000000000000, 1.000000000000000000 ) ) ;
#5116 = CARTESIAN_POINT ( 'NONE',  ( 229.9750000000001080, 13.49999999999999822, 54.75000000000000000 ) ) ;
#5117 = EDGE_CURVE ( 'NONE', #2830, #6412, #946, .T. ) ;
#5118 = DIRECTION ( 'NONE',  ( 0.000000000000000000, 0.000000000000000000, -1.000000000000000000 ) ) ;
#5119 = DIRECTION ( 'NONE',  ( 0.4999999999999926725, -0.8660254037844429265, -0.000000000000000000 ) ) ;
#5120 = ORIENTED_EDGE ( 'NONE', *, *, #6976, .T. ) ;
#5121 = CARTESIAN_POINT ( 'NONE',  ( 244.4749999999999659, 22.00000000000000000, -61.50000000000000000 ) ) ;
#5122 = EDGE_CURVE ( 'NONE', #4520, #1680, #3084, .T. ) ;
#5123 = ORIENTED_EDGE ( 'NONE', *, *, #2641, .F. ) ;
#5124 = CARTESIAN_POINT ( 'NONE',  ( -239.4750000000000227, 9.508579978604522864, -58.99999999999995026 ) ) ;
#5125 = VECTOR ( 'NONE', #4249, 1000.000000000000000 ) ;
#5126 = FACE_OUTER_BOUND ( 'NONE', #7461, .T. ) ;
#5127 = EDGE_CURVE ( 'NONE', #2348, #72, #6696, .T. ) ;
#5128 = PRESENTATION_STYLE_ASSIGNMENT (( #6306 ) ) ;
#5129 = ADVANCED_FACE ( 'NONE', ( #142 ), #542, .F. ) ;
#5130 = CARTESIAN_POINT ( 'NONE',  ( 214.4750000000000227, 22.00000000000000000, 48.70000000000000995 ) ) ;
#5131 = CARTESIAN_POINT ( 'NONE',  ( -239.4750000000000227, 9.508579978604522864, 59.00000000000005684 ) ) ;
#5132 = ORIENTED_EDGE ( 'NONE', *, *, #5485, .F. ) ;
#5133 = CARTESIAN_POINT ( 'NONE',  ( 214.4750000000000227, 4.000000000000000000, 48.70000000000000995 ) ) ;
#5134 = ORIENTED_EDGE ( 'NONE', *, *, #369, .T. ) ;
#5135 = DIRECTION ( 'NONE',  ( -0.000000000000000000, 1.000000000000000000, -0.000000000000000000 ) ) ;
#5136 = ORIENTED_EDGE ( 'NONE', *, *, #2351, .T. ) ;
#5137 = DIRECTION ( 'NONE',  ( -0.000000000000000000, 1.000000000000000000, -0.000000000000000000 ) ) ;
#5138 = CIRCLE ( 'NONE', #598, 1.250000000000001110 ) ;
#5139 = CYLINDRICAL_SURFACE ( 'NONE', #4398, 1.249999999999987121 ) ;
#5140 =( BOUNDED_SURFACE ( )  B_SPLINE_SURFACE ( 3, 2, ( 
 ( #6835, #4426, #6988 ),
 ( #4467, #614, #7064 ),
 ( #5180, #3797, #3931 ),
 ( #3648, #5143, #6360 ),
 ( #3164, #1996, #1378 ),
 ( #7459, #5818, #1331 ),
 ( #1952, #746, #3886 ),
 ( #3292, #5857, #2353 ),
 ( #4897, #4275, #40 ),
 ( #1094, #6569, #6611 ) ),
 .UNSPECIFIED., .F., .F., .F. ) 
 B_SPLINE_SURFACE_WITH_KNOTS ( ( 4, 2, 2, 2, 4 ),
 ( 3, 3 ),
 ( 0.008884793940934495454, 0.009487038341015182827, 0.01008928274109587020, 0.01069152714117655931, 0.01129377154125724668 ),
 ( 0.000000000000000000, 1.000000000000000000 ),
 .UNSPECIFIED. ) 
 GEOMETRIC_REPRESENTATION_ITEM ( )  RATIONAL_B_SPLINE_SURFACE ( (
 ( 1.000000000000000000, 0.7071067811865480168, 1.000000000000000000),
 ( 1.000000000000000000, 0.7126890574133126766, 1.000000000000000000),
 ( 1.000000000000000000, 0.7176060282613487828, 1.000000000000000000),
 ( 1.000000000000000000, 0.7244987396590436557, 1.000000000000000000),
 ( 1.000000000000000000, 0.7264275214536058956, 1.000000000000000000),
 ( 1.000000000000000000, 0.7264300416891217305, 1.000000000000000000),
 ( 1.000000000000000000, 0.7245033504512610190, 1.000000000000000000),
 ( 1.000000000000000000, 0.7176102850520806875, 1.000000000000000000),
 ( 1.000000000000000000, 0.7126924247123983536, 1.000000000000000000),
 ( 1.000000000000000000, 0.7071067811865480168, 1.000000000000000000) ) ) 
 REPRESENTATION_ITEM ( '' )  SURFACE ( )  );
#5141 = ADVANCED_FACE ( 'NONE', ( #1599 ), #7368, .F. ) ;
#5142 = DIRECTION ( 'NONE',  ( -0.000000000000000000, 1.000000000000000000, -0.000000000000000000 ) ) ;
#5143 = CARTESIAN_POINT ( 'NONE',  ( 224.2379908571826377, 10.55383282108782161, -53.70000000000139551 ) ) ;
#5144 = ORIENTED_EDGE ( 'NONE', *, *, #342, .T. ) ;
#5145 = DIRECTION ( 'NONE',  ( 1.049727191138618449E-16, 0.5150380749100544886, -0.8571673007021121116 ) ) ;
#5146 = EDGE_LOOP ( 'NONE', ( #4979, #538, #830, #1908 ) ) ;
#5147 = ORIENTED_EDGE ( 'NONE', *, *, #57, .T. ) ;
#5148 = CARTESIAN_POINT ( 'NONE',  ( 241.9749999999999659, 22.00000000000000000, 61.50000000000000000 ) ) ;
#5149 = ADVANCED_FACE ( 'NONE', ( #6168 ), #3751, .F. ) ;
#5150 = CARTESIAN_POINT ( 'NONE',  ( -174.4749999999999943, 22.00000000000000000, 30.80000000000003624 ) ) ;
#5151 = ORIENTED_EDGE ( 'NONE', *, *, #6900, .F. ) ;
#5152 = DIRECTION ( 'NONE',  ( -0.000000000000000000, 1.000000000000000000, -0.000000000000000000 ) ) ;
#5153 = CARTESIAN_POINT ( 'NONE',  ( 224.4749999999999943, 12.20899172797675192, 53.70000000000000995 ) ) ;
#5154 = ORIENTED_EDGE ( 'NONE', *, *, #5176, .T. ) ;
#5155 = DIRECTION ( 'NONE',  ( 0.000000000000000000, 0.000000000000000000, -1.000000000000000000 ) ) ;
#5156 = DIRECTION ( 'NONE',  ( 0.000000000000000000, 0.000000000000000000, 1.000000000000000000 ) ) ;
#5157 = AXIS2_PLACEMENT_3D ( 'NONE', #7058, #698, #1323 ) ;
#5158 = CONICAL_SURFACE ( 'NONE', #4756, 7.137400000000002187, 1.029744258676656310 ) ;
#5159 = CARTESIAN_POINT ( 'NONE',  ( -215.3250000000000455, 22.00000000000000000, 17.90000000000004832 ) ) ;
#5160 = CARTESIAN_POINT ( 'NONE',  ( -241.7250000000000796, 22.00000000000000000, 48.70000000000005969 ) ) ;
#5161 = ORIENTED_EDGE ( 'NONE', *, *, #3560, .T. ) ;
#5162 = DIRECTION ( 'NONE',  ( 0.000000000000000000, 0.5150380749100536004, 0.8571673007021125557 ) ) ;
#5163 = ORIENTED_EDGE ( 'NONE', *, *, #3276, .T. ) ;
#5164 = CARTESIAN_POINT ( 'NONE',  ( 181.1750000000000398, 4.000000000000000000, 27.90000000000000213 ) ) ;
#5165 = CARTESIAN_POINT ( 'NONE',  ( -4.474999999999923261, 13.49999999999999822, 59.85000000000004405 ) ) ;
#5166 = DIRECTION ( 'NONE',  ( -1.000000000000000000, 0.000000000000000000, 1.202972179678357944E-16 ) ) ;
#5167 = DIRECTION ( 'NONE',  ( 0.000000000000000000, 0.000000000000000000, 1.000000000000000000 ) ) ;
#5168 = CARTESIAN_POINT ( 'NONE',  ( -4.474999999999979217, 13.49999999999999822, -32.04999999999999716 ) ) ;
#5169 = EDGE_LOOP ( 'NONE', ( #3054, #5716 ) ) ;
#5170 = CARTESIAN_POINT ( 'NONE',  ( -174.4749999999999943, 13.49999999999999822, -32.04999999999997584 ) ) ;
#5171 = ORIENTED_EDGE ( 'NONE', *, *, #3191, .F. ) ;
#5172 = DIRECTION ( 'NONE',  ( -0.000000000000000000, 1.000000000000000000, -0.000000000000000000 ) ) ;
#5173 = ORIENTED_EDGE ( 'NONE', *, *, #4673, .F. ) ;
#5174 = CIRCLE ( 'NONE', #5709, 4.999999999999999112 ) ;
#5175 = CARTESIAN_POINT ( 'NONE',  ( 3.024999999999999911, 0.000000000000000000, -34.01566953025086093 ) ) ;
#5176 = EDGE_CURVE ( 'NONE', #6361, #6078, #1213, .T. ) ;
#5177 = DIRECTION ( 'NONE',  ( -0.000000000000000000, -1.000000000000000000, -0.000000000000000000 ) ) ;
#5178 = EDGE_CURVE ( 'NONE', #6182, #2852, #2275, .T. ) ;
#5179 = CARTESIAN_POINT ( 'NONE',  ( -174.4749999999999943, 12.74892422621554644, -59.85000000000000142 ) ) ;
#5180 = CARTESIAN_POINT ( 'NONE',  ( 219.4772579652960474, 10.19389167114958461, -53.70000000000000284 ) ) ;
#5181 = ORIENTED_EDGE ( 'NONE', *, *, #4403, .F. ) ;
#5182 = CARTESIAN_POINT ( 'NONE',  ( 191.1750000000000114, 22.00000000000000000, 1.250000000000001110 ) ) ;
#5183 = ORIENTED_EDGE ( 'NONE', *, *, #7914, .T. ) ;
#5184 = VECTOR ( 'NONE', #6540, 1000.000000000000000 ) ;
#5185 = VERTEX_POINT ( 'NONE', #2972 ) ;
#5186 = EDGE_CURVE ( 'NONE', #7114, #6581, #8083, .T. ) ;
#5187 = CARTESIAN_POINT ( 'NONE',  ( 216.9749999999999943, 13.49999999999999822, 61.10000000000006537 ) ) ;
#5188 = VECTOR ( 'NONE', #8045, 1000.000000000000000 ) ;
#5189 = ORIENTED_EDGE ( 'NONE', *, *, #5303, .F. ) ;
#5190 = CARTESIAN_POINT ( 'NONE',  ( 219.4749999999999659, 9.791008272023308479, -48.70000000000000995 ) ) ;
#5191 = CARTESIAN_POINT ( 'NONE',  ( 219.4826790310409592, 11.20130064156596816, 53.70000000000000995 ) ) ;
#5192 = ORIENTED_EDGE ( 'NONE', *, *, #4814, .T. ) ;
#5193 = EDGE_CURVE ( 'NONE', #7067, #1548, #1682, .T. ) ;
#5194 = CARTESIAN_POINT ( 'NONE',  ( 165.5250000000000341, 22.00000000000000000, -1.250000000000040190 ) ) ;
#5195 = CIRCLE ( 'NONE', #5872, 1.250000000000001110 ) ;
#5196 = CIRCLE ( 'NONE', #1325, 1.250000000000001110 ) ;
#5197 = DIRECTION ( 'NONE',  ( -0.000000000000000000, 1.000000000000000000, -0.000000000000000000 ) ) ;
#5198 = DIRECTION ( 'NONE',  ( -0.000000000000000000, 1.000000000000000000, -0.000000000000000000 ) ) ;
#5199 = ORIENTED_EDGE ( 'NONE', *, *, #5416, .F. ) ;
#5200 = ORIENTED_EDGE ( 'NONE', *, *, #5441, .T. ) ;
#5201 = CARTESIAN_POINT ( 'NONE',  ( -4.474999999999979217, 13.49999999999999822, 29.55000000000001492 ) ) ;
#5202 = VECTOR ( 'NONE', #2790, 1000.000000000000000 ) ;
#5203 = VERTEX_POINT ( 'NONE', #1013 ) ;
#5204 = CARTESIAN_POINT ( 'NONE',  ( 165.5250000000000341, 22.00000000000000000, -61.10000000000004405 ) ) ;
#5205 = CARTESIAN_POINT ( 'NONE',  ( -174.4749999999999943, 13.49999999999999822, -1.250000000000001110 ) ) ;
#5206 = EDGE_CURVE ( 'NONE', #4095, #4089, #2932, .T. ) ;
#5207 = DIRECTION ( 'NONE',  ( 1.000000000000000000, 0.000000000000000000, -1.202972179678357944E-16 ) ) ;
#5208 = FACE_OUTER_BOUND ( 'NONE', #1662, .T. ) ;
#5209 = DIRECTION ( 'NONE',  ( -0.000000000000000000, 1.000000000000000000, -0.000000000000000000 ) ) ;
#5210 = VERTEX_POINT ( 'NONE', #385 ) ;
#5211 = CARTESIAN_POINT ( 'NONE',  ( -4.474999999999923261, 12.74892422621554644, 59.85000000000004405 ) ) ;
#5212 = ORIENTED_EDGE ( 'NONE', *, *, #4788, .T. ) ;
#5213 = DIRECTION ( 'NONE',  ( 0.000000000000000000, 0.000000000000000000, -1.000000000000000000 ) ) ;
#5214 = ORIENTED_EDGE ( 'NONE', *, *, #2487, .T. ) ;
#5215 = VECTOR ( 'NONE', #1063, 1000.000000000000000 ) ;
#5216 = CARTESIAN_POINT ( 'NONE',  ( 3.024999999999971934, 0.000000000000000000, 30.08433046974911562 ) ) ;
#5217 = CONICAL_SURFACE ( 'NONE', #4412, 1.649999999999984812, 1.029744258676650093 ) ;
#5218 = DIRECTION ( 'NONE',  ( -0.000000000000000000, 1.000000000000000000, -0.000000000000000000 ) ) ;
#5219 = CONICAL_SURFACE ( 'NONE', #2428, 1.250000000000001110, 1.029744258676655200 ) ;
#5220 = EDGE_CURVE ( 'NONE', #3842, #3247, #6552, .T. ) ;
#5221 = DIRECTION ( 'NONE',  ( -0.000000000000000000, 1.000000000000000000, -0.000000000000000000 ) ) ;
#5222 = CARTESIAN_POINT ( 'NONE',  ( 219.4749999999999659, 12.74892422621554644, -30.79999999999999716 ) ) ;
#5223 = EDGE_LOOP ( 'NONE', ( #3233, #4146 ) ) ;
#5224 = DIRECTION ( 'NONE',  ( 1.000000000000000000, -0.000000000000000000, -0.000000000000000000 ) ) ;
#5225 = AXIS2_PLACEMENT_3D ( 'NONE', #8007, #2203, #2324 ) ;
#5226 = ORIENTED_EDGE ( 'NONE', *, *, #1913, .T. ) ;
#5227 = ORIENTED_EDGE ( 'NONE', *, *, #3346, .F. ) ;
#5228 = AXIS2_PLACEMENT_3D ( 'NONE', #7421, #7463, #4990 ) ;
#5229 = VECTOR ( 'NONE', #58, 1000.000000000000000 ) ;
#5230 = AXIS2_PLACEMENT_3D ( 'NONE', #6528, #748, #7195 ) ;
#5231 = AXIS2_PLACEMENT_3D ( 'NONE', #7650, #3206, #1376 ) ;
#5232 = EDGE_CURVE ( 'NONE', #4489, #1814, #6712, .T. ) ;
#5233 = DIRECTION ( 'NONE',  ( 0.000000000000000000, 0.000000000000000000, 1.000000000000000000 ) ) ;
#5234 = ORIENTED_EDGE ( 'NONE', *, *, #2118, .T. ) ;
#5235 = DIRECTION ( 'NONE',  ( 0.000000000000000000, 0.000000000000000000, -1.000000000000000000 ) ) ;
#5236 = CARTESIAN_POINT ( 'NONE',  ( -231.9750000000000512, 20.84529946162070502, -48.69999999999995310 ) ) ;
#5237 = VERTEX_POINT ( 'NONE', #4863 ) ;
#5238 = AXIS2_PLACEMENT_3D ( 'NONE', #4299, #4882, #8186 ) ;
#5239 = CONICAL_SURFACE ( 'NONE', #6316, 1.250000000000001110, 1.029744258676654090 ) ;
#5240 = CARTESIAN_POINT ( 'NONE',  ( 196.1750000000000114, -0.001999999999998530731, 12.90000000000000213 ) ) ;
#5241 = DIRECTION ( 'NONE',  ( -0.000000000000000000, 1.000000000000000000, -0.000000000000000000 ) ) ;
#5242 = EDGE_CURVE ( 'NONE', #6656, #1129, #6027, .T. ) ;
#5243 = CONICAL_SURFACE ( 'NONE', #1637, 1.250000000000001110, 1.029744258676655200 ) ;
#5244 = ORIENTED_EDGE ( 'NONE', *, *, #7596, .T. ) ;
#5245 = DIRECTION ( 'NONE',  ( 1.202972179678357944E-16, 0.000000000000000000, 1.000000000000000000 ) ) ;
#5246 = ORIENTED_EDGE ( 'NONE', *, *, #3234, .F. ) ;
#5247 = CARTESIAN_POINT ( 'NONE',  ( -231.9750000000000227, 20.84529946162070502, 53.70000000000005969 ) ) ;
#5248 = VERTEX_POINT ( 'NONE', #1645 ) ;
#5249 = CARTESIAN_POINT ( 'NONE',  ( -244.4750000000000227, 22.00000000000000000, -61.49999999999994316 ) ) ;
#5250 = FACE_BOUND ( 'NONE', #4290, .T. ) ;
#5251 = AXIS2_PLACEMENT_3D ( 'NONE', #6373, #1927, #1843 ) ;
#5252 = CIRCLE ( 'NONE', #6328, 1.649999999999984812 ) ;
#5253 = DIRECTION ( 'NONE',  ( 0.000000000000000000, 0.000000000000000000, 1.000000000000000000 ) ) ;
#5254 = DIRECTION ( 'NONE',  ( -0.000000000000000000, 1.000000000000000000, -0.000000000000000000 ) ) ;
#5255 = ADVANCED_FACE ( 'NONE', ( #4193, #6124 ), #4900, .F. ) ;
#5256 = CARTESIAN_POINT ( 'NONE',  ( -174.4749999999999375, 22.00000000000000000, 61.10000000000006537 ) ) ;
#5257 = ORIENTED_EDGE ( 'NONE', *, *, #7998, .F. ) ;
#5258 = ADVANCED_FACE ( 'NONE', ( #8162 ), #4280, .F. ) ;
#5259 = CARTESIAN_POINT ( 'NONE',  ( -193.6750000000000398, 20.84529946162070502, 2.900000000000046541 ) ) ;
#5260 = EDGE_LOOP ( 'NONE', ( #2706, #2916, #8026, #6230 ) ) ;
#5261 = LINE ( 'NONE', #897, #4272 ) ;
#5262 = VERTEX_POINT ( 'NONE', #2316 ) ;
#5263 = AXIS2_PLACEMENT_3D ( 'NONE', #1830, #3161, #8068 ) ;
#5264 = CARTESIAN_POINT ( 'NONE',  ( -219.9749999999999091, 22.00000000000000000, 33.70000000000005969 ) ) ;
#5265 = DIRECTION ( 'NONE',  ( -0.000000000000000000, 1.000000000000000000, -0.000000000000000000 ) ) ;
#5266 = DIRECTION ( 'NONE',  ( 0.000000000000000000, 0.000000000000000000, 1.000000000000000000 ) ) ;
#5267 = DIRECTION ( 'NONE',  ( -0.000000000000000000, 1.000000000000000000, -0.000000000000000000 ) ) ;
#5268 = VERTEX_POINT ( 'NONE', #1136 ) ;
#5269 = DIRECTION ( 'NONE',  ( 0.000000000000000000, 0.000000000000000000, 1.000000000000000000 ) ) ;
#5270 = EDGE_LOOP ( 'NONE', ( #5429, #1894, #3159, #5123 ) ) ;
#5271 = ORIENTED_EDGE ( 'NONE', *, *, #6956, .T. ) ;
#5272 = AXIS2_PLACEMENT_3D ( 'NONE', #5111, #1884, #5619 ) ;
#5273 = DIRECTION ( 'NONE',  ( -0.000000000000000000, 1.000000000000000000, -0.000000000000000000 ) ) ;
#5274 = VERTEX_POINT ( 'NONE', #1723 ) ;
#5275 = DIRECTION ( 'NONE',  ( 0.000000000000000000, 0.000000000000000000, 1.000000000000000000 ) ) ;
#5276 = VERTEX_POINT ( 'NONE', #2396 ) ;
#5277 = EDGE_CURVE ( 'NONE', #7578, #1077, #3731, .T. ) ;
#5278 = CARTESIAN_POINT ( 'NONE',  ( 3.024999999999999911, 8.499999999999992895, -32.76566953025087514 ) ) ;
#5279 = ADVANCED_FACE ( 'NONE', ( #7507 ), #1766, .F. ) ;
#5280 = CIRCLE ( 'NONE', #3942, 1.250000000000001110 ) ;
#5281 = CIRCLE ( 'NONE', #599, 7.000000000000113687 ) ;
#5282 = CARTESIAN_POINT ( 'NONE',  ( 229.9750000000001080, 13.49999999999999822, 57.25000000000000000 ) ) ;
#5283 = EDGE_CURVE ( 'NONE', #2116, #2830, #503, .T. ) ;
#5284 = DIRECTION ( 'NONE',  ( 0.000000000000000000, 0.000000000000000000, 1.000000000000000000 ) ) ;
#5285 = ORIENTED_EDGE ( 'NONE', *, *, #4179, .F. ) ;
#5286 = CARTESIAN_POINT ( 'NONE',  ( 224.4749999999999659, 4.000000000000000000, -38.70000000000000284 ) ) ;
#5287 = EDGE_LOOP ( 'NONE', ( #4333, #6089, #1690, #5481 ) ) ;
#5288 = CARTESIAN_POINT ( 'NONE',  ( -191.9750000000000227, -1.402220585023716934E-15, 28.83433046974914760 ) ) ;
#5289 = CIRCLE ( 'NONE', #5024, 1.250000000000001110 ) ;
#5290 = DIRECTION ( 'NONE',  ( -0.000000000000000000, 1.000000000000000000, -0.000000000000000000 ) ) ;
#5291 = ADVANCED_FACE ( 'NONE', ( #3525 ), #6091, .F. ) ;
#5292 = DIRECTION ( 'NONE',  ( 1.000000000000000000, -0.000000000000000000, -0.000000000000000000 ) ) ;
#5293 = DIRECTION ( 'NONE',  ( 0.000000000000000000, 0.000000000000000000, 1.000000000000000000 ) ) ;
#5294 = DIRECTION ( 'NONE',  ( -0.000000000000000000, -1.000000000000000000, -0.000000000000000000 ) ) ;
#5295 = EDGE_LOOP ( 'NONE', ( #3733, #3377, #6042, #3262 ) ) ;
#5296 = DIRECTION ( 'NONE',  ( -0.000000000000000000, 1.000000000000000000, -0.000000000000000000 ) ) ;
#5297 = EDGE_LOOP ( 'NONE', ( #1879, #5402, #835 ) ) ;
#5298 = CARTESIAN_POINT ( 'NONE',  ( 244.4749999999999659, 10.99999999999998757, 38.23697300000000610 ) ) ;
#5299 = EDGE_LOOP ( 'NONE', ( #4901, #1353, #2378, #1758 ) ) ;
#5300 = CYLINDRICAL_SURFACE ( 'NONE', #4593, 4.999999999999997335 ) ;
#5301 = LINE ( 'NONE', #4632, #2136 ) ;
#5302 = EDGE_CURVE ( 'NONE', #3549, #1034, #7664, .T. ) ;
#5303 = EDGE_CURVE ( 'NONE', #974, #7577, #1925, .T. ) ;
#5304 = CARTESIAN_POINT ( 'NONE',  ( -191.9750000000000227, 8.499999999999992895, 28.83433046974914760 ) ) ;
#5305 = CONICAL_SURFACE ( 'NONE', #135, 1.250000000000001110, 1.029744258676654090 ) ;
#5306 = DIRECTION ( 'NONE',  ( 0.000000000000000000, 0.000000000000000000, -1.000000000000000000 ) ) ;
#5307 = ORIENTED_EDGE ( 'NONE', *, *, #1696, .F. ) ;
#5308 = DIRECTION ( 'NONE',  ( 0.000000000000000000, 0.000000000000000000, -1.000000000000000000 ) ) ;
#5309 = VERTEX_POINT ( 'NONE', #7037 ) ;
#5310 = ORIENTED_EDGE ( 'NONE', *, *, #7328, .F. ) ;
#5311 = CIRCLE ( 'NONE', #873, 1.250000000000001110 ) ;
#5312 = DIRECTION ( 'NONE',  ( -0.000000000000000000, -1.000000000000000000, -0.000000000000000000 ) ) ;
#5313 = EDGE_CURVE ( 'NONE', #6606, #4790, #3809, .T. ) ;
#5314 = CIRCLE ( 'NONE', #4779, 1.250000000000001110 ) ;
#5315 = CARTESIAN_POINT ( 'NONE',  ( 219.4749999999999659, 22.00000000000000000, -29.54999999999999716 ) ) ;
#5316 = ORIENTED_EDGE ( 'NONE', *, *, #847, .T. ) ;
#5317 = DIRECTION ( 'NONE',  ( -0.000000000000000000, -1.000000000000000000, -0.000000000000000000 ) ) ;
#5318 = ORIENTED_EDGE ( 'NONE', *, *, #861, .F. ) ;
#5319 = CARTESIAN_POINT ( 'NONE',  ( 219.4757709837698201, 10.00918294497971672, -38.70000000000000284 ) ) ;
#5320 = AXIS2_PLACEMENT_3D ( 'NONE', #3538, #3028, #7479 ) ;
#5321 = CARTESIAN_POINT ( 'NONE',  ( 244.4749999999999659, 10.99999999999998934, -39.06260000000000332 ) ) ;
#5322 = ADVANCED_FACE ( 'NONE', ( #91 ), #1885, .F. ) ;
#5323 = AXIS2_PLACEMENT_3D ( 'NONE', #5148, #5613, #6995 ) ;
#5324 = LINE ( 'NONE', #7257, #5851 ) ;
#5325 = ORIENTED_EDGE ( 'NONE', *, *, #522, .T. ) ;
#5326 = CYLINDRICAL_SURFACE ( 'NONE', #1082, 1.250000000000001110 ) ;
#5327 = ORIENTED_EDGE ( 'NONE', *, *, #2384, .F. ) ;
#5328 = DIRECTION ( 'NONE',  ( -0.000000000000000000, -1.000000000000000000, -0.000000000000000000 ) ) ;
#5329 = AXIS2_PLACEMENT_3D ( 'NONE', #2346, #493, #2504 ) ;
#5330 = DIRECTION ( 'NONE',  ( 0.000000000000000000, 0.000000000000000000, -1.000000000000000000 ) ) ;
#5331 = EDGE_CURVE ( 'NONE', #6570, #1030, #545, .T. ) ;
#5332 = AXIS2_PLACEMENT_3D ( 'NONE', #2251, #244, #6568 ) ;
#5333 = DIRECTION ( 'NONE',  ( 0.000000000000000000, 0.000000000000000000, 1.000000000000000000 ) ) ;
#5334 = VECTOR ( 'NONE', #3162, 1000.000000000000000 ) ;
#5335 = DIRECTION ( 'NONE',  ( 0.000000000000000000, 0.000000000000000000, 1.000000000000000000 ) ) ;
#5336 = DIRECTION ( 'NONE',  ( -0.000000000000000000, 1.000000000000000000, -0.000000000000000000 ) ) ;
#5337 = EDGE_LOOP ( 'NONE', ( #7055, #2130, #618 ) ) ;
#5338 = ADVANCED_FACE ( 'NONE', ( #7001 ), #1670, .F. ) ;
#5339 = EDGE_CURVE ( 'NONE', #451, #1254, #2478, .T. ) ;
#5340 = CARTESIAN_POINT ( 'NONE',  ( 219.4749999999999659, 20.84529946162070502, -53.70000000000000284 ) ) ;
#5341 = EDGE_LOOP ( 'NONE', ( #1124, #3444, #6063, #2253 ) ) ;
#5343 = ADVANCED_FACE ( 'NONE', ( #4518 ), #2144, .F. ) ;
#5342 = DIRECTION ( 'NONE',  ( 0.000000000000000000, 0.000000000000000000, 1.000000000000000000 ) ) ;
#5344 = EDGE_LOOP ( 'NONE', ( #6837, #4048, #1217 ) ) ;
#5345 = AXIS2_PLACEMENT_3D ( 'NONE', #3403, #4114, #5387 ) ;
#5346 = DIRECTION ( 'NONE',  ( 1.000000000000000000, -0.000000000000000000, -0.000000000000000000 ) ) ;
#5347 = AXIS2_PLACEMENT_3D ( 'NONE', #4040, #2869, #7811 ) ;
#5348 = CARTESIAN_POINT ( 'NONE',  ( 219.4749999999999659, 10.19401522931456050, -53.70000000000000284 ) ) ;
#5349 = VECTOR ( 'NONE', #944, 1000.000000000000000 ) ;
#5350 = DIRECTION ( 'NONE',  ( 0.000000000000000000, 0.000000000000000000, 1.000000000000000000 ) ) ;
#5351 = CIRCLE ( 'NONE', #5486, 4.999999999999997335 ) ;
#5352 = DIRECTION ( 'NONE',  ( 0.000000000000000000, 0.000000000000000000, -1.000000000000000000 ) ) ;
#5353 = ORIENTED_EDGE ( 'NONE', *, *, #7677, .F. ) ;
#5354 = VECTOR ( 'NONE', #6984, 1000.000000000000000 ) ;
#5355 = ADVANCED_FACE ( 'NONE', ( #4438 ), #4136, .F. ) ;
#5356 = LINE ( 'NONE', #4721, #959 ) ;
#5357 = ORIENTED_EDGE ( 'NONE', *, *, #7354, .F. ) ;
#5358 = ORIENTED_EDGE ( 'NONE', *, *, #3360, .F. ) ;
#5359 = EDGE_CURVE ( 'NONE', #6651, #768, #5705, .T. ) ;
#5360 = CARTESIAN_POINT ( 'NONE',  ( -241.7250000000000796, 22.00000000000000000, -49.95000000000006679 ) ) ;
#5361 = AXIS2_PLACEMENT_3D ( 'NONE', #593, #632, #5753 ) ;
#5362 = CONICAL_SURFACE ( 'NONE', #7897, 1.250000000000001110, 1.029744258676655200 ) ;
#5363 = CARTESIAN_POINT ( 'NONE',  ( -203.6750000000000398, 13.49999999999999822, -32.04999999999998295 ) ) ;
#5364 = ORIENTED_EDGE ( 'NONE', *, *, #4914, .T. ) ;
#5365 = ADVANCED_FACE ( 'NONE', ( #7250 ), #7828, .F. ) ;
#5366 = ORIENTED_EDGE ( 'NONE', *, *, #8112, .F. ) ;
#5367 = AXIS2_PLACEMENT_3D ( 'NONE', #2488, #1354, #3863 ) ;
#5368 = DIRECTION ( 'NONE',  ( 0.000000000000000000, 0.5150380749100544886, 0.8571673007021121116 ) ) ;
#5369 = EDGE_CURVE ( 'NONE', #7618, #5203, #5487, .T. ) ;
#5370 = ORIENTED_EDGE ( 'NONE', *, *, #6709, .F. ) ;
#5371 = DIRECTION ( 'NONE',  ( -0.000000000000000000, 1.000000000000000000, -0.000000000000000000 ) ) ;
#5372 = CONICAL_SURFACE ( 'NONE', #4158, 1.250000000000001110, 1.029744258676654090 ) ;
#5373 = VECTOR ( 'NONE', #3166, 1000.000000000000000 ) ;
#5374 = VECTOR ( 'NONE', #613, 1000.000000000000000 ) ;
#5375 = DIRECTION ( 'NONE',  ( 0.000000000000000000, 0.000000000000000000, 1.000000000000000000 ) ) ;
#5376 = ORIENTED_EDGE ( 'NONE', *, *, #3439, .T. ) ;
#5377 = FACE_OUTER_BOUND ( 'NONE', #303, .T. ) ;
#5378 = ORIENTED_EDGE ( 'NONE', *, *, #5702, .F. ) ;
#5379 = DIRECTION ( 'NONE',  ( 0.000000000000000000, 0.000000000000000000, 1.000000000000000000 ) ) ;
#5380 = ORIENTED_EDGE ( 'NONE', *, *, #4307, .T. ) ;
#5381 = AXIS2_PLACEMENT_3D ( 'NONE', #3033, #1745, #7603 ) ;
#5382 = AXIS2_PLACEMENT_3D ( 'NONE', #2197, #4105, #6665 ) ;
#5383 = CARTESIAN_POINT ( 'NONE',  ( 196.1750000000000114, 4.000000000000000000, 53.69999999999999574 ) ) ;
#5384 = DIRECTION ( 'NONE',  ( 0.000000000000000000, 0.000000000000000000, 1.000000000000000000 ) ) ;
#5385 = EDGE_CURVE ( 'NONE', #4429, #6961, #2140, .T. ) ;
#5386 = CARTESIAN_POINT ( 'NONE',  ( -4.474999999999979217, 13.49999999999999822, -30.79999999999999361 ) ) ;
#5387 = DIRECTION ( 'NONE',  ( 0.000000000000000000, 0.000000000000000000, 1.000000000000000000 ) ) ;
#5388 = CARTESIAN_POINT ( 'NONE',  ( -4.474999999999979217, 13.49999999999999822, 30.80000000000001492 ) ) ;
#5389 = ORIENTED_EDGE ( 'NONE', *, *, #7783, .F. ) ;
#5390 = CARTESIAN_POINT ( 'NONE',  ( -191.9750000000000227, 9.251075773784437573, 28.83433046974914760 ) ) ;
#5391 = ORIENTED_EDGE ( 'NONE', *, *, #5693, .T. ) ;
#5392 = CARTESIAN_POINT ( 'NONE',  ( -94.47500000000000853, -1.402220585023716934E-15, -32.76566953025086804 ) ) ;
#5393 = DIRECTION ( 'NONE',  ( 0.8660254037844428154, -0.4999999999999926170, 0.000000000000000000 ) ) ;
#5394 = AXIS2_PLACEMENT_3D ( 'NONE', #6289, #547, #3101 ) ;
#5395 = FACE_OUTER_BOUND ( 'NONE', #6098, .T. ) ;
#5396 = VECTOR ( 'NONE', #1251, 1000.000000000000000 ) ;
#5397 = EDGE_CURVE ( 'NONE', #3345, #4436, #2011, .T. ) ;
#5398 = EDGE_CURVE ( 'NONE', #3556, #1955, #7122, .T. ) ;
#5399 = DIRECTION ( 'NONE',  ( 0.000000000000000000, 0.000000000000000000, 1.000000000000000000 ) ) ;
#5400 = AXIS2_PLACEMENT_3D ( 'NONE', #3880, #3200, #1412 ) ;
#5401 = DIRECTION ( 'NONE',  ( -0.000000000000000000, -1.000000000000000000, -0.000000000000000000 ) ) ;
#5402 = ORIENTED_EDGE ( 'NONE', *, *, #5081, .T. ) ;
#5403 = DIRECTION ( 'NONE',  ( 0.000000000000000000, 0.000000000000000000, 1.000000000000000000 ) ) ;
#5404 = ORIENTED_EDGE ( 'NONE', *, *, #1555, .T. ) ;
#5405 = CARTESIAN_POINT ( 'NONE',  ( -4.474999999999979217, 13.49999999999999822, 30.80000000000001492 ) ) ;
#5406 = ORIENTED_EDGE ( 'NONE', *, *, #3519, .F. ) ;
#5407 = CARTESIAN_POINT ( 'NONE',  ( -215.3250000000000455, 13.49999999999999822, 17.90000000000004832 ) ) ;
#5408 = VECTOR ( 'NONE', #1113, 1000.000000000000000 ) ;
#5409 = ADVANCED_FACE ( 'NONE', ( #1425, #5869 ), #7869, .F. ) ;
#5410 = CYLINDRICAL_SURFACE ( 'NONE', #2886, 1.250000000000001110 ) ;
#5411 = ORIENTED_EDGE ( 'NONE', *, *, #7643, .F. ) ;
#5412 = EDGE_LOOP ( 'NONE', ( #3245, #5307, #3504, #2648 ) ) ;
#5413 = ORIENTED_EDGE ( 'NONE', *, *, #6070, .T. ) ;
#5414 = DIRECTION ( 'NONE',  ( -0.000000000000000000, 1.000000000000000000, -0.000000000000000000 ) ) ;
#5415 = ADVANCED_FACE ( 'NONE', ( #3975 ), #1388, .T. ) ;
#5416 = EDGE_CURVE ( 'NONE', #318, #1334, #3939, .T. ) ;
#5417 = CARTESIAN_POINT ( 'NONE',  ( 229.9750000000001080, 22.00000000000000000, -16.65000000000000213 ) ) ;
#5418 = ORIENTED_EDGE ( 'NONE', *, *, #5489, .T. ) ;
#5419 = DIRECTION ( 'NONE',  ( -0.000000000000000000, 1.000000000000000000, -0.000000000000000000 ) ) ;
#5420 = CARTESIAN_POINT ( 'NONE',  ( -224.4749999999999943, 13.49999999999999822, -59.85000000000000142 ) ) ;
#5421 = VERTEX_POINT ( 'NONE', #130 ) ;
#5422 = FACE_OUTER_BOUND ( 'NONE', #915, .T. ) ;
#5423 = FACE_BOUND ( 'NONE', #7030, .T. ) ;
#5424 = FACE_OUTER_BOUND ( 'NONE', #1764, .T. ) ;
#5425 = FACE_OUTER_BOUND ( 'NONE', #1841, .T. ) ;
#5426 = DIRECTION ( 'NONE',  ( 0.000000000000000000, 1.000000000000000000, 0.000000000000000000 ) ) ;
#5427 = ORIENTED_EDGE ( 'NONE', *, *, #7408, .T. ) ;
#5428 = DIRECTION ( 'NONE',  ( -0.8660254037844428154, -0.4999999999999926170, 0.000000000000000000 ) ) ;
#5429 = ORIENTED_EDGE ( 'NONE', *, *, #6564, .T. ) ;
#5430 = FACE_OUTER_BOUND ( 'NONE', #224, .T. ) ;
#5431 = CARTESIAN_POINT ( 'NONE',  ( -4.474999999999979217, 13.49999999999999822, -58.60000000000002274 ) ) ;
#5432 = CARTESIAN_POINT ( 'NONE',  ( -236.9750000000000512, 4.000000000000000000, -53.69999999999994600 ) ) ;
#5433 = AXIS2_PLACEMENT_3D ( 'NONE', #2659, #1370, #5727 ) ;
#5434 = AXIS2_PLACEMENT_3D ( 'NONE', #1507, #2222, #253 ) ;
#5435 = DIRECTION ( 'NONE',  ( 0.000000000000000000, 0.000000000000000000, -1.000000000000000000 ) ) ;
#5436 = CARTESIAN_POINT ( 'NONE',  ( -94.47500000000000853, 0.000000000000000000, -32.76566953025086804 ) ) ;
#5437 = ORIENTED_EDGE ( 'NONE', *, *, #7757, .F. ) ;
#5438 = CARTESIAN_POINT ( 'NONE',  ( -224.4749999999999943, 12.74892422621554822, 59.85000000000006537 ) ) ;
#5439 = ORIENTED_EDGE ( 'NONE', *, *, #7783, .T. ) ;
#5440 = CARTESIAN_POINT ( 'NONE',  ( 202.8250000000000455, 22.00000000000000000, 49.95000000000000995 ) ) ;
#5441 = EDGE_CURVE ( 'NONE', #1108, #3295, #2679, .T. ) ;
#5442 = EDGE_LOOP ( 'NONE', ( #74, #8012, #5703, #1465 ) ) ;
#5443 = EDGE_CURVE ( 'NONE', #6581, #4635, #4942, .T. ) ;
#5444 = CARTESIAN_POINT ( 'NONE',  ( -191.9749999999999943, 0.000000000000000000, -31.51566953025086804 ) ) ;
#5445 = FACE_OUTER_BOUND ( 'NONE', #6679, .T. ) ;
#5446 = ORIENTED_EDGE ( 'NONE', *, *, #3348, .T. ) ;
#5447 = ORIENTED_EDGE ( 'NONE', *, *, #2510, .T. ) ;
#5448 = EDGE_CURVE ( 'NONE', #7268, #6651, #6823, .T. ) ;
#5449 = EDGE_CURVE ( 'NONE', #3045, #7681, #2056, .T. ) ;
#5450 = EDGE_CURVE ( 'NONE', #5100, #7508, #5913, .T. ) ;
#5451 = EDGE_LOOP ( 'NONE', ( #6744, #6941, #6639 ) ) ;
#5452 = AXIS2_PLACEMENT_3D ( 'NONE', #8022, #1073, #4172 ) ;
#5453 = DIRECTION ( 'NONE',  ( 0.000000000000000000, 0.000000000000000000, -1.000000000000000000 ) ) ;
#5454 = DIRECTION ( 'NONE',  ( 0.000000000000000000, 0.000000000000000000, 1.000000000000000000 ) ) ;
#5455 = ORIENTED_EDGE ( 'NONE', *, *, #5854, .T. ) ;
#5456 = CARTESIAN_POINT ( 'NONE',  ( -216.9750000000000227, 4.000000000000000000, -33.69999999999995310 ) ) ;
#5457 = DIRECTION ( 'NONE',  ( -0.4999999999999926725, -0.8660254037844429265, -0.000000000000000000 ) ) ;
#5458 = EDGE_LOOP ( 'NONE', ( #2012, #3394, #6668, #8261 ) ) ;
#5459 = VECTOR ( 'NONE', #1427, 1000.000000000000000 ) ;
#5460 = ADVANCED_FACE ( 'NONE', ( #1464 ), #4020, .F. ) ;
#5461 = DIRECTION ( 'NONE',  ( 0.000000000000000000, 0.000000000000000000, 1.000000000000000000 ) ) ;
#5462 = CARTESIAN_POINT ( 'NONE',  ( 0.000000000000000000, 22.00000000000000000, 0.000000000000000000 ) ) ;
#5463 = VECTOR ( 'NONE', #6242, 1000.000000000000114 ) ;
#5464 = CARTESIAN_POINT ( 'NONE',  ( 100.5249999999999488, 9.251075773784437573, 28.83433046974911207 ) ) ;
#5465 = CARTESIAN_POINT ( 'NONE',  ( 191.1750000000000114, 4.000000000000000000, 7.900000000000000355 ) ) ;
#5466 = DIRECTION ( 'NONE',  ( 1.049727191138618942E-16, 0.5150380749100536004, -0.8571673007021125557 ) ) ;
#5467 = ORIENTED_EDGE ( 'NONE', *, *, #7793, .T. ) ;
#5468 = FACE_OUTER_BOUND ( 'NONE', #1744, .T. ) ;
#5469 = VECTOR ( 'NONE', #4903, 1000.000000000000000 ) ;
#5470 = VERTEX_POINT ( 'NONE', #836 ) ;
#5471 = CYLINDRICAL_SURFACE ( 'NONE', #1387, 1.250000000000001110 ) ;
#5472 = DIRECTION ( 'NONE',  ( 0.8660254037844428154, -0.4999999999999926170, 0.000000000000000000 ) ) ;
#5473 = ADVANCED_FACE ( 'NONE', ( #4058 ), #1740, .F. ) ;
#5474 = CARTESIAN_POINT ( 'NONE',  ( 224.2379304422124164, 11.44580363971215498, -38.69999999999722462 ) ) ;
#5475 = AXIS2_PLACEMENT_3D ( 'NONE', #6575, #4180, #998 ) ;
#5476 = CARTESIAN_POINT ( 'NONE',  ( 219.4749999999999659, 22.00000000000000000, -43.70000000000000284 ) ) ;
#5477 = FACE_OUTER_BOUND ( 'NONE', #5713, .T. ) ;
#5478 = ORIENTED_EDGE ( 'NONE', *, *, #3892, .F. ) ;
#5479 = CIRCLE ( 'NONE', #1051, 1.249999999999987121 ) ;
#5480 = CARTESIAN_POINT ( 'NONE',  ( -4.474999999999979217, 13.49999999999999822, 32.05000000000001847 ) ) ;
#5481 = ORIENTED_EDGE ( 'NONE', *, *, #3290, .F. ) ;
#5482 = CARTESIAN_POINT ( 'NONE',  ( -4.474999999999979217, 13.49999999999999822, 1.249999999999981570 ) ) ;
#5483 = ORIENTED_EDGE ( 'NONE', *, *, #6831, .F. ) ;
#5484 = DIRECTION ( 'NONE',  ( 0.000000000000000000, 0.000000000000000000, -1.000000000000000000 ) ) ;
#5485 = EDGE_CURVE ( 'NONE', #3830, #695, #875, .T. ) ;
#5486 = AXIS2_PLACEMENT_3D ( 'NONE', #3282, #3955, #814 ) ;
#5487 = CIRCLE ( 'NONE', #531, 2.500000000000002220 ) ;
#5488 = DIRECTION ( 'NONE',  ( 0.000000000000000000, 0.000000000000000000, 1.000000000000000000 ) ) ;
#5489 = EDGE_CURVE ( 'NONE', #695, #874, #7918, .T. ) ;
#5490 = ORIENTED_EDGE ( 'NONE', *, *, #6898, .F. ) ;
#5491 = ORIENTED_EDGE ( 'NONE', *, *, #6447, .T. ) ;
#5492 = ORIENTED_EDGE ( 'NONE', *, *, #6472, .F. ) ;
#5493 = VECTOR ( 'NONE', #5466, 1000.000000000000114 ) ;
#5494 = VECTOR ( 'NONE', #1943, 1000.000000000000000 ) ;
#5495 = CARTESIAN_POINT ( 'NONE',  ( 219.4749999999999659, 12.20899172797677146, 48.70000000000000995 ) ) ;
#5496 = EDGE_CURVE ( 'NONE', #974, #6655, #2502, .T. ) ;
#5497 = LINE ( 'NONE', #2311, #4583 ) ;
#5498 = AXIS2_PLACEMENT_3D ( 'NONE', #267, #2817, #5379 ) ;
#5499 = ORIENTED_EDGE ( 'NONE', *, *, #1994, .F. ) ;
#5500 = LINE ( 'NONE', #1050, #1928 ) ;
#5501 = CARTESIAN_POINT ( 'NONE',  ( 234.1449999999999534, 18.13739999999998886, 46.20000000000000284 ) ) ;
#5502 = AXIS2_PLACEMENT_3D ( 'NONE', #66, #7717, #1402 ) ;
#5503 = ORIENTED_EDGE ( 'NONE', *, *, #2360, .F. ) ;
#5504 = LINE ( 'NONE', #2974, #3513 ) ;
#5505 = CARTESIAN_POINT ( 'NONE',  ( 191.1750000000000114, 4.000000000000000000, 53.70000000000000995 ) ) ;
#5506 = EDGE_CURVE ( 'NONE', #3005, #7488, #6423, .T. ) ;
#5507 = CARTESIAN_POINT ( 'NONE',  ( -241.7250000000000227, 22.00000000000000000, 3.252606517456513302E-16 ) ) ;
#5509 = DIRECTION ( 'NONE',  ( 1.049727191138618449E-16, 0.5150380749100544886, -0.8571673007021121116 ) ) ;
#5508 = AXIS2_PLACEMENT_3D ( 'NONE', #6614, #5984, #950 ) ;
#5510 = CIRCLE ( 'NONE', #7478, 2.500000000000002220 ) ;
#5511 = DIRECTION ( 'NONE',  ( 0.000000000000000000, 0.000000000000000000, 1.000000000000000000 ) ) ;
#5512 = ORIENTED_EDGE ( 'NONE', *, *, #1913, .F. ) ;
#5513 = CARTESIAN_POINT ( 'NONE',  ( -203.6750000000000398, 13.49999999999999822, -32.04999999999998295 ) ) ;
#5514 = VERTEX_POINT ( 'NONE', #6233 ) ;
#5515 = CARTESIAN_POINT ( 'NONE',  ( -174.4749999999999943, 13.49999999999999822, -59.85000000000000142 ) ) ;
#5516 = CARTESIAN_POINT ( 'NONE',  ( 224.4749999999999659, 12.04598420423613803, -43.62117008038378430 ) ) ;
#5517 = EDGE_CURVE ( 'NONE', #1320, #896, #3472, .T. ) ;
#5518 = LINE ( 'NONE', #1741, #917 ) ;
#5519 = CARTESIAN_POINT ( 'NONE',  ( -203.6750000000000398, 22.00000000000000000, 30.80000000000005755 ) ) ;
#5520 = ORIENTED_EDGE ( 'NONE', *, *, #1504, .T. ) ;
#5521 = DIRECTION ( 'NONE',  ( 0.000000000000000000, 0.4999999999999920064, -0.8660254037844432595 ) ) ;
#5522 = ORIENTED_EDGE ( 'NONE', *, *, #7086, .F. ) ;
#5523 = DIRECTION ( 'NONE',  ( 0.000000000000000000, -1.000000000000000000, 0.000000000000000000 ) ) ;
#5524 = VERTEX_POINT ( 'NONE', #6356 ) ;
#5525 = CARTESIAN_POINT ( 'NONE',  ( 241.9749999999999659, 0.000000000000000000, -61.50000000000000000 ) ) ;
#5526 = DIRECTION ( 'NONE',  ( 0.000000000000000000, 0.000000000000000000, 1.000000000000000000 ) ) ;
#5527 = AXIS2_PLACEMENT_3D ( 'NONE', #4547, #5137, #3288 ) ;
#5528 = CARTESIAN_POINT ( 'NONE',  ( 165.5250000000000341, 13.49999999999999822, 1.249999999999962030 ) ) ;
#5529 = LINE ( 'NONE', #2347, #1492 ) ;
#5530 = ORIENTED_EDGE ( 'NONE', *, *, #4881, .F. ) ;
#5531 = ORIENTED_EDGE ( 'NONE', *, *, #8046, .T. ) ;
#5532 = ORIENTED_EDGE ( 'NONE', *, *, #534, .F. ) ;
#5533 = DIRECTION ( 'NONE',  ( 0.000000000000000000, 0.000000000000000000, 1.000000000000000000 ) ) ;
#5534 = DIRECTION ( 'NONE',  ( -0.000000000000000000, 1.000000000000000000, -0.000000000000000000 ) ) ;
#5535 = ORIENTED_EDGE ( 'NONE', *, *, #2017, .F. ) ;
#5536 = CARTESIAN_POINT ( 'NONE',  ( 224.4749999999999659, 4.000000000000000000, -22.90000000000000213 ) ) ;
#5537 = VECTOR ( 'NONE', #907, 1000.000000000000000 ) ;
#5538 = DIRECTION ( 'NONE',  ( 0.000000000000000000, 0.000000000000000000, 1.000000000000000000 ) ) ;
#5539 = VERTEX_POINT ( 'NONE', #7489 ) ;
#5540 = EDGE_CURVE ( 'NONE', #5622, #4050, #4886, .T. ) ;
#5541 = DIRECTION ( 'NONE',  ( -0.000000000000000000, 1.000000000000000000, -0.000000000000000000 ) ) ;
#5542 = ADVANCED_FACE ( 'NONE', ( #4303 ), #7573, .F. ) ;
#5543 = FACE_BOUND ( 'NONE', #4164, .T. ) ;
#5544 = DIRECTION ( 'NONE',  ( -0.000000000000000000, 1.000000000000000000, -0.000000000000000000 ) ) ;
#5545 = FACE_OUTER_BOUND ( 'NONE', #7567, .T. ) ;
#5546 = DIRECTION ( 'NONE',  ( 0.000000000000000000, 0.000000000000000000, 1.000000000000000000 ) ) ;
#5547 = VERTEX_POINT ( 'NONE', #6869 ) ;
#5548 = AXIS2_PLACEMENT_3D ( 'NONE', #6791, #8082, #2394 ) ;
#5549 = DIRECTION ( 'NONE',  ( -0.000000000000000000, 1.000000000000000000, -0.000000000000000000 ) ) ;
#5550 = ORIENTED_EDGE ( 'NONE', *, *, #6189, .F. ) ;
#5551 = DIRECTION ( 'NONE',  ( 1.000000000000000000, -0.000000000000000000, -0.000000000000000000 ) ) ;
#5552 = ADVANCED_FACE ( 'NONE', ( #8106 ), #1125, .T. ) ;
#5553 = CARTESIAN_POINT ( 'NONE',  ( 219.4749999999999659, 4.000000000000000000, 48.70000000000000995 ) ) ;
#5554 = CARTESIAN_POINT ( 'NONE',  ( 3.024999999999999911, 8.499999999999992895, -34.01566953025086093 ) ) ;
#5555 = DIRECTION ( 'NONE',  ( 1.000000000000000000, 0.000000000000000000, -1.202972179678357944E-16 ) ) ;
#5556 = ORIENTED_EDGE ( 'NONE', *, *, #3976, .F. ) ;
#5557 = CARTESIAN_POINT ( 'NONE',  ( -188.6750000000000398, 4.000000000000000000, 7.900000000000047429 ) ) ;
#5558 = EDGE_LOOP ( 'NONE', ( #7018, #3632, #3458, #6537 ) ) ;
#5559 = CARTESIAN_POINT ( 'NONE',  ( -241.7250000000000796, 13.49999999999999822, 48.70000000000005969 ) ) ;
#5560 = EDGE_LOOP ( 'NONE', ( #2387, #1626 ) ) ;
#5561 = DIRECTION ( 'NONE',  ( 0.000000000000000000, 0.000000000000000000, 1.000000000000000000 ) ) ;
#5562 = EDGE_CURVE ( 'NONE', #4104, #7047, #7748, .T. ) ;
#5563 = DIRECTION ( 'NONE',  ( -0.000000000000000000, 1.000000000000000000, -0.000000000000000000 ) ) ;
#5564 = EDGE_CURVE ( 'NONE', #3270, #4883, #8192, .T. ) ;
#5565 = AXIS2_PLACEMENT_3D ( 'NONE', #6101, #7271, #4752 ) ;
#5566 = VECTOR ( 'NONE', #8125, 1000.000000000000114 ) ;
#5567 = CARTESIAN_POINT ( 'NONE',  ( -221.9750000000000227, 4.000000000000000000, -33.69999999999996021 ) ) ;
#5568 = CARTESIAN_POINT ( 'NONE',  ( -241.9750000000000227, 0.000000000000000000, -63.99999999999994316 ) ) ;
#5569 = ORIENTED_EDGE ( 'NONE', *, *, #5107, .F. ) ;
#5570 = ORIENTED_EDGE ( 'NONE', *, *, #2261, .F. ) ;
#5571 = EDGE_LOOP ( 'NONE', ( #3273, #2676, #237, #1432 ) ) ;
#5572 = EDGE_CURVE ( 'NONE', #859, #4374, #4260, .T. ) ;
#5573 = CARTESIAN_POINT ( 'NONE',  ( 229.9750000000001080, 22.00000000000000000, -55.99999999999994316 ) ) ;
#5574 = VECTOR ( 'NONE', #1155, 1000.000000000000000 ) ;
#5575 = ORIENTED_EDGE ( 'NONE', *, *, #67, .T. ) ;
#5576 = CARTESIAN_POINT ( 'NONE',  ( -191.9749999999999943, 9.251075773784437573, -32.76566953025085382 ) ) ;
#5577 = DIRECTION ( 'NONE',  ( -0.000000000000000000, 1.000000000000000000, -0.000000000000000000 ) ) ;
#5578 = EDGE_LOOP ( 'NONE', ( #5048, #2255, #1355, #3709 ) ) ;
#5579 = CARTESIAN_POINT ( 'NONE',  ( -193.6750000000000398, 4.000000000000000000, 2.900000000000046541 ) ) ;
#5580 = DIRECTION ( 'NONE',  ( -0.000000000000000000, 1.000000000000000000, -0.000000000000000000 ) ) ;
#5581 = EDGE_CURVE ( 'NONE', #6989, #6179, #609, .T. ) ;
#5582 = DIRECTION ( 'NONE',  ( -0.000000000000000000, -1.000000000000000000, -0.000000000000000000 ) ) ;
#5583 = CARTESIAN_POINT ( 'NONE',  ( 244.4749999999999659, 10.99999999999998757, 46.20000000000000284 ) ) ;
#5584 = VECTOR ( 'NONE', #7921, 1000.000000000000000 ) ;
#5585 = CARTESIAN_POINT ( 'NONE',  ( -231.9750000000000512, 22.00000000000000000, -55.70000000000005969 ) ) ;
#5586 = EDGE_LOOP ( 'NONE', ( #4460, #1200, #363, #2905 ) ) ;
#5587 = CARTESIAN_POINT ( 'NONE',  ( -193.6750000000000398, 4.000000000000000000, 7.900000000000049205 ) ) ;
#5588 = VERTEX_POINT ( 'NONE', #4345 ) ;
#5589 = LINE ( 'NONE', #5003, #4306 ) ;
#5590 = CARTESIAN_POINT ( 'NONE',  ( 224.4749999999999659, 12.20899172797666488, -43.70000000000000284 ) ) ;
#5591 = PRODUCT_DEFINITION ( 'UNKNOWN', '', #380, #3384 ) ;
#5592 = EDGE_CURVE ( 'NONE', #1761, #6412, #2466, .T. ) ;
#5593 = VECTOR ( 'NONE', #3359, 1000.000000000000000 ) ;
#5594 = FACE_OUTER_BOUND ( 'NONE', #4387, .T. ) ;
#5595 = DIRECTION ( 'NONE',  ( 0.000000000000000000, 0.000000000000000000, -1.000000000000000000 ) ) ;
#5596 = EDGE_LOOP ( 'NONE', ( #1827, #1997, #7029, #5136 ) ) ;
#5597 = CARTESIAN_POINT ( 'NONE',  ( 202.8250000000000455, 11.99999999999999822, 12.90000000000000213 ) ) ;
#5598 = VERTEX_POINT ( 'NONE', #5014 ) ;
#5599 = CARTESIAN_POINT ( 'NONE',  ( 191.1750000000000114, 11.99999999999999822, 0.000000000000000000 ) ) ;
#5600 = VERTEX_POINT ( 'NONE', #5049 ) ;
#5601 = CARTESIAN_POINT ( 'NONE',  ( 100.5249999999999488, 8.499999999999992895, 28.83433046974911207 ) ) ;
#5602 = CARTESIAN_POINT ( 'NONE',  ( -94.47500000000000853, 0.000000000000000000, -31.51566953025088225 ) ) ;
#5603 = AXIS2_PLACEMENT_3D ( 'NONE', #1629, #2221, #5484 ) ;
#5604 = VECTOR ( 'NONE', #1028, 1000.000000000000000 ) ;
#5605 = EDGE_CURVE ( 'NONE', #4096, #5514, #1201, .T. ) ;
#5606 = DIRECTION ( 'NONE',  ( -0.000000000000000000, 1.000000000000000000, -0.000000000000000000 ) ) ;
#5607 = DIRECTION ( 'NONE',  ( 0.000000000000000000, 0.5150380749100536004, 0.8571673007021125557 ) ) ;
#5608 = AXIS2_PLACEMENT_3D ( 'NONE', #5097, #7649, #7352 ) ;
#5609 = EDGE_LOOP ( 'NONE', ( #789, #7812, #7790, #4376 ) ) ;
#5610 = ORIENTED_EDGE ( 'NONE', *, *, #444, .T. ) ;
#5611 = ORIENTED_EDGE ( 'NONE', *, *, #4608, .T. ) ;
#5612 = AXIS2_PLACEMENT_3D ( 'NONE', #103, #1234, #562 ) ;
#5613 = DIRECTION ( 'NONE',  ( 0.000000000000000000, 1.000000000000000000, 0.000000000000000000 ) ) ;
#5614 = AXIS2_PLACEMENT_3D ( 'NONE', #8119, #5577, #2356 ) ;
#5615 = EDGE_CURVE ( 'NONE', #8224, #2232, #2583, .T. ) ;
#5616 = EDGE_CURVE ( 'NONE', #1761, #368, #1080, .T. ) ;
#5617 = VECTOR ( 'NONE', #6013, 1000.000000000000000 ) ;
#5618 = VERTEX_POINT ( 'NONE', #7607 ) ;
#5619 = DIRECTION ( 'NONE',  ( 0.000000000000000000, 0.000000000000000000, -1.000000000000000000 ) ) ;
#5620 = VECTOR ( 'NONE', #1321, 1000.000000000000000 ) ;
#5621 = CARTESIAN_POINT ( 'NONE',  ( -203.6750000000000398, 13.49999999999999822, -30.79999999999997939 ) ) ;
#5622 = VERTEX_POINT ( 'NONE', #2998 ) ;
#5623 = CARTESIAN_POINT ( 'NONE',  ( 239.4749999999999659, 22.00000000000000000, -58.99999999999995026 ) ) ;
#5624 = CARTESIAN_POINT ( 'NONE',  ( 100.5249999999999773, 8.499999999999992895, -31.51566953025090356 ) ) ;
#5625 = CIRCLE ( 'NONE', #7622, 1.249999999999987121 ) ;
#5626 = CARTESIAN_POINT ( 'NONE',  ( -4.474999999999979217, 22.00000000000000000, -29.54999999999999361 ) ) ;
#5627 = CIRCLE ( 'NONE', #3749, 1.250000000000001110 ) ;
#5628 = CARTESIAN_POINT ( 'NONE',  ( -203.6750000000000398, 13.49999999999999822, 30.80000000000005755 ) ) ;
#5629 = CARTESIAN_POINT ( 'NONE',  ( 214.4750000000000227, 20.84529946162070502, 53.70000000000000284 ) ) ;
#5630 = ORIENTED_EDGE ( 'NONE', *, *, #4694, .F. ) ;
#5631 = PLANE ( 'NONE',  #533 ) ;
#5632 = EDGE_LOOP ( 'NONE', ( #876, #527 ) ) ;
#5633 = CARTESIAN_POINT ( 'NONE',  ( 219.4749999999999659, 22.00000000000000000, -58.60000000000002984 ) ) ;
#5634 = AXIS2_PLACEMENT_3D ( 'NONE', #5286, #3398, #4029 ) ;
#5635 = DIRECTION ( 'NONE',  ( -0.000000000000000000, 1.000000000000000000, -0.000000000000000000 ) ) ;
#5636 = AXIS2_PLACEMENT_3D ( 'NONE', #344, #4190, #2195 ) ;
#5637 = CONICAL_SURFACE ( 'NONE', #686, 1.250000000000001110, 1.029744258676654090 ) ;
#5638 = AXIS2_PLACEMENT_3D ( 'NONE', #4674, #4125, #7314 ) ;
#5639 = DIRECTION ( 'NONE',  ( -0.000000000000000000, 1.000000000000000000, -0.000000000000000000 ) ) ;
#5640 = DIRECTION ( 'NONE',  ( -0.000000000000000000, -1.000000000000000000, -0.000000000000000000 ) ) ;
#5641 = DIRECTION ( 'NONE',  ( -0.000000000000000000, 1.000000000000000000, -0.000000000000000000 ) ) ;
#5642 = EDGE_LOOP ( 'NONE', ( #5044, #7016, #5013 ) ) ;
#5643 = CARTESIAN_POINT ( 'NONE',  ( 202.8250000000000455, 22.00000000000000000, 14.15000000000000213 ) ) ;
#5644 = ORIENTED_EDGE ( 'NONE', *, *, #3699, .F. ) ;
#5645 = CARTESIAN_POINT ( 'NONE',  ( 227.0949999999999704, 10.99999999999998757, 39.06260000000000332 ) ) ;
#5646 = ORIENTED_EDGE ( 'NONE', *, *, #647, .T. ) ;
#5647 = DIRECTION ( 'NONE',  ( -0.000000000000000000, 1.000000000000000000, -0.000000000000000000 ) ) ;
#5648 = VECTOR ( 'NONE', #1790, 1000.000000000000114 ) ;
#5649 = ADVANCED_FACE ( 'NONE', ( #1868 ), #442, .F. ) ;
#5650 = AXIS2_PLACEMENT_3D ( 'NONE', #95, #139, #7084 ) ;
#5651 = LINE ( 'NONE', #6196, #655 ) ;
#5652 = EDGE_CURVE ( 'NONE', #5105, #6170, #2191, .T. ) ;
#5653 = VECTOR ( 'NONE', #5839, 1000.000000000000114 ) ;
#5654 = DIRECTION ( 'NONE',  ( 0.000000000000000000, -1.000000000000000000, 0.000000000000000000 ) ) ;
#5655 = LINE ( 'NONE', #2471, #23 ) ;
#5656 = ORIENTED_EDGE ( 'NONE', *, *, #7449, .T. ) ;
#5657 = VERTEX_POINT ( 'NONE', #6271 ) ;
#5658 = CIRCLE ( 'NONE', #8185, 1.250000000000001110 ) ;
#5659 = ADVANCED_FACE ( 'NONE', ( #1794 ), #6331, .F. ) ;
#5660 = AXIS2_PLACEMENT_3D ( 'NONE', #8164, #1015, #1176 ) ;
#5661 = ORIENTED_EDGE ( 'NONE', *, *, #5127, .F. ) ;
#5662 = VECTOR ( 'NONE', #7534, 1000.000000000000000 ) ;
#5663 = CARTESIAN_POINT ( 'NONE',  ( 198.1750000000001251, 22.00000000000000000, 48.70000000000001705 ) ) ;
#5664 = CARTESIAN_POINT ( 'NONE',  ( -215.3250000000000455, 22.00000000000000000, -16.64999999999995595 ) ) ;
#5665 = ORIENTED_EDGE ( 'NONE', *, *, #1856, .F. ) ;
#5666 = DIRECTION ( 'NONE',  ( 0.000000000000000000, 0.000000000000000000, -1.000000000000000000 ) ) ;
#5667 = ADVANCED_FACE ( 'NONE', ( #7648 ), #6486, .F. ) ;
#5668 = CYLINDRICAL_SURFACE ( 'NONE', #6386, 1.649999999999984812 ) ;
#5669 = ADVANCED_FACE ( 'NONE', ( #7686 ), #7659, .F. ) ;
#5670 = DIRECTION ( 'NONE',  ( -0.000000000000000000, -1.000000000000000000, -0.000000000000000000 ) ) ;
#5671 = FACE_OUTER_BOUND ( 'NONE', #4396, .T. ) ;
#5672 = ORIENTED_EDGE ( 'NONE', *, *, #6005, .T. ) ;
#5673 = DIRECTION ( 'NONE',  ( -0.000000000000000000, -1.000000000000000000, -0.000000000000000000 ) ) ;
#5674 = VERTEX_POINT ( 'NONE', #4594 ) ;
#5675 = CYLINDRICAL_SURFACE ( 'NONE', #2854, 1.250000000000001110 ) ;
#5676 = CARTESIAN_POINT ( 'NONE',  ( 224.4749999999999659, 20.84529946162070502, 22.89999999999999503 ) ) ;
#5677 = CIRCLE ( 'NONE', #7417, 1.250000000000001110 ) ;
#5678 = FACE_OUTER_BOUND ( 'NONE', #5609, .T. ) ;
#5679 = CARTESIAN_POINT ( 'NONE',  ( -191.9750000000000227, -1.402220585023716934E-15, 30.08433046974914760 ) ) ;
#5680 = LINE ( 'NONE', #3827, #2673 ) ;
#5681 = ORIENTED_EDGE ( 'NONE', *, *, #7127, .F. ) ;
#5682 = DIRECTION ( 'NONE',  ( -0.000000000000000000, 1.000000000000000000, -0.000000000000000000 ) ) ;
#5683 = ORIENTED_EDGE ( 'NONE', *, *, #4660, .F. ) ;
#5684 = DIRECTION ( 'NONE',  ( 0.000000000000000000, 0.000000000000000000, 1.000000000000000000 ) ) ;
#5685 = EDGE_LOOP ( 'NONE', ( #844, #5389, #4668, #7144 ) ) ;
#5686 = CARTESIAN_POINT ( 'NONE',  ( 3.024999999999971934, -1.402220585023716934E-15, 28.83433046974912628 ) ) ;
#5687 = FACE_OUTER_BOUND ( 'NONE', #1134, .T. ) ;
#5688 = CIRCLE ( 'NONE', #7160, 1.250000000000001110 ) ;
#5689 = CIRCLE ( 'NONE', #6757, 1.250000000000001110 ) ;
#5690 = EDGE_CURVE ( 'NONE', #7992, #6076, #5895, .T. ) ;
#5691 = CARTESIAN_POINT ( 'NONE',  ( -239.4750000000000227, 10.49999999999999822, -58.99999999999995026 ) ) ;
#5692 = FACE_OUTER_BOUND ( 'NONE', #6134, .T. ) ;
#5693 = EDGE_CURVE ( 'NONE', #4318, #6211, #110, .T. ) ;
#5694 = CARTESIAN_POINT ( 'NONE',  ( 244.4749999999999659, 10.99999999999998757, 39.06260000000000332 ) ) ;
#5695 = ORIENTED_EDGE ( 'NONE', *, *, #466, .F. ) ;
#5696 = VERTEX_POINT ( 'NONE', #5264 ) ;
#5697 = VECTOR ( 'NONE', #7742, 1000.000000000000114 ) ;
#5698 = FACE_OUTER_BOUND ( 'NONE', #250, .T. ) ;
#5699 = AXIS2_PLACEMENT_3D ( 'NONE', #2137, #4348, #7615 ) ;
#5700 = EDGE_CURVE ( 'NONE', #4089, #4095, #7264, .T. ) ;
#5701 = EDGE_CURVE ( 'NONE', #1030, #8224, #2707, .T. ) ;
#5702 = EDGE_CURVE ( 'NONE', #7624, #1515, #2718, .T. ) ;
#5703 = ORIENTED_EDGE ( 'NONE', *, *, #4926, .T. ) ;
#5704 = FACE_OUTER_BOUND ( 'NONE', #7159, .T. ) ;
#5705 = LINE ( 'NONE', #8241, #7353 ) ;
#5706 = VERTEX_POINT ( 'NONE', #7060 ) ;
#5707 = FACE_OUTER_BOUND ( 'NONE', #4087, .T. ) ;
#5708 = DIRECTION ( 'NONE',  ( -0.000000000000000000, 1.000000000000000000, -0.000000000000000000 ) ) ;
#5709 = AXIS2_PLACEMENT_3D ( 'NONE', #4047, #5900, #1578 ) ;
#5710 = DIRECTION ( 'NONE',  ( 0.000000000000000000, 0.000000000000000000, -1.000000000000000000 ) ) ;
#5711 = EDGE_CURVE ( 'NONE', #4605, #7508, #4461, .T. ) ;
#5712 = DIRECTION ( 'NONE',  ( -0.000000000000000000, 1.000000000000000000, -0.000000000000000000 ) ) ;
#5713 = EDGE_LOOP ( 'NONE', ( #4178, #2047, #4476, #6518 ) ) ;
#5714 = EDGE_CURVE ( 'NONE', #5091, #3045, #2081, .T. ) ;
#5715 = DIRECTION ( 'NONE',  ( -1.000000000000000000, 0.000000000000000000, 1.202972179678357944E-16 ) ) ;
#5716 = ORIENTED_EDGE ( 'NONE', *, *, #6409, .F. ) ;
#5717 = LINE ( 'NONE', #730, #6203 ) ;
#5718 = CARTESIAN_POINT ( 'NONE',  ( -203.6750000000000398, 4.000000000000000000, -22.89999999999995239 ) ) ;
#5719 = CARTESIAN_POINT ( 'NONE',  ( -224.4749999999999943, 13.49999999999999822, 58.60000000000005826 ) ) ;
#5720 = CYLINDRICAL_SURFACE ( 'NONE', #6145, 1.649999999999984812 ) ;
#5721 = EDGE_CURVE ( 'NONE', #2722, #1034, #2052, .T. ) ;
#5722 = LINE ( 'NONE', #8260, #4400 ) ;
#5723 = ORIENTED_EDGE ( 'NONE', *, *, #2883, .F. ) ;
#5724 = ADVANCED_FACE ( 'NONE', ( #7771 ), #2040, .F. ) ;
#5725 = DIRECTION ( 'NONE',  ( 0.000000000000000000, 0.000000000000000000, -1.000000000000000000 ) ) ;
#5726 = ORIENTED_EDGE ( 'NONE', *, *, #4484, .F. ) ;
#5727 = DIRECTION ( 'NONE',  ( 0.000000000000000000, 0.000000000000000000, -1.000000000000000000 ) ) ;
#5728 = VERTEX_POINT ( 'NONE', #7149 ) ;
#5729 = DIRECTION ( 'NONE',  ( -1.000000000000000000, 0.000000000000000000, 1.202972179678357944E-16 ) ) ;
#5730 = AXIS2_PLACEMENT_3D ( 'NONE', #6924, #3771, #3177 ) ;
#5731 = DIRECTION ( 'NONE',  ( -0.000000000000000000, 1.000000000000000000, -0.000000000000000000 ) ) ;
#5732 = CIRCLE ( 'NONE', #5320, 1.250000000000001110 ) ;
#5733 = DIRECTION ( 'NONE',  ( 0.000000000000000000, 0.000000000000000000, 1.000000000000000000 ) ) ;
#5734 = VECTOR ( 'NONE', #4772, 1000.000000000000000 ) ;
#5735 = CYLINDRICAL_SURFACE ( 'NONE', #973, 1.249999999999987121 ) ;
#5736 = ORIENTED_EDGE ( 'NONE', *, *, #8038, .T. ) ;
#5737 = CARTESIAN_POINT ( 'NONE',  ( -188.6750000000000398, 20.84529946162070502, 2.900000000000046541 ) ) ;
#5738 = ORIENTED_EDGE ( 'NONE', *, *, #5721, .F. ) ;
#5739 = ORIENTED_EDGE ( 'NONE', *, *, #7629, .T. ) ;
#5740 = AXIS2_PLACEMENT_3D ( 'NONE', #5691, #8196, #1753 ) ;
#5741 = EDGE_CURVE ( 'NONE', #5309, #3426, #2456, .T. ) ;
#5742 = AXIS2_PLACEMENT_3D ( 'NONE', #2709, #7854, #862 ) ;
#5743 = ORIENTED_EDGE ( 'NONE', *, *, #326, .T. ) ;
#5744 = CARTESIAN_POINT ( 'NONE',  ( -203.6750000000000398, 22.00000000000000000, 24.90000000000016200 ) ) ;
#5745 = AXIS2_PLACEMENT_3D ( 'NONE', #6012, #4747, #2110 ) ;
#5746 = CARTESIAN_POINT ( 'NONE',  ( 224.4749999999999943, 9.791008272023223213, 53.70000000000000995 ) ) ;
#5747 = EDGE_LOOP ( 'NONE', ( #4506, #3889, #3840 ) ) ;
#5748 = CARTESIAN_POINT ( 'NONE',  ( 202.8250000000000455, 11.24892422621554822, 48.70000000000000995 ) ) ;
#5749 = FACE_OUTER_BOUND ( 'NONE', #3003, .T. ) ;
#5750 = EDGE_CURVE ( 'NONE', #7753, #107, #6443, .T. ) ;
#5751 = VECTOR ( 'NONE', #1366, 1000.000000000000227 ) ;
#5752 = DIRECTION ( 'NONE',  ( -1.000000000000000000, 0.000000000000000000, 1.202972179678357944E-16 ) ) ;
#5753 = DIRECTION ( 'NONE',  ( 0.000000000000000000, 0.000000000000000000, 1.000000000000000000 ) ) ;
#5754 = ORIENTED_EDGE ( 'NONE', *, *, #7913, .F. ) ;
#5755 = DIRECTION ( 'NONE',  ( -0.000000000000000000, 1.000000000000000000, -0.000000000000000000 ) ) ;
#5756 = EDGE_LOOP ( 'NONE', ( #2512, #5570, #6144, #109 ) ) ;
#5757 = CARTESIAN_POINT ( 'NONE',  ( 227.0949999999999704, 10.99999999999998757, -46.20000000000000284 ) ) ;
#5758 = CIRCLE ( 'NONE', #3883, 1.250000000000001110 ) ;
#5759 = CARTESIAN_POINT ( 'NONE',  ( -193.6750000000000398, 20.84529946162070502, -2.899999999999954614 ) ) ;
#5760 = AXIS2_PLACEMENT_3D ( 'NONE', #8262, #4076, #895 ) ;
#5761 = ADVANCED_FACE ( 'NONE', ( #700 ), #5771, .F. ) ;
#5762 = DIRECTION ( 'NONE',  ( 0.000000000000000000, 0.000000000000000000, -1.000000000000000000 ) ) ;
#5763 = CARTESIAN_POINT ( 'NONE',  ( -239.4750000000000227, 10.49999999999999822, 60.65000000000004121 ) ) ;
#5764 = LINE ( 'NONE', #563, #6551 ) ;
#5765 = ORIENTED_EDGE ( 'NONE', *, *, #3837, .T. ) ;
#5766 = AXIS2_PLACEMENT_3D ( 'NONE', #61, #2607, #7673 ) ;
#5767 = CARTESIAN_POINT ( 'NONE',  ( -94.47500000000003695, -1.402220585023716934E-15, 28.83433046974913694 ) ) ;
#5768 = VERTEX_POINT ( 'NONE', #75 ) ;
#5769 = DIRECTION ( 'NONE',  ( -1.000000000000000000, 0.000000000000000000, 1.202972179678357944E-16 ) ) ;
#5770 = ORIENTED_EDGE ( 'NONE', *, *, #1139, .T. ) ;
#5771 = CYLINDRICAL_SURFACE ( 'NONE', #2970, 1.250000000000001110 ) ;
#5772 = CIRCLE ( 'NONE', #5502, 1.249999999999987121 ) ;
#5773 = CARTESIAN_POINT ( 'NONE',  ( 219.4749999999999659, 22.00000000000000000, -22.90000000000000213 ) ) ;
#5774 = AXIS2_PLACEMENT_3D ( 'NONE', #722, #6466, #8079 ) ;
#5775 = EDGE_CURVE ( 'NONE', #3135, #2496, #6562, .T. ) ;
#5776 = CIRCLE ( 'NONE', #4561, 1.250000000000001110 ) ;
#5777 = ADVANCED_FACE ( 'NONE', ( #6522 ), #781, .F. ) ;
#5778 = DIRECTION ( 'NONE',  ( -0.000000000000000000, -1.000000000000000000, -0.000000000000000000 ) ) ;
#5779 = ORIENTED_EDGE ( 'NONE', *, *, #6337, .T. ) ;
#5780 = CYLINDRICAL_SURFACE ( 'NONE', #3225, 2.500000000000002220 ) ;
#5781 = EDGE_LOOP ( 'NONE', ( #4354, #5380, #1558 ) ) ;
#5782 = VECTOR ( 'NONE', #5221, 1000.000000000000000 ) ;
#5783 = ORIENTED_EDGE ( 'NONE', *, *, #5863, .T. ) ;
#5784 = DIRECTION ( 'NONE',  ( 0.000000000000000000, 0.000000000000000000, 1.000000000000000000 ) ) ;
#5785 = AXIS2_PLACEMENT_3D ( 'NONE', #5757, #8252, #6509 ) ;
#5786 = DIRECTION ( 'NONE',  ( -0.000000000000000000, 1.000000000000000000, -0.000000000000000000 ) ) ;
#5787 = EDGE_LOOP ( 'NONE', ( #4898, #7077, #2630, #7038 ) ) ;
#5788 = CARTESIAN_POINT ( 'NONE',  ( -191.9750000000000227, 8.499999999999992895, 28.83433046974914760 ) ) ;
#5789 = CARTESIAN_POINT ( 'NONE',  ( 224.3967351014210294, 12.04715255905837346, 53.70000000000000995 ) ) ;
#5790 = ORIENTED_EDGE ( 'NONE', *, *, #5978, .F. ) ;
#5791 = CIRCLE ( 'NONE', #7533, 1.250000000000001110 ) ;
#5792 = DIRECTION ( 'NONE',  ( -0.000000000000000000, -1.000000000000000000, -0.000000000000000000 ) ) ;
#5793 = AXIS2_PLACEMENT_3D ( 'NONE', #7731, #3255, #3839 ) ;
#5794 = DIRECTION ( 'NONE',  ( -0.000000000000000000, 1.000000000000000000, -0.000000000000000000 ) ) ;
#5795 = AXIS2_PLACEMENT_3D ( 'NONE', #3710, #2379, #488 ) ;
#5796 = CYLINDRICAL_SURFACE ( 'NONE', #2432, 1.250000000000001110 ) ;
#5797 = ADVANCED_FACE ( 'NONE', ( #987 ), #5300, .F. ) ;
#5798 = DIRECTION ( 'NONE',  ( 0.000000000000000000, 0.000000000000000000, 1.000000000000000000 ) ) ;
#5799 = ORIENTED_EDGE ( 'NONE', *, *, #589, .F. ) ;
#5800 = EDGE_CURVE ( 'NONE', #1129, #768, #6607, .T. ) ;
#5801 = CARTESIAN_POINT ( 'NONE',  ( 219.4749999999999659, 4.000000000000000000, -38.70000000000000284 ) ) ;
#5802 = ORIENTED_EDGE ( 'NONE', *, *, #342, .F. ) ;
#5803 = LINE ( 'NONE', #5249, #2586 ) ;
#5804 = CIRCLE ( 'NONE', #2194, 1.250000000000001110 ) ;
#5805 = CARTESIAN_POINT ( 'NONE',  ( 165.5250000000000341, 13.49999999999999822, 32.04999999999999716 ) ) ;
#5806 = DIRECTION ( 'NONE',  ( 0.000000000000000000, 0.000000000000000000, 1.000000000000000000 ) ) ;
#5807 = CARTESIAN_POINT ( 'NONE',  ( -4.474999999999979217, 22.00000000000000000, -1.949973284288425189E-14 ) ) ;
#5808 = DIRECTION ( 'NONE',  ( 0.000000000000000000, 0.000000000000000000, -1.000000000000000000 ) ) ;
#5809 = ORIENTED_EDGE ( 'NONE', *, *, #3260, .F. ) ;
#5810 = EDGE_CURVE ( 'NONE', #4095, #3157, #1533, .T. ) ;
#5811 = CARTESIAN_POINT ( 'NONE',  ( 241.9749999999999659, 0.000000000000000000, 64.00000000000000000 ) ) ;
#5812 = EDGE_LOOP ( 'NONE', ( #7695, #264, #5953, #1041 ) ) ;
#5813 = CARTESIAN_POINT ( 'NONE',  ( -191.9750000000000227, 8.499999999999992895, 28.83433046974914760 ) ) ;
#5814 = EDGE_LOOP ( 'NONE', ( #5227, #4150, #3673, #210 ) ) ;
#5815 = CARTESIAN_POINT ( 'NONE',  ( -215.3250000000000455, 22.00000000000000000, -17.89999999999995595 ) ) ;
#5816 = CARTESIAN_POINT ( 'NONE',  ( 191.1750000000000114, 11.24892422621554822, 59.85000000000006537 ) ) ;
#5817 = DIRECTION ( 'NONE',  ( -0.000000000000000000, 1.000000000000000000, -0.000000000000000000 ) ) ;
#5818 = CARTESIAN_POINT ( 'NONE',  ( 224.2129379289931705, 11.22243267703176173, -53.69999999999720330 ) ) ;
#5819 = ORIENTED_EDGE ( 'NONE', *, *, #4499, .F. ) ;
#5820 = FACE_OUTER_BOUND ( 'NONE', #3396, .T. ) ;
#5821 = ORIENTED_EDGE ( 'NONE', *, *, #690, .F. ) ;
#5822 = ORIENTED_EDGE ( 'NONE', *, *, #4926, .F. ) ;
#5823 = EDGE_CURVE ( 'NONE', #5274, #3556, #2120, .T. ) ;
#5824 = UNCERTAINTY_MEASURE_WITH_UNIT (LENGTH_MEASURE( 1.000000000000000082E-05 ), #641, 'distance_accuracy_value', 'NONE');
#5825 = DIRECTION ( 'NONE',  ( 0.000000000000000000, 0.000000000000000000, 1.000000000000000000 ) ) ;
#5826 = VERTEX_POINT ( 'NONE', #2870 ) ;
#5827 = CARTESIAN_POINT ( 'NONE',  ( 219.4749999999999659, 22.00000000000000000, -48.70000000000000995 ) ) ;
#5828 = CARTESIAN_POINT ( 'NONE',  ( 224.2129379289931705, 11.22243267703196423, 53.69999999999722462 ) ) ;
#5829 = ADVANCED_FACE ( 'NONE', ( #2169 ), #3924, .F. ) ;
#5830 = ORIENTED_EDGE ( 'NONE', *, *, #4016, .T. ) ;
#5831 = CARTESIAN_POINT ( 'NONE',  ( 219.4749999999999659, 9.863733617089918582, 53.70000000000000284 ) ) ;
#5832 = VECTOR ( 'NONE', #6217, 1000.000000000000000 ) ;
#5833 = PLANE ( 'NONE',  #1481 ) ;
#5834 = DIRECTION ( 'NONE',  ( -0.000000000000000000, 1.000000000000000000, -0.000000000000000000 ) ) ;
#5835 = ORIENTED_EDGE ( 'NONE', *, *, #4785, .T. ) ;
#5836 = ORIENTED_EDGE ( 'NONE', *, *, #468, .T. ) ;
#5837 = LINE ( 'NONE', #5201, #4416 ) ;
#5838 = ORIENTED_EDGE ( 'NONE', *, *, #6709, .T. ) ;
#5839 = DIRECTION ( 'NONE',  ( -0.8660254037844428154, -0.4999999999999926170, 0.000000000000000000 ) ) ;
#5840 = DIRECTION ( 'NONE',  ( 0.000000000000000000, 0.000000000000000000, 1.000000000000000000 ) ) ;
#5841 = EDGE_CURVE ( 'NONE', #7317, #4479, #1658, .T. ) ;
#5842 = LINE ( 'NONE', #4621, #323 ) ;
#5843 = CARTESIAN_POINT ( 'NONE',  ( 219.4749999999999659, 13.49999999999999822, -61.10000000000002984 ) ) ;
#5844 = CARTESIAN_POINT ( 'NONE',  ( 219.4749999999999659, 22.00000000000000000, -17.90000000000000213 ) ) ;
#5845 = ORIENTED_EDGE ( 'NONE', *, *, #7952, .F. ) ;
#5846 = PLANE ( 'NONE',  #6959 ) ;
#5847 = EDGE_CURVE ( 'NONE', #2606, #5706, #898, .T. ) ;
#5848 = ORIENTED_EDGE ( 'NONE', *, *, #6382, .F. ) ;
#5849 = DIRECTION ( 'NONE',  ( -0.000000000000000000, 1.000000000000000000, -0.000000000000000000 ) ) ;
#5850 = ORIENTED_EDGE ( 'NONE', *, *, #7954, .F. ) ;
#5851 = VECTOR ( 'NONE', #5959, 1000.000000000000000 ) ;
#5852 = CARTESIAN_POINT ( 'NONE',  ( -188.6750000000000398, 20.84529946162070502, 7.900000000000047429 ) ) ;
#5853 = FACE_OUTER_BOUND ( 'NONE', #8034, .T. ) ;
#5854 = EDGE_CURVE ( 'NONE', #5975, #1444, #3448, .T. ) ;
#5855 = EDGE_CURVE ( 'NONE', #4599, #4079, #3113, .T. ) ;
#5856 = CARTESIAN_POINT ( 'NONE',  ( -4.474999999999979217, 13.49999999999999822, 1.249999999999981570 ) ) ;
#5857 = CARTESIAN_POINT ( 'NONE',  ( 224.3296398777394529, 11.85757399697037862, -53.69999999999718909 ) ) ;
#5858 = VERTEX_POINT ( 'NONE', #6065 ) ;
#5859 = CARTESIAN_POINT ( 'NONE',  ( -244.4749999999999943, 22.00000000000000000, 61.50000000000005684 ) ) ;
#5860 = ORIENTED_EDGE ( 'NONE', *, *, #386, .F. ) ;
#5861 = CONICAL_SURFACE ( 'NONE', #3711, 1.250000000000001110, 1.029744258676654090 ) ;
#5862 = ORIENTED_EDGE ( 'NONE', *, *, #7235, .T. ) ;
#5863 = EDGE_CURVE ( 'NONE', #50, #2376, #2788, .T. ) ;
#5864 = AXIS2_PLACEMENT_3D ( 'NONE', #4936, #4813, #3643 ) ;
#5865 = CARTESIAN_POINT ( 'NONE',  ( 227.0949999999999704, 10.99999999999998757, 46.20000000000000284 ) ) ;
#5866 = AXIS2_PLACEMENT_3D ( 'NONE', #7263, #1522, #850 ) ;
#5867 = EDGE_LOOP ( 'NONE', ( #357, #1665, #2589, #2008 ) ) ;
#5868 = CARTESIAN_POINT ( 'NONE',  ( 224.4749999999999659, 20.84529946162070502, -22.90000000000000213 ) ) ;
#5869 = FACE_OUTER_BOUND ( 'NONE', #5904, .T. ) ;
#5870 = VERTEX_POINT ( 'NONE', #7311 ) ;
#5871 = CARTESIAN_POINT ( 'NONE',  ( -4.474999999999979217, 22.00000000000000000, -1.250000000000020650 ) ) ;
#5872 = AXIS2_PLACEMENT_3D ( 'NONE', #5947, #2134, #909 ) ;
#5873 = EDGE_CURVE ( 'NONE', #5622, #7903, #6019, .T. ) ;
#5874 = VECTOR ( 'NONE', #3073, 1000.000000000000000 ) ;
#5875 = CARTESIAN_POINT ( 'NONE',  ( 209.4750000000000227, 20.84529946162070502, 53.70000000000000284 ) ) ;
#5876 = ORIENTED_EDGE ( 'NONE', *, *, #3814, .T. ) ;
#5877 = CARTESIAN_POINT ( 'NONE',  ( -203.6750000000000398, 13.49999999999999822, 30.80000000000005755 ) ) ;
#5878 = ORIENTED_EDGE ( 'NONE', *, *, #7579, .F. ) ;
#5879 = ORIENTED_EDGE ( 'NONE', *, *, #7540, .F. ) ;
#5880 = LINE ( 'NONE', #7879, #5898 ) ;
#5881 = CIRCLE ( 'NONE', #2399, 4.999999999999997335 ) ;
#5882 = EDGE_LOOP ( 'NONE', ( #7401, #2943, #2023, #1332 ) ) ;
#5883 = DIRECTION ( 'NONE',  ( -0.000000000000000000, -1.000000000000000000, -0.000000000000000000 ) ) ;
#5884 = CARTESIAN_POINT ( 'NONE',  ( 191.1750000000000114, 22.00000000000000000, 5.899999999999887557 ) ) ;
#5885 = AXIS2_PLACEMENT_3D ( 'NONE', #5501, #8042, #3013 ) ;
#5886 = CARTESIAN_POINT ( 'NONE',  ( 224.4749999999999659, 4.000000000000000000, -22.90000000000000213 ) ) ;
#5887 = CARTESIAN_POINT ( 'NONE',  ( -239.4750000000000227, 10.49999999999999822, -60.64999999999993463 ) ) ;
#5888 = CARTESIAN_POINT ( 'NONE',  ( -4.474999999999923261, 13.49999999999999822, 61.10000000000004405 ) ) ;
#5889 = ORIENTED_EDGE ( 'NONE', *, *, #4558, .T. ) ;
#5890 = CARTESIAN_POINT ( 'NONE',  ( -174.4749999999999943, 13.49999999999999822, -58.60000000000000142 ) ) ;
#5891 = ORIENTED_EDGE ( 'NONE', *, *, #751, .F. ) ;
#5892 = CARTESIAN_POINT ( 'NONE',  ( 176.1750000000000398, 20.84529946162070502, 38.70000000000000995 ) ) ;
#5893 = EDGE_LOOP ( 'NONE', ( #6558, #2732, #7319, #1089 ) ) ;
#5894 = AXIS2_PLACEMENT_3D ( 'NONE', #3405, #275, #5970 ) ;
#5895 = LINE ( 'NONE', #5852, #6197 ) ;
#5896 = CIRCLE ( 'NONE', #2280, 1.250000000000001110 ) ;
#5897 = CYLINDRICAL_SURFACE ( 'NONE', #6820, 1.250000000000001110 ) ;
#5898 = VECTOR ( 'NONE', #927, 1000.000000000000114 ) ;
#5899 = DIRECTION ( 'NONE',  ( -0.000000000000000000, 1.000000000000000000, -0.000000000000000000 ) ) ;
#5900 = DIRECTION ( 'NONE',  ( 0.000000000000000000, -1.000000000000000000, 0.000000000000000000 ) ) ;
#5901 = ORIENTED_EDGE ( 'NONE', *, *, #5069, .F. ) ;
#5902 = CARTESIAN_POINT ( 'NONE',  ( 224.4749999999999659, 20.84529946162070502, -38.70000000000000284 ) ) ;
#5903 = AXIS2_PLACEMENT_3D ( 'NONE', #4113, #5544, #4157 ) ;
#5904 = EDGE_LOOP ( 'NONE', ( #8028, #2669 ) ) ;
#5905 = EDGE_CURVE ( 'NONE', #8152, #6500, #4080, .T. ) ;
#5906 = ORIENTED_EDGE ( 'NONE', *, *, #5711, .T. ) ;
#5907 = EDGE_CURVE ( 'NONE', #5985, #3025, #4166, .T. ) ;
#5908 = CONICAL_SURFACE ( 'NONE', #2302, 1.250000000000001110, 1.029744258676655200 ) ;
#5909 = CONICAL_SURFACE ( 'NONE', #3216, 1.249999999999987121, 1.029744258676654312 ) ;
#5910 = CIRCLE ( 'NONE', #6045, 7.653732966368412605 ) ;
#5911 = LINE ( 'NONE', #2007, #4223 ) ;
#5912 = EDGE_LOOP ( 'NONE', ( #1862, #1793, #1724, #5318 ) ) ;
#5913 = LINE ( 'NONE', #4643, #3201 ) ;
#5914 = ADVANCED_FACE ( 'NONE', ( #4792 ), #7942, .F. ) ;
#5915 = ORIENTED_EDGE ( 'NONE', *, *, #3720, .T. ) ;
#5916 = DIRECTION ( 'NONE',  ( -0.000000000000000000, 1.000000000000000000, -0.000000000000000000 ) ) ;
#5917 = CARTESIAN_POINT ( 'NONE',  ( 100.5249999999999773, 8.499999999999992895, -34.01566953025087514 ) ) ;
#5918 = DIRECTION ( 'NONE',  ( 0.000000000000000000, 1.000000000000000000, 0.000000000000000000 ) ) ;
#5919 = ORIENTED_EDGE ( 'NONE', *, *, #2510, .F. ) ;
#5920 = DIRECTION ( 'NONE',  ( 0.000000000000000000, 0.000000000000000000, 1.000000000000000000 ) ) ;
#5921 = ORIENTED_EDGE ( 'NONE', *, *, #2470, .T. ) ;
#5922 = EDGE_CURVE ( 'NONE', #4733, #3687, #3383, .T. ) ;
#5923 = DIRECTION ( 'NONE',  ( -0.000000000000000000, 1.000000000000000000, -0.000000000000000000 ) ) ;
#5924 = EDGE_CURVE ( 'NONE', #2151, #6425, #359, .T. ) ;
#5925 = CARTESIAN_POINT ( 'NONE',  ( -239.4750000000000227, 22.00000000000000000, -60.64999999999993463 ) ) ;
#5926 = AXIS2_PLACEMENT_3D ( 'NONE', #2477, #1261, #8240 ) ;
#5927 = AXIS2_PLACEMENT_3D ( 'NONE', #4323, #4902, #4241 ) ;
#5928 = CONICAL_SURFACE ( 'NONE', #2317, 1.249999999999987121, 1.029744258676653201 ) ;
#5929 = CARTESIAN_POINT ( 'NONE',  ( 224.4749999999999943, 20.84529946162070502, 38.70000000000000284 ) ) ;
#5930 = DIRECTION ( 'NONE',  ( 0.000000000000000000, 1.000000000000000000, 0.000000000000000000 ) ) ;
#5931 = DIRECTION ( 'NONE',  ( -0.000000000000000000, 1.000000000000000000, -0.000000000000000000 ) ) ;
#5932 = ORIENTED_EDGE ( 'NONE', *, *, #36, .F. ) ;
#5933 = DIRECTION ( 'NONE',  ( -0.000000000000000000, 1.000000000000000000, -0.000000000000000000 ) ) ;
#5934 = EDGE_LOOP ( 'NONE', ( #407, #4511, #200 ) ) ;
#5935 = CARTESIAN_POINT ( 'NONE',  ( -216.9749999999999943, 20.84529946162070502, 38.70000000000005969 ) ) ;
#5936 = ORIENTED_EDGE ( 'NONE', *, *, #2193, .F. ) ;
#5937 = VECTOR ( 'NONE', #3412, 1000.000000000000000 ) ;
#5938 = DIRECTION ( 'NONE',  ( -0.000000000000000000, -1.000000000000000000, -0.000000000000000000 ) ) ;
#5939 = DIRECTION ( 'NONE',  ( 0.000000000000000000, 0.000000000000000000, 1.000000000000000000 ) ) ;
#5940 = DIRECTION ( 'NONE',  ( -0.000000000000000000, -1.000000000000000000, -0.000000000000000000 ) ) ;
#5941 = LINE ( 'NONE', #6646, #3833 ) ;
#5942 = ORIENTED_EDGE ( 'NONE', *, *, #2172, .F. ) ;
#5943 = VECTOR ( 'NONE', #486, 1000.000000000000000 ) ;
#5944 = FACE_OUTER_BOUND ( 'NONE', #625, .T. ) ;
#5945 = ORIENTED_EDGE ( 'NONE', *, *, #6088, .T. ) ;
#5946 = VERTEX_POINT ( 'NONE', #8017 ) ;
#5947 = CARTESIAN_POINT ( 'NONE',  ( -174.4749999999999943, 13.49999999999999822, 0.000000000000000000 ) ) ;
#5948 = EDGE_CURVE ( 'NONE', #7317, #15, #7392, .T. ) ;
#5949 = CIRCLE ( 'NONE', #2343, 7.137400000000002187 ) ;
#5950 = CARTESIAN_POINT ( 'NONE',  ( 191.1750000000000114, 11.99999999999999822, 61.10000000000006537 ) ) ;
#5951 = ORIENTED_EDGE ( 'NONE', *, *, #1437, .T. ) ;
#5952 = DIRECTION ( 'NONE',  ( -0.4999999999999926725, 0.8660254037844429265, 0.000000000000000000 ) ) ;
#5953 = ORIENTED_EDGE ( 'NONE', *, *, #978, .F. ) ;
#5954 = CARTESIAN_POINT ( 'NONE',  ( 229.9750000000001080, 13.49999999999999822, -34.74999999999995026 ) ) ;
#5955 = EDGE_CURVE ( 'NONE', #1030, #3111, #1912, .T. ) ;
#5956 = EDGE_CURVE ( 'NONE', #6211, #128, #6858, .T. ) ;
#5957 = CARTESIAN_POINT ( 'NONE',  ( 202.8250000000000455, 22.00000000000000000, 11.65000000000000036 ) ) ;
#5958 = ORIENTED_EDGE ( 'NONE', *, *, #5995, .F. ) ;
#5959 = DIRECTION ( 'NONE',  ( -0.000000000000000000, -1.000000000000000000, -0.000000000000000000 ) ) ;
#5960 = VERTEX_POINT ( 'NONE', #8216 ) ;
#5961 = FACE_OUTER_BOUND ( 'NONE', #355, .T. ) ;
#5962 = EDGE_LOOP ( 'NONE', ( #4760, #7288, #7949 ) ) ;
#5963 = LINE ( 'NONE', #5383, #7252 ) ;
#5964 = VECTOR ( 'NONE', #3218, 1000.000000000000114 ) ;
#5965 = DIRECTION ( 'NONE',  ( -0.000000000000000000, -1.000000000000000000, -0.000000000000000000 ) ) ;
#5966 = EDGE_CURVE ( 'NONE', #7098, #8177, #3656, .T. ) ;
#5967 = EDGE_CURVE ( 'NONE', #207, #7198, #6807, .T. ) ;
#5968 = DIRECTION ( 'NONE',  ( -0.000000000000000000, -1.000000000000000000, -0.000000000000000000 ) ) ;
#5969 = DIRECTION ( 'NONE',  ( -0.000000000000000000, -1.000000000000000000, -0.000000000000000000 ) ) ;
#5970 = DIRECTION ( 'NONE',  ( 0.000000000000000000, 0.000000000000000000, 1.000000000000000000 ) ) ;
#5971 = VERTEX_POINT ( 'NONE', #3621 ) ;
#5972 = DIRECTION ( 'NONE',  ( 0.000000000000000000, 0.000000000000000000, 1.000000000000000000 ) ) ;
#5973 = EDGE_LOOP ( 'NONE', ( #8199, #8105, #7146, #3065 ) ) ;
#5974 = DIRECTION ( 'NONE',  ( -0.000000000000000000, 1.000000000000000000, -0.000000000000000000 ) ) ;
#5975 = VERTEX_POINT ( 'NONE', #1693 ) ;
#5976 = DIRECTION ( 'NONE',  ( -0.000000000000000000, -1.000000000000000000, -0.000000000000000000 ) ) ;
#5977 = FACE_OUTER_BOUND ( 'NONE', #7258, .T. ) ;
#5978 = EDGE_CURVE ( 'NONE', #5539, #4433, #5589, .T. ) ;
#5979 = EDGE_CURVE ( 'NONE', #143, #6002, #4703, .T. ) ;
#5980 = DIRECTION ( 'NONE',  ( 0.000000000000000000, 0.000000000000000000, 1.000000000000000000 ) ) ;
#5981 = CIRCLE ( 'NONE', #7448, 7.653732966368412605 ) ;
#5982 = CARTESIAN_POINT ( 'NONE',  ( 165.5250000000000909, 13.49999999999999822, 59.85000000000002274 ) ) ;
#5983 = VERTEX_POINT ( 'NONE', #6222 ) ;
#5984 = DIRECTION ( 'NONE',  ( 0.000000000000000000, 1.000000000000000000, 0.000000000000000000 ) ) ;
#5985 = VERTEX_POINT ( 'NONE', #2947 ) ;
#5986 = ORIENTED_EDGE ( 'NONE', *, *, #3620, .T. ) ;
#5987 = VECTOR ( 'NONE', #713, 1000.000000000000000 ) ;
#5988 = DIRECTION ( 'NONE',  ( -0.000000000000000000, 1.000000000000000000, 0.000000000000000000 ) ) ;
#5989 = SHAPE_DEFINITION_REPRESENTATION ( #6462, #2004 ) ;
#5990 = AXIS2_PLACEMENT_3D ( 'NONE', #678, #721, #3227 ) ;
#5991 = DIRECTION ( 'NONE',  ( -0.000000000000000000, 1.000000000000000000, -0.000000000000000000 ) ) ;
#5992 = VERTEX_POINT ( 'NONE', #399 ) ;
#5993 = CARTESIAN_POINT ( 'NONE',  ( -239.4750000000000227, 10.49999999999999822, -58.99999999999995026 ) ) ;
#5994 = VERTEX_POINT ( 'NONE', #2986 ) ;
#5995 = EDGE_CURVE ( 'NONE', #8127, #6945, #4976, .T. ) ;
#5996 =( GEOMETRIC_REPRESENTATION_CONTEXT ( 3 ) GLOBAL_UNCERTAINTY_ASSIGNED_CONTEXT ( ( #1960 ) ) GLOBAL_UNIT_ASSIGNED_CONTEXT ( ( #2437, #1212, #3133 ) ) REPRESENTATION_CONTEXT ( 'NONE', 'WORKASPACE' ) );
#5997 = DIRECTION ( 'NONE',  ( -0.000000000000000000, -1.000000000000000000, -0.000000000000000000 ) ) ;
#5998 = VECTOR ( 'NONE', #6897, 1000.000000000000000 ) ;
#5999 = CARTESIAN_POINT ( 'NONE',  ( -215.3250000000000455, 22.00000000000000000, -17.89999999999995595 ) ) ;
#6000 = VERTEX_POINT ( 'NONE', #478 ) ;
#6001 = CARTESIAN_POINT ( 'NONE',  ( 209.4750000000000227, 4.000000000000000000, 53.70000000000000284 ) ) ;
#6002 = VERTEX_POINT ( 'NONE', #8055 ) ;
#6003 = CARTESIAN_POINT ( 'NONE',  ( -174.4749999999999375, 13.49999999999999822, 59.85000000000006537 ) ) ;
#6004 = ORIENTED_EDGE ( 'NONE', *, *, #3596, .F. ) ;
#6005 = EDGE_CURVE ( 'NONE', #7488, #3005, #6475, .T. ) ;
#6006 = CARTESIAN_POINT ( 'NONE',  ( -221.9750000000000227, 4.000000000000000000, 38.70000000000005969 ) ) ;
#6007 = EDGE_CURVE ( 'NONE', #3830, #3735, #3026, .T. ) ;
#6008 = CIRCLE ( 'NONE', #2391, 1.250000000000001110 ) ;
#6009 = FACE_BOUND ( 'NONE', #3765, .T. ) ;
#6010 = CARTESIAN_POINT ( 'NONE',  ( -203.6750000000000398, 13.49999999999999822, 29.55000000000005400 ) ) ;
#6011 = AXIS2_PLACEMENT_3D ( 'NONE', #2623, #4549, #1374 ) ;
#6012 = CARTESIAN_POINT ( 'NONE',  ( -193.6750000000000398, 20.84529946162070502, 7.900000000000049205 ) ) ;
#6013 = DIRECTION ( 'NONE',  ( -0.000000000000000000, 1.000000000000000000, -0.000000000000000000 ) ) ;
#6014 = VERTEX_POINT ( 'NONE', #5633 ) ;
#6015 = FACE_OUTER_BOUND ( 'NONE', #5025, .T. ) ;
#6016 = ORIENTED_EDGE ( 'NONE', *, *, #386, .T. ) ;
#6017 = DIRECTION ( 'NONE',  ( -0.000000000000000000, 1.000000000000000000, -0.000000000000000000 ) ) ;
#6018 = VECTOR ( 'NONE', #6059, 1000.000000000000000 ) ;
#6019 = LINE ( 'NONE', #6102, #4856 ) ;
#6020 = EDGE_CURVE ( 'NONE', #5994, #1653, #3698, .T. ) ;
#6021 = VECTOR ( 'NONE', #3536, 1000.000000000000000 ) ;
#6022 = CARTESIAN_POINT ( 'NONE',  ( 191.1750000000000114, 20.84529946162070502, 12.90000000000000213 ) ) ;
#6023 = DIRECTION ( 'NONE',  ( 0.000000000000000000, 0.000000000000000000, 1.000000000000000000 ) ) ;
#6024 = CIRCLE ( 'NONE', #5894, 4.999999999999997335 ) ;
#6025 = CARTESIAN_POINT ( 'NONE',  ( -241.9750000000000227, 0.000000000000000000, -63.99999999999994316 ) ) ;
#6026 = ORIENTED_EDGE ( 'NONE', *, *, #6420, .F. ) ;
#6027 = CIRCLE ( 'NONE', #3605, 7.000000000000117240 ) ;
#6028 = CARTESIAN_POINT ( 'NONE',  ( -4.474999999999979217, 13.49999999999999822, -29.54999999999999361 ) ) ;
#6029 = ORIENTED_EDGE ( 'NONE', *, *, #3519, .T. ) ;
#6030 = PLANE ( 'NONE',  #8208 ) ;
#6031 = ORIENTED_EDGE ( 'NONE', *, *, #1729, .T. ) ;
#6032 = ADVANCED_FACE ( 'NONE', ( #6259 ), #1737, .F. ) ;
#6033 = CYLINDRICAL_SURFACE ( 'NONE', #8268, 1.250000000000001110 ) ;
#6034 = VECTOR ( 'NONE', #6424, 1000.000000000000227 ) ;
#6035 = AXIS2_PLACEMENT_3D ( 'NONE', #2286, #8128, #3734 ) ;
#6036 = VECTOR ( 'NONE', #5032, 1000.000000000000000 ) ;
#6037 = CARTESIAN_POINT ( 'NONE',  ( -174.4749999999999375, 22.00000000000000000, 58.60000000000005826 ) ) ;
#6038 = VERTEX_POINT ( 'NONE', #8130 ) ;
#6039 = ORIENTED_EDGE ( 'NONE', *, *, #1413, .F. ) ;
#6040 = AXIS2_PLACEMENT_3D ( 'NONE', #5035, #7009, #1850 ) ;
#6041 = DIRECTION ( 'NONE',  ( 0.000000000000000000, -0.000000000000000000, 1.000000000000000000 ) ) ;
#6042 = ORIENTED_EDGE ( 'NONE', *, *, #5721, .T. ) ;
#6043 = CARTESIAN_POINT ( 'NONE',  ( 244.4749999999999659, 10.99999999999998757, -46.20000000000000284 ) ) ;
#6044 = AXIS2_PLACEMENT_3D ( 'NONE', #4507, #1917, #7066 ) ;
#6045 = AXIS2_PLACEMENT_3D ( 'NONE', #1415, #3291, #79 ) ;
#6046 = CARTESIAN_POINT ( 'NONE',  ( 227.0949999999999704, 10.99999999999998934, -39.06260000000000332 ) ) ;
#6047 = ORIENTED_EDGE ( 'NONE', *, *, #6472, .T. ) ;
#6048 = CARTESIAN_POINT ( 'NONE',  ( 229.9750000000001080, 13.49999999999999822, -35.99999999999995026 ) ) ;
#6049 = LINE ( 'NONE', #7799, #7236 ) ;
#6050 = ORIENTED_EDGE ( 'NONE', *, *, #1523, .F. ) ;
#6051 = VECTOR ( 'NONE', #2498, 1000.000000000000000 ) ;
#6052 = VECTOR ( 'NONE', #4064, 1000.000000000000000 ) ;
#6053 = DIRECTION ( 'NONE',  ( -0.000000000000000000, 1.000000000000000000, -0.000000000000000000 ) ) ;
#6054 = FACE_BOUND ( 'NONE', #131, .T. ) ;
#6055 = CONICAL_SURFACE ( 'NONE', #2443, 1.249999999999987121, 1.029744258676654312 ) ;
#6056 = EDGE_CURVE ( 'NONE', #6560, #4104, #7434, .T. ) ;
#6057 = DIRECTION ( 'NONE',  ( -0.000000000000000000, -1.000000000000000000, -0.000000000000000000 ) ) ;
#6058 = EDGE_CURVE ( 'NONE', #6014, #5470, #965, .T. ) ;
#6059 = DIRECTION ( 'NONE',  ( -0.000000000000000000, 1.000000000000000000, 0.000000000000000000 ) ) ;
#6060 = FACE_OUTER_BOUND ( 'NONE', #6830, .T. ) ;
#6061 = VERTEX_POINT ( 'NONE', #8178 ) ;
#6062 = DIRECTION ( 'NONE',  ( 0.000000000000000000, 0.000000000000000000, 1.000000000000000000 ) ) ;
#6063 = ORIENTED_EDGE ( 'NONE', *, *, #5711, .F. ) ;
#6064 = FACE_OUTER_BOUND ( 'NONE', #7905, .T. ) ;
#6065 = CARTESIAN_POINT ( 'NONE',  ( -221.9750000000000227, 4.000000000000000000, 33.70000000000005969 ) ) ;
#6066 = CONICAL_SURFACE ( 'NONE', #6463, 1.250000000000001110, 1.029744258676654090 ) ;
#6067 = FACE_OUTER_BOUND ( 'NONE', #2062, .T. ) ;
#6068 = VECTOR ( 'NONE', #2927, 1000.000000000000000 ) ;
#6069 = EDGE_CURVE ( 'NONE', #5598, #7104, #2455, .T. ) ;
#6070 = EDGE_CURVE ( 'NONE', #2816, #3155, #5804, .T. ) ;
#6071 = FACE_OUTER_BOUND ( 'NONE', #2486, .T. ) ;
#6072 = VECTOR ( 'NONE', #1326, 1000.000000000000114 ) ;
#6073 = DIRECTION ( 'NONE',  ( -0.000000000000000000, 1.000000000000000000, -0.000000000000000000 ) ) ;
#6074 = EDGE_LOOP ( 'NONE', ( #2734, #7894, #2057, #1918 ) ) ;
#6075 = CARTESIAN_POINT ( 'NONE',  ( 224.4749999999999659, 4.000000000000000000, -7.900000000000003908 ) ) ;
#6076 = VERTEX_POINT ( 'NONE', #3736 ) ;
#6077 = CARTESIAN_POINT ( 'NONE',  ( -94.47500000000000853, -1.402220585023716934E-15, -34.01566953025085382 ) ) ;
#6078 = VERTEX_POINT ( 'NONE', #3575 ) ;
#6079 = CARTESIAN_POINT ( 'NONE',  ( -239.4750000000000227, 10.49999999999999822, -58.99999999999995026 ) ) ;
#6080 = VECTOR ( 'NONE', #6553, 1000.000000000000000 ) ;
#6081 = ADVANCED_FACE ( 'NONE', ( #3112 ), #5675, .F. ) ;
#6082 = DIRECTION ( 'NONE',  ( -0.000000000000000000, 1.000000000000000000, -0.000000000000000000 ) ) ;
#6083 = ORIENTED_EDGE ( 'NONE', *, *, #3505, .F. ) ;
#6084 = ORIENTED_EDGE ( 'NONE', *, *, #2141, .F. ) ;
#6085 = EDGE_LOOP ( 'NONE', ( #3554, #1168, #268, #3583 ) ) ;
#6086 = DIRECTION ( 'NONE',  ( 0.000000000000000000, 0.000000000000000000, 1.000000000000000000 ) ) ;
#6087 = CARTESIAN_POINT ( 'NONE',  ( -216.9750000000000227, 20.84529946162070502, -38.69999999999995310 ) ) ;
#6088 = EDGE_CURVE ( 'NONE', #6450, #6471, #35, .T. ) ;
#6089 = ORIENTED_EDGE ( 'NONE', *, *, #161, .T. ) ;
#6090 = FACE_OUTER_BOUND ( 'NONE', #5934, .T. ) ;
#6091 = PLANE ( 'NONE',  #6283 ) ;
#6092 = EDGE_LOOP ( 'NONE', ( #7405, #6201 ) ) ;
#6093 = DIRECTION ( 'NONE',  ( 0.000000000000000000, 0.000000000000000000, -1.000000000000000000 ) ) ;
#6094 = DIRECTION ( 'NONE',  ( -0.000000000000000000, 1.000000000000000000, -0.000000000000000000 ) ) ;
#6095 = DIRECTION ( 'NONE',  ( -0.000000000000000000, 1.000000000000000000, -0.000000000000000000 ) ) ;
#6096 = DIRECTION ( 'NONE',  ( -0.000000000000000000, 1.000000000000000000, -0.000000000000000000 ) ) ;
#6097 = LINE ( 'NONE', #6178, #1336 ) ;
#6098 = EDGE_LOOP ( 'NONE', ( #6615, #99, #3320, #7498 ) ) ;
#6099 = FACE_BOUND ( 'NONE', #2181, .T. ) ;
#6100 = EDGE_LOOP ( 'NONE', ( #485, #2924, #6883, #5860 ) ) ;
#6101 = CARTESIAN_POINT ( 'NONE',  ( -241.7250000000000796, 22.00000000000000000, 48.70000000000005969 ) ) ;
#6102 = CARTESIAN_POINT ( 'NONE',  ( 214.4750000000000227, 22.00000000000000000, 53.70000000000000284 ) ) ;
#6103 = EDGE_CURVE ( 'NONE', #4221, #7836, #5717, .T. ) ;
#6104 = DIRECTION ( 'NONE',  ( -0.000000000000000000, 1.000000000000000000, -0.000000000000000000 ) ) ;
#6105 = EDGE_CURVE ( 'NONE', #1077, #7578, #7524, .T. ) ;
#6106 = CARTESIAN_POINT ( 'NONE',  ( 229.9750000000001080, 13.49999999999999822, -19.15000000000000213 ) ) ;
#6107 = CARTESIAN_POINT ( 'NONE',  ( 202.8250000000000455, 11.99999999999999822, 11.65000000000000036 ) ) ;
#6108 = ORIENTED_EDGE ( 'NONE', *, *, #6534, .T. ) ;
#6109 = DIRECTION ( 'NONE',  ( 0.000000000000000000, -1.000000000000000000, 0.000000000000000000 ) ) ;
#6110 = VERTEX_POINT ( 'NONE', #637 ) ;
#6111 = CARTESIAN_POINT ( 'NONE',  ( -215.3250000000000455, 13.49999999999999822, -17.89999999999995595 ) ) ;
#6112 = VERTEX_POINT ( 'NONE', #5124 ) ;
#6113 = CARTESIAN_POINT ( 'NONE',  ( -174.4749999999999943, 22.00000000000000000, -30.79999999999997229 ) ) ;
#6114 = EDGE_CURVE ( 'NONE', #2338, #173, #1976, .T. ) ;
#6115 = CARTESIAN_POINT ( 'NONE',  ( -174.4749999999999943, 13.49999999999999822, 30.80000000000003624 ) ) ;
#6116 = ORIENTED_EDGE ( 'NONE', *, *, #6513, .T. ) ;
#6117 = VERTEX_POINT ( 'NONE', #5204 ) ;
#6118 = ORIENTED_EDGE ( 'NONE', *, *, #5517, .F. ) ;
#6119 = EDGE_CURVE ( 'NONE', #50, #1442, #2179, .T. ) ;
#6120 = CARTESIAN_POINT ( 'NONE',  ( 202.8250000000000455, 22.00000000000000000, 49.95000000000000995 ) ) ;
#6121 = DIRECTION ( 'NONE',  ( 0.000000000000000000, 0.000000000000000000, -1.000000000000000000 ) ) ;
#6122 = EDGE_LOOP ( 'NONE', ( #4419, #2934, #6793, #7390 ) ) ;
#6123 = DIRECTION ( 'NONE',  ( 0.000000000000000000, 1.000000000000000000, 0.000000000000000000 ) ) ;
#6124 = FACE_OUTER_BOUND ( 'NONE', #3050, .T. ) ;
#6125 = ORIENTED_EDGE ( 'NONE', *, *, #5313, .F. ) ;
#6126 = AXIS2_PLACEMENT_3D ( 'NONE', #4359, #1265, #7668 ) ;
#6127 = CARTESIAN_POINT ( 'NONE',  ( 165.5250000000000341, 13.49999999999999822, -3.899946568576850379E-14 ) ) ;
#6128 = EDGE_CURVE ( 'NONE', #3854, #1814, #6879, .T. ) ;
#6129 = DIRECTION ( 'NONE',  ( 0.000000000000000000, 0.000000000000000000, 1.000000000000000000 ) ) ;
#6130 = CONICAL_SURFACE ( 'NONE', #6799, 1.250000000000001110, 1.029744258676654090 ) ;
#6131 = CARTESIAN_POINT ( 'NONE',  ( 224.4749999999999943, 10.99999999999998757, 46.20000000000000284 ) ) ;
#6132 = CARTESIAN_POINT ( 'NONE',  ( -4.474999999999979217, 13.49999999999999822, -58.60000000000002274 ) ) ;
#6133 = CYLINDRICAL_SURFACE ( 'NONE', #1867, 1.250000000000001110 ) ;
#6134 = EDGE_LOOP ( 'NONE', ( #964, #4530, #1345 ) ) ;
#6135 = FACE_OUTER_BOUND ( 'NONE', #3897, .T. ) ;
#6136 = CONICAL_SURFACE ( 'NONE', #5866, 1.250000000000001110, 1.029744258676654090 ) ;
#6137 = ORIENTED_EDGE ( 'NONE', *, *, #5078, .F. ) ;
#6138 = DIRECTION ( 'NONE',  ( 0.000000000000000000, 0.000000000000000000, 1.000000000000000000 ) ) ;
#6139 = AXIS2_PLACEMENT_3D ( 'NONE', #2532, #7718, #5167 ) ;
#6140 = CARTESIAN_POINT ( 'NONE',  ( 224.3296398777422951, 11.85757399697037151, -38.70000000000281659 ) ) ;
#6141 = AXIS2_PLACEMENT_3D ( 'NONE', #5407, #6617, #7987 ) ;
#6142 = CYLINDRICAL_SURFACE ( 'NONE', #518, 1.250000000000001110 ) ;
#6143 = CARTESIAN_POINT ( 'NONE',  ( 224.4749999999999659, 10.99999999999998757, -46.20000000000000284 ) ) ;
#6144 = ORIENTED_EDGE ( 'NONE', *, *, #1853, .F. ) ;
#6145 = AXIS2_PLACEMENT_3D ( 'NONE', #4454, #7014, #1276 ) ;
#6146 = DIRECTION ( 'NONE',  ( 0.000000000000000000, 0.000000000000000000, 1.000000000000000000 ) ) ;
#6147 = VERTEX_POINT ( 'NONE', #1399 ) ;
#6148 = DIRECTION ( 'NONE',  ( 0.000000000000000000, 0.000000000000000000, 1.000000000000000000 ) ) ;
#6149 = VERTEX_POINT ( 'NONE', #3235 ) ;
#6150 = DIRECTION ( 'NONE',  ( 0.000000000000000000, 0.000000000000000000, 1.000000000000000000 ) ) ;
#6151 = AXIS2_PLACEMENT_3D ( 'NONE', #893, #6480, #7889 ) ;
#6152 = AXIS2_PLACEMENT_3D ( 'NONE', #174, #3469, #6499 ) ;
#6153 = EDGE_CURVE ( 'NONE', #6288, #6014, #1935, .T. ) ;
#6154 = CARTESIAN_POINT ( 'NONE',  ( -94.47500000000003695, 8.499999999999992895, 27.58433046974915115 ) ) ;
#6155 = ADVANCED_FACE ( 'NONE', ( #1898 ), #19, .F. ) ;
#6156 = CARTESIAN_POINT ( 'NONE',  ( 224.4749999999999659, 10.99999999999998757, -46.20000000000000284 ) ) ;
#6157 = ORIENTED_EDGE ( 'NONE', *, *, #3690, .T. ) ;
#6158 = EDGE_LOOP ( 'NONE', ( #4037, #7020 ) ) ;
#6159 = ORIENTED_EDGE ( 'NONE', *, *, #434, .T. ) ;
#6160 = CONICAL_SURFACE ( 'NONE', #1872, 1.250000000000001110, 1.029744258676654090 ) ;
#6161 = AXIS2_PLACEMENT_3D ( 'NONE', #605, #3959, #6517 ) ;
#6162 = CARTESIAN_POINT ( 'NONE',  ( 244.4749999999999659, 0.000000000000000000, 61.50000000000000000 ) ) ;
#6163 = DIRECTION ( 'NONE',  ( 0.000000000000000000, 0.000000000000000000, -1.000000000000000000 ) ) ;
#6164 = CIRCLE ( 'NONE', #1211, 1.250000000000001110 ) ;
#6165 = ADVANCED_FACE ( 'NONE', ( #6383 ), #3780, .F. ) ;
#6166 = ORIENTED_EDGE ( 'NONE', *, *, #2360, .T. ) ;
#6167 = DIRECTION ( 'NONE',  ( 0.000000000000000000, 0.000000000000000000, 1.000000000000000000 ) ) ;
#6168 = FACE_OUTER_BOUND ( 'NONE', #6573, .T. ) ;
#6169 = CIRCLE ( 'NONE', #6841, 5.000000000000004441 ) ;
#6170 = VERTEX_POINT ( 'NONE', #688 ) ;
#6171 = CARTESIAN_POINT ( 'NONE',  ( 219.4749999999999659, 22.00000000000000000, 55.70000000000011653 ) ) ;
#6172 = VECTOR ( 'NONE', #3392, 1000.000000000000000 ) ;
#6173 = FACE_BOUND ( 'NONE', #4067, .T. ) ;
#6174 = DIRECTION ( 'NONE',  ( 0.000000000000000000, 0.000000000000000000, 1.000000000000000000 ) ) ;
#6175 = CARTESIAN_POINT ( 'NONE',  ( -193.6750000000000398, 20.84529946162070502, -2.899999999999954614 ) ) ;
#6176 = EDGE_CURVE ( 'NONE', #6061, #6352, #5803, .T. ) ;
#6177 = AXIS2_PLACEMENT_3D ( 'NONE', #3152, #5085, #4336 ) ;
#6178 = CARTESIAN_POINT ( 'NONE',  ( -174.4749999999999943, 13.49999999999999822, 32.05000000000003979 ) ) ;
#6179 = VERTEX_POINT ( 'NONE', #2026 ) ;
#6180 = EDGE_CURVE ( 'NONE', #3111, #1030, #4325, .T. ) ;
#6181 = CARTESIAN_POINT ( 'NONE',  ( 229.9750000000001080, 22.00000000000000000, -55.99999999999994316 ) ) ;
#6182 = VERTEX_POINT ( 'NONE', #5164 ) ;
#6183 = DIRECTION ( 'NONE',  ( 0.000000000000000000, 0.000000000000000000, -1.000000000000000000 ) ) ;
#6184 = CARTESIAN_POINT ( 'NONE',  ( 219.4750000051118946, 12.00748610526559546, -38.70000000000000284 ) ) ;
#6185 = AXIS2_PLACEMENT_3D ( 'NONE', #3369, #5938, #201 ) ;
#6186 = DIRECTION ( 'NONE',  ( -0.000000000000000000, 1.000000000000000000, -0.000000000000000000 ) ) ;
#6187 = CARTESIAN_POINT ( 'NONE',  ( 191.1750000000000114, 22.00000000000000000, -1.250000000000001110 ) ) ;
#6188 = VERTEX_POINT ( 'NONE', #2527 ) ;
#6189 = EDGE_CURVE ( 'NONE', #1385, #7829, #7920, .T. ) ;
#6190 = FACE_OUTER_BOUND ( 'NONE', #4039, .T. ) ;
#6191 = VERTEX_POINT ( 'NONE', #7138 ) ;
#6192 = CARTESIAN_POINT ( 'NONE',  ( -174.4749999999999943, 22.00000000000000000, -30.79999999999997229 ) ) ;
#6193 = EDGE_LOOP ( 'NONE', ( #5102, #2285, #2567, #4259 ) ) ;
#6194 = AXIS2_PLACEMENT_3D ( 'NONE', #3770, #1966, #4521 ) ;
#6195 = DIRECTION ( 'NONE',  ( 0.000000000000000000, 0.000000000000000000, 1.000000000000000000 ) ) ;
#6196 = CARTESIAN_POINT ( 'NONE',  ( 176.1750000000000398, 22.00000000000000000, 36.69999999999989626 ) ) ;
#6197 = VECTOR ( 'NONE', #5729, 1000.000000000000000 ) ;
#6198 = CARTESIAN_POINT ( 'NONE',  ( 165.5250000000000341, 22.00000000000000000, 1.249999999999962030 ) ) ;
#6199 = CARTESIAN_POINT ( 'NONE',  ( 239.4749999999999659, 10.49999999999999822, -60.64999999999993463 ) ) ;
#6200 = ORIENTED_EDGE ( 'NONE', *, *, #5186, .T. ) ;
#6201 = ORIENTED_EDGE ( 'NONE', *, *, #1044, .F. ) ;
#6202 = EDGE_LOOP ( 'NONE', ( #7336, #3581, #3960, #5478 ) ) ;
#6203 = VECTOR ( 'NONE', #3186, 1000.000000000000000 ) ;
#6204 = EDGE_CURVE ( 'NONE', #2091, #6468, #3912, .T. ) ;
#6205 = LINE ( 'NONE', #6880, #4649 ) ;
#6206 = CARTESIAN_POINT ( 'NONE',  ( 3.024999999999971934, 0.000000000000000000, 28.83433046974912628 ) ) ;
#6207 = ORIENTED_EDGE ( 'NONE', *, *, #6735, .T. ) ;
#6208 = CYLINDRICAL_SURFACE ( 'NONE', #3803, 5.000000000000000888 ) ;
#6209 = CIRCLE ( 'NONE', #7006, 1.250000000000001110 ) ;
#6210 = DIRECTION ( 'NONE',  ( -0.000000000000000000, -1.000000000000000000, -0.000000000000000000 ) ) ;
#6211 = VERTEX_POINT ( 'NONE', #3951 ) ;
#6212 = CARTESIAN_POINT ( 'NONE',  ( 224.4749999999999943, 10.99999999999998757, 46.20000000000000284 ) ) ;
#6213 = ADVANCED_FACE ( 'NONE', ( #597 ), #100, .F. ) ;
#6214 = FACE_BOUND ( 'NONE', #2534, .T. ) ;
#6215 = EDGE_CURVE ( 'NONE', #636, #3518, #3313, .T. ) ;
#6216 = PLANE ( 'NONE',  #159 ) ;
#6217 = DIRECTION ( 'NONE',  ( 0.000000000000000000, 1.000000000000000000, -0.000000000000000000 ) ) ;
#6218 = CARTESIAN_POINT ( 'NONE',  ( 3.024999999999971934, -1.402220585023716934E-15, 27.58433046974914049 ) ) ;
#6219 = ORIENTED_EDGE ( 'NONE', *, *, #5283, .T. ) ;
#6220 = FACE_OUTER_BOUND ( 'NONE', #2223, .T. ) ;
#6221 = ORIENTED_EDGE ( 'NONE', *, *, #3598, .T. ) ;
#6222 = CARTESIAN_POINT ( 'NONE',  ( -4.474999999999923261, 22.00000000000000000, 58.60000000000004405 ) ) ;
#6223 = CARTESIAN_POINT ( 'NONE',  ( 224.4750000000013017, 11.22360374662901172, -43.42299394533422685 ) ) ;
#6224 = EDGE_CURVE ( 'NONE', #169, #3322, #6455, .T. ) ;
#6225 = EDGE_CURVE ( 'NONE', #4680, #7975, #2107, .T. ) ;
#6226 = DIRECTION ( 'NONE',  ( 0.000000000000000000, 0.000000000000000000, -1.000000000000000000 ) ) ;
#6227 = DIRECTION ( 'NONE',  ( -0.000000000000000000, -1.000000000000000000, -0.000000000000000000 ) ) ;
#6228 = ORIENTED_EDGE ( 'NONE', *, *, #325, .T. ) ;
#6229 = CARTESIAN_POINT ( 'NONE',  ( 165.5250000000000909, 22.00000000000000000, 61.10000000000002274 ) ) ;
#6230 = ORIENTED_EDGE ( 'NONE', *, *, #1292, .T. ) ;
#6231 = DIRECTION ( 'NONE',  ( -0.000000000000000000, -1.000000000000000000, -0.000000000000000000 ) ) ;
#6232 = VERTEX_POINT ( 'NONE', #7882 ) ;
#6233 = CARTESIAN_POINT ( 'NONE',  ( 224.4749999999999659, 4.000000000000000000, -17.90000000000000213 ) ) ;
#6234 = LINE ( 'NONE', #1669, #8008 ) ;
#6235 = AXIS2_PLACEMENT_3D ( 'NONE', #7684, #1410, #7019 ) ;
#6236 = EDGE_CURVE ( 'NONE', #1897, #1320, #313, .T. ) ;
#6237 = DIRECTION ( 'NONE',  ( -0.000000000000000000, 1.000000000000000000, -0.000000000000000000 ) ) ;
#6238 = DIRECTION ( 'NONE',  ( -0.000000000000000000, 1.000000000000000000, 0.000000000000000000 ) ) ;
#6239 = ORIENTED_EDGE ( 'NONE', *, *, #1853, .T. ) ;
#6240 = EDGE_LOOP ( 'NONE', ( #6508, #483, #3851 ) ) ;
#6241 = ORIENTED_EDGE ( 'NONE', *, *, #8080, .F. ) ;
#6242 = DIRECTION ( 'NONE',  ( 1.049727191138618942E-16, 0.5150380749100536004, -0.8571673007021125557 ) ) ;
#6243 = EDGE_CURVE ( 'NONE', #2570, #7361, #5963, .T. ) ;
#6244 = VECTOR ( 'NONE', #6902, 1000.000000000000114 ) ;
#6245 = ORIENTED_EDGE ( 'NONE', *, *, #4101, .F. ) ;
#6246 = DIRECTION ( 'NONE',  ( 0.000000000000000000, 0.000000000000000000, 1.000000000000000000 ) ) ;
#6247 = DIRECTION ( 'NONE',  ( -0.000000000000000000, 1.000000000000000000, -0.000000000000000000 ) ) ;
#6248 = ORIENTED_EDGE ( 'NONE', *, *, #1267, .T. ) ;
#6249 = FACE_OUTER_BOUND ( 'NONE', #5973, .T. ) ;
#6250 = DIRECTION ( 'NONE',  ( -0.000000000000000000, 1.000000000000000000, -0.000000000000000000 ) ) ;
#6251 = DIRECTION ( 'NONE',  ( 0.000000000000000000, 0.000000000000000000, 1.000000000000000000 ) ) ;
#6252 = DIRECTION ( 'NONE',  ( 0.000000000000000000, 0.000000000000000000, 1.000000000000000000 ) ) ;
#6253 = ADVANCED_FACE ( 'NONE', ( #2776 ), #6055, .F. ) ;
#6254 = CARTESIAN_POINT ( 'NONE',  ( -94.47500000000003695, 0.000000000000000000, 30.08433046974912273 ) ) ;
#6255 = ORIENTED_EDGE ( 'NONE', *, *, #425, .F. ) ;
#6256 = EDGE_CURVE ( 'NONE', #8142, #4527, #305, .T. ) ;
#6257 = LINE ( 'NONE', #5513, #7092 ) ;
#6258 = ORIENTED_EDGE ( 'NONE', *, *, #581, .T. ) ;
#6259 = FACE_OUTER_BOUND ( 'NONE', #6750, .T. ) ;
#6260 = CARTESIAN_POINT ( 'NONE',  ( 224.4749999997010264, 11.85814304959458099, -43.55047357293823040 ) ) ;
#6261 = LINE ( 'NONE', #5719, #3758 ) ;
#6262 = CONICAL_SURFACE ( 'NONE', #6662, 7.000000000000110134, 1.047197551196605625 ) ;
#6263 = DIRECTION ( 'NONE',  ( -0.000000000000000000, 1.000000000000000000, -0.000000000000000000 ) ) ;
#6264 = DIRECTION ( 'NONE',  ( -0.000000000000000000, -1.000000000000000000, -0.000000000000000000 ) ) ;
#6265 = EDGE_LOOP ( 'NONE', ( #6278, #5200, #3167 ) ) ;
#6266 = EDGE_CURVE ( 'NONE', #5421, #2852, #4572, .T. ) ;
#6267 = CARTESIAN_POINT ( 'NONE',  ( -191.9749999999999943, 8.499999999999992895, -34.01566953025082540 ) ) ;
#6268 = ORIENTED_EDGE ( 'NONE', *, *, #3948, .T. ) ;
#6269 = DIRECTION ( 'NONE',  ( -0.000000000000000000, 1.000000000000000000, -0.000000000000000000 ) ) ;
#6270 = EDGE_LOOP ( 'NONE', ( #4057, #7500, #714, #3818 ) ) ;
#6271 = CARTESIAN_POINT ( 'NONE',  ( 224.4749999999999943, 12.20899172797677146, 48.70000000000000995 ) ) ;
#6272 = CARTESIAN_POINT ( 'NONE',  ( -4.474999999999979217, 22.00000000000000000, -30.79999999999999361 ) ) ;
#6273 = AXIS2_PLACEMENT_3D ( 'NONE', #6079, #957, #4765 ) ;
#6274 = AXIS2_PLACEMENT_3D ( 'NONE', #3917, #1860, #7763 ) ;
#6275 = LINE ( 'NONE', #5567, #2123 ) ;
#6276 = CARTESIAN_POINT ( 'NONE',  ( 224.4749999999999659, 4.000000000000000000, 48.70000000000000995 ) ) ;
#6277 = AXIS2_PLACEMENT_3D ( 'NONE', #2082, #5265, #5939 ) ;
#6278 = ORIENTED_EDGE ( 'NONE', *, *, #7022, .F. ) ;
#6279 = ADVANCED_FACE ( 'NONE', ( #7839 ), #2735, .F. ) ;
#6280 = ORIENTED_EDGE ( 'NONE', *, *, #6056, .T. ) ;
#6281 = ADVANCED_FACE ( 'NONE', ( #7176 ), #3100, .F. ) ;
#6282 = FACE_OUTER_BOUND ( 'NONE', #7261, .T. ) ;
#6283 = AXIS2_PLACEMENT_3D ( 'NONE', #2894, #5457, #585 ) ;
#6284 = ORIENTED_EDGE ( 'NONE', *, *, #5080, .F. ) ;
#6285 = DIRECTION ( 'NONE',  ( -0.000000000000000000, 1.000000000000000000, -0.000000000000000000 ) ) ;
#6286 = VECTOR ( 'NONE', #6723, 1000.000000000000000 ) ;
#6287 = CARTESIAN_POINT ( 'NONE',  ( 224.4749999999999659, 9.791008272023223213, 48.69999999999996732 ) ) ;
#6288 = VERTEX_POINT ( 'NONE', #7340 ) ;
#6289 = CARTESIAN_POINT ( 'NONE',  ( 191.1750000000000114, 22.00000000000000000, 0.000000000000000000 ) ) ;
#6290 = CARTESIAN_POINT ( 'NONE',  ( 165.5250000000000909, 22.00000000000000000, 59.85000000000002274 ) ) ;
#6291 = VECTOR ( 'NONE', #6507, 1000.000000000000000 ) ;
#6292 = FACE_BOUND ( 'NONE', #4910, .T. ) ;
#6293 = AXIS2_PLACEMENT_3D ( 'NONE', #6758, #8087, #4243 ) ;
#6294 = DIRECTION ( 'NONE',  ( -0.000000000000000000, -1.000000000000000000, -0.000000000000000000 ) ) ;
#6295 = ORIENTED_EDGE ( 'NONE', *, *, #3464, .F. ) ;
#6296 = CYLINDRICAL_SURFACE ( 'NONE', #2015, 4.999999999999997335 ) ;
#6297 = ORIENTED_EDGE ( 'NONE', *, *, #5080, .T. ) ;
#6298 = CARTESIAN_POINT ( 'NONE',  ( 219.4749999999999659, 22.00000000000000000, -24.90000000000011582 ) ) ;
#6299 = VECTOR ( 'NONE', #6839, 1000.000000000000000 ) ;
#6300 = DIRECTION ( 'NONE',  ( -6.014860898391699739E-17, 0.8660254037844430375, -0.4999999999999925060 ) ) ;
#6301 = EDGE_CURVE ( 'NONE', #3735, #4809, #1433, .T. ) ;
#6302 = ADVANCED_FACE ( 'NONE', ( #7299 ), #188, .F. ) ;
#6303 = VECTOR ( 'NONE', #2643, 1000.000000000000000 ) ;
#6304 = CIRCLE ( 'NONE', #2433, 1.250000000000001110 ) ;
#6305 = MECHANICAL_DESIGN_GEOMETRIC_PRESENTATION_REPRESENTATION (  '', ( #4961 ), #7638 ) ;
#6306 = SURFACE_STYLE_USAGE ( .BOTH. , #1859 ) ;
#6307 = DIRECTION ( 'NONE',  ( 0.000000000000000000, 0.000000000000000000, -1.000000000000000000 ) ) ;
#6308 = LINE ( 'NONE', #6349, #665 ) ;
#6309 = ORIENTED_EDGE ( 'NONE', *, *, #1979, .F. ) ;
#6310 = CARTESIAN_POINT ( 'NONE',  ( 202.8250000000000455, 11.99999999999999822, 49.95000000000000995 ) ) ;
#6311 = ORIENTED_EDGE ( 'NONE', *, *, #5496, .T. ) ;
#6312 = CARTESIAN_POINT ( 'NONE',  ( 191.1750000000000114, 11.99999999999999822, 1.250000000000001110 ) ) ;
#6313 = ORIENTED_EDGE ( 'NONE', *, *, #6408, .T. ) ;
#6314 = DIRECTION ( 'NONE',  ( 0.000000000000000000, -1.000000000000000000, -0.000000000000000000 ) ) ;
#6315 = AXIS2_PLACEMENT_3D ( 'NONE', #409, #4218, #3706 ) ;
#6316 = AXIS2_PLACEMENT_3D ( 'NONE', #3352, #5834, #2103 ) ;
#6317 = DIRECTION ( 'NONE',  ( 0.000000000000000000, -0.4999999999999926170, 0.8660254037844428154 ) ) ;
#6318 = EDGE_CURVE ( 'NONE', #3256, #697, #3437, .T. ) ;
#6319 = ADVANCED_FACE ( 'NONE', ( #5422 ), #5243, .F. ) ;
#6320 = AXIS2_PLACEMENT_3D ( 'NONE', #7219, #5923, #227 ) ;
#6321 = FACE_OUTER_BOUND ( 'NONE', #1634, .T. ) ;
#6322 = LINE ( 'NONE', #5694, #549 ) ;
#6323 = ORIENTED_EDGE ( 'NONE', *, *, #6619, .F. ) ;
#6324 = VERTEX_POINT ( 'NONE', #6632 ) ;
#6325 = VECTOR ( 'NONE', #3808, 1000.000000000000000 ) ;
#6326 = AXIS2_PLACEMENT_3D ( 'NONE', #2480, #3901, #3140 ) ;
#6327 = ADVANCED_FACE ( 'NONE', ( #2896 ), #7384, .F. ) ;
#6328 = AXIS2_PLACEMENT_3D ( 'NONE', #8231, #1875, #7111 ) ;
#6329 = EDGE_CURVE ( 'NONE', #3300, #3258, #2708, .T. ) ;
#6330 = ORIENTED_EDGE ( 'NONE', *, *, #6301, .T. ) ;
#6331 = CONICAL_SURFACE ( 'NONE', #4188, 1.649999999999984812, 1.029744258676650093 ) ;
#6332 = DIRECTION ( 'NONE',  ( 0.000000000000000000, 0.000000000000000000, 1.000000000000000000 ) ) ;
#6333 = DIRECTION ( 'NONE',  ( 0.000000000000000000, 0.000000000000000000, -1.000000000000000000 ) ) ;
#6334 = EDGE_LOOP ( 'NONE', ( #419, #8242, #4992 ) ) ;
#6335 = CARTESIAN_POINT ( 'NONE',  ( 241.9749999999999659, 0.000000000000000000, -64.00000000000000000 ) ) ;
#6336 = CARTESIAN_POINT ( 'NONE',  ( -188.6750000000000398, 22.00000000000000000, -5.899999999999841371 ) ) ;
#6337 = EDGE_CURVE ( 'NONE', #1334, #7653, #2237, .T. ) ;
#6338 = CARTESIAN_POINT ( 'NONE',  ( -216.9749999999999943, 4.000000000000000000, 38.70000000000005969 ) ) ;
#6339 = AXIS2_PLACEMENT_3D ( 'NONE', #8143, #5012, #7531 ) ;
#6340 = DIRECTION ( 'NONE',  ( -0.000000000000000000, -1.000000000000000000, -0.000000000000000000 ) ) ;
#6341 = ORIENTED_EDGE ( 'NONE', *, *, #2220, .T. ) ;
#6342 = CARTESIAN_POINT ( 'NONE',  ( 100.5249999999999488, 8.499999999999992895, 27.58433046974912628 ) ) ;
#6343 = ORIENTED_EDGE ( 'NONE', *, *, #3607, .T. ) ;
#6344 = DIRECTION ( 'NONE',  ( -0.000000000000000000, 1.000000000000000000, -0.000000000000000000 ) ) ;
#6345 = DIRECTION ( 'NONE',  ( 1.049727191138618572E-16, -0.5150380749100542666, 0.8571673007021122226 ) ) ;
#6346 = VECTOR ( 'NONE', #7950, 1000.000000000000227 ) ;
#6347 = AXIS2_PLACEMENT_3D ( 'NONE', #6048, #7375, #310 ) ;
#6348 = DIRECTION ( 'NONE',  ( 0.000000000000000000, 0.000000000000000000, -1.000000000000000000 ) ) ;
#6349 = CARTESIAN_POINT ( 'NONE',  ( -215.3250000000000455, 22.00000000000000000, -19.14999999999995950 ) ) ;
#6350 = ORIENTED_EDGE ( 'NONE', *, *, #7206, .T. ) ;
#6351 = LINE ( 'NONE', #1408, #3069 ) ;
#6352 = VERTEX_POINT ( 'NONE', #3400 ) ;
#6353 = CARTESIAN_POINT ( 'NONE',  ( -241.7250000000000796, 13.49999999999999822, 48.70000000000005969 ) ) ;
#6354 = EDGE_CURVE ( 'NONE', #5728, #7414, #8191, .T. ) ;
#6355 = VERTEX_POINT ( 'NONE', #6549 ) ;
#6356 = CARTESIAN_POINT ( 'NONE',  ( 234.1449999999999534, 10.99999999999998934, 53.85373296636841900 ) ) ;
#6357 = LINE ( 'NONE', #3964, #7873 ) ;
#6358 = CIRCLE ( 'NONE', #1407, 5.000000000000000888 ) ;
#6359 = LINE ( 'NONE', #7690, #5374 ) ;
#6360 = CARTESIAN_POINT ( 'NONE',  ( 224.4750000002990760, 10.55267798131079182, -48.94886546318419818 ) ) ;
#6361 = VERTEX_POINT ( 'NONE', #6716 ) ;
#6362 = DIRECTION ( 'NONE',  ( -1.000000000000000000, 0.000000000000000000, -0.000000000000000000 ) ) ;
#6363 = ORIENTED_EDGE ( 'NONE', *, *, #2005, .T. ) ;
#6364 = ORIENTED_EDGE ( 'NONE', *, *, #6329, .T. ) ;
#6365 = ADVANCED_FACE ( 'NONE', ( #8003 ), #4617, .F. ) ;
#6366 = VECTOR ( 'NONE', #2981, 1000.000000000000000 ) ;
#6367 = VECTOR ( 'NONE', #2849, 1000.000000000000000 ) ;
#6368 = ORIENTED_EDGE ( 'NONE', *, *, #4382, .T. ) ;
#6369 = LINE ( 'NONE', #7582, #7013 ) ;
#6370 = CARTESIAN_POINT ( 'NONE',  ( 219.4826772021489205, 10.79829039482906339, 53.70000000000000995 ) ) ;
#6371 = EDGE_CURVE ( 'NONE', #4797, #5826, #1773, .T. ) ;
#6372 = ORIENTED_EDGE ( 'NONE', *, *, #1141, .F. ) ;
#6373 = CARTESIAN_POINT ( 'NONE',  ( 219.4749999999999659, 13.49999999999999822, -59.85000000000002984 ) ) ;
#6374 = CYLINDRICAL_SURFACE ( 'NONE', #1304, 1.249999999999987121 ) ;
#6375 = VECTOR ( 'NONE', #6227, 1000.000000000000000 ) ;
#6376 = DIRECTION ( 'NONE',  ( -0.000000000000000000, 1.000000000000000000, -0.000000000000000000 ) ) ;
#6377 = CARTESIAN_POINT ( 'NONE',  ( 198.1750000000001251, 22.00000000000000000, 0.000000000000000000 ) ) ;
#6378 = ORIENTED_EDGE ( 'NONE', *, *, #4465, .F. ) ;
#6379 = CIRCLE ( 'NONE', #3008, 1.250000000000001110 ) ;
#6380 = CARTESIAN_POINT ( 'NONE',  ( 191.1750000000000114, 22.00000000000000000, 0.000000000000000000 ) ) ;
#6381 = EDGE_LOOP ( 'NONE', ( #529, #2954, #7432 ) ) ;
#6382 = EDGE_CURVE ( 'NONE', #4731, #207, #1242, .T. ) ;
#6383 = FACE_OUTER_BOUND ( 'NONE', #7859, .T. ) ;
#6384 = ADVANCED_FACE ( 'NONE', ( #8044 ), #6066, .F. ) ;
#6385 = FACE_OUTER_BOUND ( 'NONE', #1280, .T. ) ;
#6386 = AXIS2_PLACEMENT_3D ( 'NONE', #2603, #4442, #2446 ) ;
#6387 = DIRECTION ( 'NONE',  ( -0.000000000000000000, 1.000000000000000000, -0.000000000000000000 ) ) ;
#6388 = DIRECTION ( 'NONE',  ( 0.000000000000000000, 0.5150380749100580413, 0.8571673007021101132 ) ) ;
#6389 = LINE ( 'NONE', #5087, #7356 ) ;
#6390 = EDGE_LOOP ( 'NONE', ( #217, #5467, #7916, #7747 ) ) ;
#6391 = CARTESIAN_POINT ( 'NONE',  ( 100.5249999999999488, -1.402220585023716934E-15, 27.58433046974912628 ) ) ;
#6392 = ORIENTED_EDGE ( 'NONE', *, *, #6585, .T. ) ;
#6393 = DIRECTION ( 'NONE',  ( -0.000000000000000000, 1.000000000000000000, -0.000000000000000000 ) ) ;
#6394 = ORIENTED_EDGE ( 'NONE', *, *, #2990, .F. ) ;
#6395 = DIRECTION ( 'NONE',  ( -0.000000000000000000, -1.000000000000000000, -0.000000000000000000 ) ) ;
#6396 = AXIS2_PLACEMENT_3D ( 'NONE', #539, #8201, #3805 ) ;
#6397 = CARTESIAN_POINT ( 'NONE',  ( -203.6750000000000398, 4.000000000000000000, 17.90000000000004832 ) ) ;
#6398 = VECTOR ( 'NONE', #3989, 1000.000000000000000 ) ;
#6399 = CARTESIAN_POINT ( 'NONE',  ( -174.4749999999999375, 22.00000000000000000, 59.85000000000006537 ) ) ;
#6400 = DIRECTION ( 'NONE',  ( 0.000000000000000000, 0.000000000000000000, -1.000000000000000000 ) ) ;
#6401 = ORIENTED_EDGE ( 'NONE', *, *, #829, .F. ) ;
#6402 = LINE ( 'NONE', #3888, #1357 ) ;
#6403 = ORIENTED_EDGE ( 'NONE', *, *, #218, .T. ) ;
#6404 = ORIENTED_EDGE ( 'NONE', *, *, #751, .T. ) ;
#6405 = VECTOR ( 'NONE', #6951, 1000.000000000000000 ) ;
#6406 = VECTOR ( 'NONE', #481, 1000.000000000000000 ) ;
#6407 = CARTESIAN_POINT ( 'NONE',  ( 244.4749999999999659, 10.99999999999998757, 46.20000000000000284 ) ) ;
#6408 = EDGE_CURVE ( 'NONE', #318, #7720, #1684, .T. ) ;
#6409 = EDGE_CURVE ( 'NONE', #6117, #2364, #1103, .T. ) ;
#6410 = VECTOR ( 'NONE', #1081, 1000.000000000000000 ) ;
#6411 = CARTESIAN_POINT ( 'NONE',  ( 227.0949999999999704, 10.99999999999998757, 39.06260000000000332 ) ) ;
#6412 = VERTEX_POINT ( 'NONE', #6171 ) ;
#6413 = DIRECTION ( 'NONE',  ( -0.000000000000000000, 1.000000000000000000, -0.000000000000000000 ) ) ;
#6414 = DIRECTION ( 'NONE',  ( 1.049727191138618449E-16, 0.5150380749100544886, -0.8571673007021121116 ) ) ;
#6415 = CONICAL_SURFACE ( 'NONE', #1329, 1.250000000000001110, 1.029744258676654090 ) ;
#6416 = ORIENTED_EDGE ( 'NONE', *, *, #375, .F. ) ;
#6417 = DIRECTION ( 'NONE',  ( -0.000000000000000000, -1.000000000000000000, -0.000000000000000000 ) ) ;
#6418 = VECTOR ( 'NONE', #2411, 1000.000000000000114 ) ;
#6419 = DIRECTION ( 'NONE',  ( 0.000000000000000000, 0.000000000000000000, 1.000000000000000000 ) ) ;
#6420 = EDGE_CURVE ( 'NONE', #6061, #2717, #3689, .T. ) ;
#6421 = AXIS2_PLACEMENT_3D ( 'NONE', #3363, #5931, #1020 ) ;
#6422 = DIRECTION ( 'NONE',  ( 0.000000000000000000, 0.000000000000000000, 1.000000000000000000 ) ) ;
#6423 = CIRCLE ( 'NONE', #7082, 1.250000000000001110 ) ;
#6424 = DIRECTION ( 'NONE',  ( 0.000000000000000000, 0.4999999999999913403, 0.8660254037844435926 ) ) ;
#6425 = VERTEX_POINT ( 'NONE', #3727 ) ;
#6426 = CARTESIAN_POINT ( 'NONE',  ( -191.9750000000000227, 0.000000000000000000, 28.83433046974914760 ) ) ;
#6427 = ORIENTED_EDGE ( 'NONE', *, *, #8205, .T. ) ;
#6428 = DIRECTION ( 'NONE',  ( -0.000000000000000000, -1.000000000000000000, -0.000000000000000000 ) ) ;
#6429 = VECTOR ( 'NONE', #7387, 1000.000000000000000 ) ;
#6430 = CARTESIAN_POINT ( 'NONE',  ( 0.000000000000000000, 4.000000000000000000, 0.000000000000000000 ) ) ;
#6431 = AXIS2_PLACEMENT_3D ( 'NONE', #7308, #5296, #6062 ) ;
#6432 = EDGE_CURVE ( 'NONE', #4079, #4599, #833, .T. ) ;
#6433 = DIRECTION ( 'NONE',  ( 0.000000000000000000, 0.000000000000000000, 1.000000000000000000 ) ) ;
#6434 = ADVANCED_FACE ( 'NONE', ( #7466 ), #1725, .F. ) ;
#6435 = CARTESIAN_POINT ( 'NONE',  ( -203.6750000000000398, 13.49999999999999822, -30.79999999999997939 ) ) ;
#6436 = CARTESIAN_POINT ( 'NONE',  ( 239.4749999999999659, 22.00000000000000000, -60.64999999999993463 ) ) ;
#6437 = ORIENTED_EDGE ( 'NONE', *, *, #5562, .T. ) ;
#6438 = CIRCLE ( 'NONE', #4687, 5.000000000000000888 ) ;
#6439 = DIRECTION ( 'NONE',  ( 0.000000000000000000, 0.5150380749100544886, 0.8571673007021121116 ) ) ;
#6440 = ORIENTED_EDGE ( 'NONE', *, *, #589, .T. ) ;
#6441 = CYLINDRICAL_SURFACE ( 'NONE', #5565, 1.250000000000001110 ) ;
#6442 = ORIENTED_EDGE ( 'NONE', *, *, #4383, .F. ) ;
#6443 = LINE ( 'NONE', #3834, #1909 ) ;
#6444 = DIRECTION ( 'NONE',  ( 0.000000000000000000, 1.000000000000000000, -0.000000000000000000 ) ) ;
#6445 = CONICAL_SURFACE ( 'NONE', #5774, 2.999999999999891642, 1.047197551196605181 ) ;
#6446 = AXIS2_PLACEMENT_3D ( 'NONE', #4371, #5639, #6433 ) ;
#6447 = EDGE_CURVE ( 'NONE', #5539, #4605, #2444, .T. ) ;
#6448 = CARTESIAN_POINT ( 'NONE',  ( 196.1750000000000114, -0.001999999999998530731, 53.69999999999999574 ) ) ;
#6449 = DIRECTION ( 'NONE',  ( 0.5150380749100526012, 1.049727191138619805E-16, 0.8571673007021132218 ) ) ;
#6450 = VERTEX_POINT ( 'NONE', #6887 ) ;
#6451 = DIRECTION ( 'NONE',  ( 0.000000000000000000, 0.5150380749100536004, 0.8571673007021125557 ) ) ;
#6452 = ORIENTED_EDGE ( 'NONE', *, *, #1948, .T. ) ;
#6453 = AXIS2_PLACEMENT_3D ( 'NONE', #330, #2877, #827 ) ;
#6454 = EDGE_LOOP ( 'NONE', ( #6442, #6721, #1988, #3468 ) ) ;
#6455 = CIRCLE ( 'NONE', #431, 1.250000000000001110 ) ;
#6456 = LINE ( 'NONE', #4562, #3835 ) ;
#6457 = ORIENTED_EDGE ( 'NONE', *, *, #929, .F. ) ;
#6458 = DIRECTION ( 'NONE',  ( -0.000000000000000000, 1.000000000000000000, -0.000000000000000000 ) ) ;
#6459 = DIRECTION ( 'NONE',  ( 0.000000000000000000, 0.000000000000000000, -1.000000000000000000 ) ) ;
#6460 = EDGE_LOOP ( 'NONE', ( #5532, #2773 ) ) ;
#6461 = EDGE_CURVE ( 'NONE', #5994, #5055, #2398, .T. ) ;
#6462 = PRODUCT_DEFINITION_SHAPE ( 'NONE', 'NONE',  #5591 ) ;
#6463 = AXIS2_PLACEMENT_3D ( 'NONE', #6127, #389, #4865 ) ;
#6464 = CARTESIAN_POINT ( 'NONE',  ( 234.1449999999999534, 10.99999999999998757, 46.20000000000000284 ) ) ;
#6465 = DIRECTION ( 'NONE',  ( -0.000000000000000000, -1.000000000000000000, -0.000000000000000000 ) ) ;
#6466 = DIRECTION ( 'NONE',  ( 0.000000000000000000, -1.000000000000000000, 0.000000000000000000 ) ) ;
#6467 = FACE_OUTER_BOUND ( 'NONE', #8235, .T. ) ;
#6468 = VERTEX_POINT ( 'NONE', #8121 ) ;
#6469 = ORIENTED_EDGE ( 'NONE', *, *, #3892, .T. ) ;
#6470 = DIRECTION ( 'NONE',  ( 0.000000000000000000, -1.000000000000000000, -0.000000000000000000 ) ) ;
#6471 = VERTEX_POINT ( 'NONE', #7381 ) ;
#6472 = EDGE_CURVE ( 'NONE', #3510, #1385, #5504, .T. ) ;
#6473 = DIRECTION ( 'NONE',  ( -0.000000000000000000, -1.000000000000000000, -0.000000000000000000 ) ) ;
#6474 = EDGE_CURVE ( 'NONE', #579, #1636, #6590, .T. ) ;
#6475 = CIRCLE ( 'NONE', #7273, 1.250000000000001110 ) ;
#6476 = LINE ( 'NONE', #2572, #1042 ) ;
#6477 = AXIS2_PLACEMENT_3D ( 'NONE', #7265, #1525, #5333 ) ;
#6478 = CARTESIAN_POINT ( 'NONE',  ( -210.6750000000001819, 22.00000000000000000, 0.000000000000000000 ) ) ;
#6479 = DIRECTION ( 'NONE',  ( -0.000000000000000000, 1.000000000000000000, -0.000000000000000000 ) ) ;
#6480 = DIRECTION ( 'NONE',  ( 0.000000000000000000, 1.000000000000000000, -0.000000000000000000 ) ) ;
#6481 = ORIENTED_EDGE ( 'NONE', *, *, #3712, .F. ) ;
#6482 = LINE ( 'NONE', #3284, #5620 ) ;
#6483 = EDGE_LOOP ( 'NONE', ( #8015, #495 ) ) ;
#6484 = CARTESIAN_POINT ( 'NONE',  ( -188.6750000000000398, 22.00000000000000000, 5.899999999999933742 ) ) ;
#6485 = ORIENTED_EDGE ( 'NONE', *, *, #6932, .F. ) ;
#6486 = CYLINDRICAL_SURFACE ( 'NONE', #5527, 1.649999999999984812 ) ;
#6487 = EDGE_CURVE ( 'NONE', #5075, #3678, #5791, .T. ) ;
#6488 = DIRECTION ( 'NONE',  ( -0.000000000000000000, 1.000000000000000000, -0.000000000000000000 ) ) ;
#6489 = DIRECTION ( 'NONE',  ( -0.000000000000000000, 1.000000000000000000, -0.000000000000000000 ) ) ;
#6490 = CARTESIAN_POINT ( 'NONE',  ( -174.4749999999999943, 12.74892422621554644, 30.80000000000003624 ) ) ;
#6491 = ORIENTED_EDGE ( 'NONE', *, *, #2928, .T. ) ;
#6492 = DIRECTION ( 'NONE',  ( -0.000000000000000000, 1.000000000000000000, -0.000000000000000000 ) ) ;
#6493 = ORIENTED_EDGE ( 'NONE', *, *, #4016, .F. ) ;
#6494 = EDGE_LOOP ( 'NONE', ( #7475, #3671, #1289 ) ) ;
#6495 = ADVANCED_FACE ( 'NONE', ( #6249 ), #505, .F. ) ;
#6496 = CARTESIAN_POINT ( 'NONE',  ( -188.6750000000000398, 20.84529946162070502, 7.900000000000047429 ) ) ;
#6497 = ORIENTED_EDGE ( 'NONE', *, *, #6114, .T. ) ;
#6498 = CARTESIAN_POINT ( 'NONE',  ( -215.3250000000000455, 22.00000000000000000, 16.65000000000004832 ) ) ;
#6499 = DIRECTION ( 'NONE',  ( 0.000000000000000000, 0.000000000000000000, -1.000000000000000000 ) ) ;
#6500 = VERTEX_POINT ( 'NONE', #4358 ) ;
#6501 = DIRECTION ( 'NONE',  ( 0.000000000000000000, 0.000000000000000000, 1.000000000000000000 ) ) ;
#6502 = VECTOR ( 'NONE', #7915, 1000.000000000000000 ) ;
#6503 = DIRECTION ( 'NONE',  ( -1.000000000000000000, 0.000000000000000000, -0.000000000000000000 ) ) ;
#6504 = DIRECTION ( 'NONE',  ( 0.000000000000000000, -0.4999999999999939493, 0.8660254037844420383 ) ) ;
#6505 = ORIENTED_EDGE ( 'NONE', *, *, #3872, .F. ) ;
#6506 = ORIENTED_EDGE ( 'NONE', *, *, #3450, .T. ) ;
#6507 = DIRECTION ( 'NONE',  ( 1.049727191138618449E-16, 0.5150380749100544886, -0.8571673007021121116 ) ) ;
#6508 = ORIENTED_EDGE ( 'NONE', *, *, #2447, .F. ) ;
#6509 = DIRECTION ( 'NONE',  ( 0.000000000000000000, 0.000000000000000000, -1.000000000000000000 ) ) ;
#6510 = DIRECTION ( 'NONE',  ( 1.000000000000000000, -0.000000000000000000, -0.000000000000000000 ) ) ;
#6511 = EDGE_CURVE ( 'NONE', #4140, #3436, #970, .T. ) ;
#6512 = CARTESIAN_POINT ( 'NONE',  ( -191.9749999999999943, 8.499999999999992895, -32.76566953025085382 ) ) ;
#6513 = EDGE_CURVE ( 'NONE', #3679, #740, #3238, .T. ) ;
#6514 = DIRECTION ( 'NONE',  ( -0.000000000000000000, 1.000000000000000000, -0.000000000000000000 ) ) ;
#6515 = CARTESIAN_POINT ( 'NONE',  ( 3.024999999999999911, 8.499999999999992895, -34.01566953025086093 ) ) ;
#6516 = ORIENTED_EDGE ( 'NONE', *, *, #5873, .T. ) ;
#6517 = DIRECTION ( 'NONE',  ( 0.000000000000000000, 0.000000000000000000, 1.000000000000000000 ) ) ;
#6518 = ORIENTED_EDGE ( 'NONE', *, *, #2382, .T. ) ;
#6519 = CARTESIAN_POINT ( 'NONE',  ( 224.4749999999999659, 4.000000000000000000, 7.899999999999997691 ) ) ;
#6520 = ORIENTED_EDGE ( 'NONE', *, *, #2293, .T. ) ;
#6521 = CIRCLE ( 'NONE', #2899, 1.649999999999984812 ) ;
#6522 = FACE_OUTER_BOUND ( 'NONE', #5867, .T. ) ;
#6523 = FACE_OUTER_BOUND ( 'NONE', #6627, .T. ) ;
#6524 = ADVANCED_FACE ( 'NONE', ( #2277 ), #4821, .F. ) ;
#6525 = DIRECTION ( 'NONE',  ( -0.000000000000000000, 1.000000000000000000, -0.000000000000000000 ) ) ;
#6526 = DIRECTION ( 'NONE',  ( 0.000000000000000000, 0.000000000000000000, 1.000000000000000000 ) ) ;
#6527 = ORIENTED_EDGE ( 'NONE', *, *, #3590, .T. ) ;
#6528 = CARTESIAN_POINT ( 'NONE',  ( 198.0250000000000057, 0.000000000000000000, -32.76566953025089646 ) ) ;
#6529 = ORIENTED_EDGE ( 'NONE', *, *, #2897, .F. ) ;
#6530 = CIRCLE ( 'NONE', #7324, 1.250000000000001110 ) ;
#6531 = EDGE_LOOP ( 'NONE', ( #4541, #7102, #5779, #5183 ) ) ;
#6532 = AXIS2_PLACEMENT_3D ( 'NONE', #7033, #1296, #1959 ) ;
#6533 = ADVANCED_FACE ( 'NONE', ( #7003 ), #4984, .F. ) ;
#6534 = EDGE_CURVE ( 'NONE', #6170, #5105, #2045, .T. ) ;
#6535 = FACE_OUTER_BOUND ( 'NONE', #2067, .T. ) ;
#6536 = AXIS2_PLACEMENT_3D ( 'NONE', #6430, #3237, #6972 ) ;
#6537 = ORIENTED_EDGE ( 'NONE', *, *, #5775, .F. ) ;
#6538 = DIRECTION ( 'NONE',  ( 0.000000000000000000, 0.000000000000000000, 1.000000000000000000 ) ) ;
#6539 = ORIENTED_EDGE ( 'NONE', *, *, #1979, .T. ) ;
#6540 = DIRECTION ( 'NONE',  ( 0.000000000000000000, 0.5150380749100544886, 0.8571673007021121116 ) ) ;
#6541 = AXIS2_PLACEMENT_3D ( 'NONE', #6901, #1154, #6939 ) ;
#6542 = CARTESIAN_POINT ( 'NONE',  ( 3.024999999999999911, -1.402220585023716934E-15, -31.51566953025088935 ) ) ;
#6543 = EDGE_LOOP ( 'NONE', ( #2350, #1568 ) ) ;
#6544 = DIRECTION ( 'NONE',  ( 0.000000000000000000, 0.000000000000000000, -1.000000000000000000 ) ) ;
#6545 = ORIENTED_EDGE ( 'NONE', *, *, #2484, .F. ) ;
#6546 = DIRECTION ( 'NONE',  ( -0.000000000000000000, -1.000000000000000000, -0.000000000000000000 ) ) ;
#6547 = AXIS2_PLACEMENT_3D ( 'NONE', #7190, #7313, #6608 ) ;
#6548 = ORIENTED_EDGE ( 'NONE', *, *, #8059, .F. ) ;
#6549 = CARTESIAN_POINT ( 'NONE',  ( -241.7250000000000796, 12.74892422621554822, -48.70000000000005969 ) ) ;
#6550 = DIRECTION ( 'NONE',  ( 0.000000000000000000, 0.000000000000000000, 1.000000000000000000 ) ) ;
#6551 = VECTOR ( 'NONE', #5043, 1000.000000000000000 ) ;
#6552 = CIRCLE ( 'NONE', #1598, 1.250000000000001110 ) ;
#6553 = DIRECTION ( 'NONE',  ( -0.000000000000000000, 1.000000000000000000, -0.000000000000000000 ) ) ;
#6554 = CARTESIAN_POINT ( 'NONE',  ( 191.1750000000000114, 22.00000000000000000, -1.250000000000001110 ) ) ;
#6555 = DIRECTION ( 'NONE',  ( 1.049727191138618942E-16, 0.5150380749100536004, -0.8571673007021125557 ) ) ;
#6556 = ORIENTED_EDGE ( 'NONE', *, *, #6872, .T. ) ;
#6557 = FACE_BOUND ( 'NONE', #6991, .T. ) ;
#6558 = ORIENTED_EDGE ( 'NONE', *, *, #76, .F. ) ;
#6559 = DIRECTION ( 'NONE',  ( 0.000000000000000000, 0.000000000000000000, 1.000000000000000000 ) ) ;
#6560 = VERTEX_POINT ( 'NONE', #5748 ) ;
#6561 = CIRCLE ( 'NONE', #670, 1.250000000000001110 ) ;
#6562 = LINE ( 'NONE', #5175, #7537 ) ;
#6563 = VECTOR ( 'NONE', #816, 1000.000000000000114 ) ;
#6564 = EDGE_CURVE ( 'NONE', #5696, #333, #7585, .T. ) ;
#6565 = CARTESIAN_POINT ( 'NONE',  ( -241.7250000000000796, 13.49999999999999822, -47.45000000000005969 ) ) ;
#6566 = EDGE_CURVE ( 'NONE', #7347, #7618, #626, .T. ) ;
#6567 = AXIS2_PLACEMENT_3D ( 'NONE', #1518, #186, #4066 ) ;
#6568 = DIRECTION ( 'NONE',  ( 0.000000000000000000, 0.000000000000000000, 1.000000000000000000 ) ) ;
#6569 = CARTESIAN_POINT ( 'NONE',  ( 224.4750000000000227, 12.20899172797666488, -53.70000000000000284 ) ) ;
#6570 = VERTEX_POINT ( 'NONE', #4480 ) ;
#6571 = DIRECTION ( 'NONE',  ( -0.000000000000000000, 1.000000000000000000, -0.000000000000000000 ) ) ;
#6572 = CONICAL_SURFACE ( 'NONE', #6293, 1.250000000000001110, 1.029744258676655200 ) ;
#6573 = EDGE_LOOP ( 'NONE', ( #842, #96, #2509 ) ) ;
#6574 = ORIENTED_EDGE ( 'NONE', *, *, #3138, .T. ) ;
#6575 = CARTESIAN_POINT ( 'NONE',  ( -203.6750000000000398, 22.00000000000000000, 17.90000000000004832 ) ) ;
#6576 = EDGE_CURVE ( 'NONE', #5268, #6232, #3176, .T. ) ;
#6577 = EDGE_CURVE ( 'NONE', #5524, #6149, #4440, .T. ) ;
#6578 = VECTOR ( 'NONE', #7904, 1000.000000000000114 ) ;
#6579 = CIRCLE ( 'NONE', #6177, 5.000000000000000000 ) ;
#6580 = CARTESIAN_POINT ( 'NONE',  ( 229.9750000000001080, 13.49999999999999822, -35.99999999999995026 ) ) ;
#6581 = VERTEX_POINT ( 'NONE', #7078 ) ;
#6582 = DIRECTION ( 'NONE',  ( -0.000000000000000000, 1.000000000000000000, -0.000000000000000000 ) ) ;
#6583 = ORIENTED_EDGE ( 'NONE', *, *, #34, .F. ) ;
#6584 = ADVANCED_FACE ( 'NONE', ( #1887 ), #7651, .F. ) ;
#6585 = EDGE_CURVE ( 'NONE', #697, #8084, #3773, .T. ) ;
#6586 = CARTESIAN_POINT ( 'NONE',  ( 204.4750000000000227, 4.000000000000000000, -7.900000000000002132 ) ) ;
#6587 = DIRECTION ( 'NONE',  ( -0.000000000000000000, 1.000000000000000000, -0.000000000000000000 ) ) ;
#6588 = EDGE_LOOP ( 'NONE', ( #7705, #7993, #6920, #3832 ) ) ;
#6589 = DIRECTION ( 'NONE',  ( -0.000000000000000000, 1.000000000000000000, -0.000000000000000000 ) ) ;
#6590 = CIRCLE ( 'NONE', #3375, 2.776987756241696026 ) ;
#6591 = ORIENTED_EDGE ( 'NONE', *, *, #4913, .T. ) ;
#6592 = CARTESIAN_POINT ( 'NONE',  ( 216.9749999999999943, 13.49999999999999822, 58.60000000000005826 ) ) ;
#6593 = ORIENTED_EDGE ( 'NONE', *, *, #6947, .T. ) ;
#6594 = DIRECTION ( 'NONE',  ( -0.000000000000000000, -1.000000000000000000, -0.000000000000000000 ) ) ;
#6595 = ADVANCED_FACE ( 'NONE', ( #587 ), #7625, .F. ) ;
#6596 = CARTESIAN_POINT ( 'NONE',  ( -231.9750000000000512, 4.000000000000000000, -53.69999999999994600 ) ) ;
#6597 = ADVANCED_FACE ( 'NONE', ( #5707 ), #1643, .F. ) ;
#6598 = VECTOR ( 'NONE', #5976, 1000.000000000000000 ) ;
#6599 = DIRECTION ( 'NONE',  ( -0.000000000000000000, 1.000000000000000000, -0.000000000000000000 ) ) ;
#6600 = CARTESIAN_POINT ( 'NONE',  ( 198.0249999999999773, 8.499999999999992895, 28.83433046974910141 ) ) ;
#6601 = CARTESIAN_POINT ( 'NONE',  ( -210.6750000000001819, 22.00000000000000000, -17.89999999999995595 ) ) ;
#6602 = ORIENTED_EDGE ( 'NONE', *, *, #3346, .T. ) ;
#6603 = CARTESIAN_POINT ( 'NONE',  ( 165.5250000000000341, 22.00000000000000000, -32.05000000000001847 ) ) ;
#6604 = ORIENTED_EDGE ( 'NONE', *, *, #5616, .F. ) ;
#6605 = CARTESIAN_POINT ( 'NONE',  ( -238.9750000000001648, 22.00000000000000000, -48.69999999999995310 ) ) ;
#6606 = VERTEX_POINT ( 'NONE', #7667 ) ;
#6607 = LINE ( 'NONE', #7274, #6732 ) ;
#6608 = DIRECTION ( 'NONE',  ( 0.000000000000000000, 0.000000000000000000, -1.000000000000000000 ) ) ;
#6609 = ADVANCED_FACE ( 'NONE', ( #4441 ), #7926, .F. ) ;
#6610 = DIRECTION ( 'NONE',  ( -0.000000000000000000, 1.000000000000000000, -0.000000000000000000 ) ) ;
#6611 = CARTESIAN_POINT ( 'NONE',  ( 224.4749999999999659, 12.20899172797666488, -48.70000000000000995 ) ) ;
#6612 = ORIENTED_EDGE ( 'NONE', *, *, #7863, .T. ) ;
#6613 = CIRCLE ( 'NONE', #3792, 5.000000000000000888 ) ;
#6614 = CARTESIAN_POINT ( 'NONE',  ( -241.9749999999999943, 22.00000000000000000, 61.50000000000005684 ) ) ;
#6615 = ORIENTED_EDGE ( 'NONE', *, *, #1544, .F. ) ;
#6616 = ORIENTED_EDGE ( 'NONE', *, *, #2227, .F. ) ;
#6617 = DIRECTION ( 'NONE',  ( -0.000000000000000000, 1.000000000000000000, -0.000000000000000000 ) ) ;
#6618 = ADVANCED_FACE ( 'NONE', ( #4397 ), #1377, .T. ) ;
#6619 = EDGE_CURVE ( 'NONE', #7098, #1932, #3592, .T. ) ;
#6620 = DIRECTION ( 'NONE',  ( 0.000000000000000000, 0.000000000000000000, 1.000000000000000000 ) ) ;
#6621 = ORIENTED_EDGE ( 'NONE', *, *, #5978, .T. ) ;
#6622 = DIRECTION ( 'NONE',  ( -0.000000000000000000, 1.000000000000000000, -0.000000000000000000 ) ) ;
#6623 = ORIENTED_EDGE ( 'NONE', *, *, #2672, .T. ) ;
#6624 = LINE ( 'NONE', #5240, #371 ) ;
#6625 = DIRECTION ( 'NONE',  ( -0.000000000000000000, 1.000000000000000000, -0.000000000000000000 ) ) ;
#6626 = ADVANCED_FACE ( 'NONE', ( #4977 ), #7738, .T. ) ;
#6627 = EDGE_LOOP ( 'NONE', ( #6083, #7196, #427 ) ) ;
#6628 = LINE ( 'NONE', #3983, #7380 ) ;
#6629 = ORIENTED_EDGE ( 'NONE', *, *, #5489, .F. ) ;
#6630 = LINE ( 'NONE', #311, #7099 ) ;
#6631 = ORIENTED_EDGE ( 'NONE', *, *, #1490, .T. ) ;
#6632 = CARTESIAN_POINT ( 'NONE',  ( -4.474999999999979217, 22.00000000000000000, -61.10000000000002274 ) ) ;
#6633 = AXIS2_PLACEMENT_3D ( 'NONE', #1732, #6096, #1775 ) ;
#6634 = FACE_BOUND ( 'NONE', #4508, .T. ) ;
#6635 = CARTESIAN_POINT ( 'NONE',  ( -174.4749999999999375, 13.49999999999999822, 61.10000000000006537 ) ) ;
#6636 = PLANE ( 'NONE',  #5745 ) ;
#6637 = EDGE_CURVE ( 'NONE', #374, #7685, #7069, .T. ) ;
#6638 = CARTESIAN_POINT ( 'NONE',  ( -4.474999999999923261, 22.00000000000000000, 59.85000000000004405 ) ) ;
#6639 = ORIENTED_EDGE ( 'NONE', *, *, #3699, .T. ) ;
#6640 = CARTESIAN_POINT ( 'NONE',  ( -174.4749999999999943, 22.00000000000000000, 30.80000000000003624 ) ) ;
#6641 = EDGE_LOOP ( 'NONE', ( #8175, #1371, #6527 ) ) ;
#6642 = DIRECTION ( 'NONE',  ( -0.000000000000000000, 1.000000000000000000, -0.000000000000000000 ) ) ;
#6643 = CARTESIAN_POINT ( 'NONE',  ( 244.4749999999999659, 10.99999999999998757, -46.20000000000000284 ) ) ;
#6644 = FACE_OUTER_BOUND ( 'NONE', #4456, .T. ) ;
#6645 = DIRECTION ( 'NONE',  ( 0.000000000000000000, 0.000000000000000000, 1.000000000000000000 ) ) ;
#6646 = CARTESIAN_POINT ( 'NONE',  ( -94.47500000000003695, 0.000000000000000000, 27.58433046974915115 ) ) ;
#6647 = ORIENTED_EDGE ( 'NONE', *, *, #7737, .T. ) ;
#6648 = DIRECTION ( 'NONE',  ( 1.000000000000000000, -0.000000000000000000, -0.000000000000000000 ) ) ;
#6649 = ORIENTED_EDGE ( 'NONE', *, *, #4023, .T. ) ;
#6650 = DIRECTION ( 'NONE',  ( -1.000000000000000000, 0.000000000000000000, 1.202972179678357944E-16 ) ) ;
#6651 = VERTEX_POINT ( 'NONE', #6824 ) ;
#6652 = FACE_OUTER_BOUND ( 'NONE', #4471, .T. ) ;
#6653 = AXIS2_PLACEMENT_3D ( 'NONE', #8244, #3141, #5070 ) ;
#6654 = DIRECTION ( 'NONE',  ( 0.000000000000000000, 0.000000000000000000, -1.000000000000000000 ) ) ;
#6655 = VERTEX_POINT ( 'NONE', #5528 ) ;
#6656 = VERTEX_POINT ( 'NONE', #3126 ) ;
#6657 = DIRECTION ( 'NONE',  ( -0.000000000000000000, 1.000000000000000000, -0.000000000000000000 ) ) ;
#6658 = ORIENTED_EDGE ( 'NONE', *, *, #4340, .T. ) ;
#6659 = EDGE_CURVE ( 'NONE', #8084, #4730, #4889, .T. ) ;
#6660 = CARTESIAN_POINT ( 'NONE',  ( 239.4749999999999659, 22.00000000000000000, -57.34999999999996589 ) ) ;
#6661 = EDGE_CURVE ( 'NONE', #7720, #826, #1710, .T. ) ;
#6662 = AXIS2_PLACEMENT_3D ( 'NONE', #2492, #5038, #1230 ) ;
#6663 = LINE ( 'NONE', #2855, #4183 ) ;
#6664 = EDGE_LOOP ( 'NONE', ( #1804, #1746, #2431, #6372, #185 ) ) ;
#6665 = DIRECTION ( 'NONE',  ( 0.000000000000000000, 0.000000000000000000, 1.000000000000000000 ) ) ;
#6666 = ORIENTED_EDGE ( 'NONE', *, *, #4913, .F. ) ;
#6667 = DIRECTION ( 'NONE',  ( 0.000000000000000000, -0.5150380749100585964, -0.8571673007021097801 ) ) ;
#6668 = ORIENTED_EDGE ( 'NONE', *, *, #4232, .F. ) ;
#6669 = DIRECTION ( 'NONE',  ( 0.000000000000000000, 0.000000000000000000, 1.000000000000000000 ) ) ;
#6670 = FACE_BOUND ( 'NONE', #8054, .T. ) ;
#6671 = ADVANCED_FACE ( 'NONE', ( #1085 ), #390, .F. ) ;
#6672 = CONICAL_SURFACE ( 'NONE', #7871, 1.649999999999984812, 1.029744258676650093 ) ;
#6673 = DIRECTION ( 'NONE',  ( 1.000000000000000000, -0.000000000000000000, -0.000000000000000000 ) ) ;
#6674 = CONICAL_SURFACE ( 'NONE', #6011, 1.250000000000001110, 1.029744258676654090 ) ;
#6675 = CARTESIAN_POINT ( 'NONE',  ( -174.4749999999999375, 13.49999999999999822, 61.10000000000006537 ) ) ;
#6676 = CARTESIAN_POINT ( 'NONE',  ( 196.1750000000000114, 20.84529946162070502, 48.70000000000001705 ) ) ;
#6677 = ORIENTED_EDGE ( 'NONE', *, *, #5220, .T. ) ;
#6678 = DIRECTION ( 'NONE',  ( 0.000000000000000000, 0.000000000000000000, -1.000000000000000000 ) ) ;
#6679 = EDGE_LOOP ( 'NONE', ( #3726, #6631, #226, #4229 ) ) ;
#6680 = DIRECTION ( 'NONE',  ( -0.000000000000000000, -1.000000000000000000, -0.000000000000000000 ) ) ;
#6681 = AXIS2_PLACEMENT_3D ( 'NONE', #6435, #1982, #4539 ) ;
#6682 = DIRECTION ( 'NONE',  ( 0.000000000000000000, -0.4999999999999926170, -0.8660254037844428154 ) ) ;
#6683 = AXIS2_PLACEMENT_3D ( 'NONE', #2167, #6017, #818 ) ;
#6684 = LINE ( 'NONE', #6565, #3980 ) ;
#6685 = VECTOR ( 'NONE', #3725, 1000.000000000000000 ) ;
#6686 = EDGE_CURVE ( 'NONE', #6655, #3743, #3638, .T. ) ;
#6687 = LINE ( 'NONE', #1620, #1722 ) ;
#6688 = CYLINDRICAL_SURFACE ( 'NONE', #2768, 1.250000000000001110 ) ;
#6689 = ORIENTED_EDGE ( 'NONE', *, *, #6900, .T. ) ;
#6690 = AXIS2_PLACEMENT_3D ( 'NONE', #938, #1570, #1529 ) ;
#6691 = DIRECTION ( 'NONE',  ( -0.000000000000000000, -1.000000000000000000, -0.000000000000000000 ) ) ;
#6692 = ORIENTED_EDGE ( 'NONE', *, *, #4937, .T. ) ;
#6693 = FACE_OUTER_BOUND ( 'NONE', #7919, .T. ) ;
#6694 = EDGE_LOOP ( 'NONE', ( #683, #1878, #1705 ) ) ;
#6695 = PLANE ( 'NONE',  #7474 ) ;
#6696 = CIRCLE ( 'NONE', #5498, 1.250000000000001110 ) ;
#6697 = ADVANCED_FACE ( 'NONE', ( #6321 ), #1317, .T. ) ;
#6698 = CIRCLE ( 'NONE', #3082, 2.500000000000002220 ) ;
#6699 = APPLICATION_CONTEXT ( 'automotive_design' ) ;
#6700 = DIRECTION ( 'NONE',  ( 0.000000000000000000, -0.5150380749100501587, -0.8571673007021147761 ) ) ;
#6701 = EDGE_LOOP ( 'NONE', ( #3368, #5327 ) ) ;
#6702 = ORIENTED_EDGE ( 'NONE', *, *, #3585, .F. ) ;
#6703 = AXIS2_PLACEMENT_3D ( 'NONE', #2152, #6546, #7216 ) ;
#6704 = VERTEX_POINT ( 'NONE', #1206 ) ;
#6705 = CARTESIAN_POINT ( 'NONE',  ( 229.9750000000001080, 22.00000000000000000, 56.00000000000000000 ) ) ;
#6706 = AXIS2_PLACEMENT_3D ( 'NONE', #3969, #7028, #788 ) ;
#6707 = CONICAL_SURFACE ( 'NONE', #7909, 1.250000000000001110, 1.029744258676654090 ) ;
#6708 = CARTESIAN_POINT ( 'NONE',  ( -239.4750000000000227, 10.49999999999999822, -57.34999999999996589 ) ) ;
#6709 = EDGE_CURVE ( 'NONE', #1476, #8120, #6275, .T. ) ;
#6710 = ORIENTED_EDGE ( 'NONE', *, *, #508, .T. ) ;
#6711 = LINE ( 'NONE', #7663, #2043 ) ;
#6712 = LINE ( 'NONE', #1052, #2810 ) ;
#6713 = EDGE_LOOP ( 'NONE', ( #2851, #6403, #1800 ) ) ;
#6714 = CIRCLE ( 'NONE', #7911, 1.649999999999984812 ) ;
#6715 = AXIS2_PLACEMENT_3D ( 'NONE', #3907, #7171, #6544 ) ;
#6716 = CARTESIAN_POINT ( 'NONE',  ( -241.7250000000000796, 22.00000000000000000, 49.95000000000006679 ) ) ;
#6717 = CARTESIAN_POINT ( 'NONE',  ( 226.4750000000000796, 22.00000000000000000, -43.70000000000000284 ) ) ;
#6718 = DIRECTION ( 'NONE',  ( -0.000000000000000000, 1.000000000000000000, -0.000000000000000000 ) ) ;
#6719 = LINE ( 'NONE', #981, #6366 ) ;
#6720 = CARTESIAN_POINT ( 'NONE',  ( 191.1750000000000114, 22.00000000000000000, 59.85000000000006537 ) ) ;
#6721 = ORIENTED_EDGE ( 'NONE', *, *, #1152, .F. ) ;
#6722 = ADVANCED_FACE ( 'NONE', ( #7450 ), #3722, .F. ) ;
#6723 = DIRECTION ( 'NONE',  ( -0.000000000000000000, 1.000000000000000000, -0.000000000000000000 ) ) ;
#6724 = ORIENTED_EDGE ( 'NONE', *, *, #7699, .T. ) ;
#6725 = CARTESIAN_POINT ( 'NONE',  ( 176.1750000000000398, 4.000000000000000000, 33.70000000000001705 ) ) ;
#6726 = CARTESIAN_POINT ( 'NONE',  ( 224.4749999999999659, 4.000000000000000000, 22.89999999999999503 ) ) ;
#6727 = CIRCLE ( 'NONE', #1237, 1.250000000000001110 ) ;
#6728 = AXIS2_PLACEMENT_3D ( 'NONE', #2201, #2819, #7966 ) ;
#6729 = DIRECTION ( 'NONE',  ( 0.000000000000000000, 0.000000000000000000, 1.000000000000000000 ) ) ;
#6730 = CONICAL_SURFACE ( 'NONE', #5793, 1.250000000000001110, 1.029744258676655200 ) ;
#6731 = DIRECTION ( 'NONE',  ( 0.000000000000000000, 1.000000000000000000, 0.000000000000000000 ) ) ;
#6732 = VECTOR ( 'NONE', #1573, 1000.000000000000000 ) ;
#6733 = CARTESIAN_POINT ( 'NONE',  ( -191.9750000000000227, 0.000000000000000000, 30.08433046974914760 ) ) ;
#6734 = VERTEX_POINT ( 'NONE', #4308 ) ;
#6735 = EDGE_CURVE ( 'NONE', #5524, #1680, #4347, .T. ) ;
#6736 = DIRECTION ( 'NONE',  ( 0.000000000000000000, 0.000000000000000000, 1.000000000000000000 ) ) ;
#6737 = ORIENTED_EDGE ( 'NONE', *, *, #7449, .F. ) ;
#6738 = DIRECTION ( 'NONE',  ( 0.000000000000000000, 0.000000000000000000, -1.000000000000000000 ) ) ;
#6739 = EDGE_LOOP ( 'NONE', ( #7821, #7768, #4349 ) ) ;
#6740 = DIRECTION ( 'NONE',  ( 1.000000000000000000, 0.000000000000000000, -1.202972179678357944E-16 ) ) ;
#6741 = DIRECTION ( 'NONE',  ( -0.000000000000000000, 1.000000000000000000, -0.000000000000000000 ) ) ;
#6742 = VERTEX_POINT ( 'NONE', #6154 ) ;
#6743 = ADVANCED_FACE ( 'NONE', ( #3676 ), #1671, .F. ) ;
#6744 = ORIENTED_EDGE ( 'NONE', *, *, #4053, .F. ) ;
#6745 = ADVANCED_FACE ( 'NONE', ( #2469 ), #5061, .F. ) ;
#6746 = ORIENTED_EDGE ( 'NONE', *, *, #1970, .F. ) ;
#6747 = AXIS2_PLACEMENT_3D ( 'NONE', #7550, #4517, #3051 ) ;
#6748 = CYLINDRICAL_SURFACE ( 'NONE', #7995, 1.250000000000001110 ) ;
#6749 = CARTESIAN_POINT ( 'NONE',  ( 219.4749999999999659, 22.00000000000000000, -17.90000000000000213 ) ) ;
#6750 = EDGE_LOOP ( 'NONE', ( #6943, #1560, #166, #3533 ) ) ;
#6751 = CARTESIAN_POINT ( 'NONE',  ( -241.7250000000000796, 22.00000000000000000, -49.95000000000006679 ) ) ;
#6752 = DIRECTION ( 'NONE',  ( -0.000000000000000000, 1.000000000000000000, -0.000000000000000000 ) ) ;
#6753 = ORIENTED_EDGE ( 'NONE', *, *, #6243, .F. ) ;
#6754 = CARTESIAN_POINT ( 'NONE',  ( 219.4749999999999659, 4.000000000000000000, -48.70000000000000995 ) ) ;
#6755 = CARTESIAN_POINT ( 'NONE',  ( 202.8250000000000455, 22.00000000000000000, 47.45000000000000284 ) ) ;
#6756 = AXIS2_PLACEMENT_3D ( 'NONE', #4921, #2464, #6148 ) ;
#6757 = AXIS2_PLACEMENT_3D ( 'NONE', #4585, #5968, #4034 ) ;
#6758 = CARTESIAN_POINT ( 'NONE',  ( 202.8250000000000455, 11.99999999999999822, 12.90000000000000213 ) ) ;
#6759 = DIRECTION ( 'NONE',  ( 0.000000000000000000, -1.000000000000000000, -0.000000000000000000 ) ) ;
#6760 = LINE ( 'NONE', #2405, #5215 ) ;
#6761 = ORIENTED_EDGE ( 'NONE', *, *, #4766, .F. ) ;
#6762 = CARTESIAN_POINT ( 'NONE',  ( -191.9749999999999943, 8.499999999999992895, -32.76566953025085382 ) ) ;
#6763 = EDGE_LOOP ( 'NONE', ( #7655, #5822 ) ) ;
#6764 = CARTESIAN_POINT ( 'NONE',  ( 224.4749999999999659, 22.00000000000000000, 48.70000000000000995 ) ) ;
#6765 = AXIS2_PLACEMENT_3D ( 'NONE', #5583, #1106, #4951 ) ;
#6766 = DIRECTION ( 'NONE',  ( 0.000000000000000000, 0.000000000000000000, -1.000000000000000000 ) ) ;
#6767 = CARTESIAN_POINT ( 'NONE',  ( 224.4749999999999943, 9.791008272023310255, -38.70000000000000995 ) ) ;
#6768 = ADVANCED_FACE ( 'NONE', ( #4264 ), #455, .T. ) ;
#6769 = EDGE_CURVE ( 'NONE', #2816, #4026, #7410, .T. ) ;
#6770 = CIRCLE ( 'NONE', #1421, 4.999999999999997335 ) ;
#6771 = DIRECTION ( 'NONE',  ( 0.000000000000000000, 0.000000000000000000, 1.000000000000000000 ) ) ;
#6772 = DIRECTION ( 'NONE',  ( -0.000000000000000000, -1.000000000000000000, -0.000000000000000000 ) ) ;
#6773 = EDGE_LOOP ( 'NONE', ( #1836, #4427, #2153 ) ) ;
#6774 = CARTESIAN_POINT ( 'NONE',  ( 191.1750000000000114, 20.84529946162070502, 7.900000000000000355 ) ) ;
#6775 = EDGE_LOOP ( 'NONE', ( #5569, #7229, #5575 ) ) ;
#6776 = CARTESIAN_POINT ( 'NONE',  ( -174.4749999999999943, 13.49999999999999822, 30.80000000000003624 ) ) ;
#6777 = ORIENTED_EDGE ( 'NONE', *, *, #491, .F. ) ;
#6778 = CARTESIAN_POINT ( 'NONE',  ( 181.1750000000000398, 4.000000000000000000, 38.70000000000000284 ) ) ;
#6779 = EDGE_CURVE ( 'NONE', #3518, #5622, #3178, .T. ) ;
#6780 = AXIS2_PLACEMENT_3D ( 'NONE', #5436, #7357, #1029 ) ;
#6781 = CARTESIAN_POINT ( 'NONE',  ( -216.9750000000000227, 22.00000000000000000, 33.70000000000005969 ) ) ;
#6782 = CARTESIAN_POINT ( 'NONE',  ( -174.4749999999999943, 22.00000000000000000, -29.54999999999997229 ) ) ;
#6783 = VERTEX_POINT ( 'NONE', #2429 ) ;
#6784 = ORIENTED_EDGE ( 'NONE', *, *, #1209, .F. ) ;
#6785 = ORIENTED_EDGE ( 'NONE', *, *, #6056, .F. ) ;
#6786 = DIRECTION ( 'NONE',  ( -1.000000000000000000, 0.000000000000000000, 1.135313451912421167E-16 ) ) ;
#6787 = ADVANCED_FACE ( 'NONE', ( #4013 ), #370, .T. ) ;
#6788 = EDGE_CURVE ( 'NONE', #5858, #333, #2917, .T. ) ;
#6789 = CARTESIAN_POINT ( 'NONE',  ( 234.1449999999999534, 10.99999999999998934, -38.54626703363159379 ) ) ;
#6790 = ORIENTED_EDGE ( 'NONE', *, *, #2881, .T. ) ;
#6791 = CARTESIAN_POINT ( 'NONE',  ( 202.8250000000000455, 22.00000000000000000, 12.90000000000000213 ) ) ;
#6792 = CARTESIAN_POINT ( 'NONE',  ( 198.0250000000000057, 8.499999999999992895, -32.76566953025089646 ) ) ;
#6793 = ORIENTED_EDGE ( 'NONE', *, *, #3666, .T. ) ;
#6794 = AXIS2_PLACEMENT_3D ( 'NONE', #4568, #3391, #3429 ) ;
#6795 = CARTESIAN_POINT ( 'NONE',  ( -244.4750000000000227, 22.00000000000000000, -67.00000000000000000 ) ) ;
#6796 = CYLINDRICAL_SURFACE ( 'NONE', #3589, 1.250000000000001110 ) ;
#6797 = CIRCLE ( 'NONE', #2650, 5.000000000000000000 ) ;
#6798 = EDGE_CURVE ( 'NONE', #3171, #8152, #7210, .T. ) ;
#6799 = AXIS2_PLACEMENT_3D ( 'NONE', #7660, #3721, #3681 ) ;
#6800 = CYLINDRICAL_SURFACE ( 'NONE', #8031, 1.250000000000001110 ) ;
#6801 = DIRECTION ( 'NONE',  ( -0.000000000000000000, 1.000000000000000000, -0.000000000000000000 ) ) ;
#6802 = CARTESIAN_POINT ( 'NONE',  ( 224.4749999999999943, 4.000000000000000000, 53.70000000000000284 ) ) ;
#6803 = ORIENTED_EDGE ( 'NONE', *, *, #263, .T. ) ;
#6804 = LINE ( 'NONE', #4291, #7751 ) ;
#6805 = VECTOR ( 'NONE', #7575, 1000.000000000000000 ) ;
#6806 = ORIENTED_EDGE ( 'NONE', *, *, #6069, .F. ) ;
#6807 = LINE ( 'NONE', #4293, #4728 ) ;
#6808 = AXIS2_PLACEMENT_3D ( 'NONE', #4795, #6731, #3542 ) ;
#6809 = CARTESIAN_POINT ( 'NONE',  ( 219.4826790310409592, 11.20130064156594507, -38.70000000000000284 ) ) ;
#6810 = CARTESIAN_POINT ( 'NONE',  ( 3.024999999999996803, 9.251075773784437573, -32.76566953025087514 ) ) ;
#6811 = DIRECTION ( 'NONE',  ( -0.000000000000000000, -1.000000000000000000, -0.000000000000000000 ) ) ;
#6812 = ORIENTED_EDGE ( 'NONE', *, *, #3179, .T. ) ;
#6813 = CARTESIAN_POINT ( 'NONE',  ( -174.4749999999999943, 13.49999999999999822, -30.79999999999997229 ) ) ;
#6814 = CONICAL_SURFACE ( 'NONE', #1730, 7.000000000000117240, 1.047197551196607179 ) ;
#6815 = ORIENTED_EDGE ( 'NONE', *, *, #1390, .F. ) ;
#6816 = DIRECTION ( 'NONE',  ( -0.000000000000000000, 1.000000000000000000, -0.000000000000000000 ) ) ;
#6817 = EDGE_CURVE ( 'NONE', #2021, #5262, #7862, .T. ) ;
#6818 = EDGE_LOOP ( 'NONE', ( #3174, #6118 ) ) ;
#6819 = DIRECTION ( 'NONE',  ( 0.000000000000000000, 0.4999999999999926170, 0.8660254037844428154 ) ) ;
#6820 = AXIS2_PLACEMENT_3D ( 'NONE', #3665, #6104, #443 ) ;
#6821 = CARTESIAN_POINT ( 'NONE',  ( -191.9750000000000227, -1.402220585023716934E-15, 28.83433046974914760 ) ) ;
#6822 = VECTOR ( 'NONE', #7807, 1000.000000000000000 ) ;
#6823 = CIRCLE ( 'NONE', #798, 4.999999999999997335 ) ;
#6824 = CARTESIAN_POINT ( 'NONE',  ( -236.9750000000000512, 20.84529946162070502, -48.69999999999995310 ) ) ;
#6825 = LINE ( 'NONE', #1754, #2171 ) ;
#6826 = ORIENTED_EDGE ( 'NONE', *, *, #6986, .F. ) ;
#6827 = VERTEX_POINT ( 'NONE', #4804 ) ;
#6828 = ADVANCED_FACE ( 'NONE', ( #6652 ), #6695, .T. ) ;
#6829 = ADVANCED_FACE ( 'NONE', ( #4681 ), #3992, .F. ) ;
#6830 = EDGE_LOOP ( 'NONE', ( #2716, #3196, #7251, #3307 ) ) ;
#6831 = EDGE_CURVE ( 'NONE', #312, #7443, #5195, .T. ) ;
#6832 = AXIS2_PLACEMENT_3D ( 'NONE', #3182, #5074, #1893 ) ;
#6833 = CIRCLE ( 'NONE', #6690, 1.250000000000001110 ) ;
#6834 = FACE_OUTER_BOUND ( 'NONE', #4588, .T. ) ;
#6835 = CARTESIAN_POINT ( 'NONE',  ( 219.4749999999999659, 9.791008272023312031, -53.70000000000000284 ) ) ;
#6836 = AXIS2_PLACEMENT_3D ( 'NONE', #1778, #7473, #4332 ) ;
#6837 = ORIENTED_EDGE ( 'NONE', *, *, #5496, .F. ) ;
#6838 = CARTESIAN_POINT ( 'NONE',  ( -4.474999999999979217, 12.74892422621554644, -30.79999999999999361 ) ) ;
#6839 = DIRECTION ( 'NONE',  ( -0.000000000000000000, -1.000000000000000000, 0.000000000000000000 ) ) ;
#6840 = EDGE_CURVE ( 'NONE', #2131, #4350, #2263, .T. ) ;
#6841 = AXIS2_PLACEMENT_3D ( 'NONE', #1179, #1847, #6925 ) ;
#6842 = ORIENTED_EDGE ( 'NONE', *, *, #3646, .F. ) ;
#6843 = EDGE_CURVE ( 'NONE', #1528, #3399, #7867, .T. ) ;
#6844 = CARTESIAN_POINT ( 'NONE',  ( -4.474999999999979217, 22.00000000000000000, 30.80000000000001492 ) ) ;
#6845 = AXIS2_PLACEMENT_3D ( 'NONE', #8210, #4950, #2521 ) ;
#6846 = CIRCLE ( 'NONE', #1220, 1.250000000000001110 ) ;
#6847 = AXIS2_PLACEMENT_3D ( 'NONE', #4633, #5940, #5435 ) ;
#6848 = FACE_BOUND ( 'NONE', #6955, .T. ) ;
#6849 = DIRECTION ( 'NONE',  ( -1.000000000000000000, 0.000000000000000000, -0.000000000000000000 ) ) ;
#6851 = DIRECTION ( 'NONE',  ( -0.000000000000000000, 1.000000000000000000, -0.000000000000000000 ) ) ;
#6850 = CIRCLE ( 'NONE', #6706, 1.250000000000001110 ) ;
#6852 = CIRCLE ( 'NONE', #3094, 2.999999999999891642 ) ;
#6853 = DIRECTION ( 'NONE',  ( 0.000000000000000000, 0.000000000000000000, 1.000000000000000000 ) ) ;
#6854 = ORIENTED_EDGE ( 'NONE', *, *, #4201, .F. ) ;
#6855 = CARTESIAN_POINT ( 'NONE',  ( 176.1750000000000398, 22.00000000000000000, 24.90000000000010871 ) ) ;
#6856 = ORIENTED_EDGE ( 'NONE', *, *, #343, .F. ) ;
#6857 = EDGE_CURVE ( 'NONE', #1409, #2496, #4263, .T. ) ;
#6858 = LINE ( 'NONE', #1067, #5408 ) ;
#6859 = CARTESIAN_POINT ( 'NONE',  ( 241.9749999999999659, 22.00000000000000000, -64.00000000000000000 ) ) ;
#6860 = AXIS2_PLACEMENT_3D ( 'NONE', #63, #4579, #2609 ) ;
#6861 = DIRECTION ( 'NONE',  ( 0.000000000000000000, 0.000000000000000000, -1.000000000000000000 ) ) ;
#6862 = CARTESIAN_POINT ( 'NONE',  ( 224.4749999999999659, 20.84529946162070502, 7.899999999999997691 ) ) ;
#6863 = ORIENTED_EDGE ( 'NONE', *, *, #6329, .F. ) ;
#6864 = DIRECTION ( 'NONE',  ( 0.000000000000000000, 0.000000000000000000, 1.000000000000000000 ) ) ;
#6865 = EDGE_LOOP ( 'NONE', ( #6785, #7711, #3467 ) ) ;
#6866 = CARTESIAN_POINT ( 'NONE',  ( 165.5250000000000341, 12.74892422621554644, -59.85000000000004405 ) ) ;
#6867 = ORIENTED_EDGE ( 'NONE', *, *, #5956, .T. ) ;
#6868 = VECTOR ( 'NONE', #4945, 1000.000000000000114 ) ;
#6869 = CARTESIAN_POINT ( 'NONE',  ( -241.7250000000000796, 12.74892422621554822, 48.70000000000005969 ) ) ;
#6870 = CONICAL_SURFACE ( 'NONE', #8193, 7.000000000000110134, 1.047197551196605625 ) ;
#6871 = LINE ( 'NONE', #5602, #3864 ) ;
#6872 = EDGE_CURVE ( 'NONE', #4790, #4436, #6949, .T. ) ;
#6873 = VECTOR ( 'NONE', #4502, 1000.000000000000000 ) ;
#6874 = CARTESIAN_POINT ( 'NONE',  ( -231.9750000000000227, 22.00000000000000000, 48.70000000000005969 ) ) ;
#6875 = DIRECTION ( 'NONE',  ( -0.000000000000000000, 1.000000000000000000, -0.000000000000000000 ) ) ;
#6876 = EDGE_LOOP ( 'NONE', ( #5695, #1398, #6893 ) ) ;
#6877 = ORIENTED_EDGE ( 'NONE', *, *, #6735, .F. ) ;
#6878 = ORIENTED_EDGE ( 'NONE', *, *, #6128, .F. ) ;
#6879 = CIRCLE ( 'NONE', #3507, 1.250000000000001110 ) ;
#6880 = CARTESIAN_POINT ( 'NONE',  ( -215.3250000000000455, 22.00000000000000000, 16.65000000000004832 ) ) ;
#6881 = EDGE_CURVE ( 'NONE', #515, #1396, #4134, .T. ) ;
#6882 = EDGE_CURVE ( 'NONE', #3970, #1636, #334, .T. ) ;
#6883 = ORIENTED_EDGE ( 'NONE', *, *, #3138, .F. ) ;
#6884 = CARTESIAN_POINT ( 'NONE',  ( -241.7250000000000227, 13.49999999999999822, -1.250000000000000666 ) ) ;
#6885 = DIRECTION ( 'NONE',  ( 0.000000000000000000, 1.000000000000000000, 0.000000000000000000 ) ) ;
#6886 = EDGE_LOOP ( 'NONE', ( #2983, #8272, #5681, #663 ) ) ;
#6887 = CARTESIAN_POINT ( 'NONE',  ( -241.9749999999999659, 0.000000000000000000, 64.00000000000005684 ) ) ;
#6888 = FACE_BOUND ( 'NONE', #928, .T. ) ;
#6889 = ADVANCED_FACE ( 'NONE', ( #7200 ), #6033, .F. ) ;
#6890 = CARTESIAN_POINT ( 'NONE',  ( 224.4749999999999943, 4.000000000000000000, 38.70000000000000284 ) ) ;
#6891 = DIRECTION ( 'NONE',  ( 0.000000000000000000, 0.000000000000000000, 1.000000000000000000 ) ) ;
#6892 = LINE ( 'NONE', #4998, #801 ) ;
#6893 = ORIENTED_EDGE ( 'NONE', *, *, #2445, .T. ) ;
#6894 = CARTESIAN_POINT ( 'NONE',  ( 224.4749999999999659, 4.000000000000000000, -53.70000000000000284 ) ) ;
#6895 = VERTEX_POINT ( 'NONE', #5360 ) ;
#6896 = CARTESIAN_POINT ( 'NONE',  ( 234.1449999999999534, 10.99999999999998757, 46.20000000000000284 ) ) ;
#6897 = DIRECTION ( 'NONE',  ( -0.000000000000000000, 1.000000000000000000, -0.000000000000000000 ) ) ;
#6898 = EDGE_CURVE ( 'NONE', #3777, #7422, #3550, .T. ) ;
#6899 = DIRECTION ( 'NONE',  ( 0.000000000000000000, 0.5150380749100544886, 0.8571673007021121116 ) ) ;
#6900 = EDGE_CURVE ( 'NONE', #3417, #7549, #4092, .T. ) ;
#6901 = CARTESIAN_POINT ( 'NONE',  ( 191.1750000000000114, 22.00000000000000000, 12.90000000000000213 ) ) ;
#6902 = DIRECTION ( 'NONE',  ( 0.000000000000000000, -0.4999999999999926170, -0.8660254037844428154 ) ) ;
#6903 = EDGE_LOOP ( 'NONE', ( #1406, #7413, #3594 ) ) ;
#6904 = CARTESIAN_POINT ( 'NONE',  ( -4.474999999999979217, 22.00000000000000000, -32.04999999999999716 ) ) ;
#6905 = VERTEX_POINT ( 'NONE', #2093 ) ;
#6906 = DIRECTION ( 'NONE',  ( -0.000000000000000000, 1.000000000000000000, -0.000000000000000000 ) ) ;
#6907 = ORIENTED_EDGE ( 'NONE', *, *, #6318, .F. ) ;
#6908 = DIRECTION ( 'NONE',  ( 6.014860898391704670E-17, 0.8660254037844428154, 0.4999999999999928946 ) ) ;
#6909 = CYLINDRICAL_SURFACE ( 'NONE', #7070, 1.250000000000001110 ) ;
#6910 = AXIS2_PLACEMENT_3D ( 'NONE', #1907, #3158, #1865 ) ;
#6911 = DIRECTION ( 'NONE',  ( -0.000000000000000000, 1.000000000000000000, -0.000000000000000000 ) ) ;
#6912 = DIRECTION ( 'NONE',  ( 0.000000000000000000, 0.000000000000000000, 1.000000000000000000 ) ) ;
#6913 = VERTEX_POINT ( 'NONE', #299 ) ;
#6914 = ORIENTED_EDGE ( 'NONE', *, *, #3046, .T. ) ;
#6915 = DIRECTION ( 'NONE',  ( 1.000000000000000000, -0.000000000000000000, -0.000000000000000000 ) ) ;
#6916 = CIRCLE ( 'NONE', #4099, 5.000000000000000888 ) ;
#6917 = EDGE_LOOP ( 'NONE', ( #5845, #1291, #348, #5503 ) ) ;
#6918 = CARTESIAN_POINT ( 'NONE',  ( -224.4749999999999943, 22.00000000000000000, 61.10000000000006537 ) ) ;
#6919 = CARTESIAN_POINT ( 'NONE',  ( 224.4750000002989339, 11.44695762911601378, 48.94893226146154319 ) ) ;
#6920 = ORIENTED_EDGE ( 'NONE', *, *, #5449, .T. ) ;
#6921 = ADVANCED_FACE ( 'NONE', ( #7285 ), #1543, .F. ) ;
#6922 = DIRECTION ( 'NONE',  ( -0.000000000000000000, 1.000000000000000000, -0.000000000000000000 ) ) ;
#6923 = EDGE_CURVE ( 'NONE', #6182, #420, #1162, .T. ) ;
#6924 = CARTESIAN_POINT ( 'NONE',  ( -224.4749999999999943, 13.49999999999999822, 59.85000000000006537 ) ) ;
#6925 = DIRECTION ( 'NONE',  ( 1.000000000000000000, 3.816391647148972452E-15, 0.000000000000000000 ) ) ;
#6926 = CARTESIAN_POINT ( 'NONE',  ( -203.6750000000000398, 22.00000000000000000, 32.05000000000006111 ) ) ;
#6927 = CIRCLE ( 'NONE', #2250, 1.249999999999987121 ) ;
#6928 = CARTESIAN_POINT ( 'NONE',  ( -241.9749999999999659, 0.000000000000000000, 64.00000000000005684 ) ) ;
#6929 = VERTEX_POINT ( 'NONE', #1795 ) ;
#6930 = DIRECTION ( 'NONE',  ( -0.000000000000000000, 1.000000000000000000, -0.000000000000000000 ) ) ;
#6931 = ORIENTED_EDGE ( 'NONE', *, *, #4570, .T. ) ;
#6932 = EDGE_CURVE ( 'NONE', #3258, #3300, #6008, .T. ) ;
#6933 = DIRECTION ( 'NONE',  ( 0.000000000000000000, 0.000000000000000000, -1.000000000000000000 ) ) ;
#6934 = EDGE_CURVE ( 'NONE', #6000, #2376, #4391, .T. ) ;
#6935 = EDGE_CURVE ( 'NONE', #4807, #2313, #4661, .T. ) ;
#6936 = LINE ( 'NONE', #3913, #115 ) ;
#6937 = DIRECTION ( 'NONE',  ( 1.049727191138618942E-16, 0.5150380749100536004, -0.8571673007021125557 ) ) ;
#6938 = CIRCLE ( 'NONE', #1977, 1.250000000000001110 ) ;
#6939 = DIRECTION ( 'NONE',  ( 0.000000000000000000, 0.000000000000000000, 1.000000000000000000 ) ) ;
#6940 = CARTESIAN_POINT ( 'NONE',  ( 3.024999999999971934, 8.499999999999992895, 28.83433046974912628 ) ) ;
#6941 = ORIENTED_EDGE ( 'NONE', *, *, #4519, .T. ) ;
#6942 = DIRECTION ( 'NONE',  ( -1.000000000000000000, 0.000000000000000000, 1.202972179678357944E-16 ) ) ;
#6943 = ORIENTED_EDGE ( 'NONE', *, *, #2436, .F. ) ;
#6944 = DIRECTION ( 'NONE',  ( 0.000000000000000000, 0.000000000000000000, 1.000000000000000000 ) ) ;
#6945 = VERTEX_POINT ( 'NONE', #1203 ) ;
#6946 = CARTESIAN_POINT ( 'NONE',  ( -4.474999999999979217, 22.00000000000000000, -32.04999999999999716 ) ) ;
#6947 = EDGE_CURVE ( 'NONE', #4556, #7068, #4655, .T. ) ;
#6948 = DIRECTION ( 'NONE',  ( 1.000000000000000000, -0.000000000000000000, -0.000000000000000000 ) ) ;
#6949 = CIRCLE ( 'NONE', #2653, 1.250000000000001110 ) ;
#6950 = VECTOR ( 'NONE', #6388, 999.9999999999998863 ) ;
#6951 = DIRECTION ( 'NONE',  ( -0.000000000000000000, 1.000000000000000000, -0.000000000000000000 ) ) ;
#6952 = CARTESIAN_POINT ( 'NONE',  ( -188.6750000000000398, 4.000000000000000000, -2.899999999999954170 ) ) ;
#6953 = AXIS2_PLACEMENT_3D ( 'NONE', #4847, #1035, #6150 ) ;
#6954 = EDGE_LOOP ( 'NONE', ( #1079, #838, #4573, #765 ) ) ;
#6955 = EDGE_LOOP ( 'NONE', ( #6815, #7297 ) ) ;
#6956 = EDGE_CURVE ( 'NONE', #7829, #1385, #2926, .T. ) ;
#6957 = ORIENTED_EDGE ( 'NONE', *, *, #7794, .T. ) ;
#6958 = DIRECTION ( 'NONE',  ( 0.000000000000000000, 0.000000000000000000, -1.000000000000000000 ) ) ;
#6959 = AXIS2_PLACEMENT_3D ( 'NONE', #3829, #5090, #2657 ) ;
#6960 = CARTESIAN_POINT ( 'NONE',  ( -94.47500000000000853, 8.499999999999992895, -32.76566953025086804 ) ) ;
#6961 = VERTEX_POINT ( 'NONE', #4305 ) ;
#6962 = CARTESIAN_POINT ( 'NONE',  ( -188.6750000000000398, 22.00000000000000000, -2.899999999999954170 ) ) ;
#6963 = DIRECTION ( 'NONE',  ( 0.000000000000000000, -1.000000000000000000, 0.000000000000000000 ) ) ;
#6964 = AXIS2_PLACEMENT_3D ( 'NONE', #1475, #2859, #4741 ) ;
#6965 = EDGE_CURVE ( 'NONE', #8144, #4489, #490, .T. ) ;
#6966 = LINE ( 'NONE', #1774, #3215 ) ;
#6967 = CYLINDRICAL_SURFACE ( 'NONE', #2544, 1.250000000000001110 ) ;
#6968 = EDGE_LOOP ( 'NONE', ( #3434, #4298, #5901, #7581 ) ) ;
#6969 = DIRECTION ( 'NONE',  ( -0.000000000000000000, 1.000000000000000000, -0.000000000000000000 ) ) ;
#6970 = ORIENTED_EDGE ( 'NONE', *, *, #5397, .F. ) ;
#6971 = CARTESIAN_POINT ( 'NONE',  ( 219.4749999999999659, 22.00000000000000000, -58.60000000000002984 ) ) ;
#6972 = DIRECTION ( 'NONE',  ( 0.000000000000000000, -0.000000000000000000, -1.000000000000000000 ) ) ;
#6973 = AXIS2_PLACEMENT_3D ( 'NONE', #2016, #4571, #2604 ) ;
#6974 = AXIS2_PLACEMENT_3D ( 'NONE', #3933, #3257, #2629 ) ;
#6975 = AXIS2_PLACEMENT_3D ( 'NONE', #7730, #6525, #5733 ) ;
#6976 = EDGE_CURVE ( 'NONE', #2131, #97, #6871, .T. ) ;
#6977 = CARTESIAN_POINT ( 'NONE',  ( 198.0249999999999773, 8.499999999999992895, 28.83433046974910141 ) ) ;
#6978 = LINE ( 'NONE', #2616, #3199 ) ;
#6979 = ORIENTED_EDGE ( 'NONE', *, *, #1948, .F. ) ;
#6980 = CARTESIAN_POINT ( 'NONE',  ( -215.3250000000000455, 13.49999999999999822, 19.15000000000004832 ) ) ;
#6981 = ORIENTED_EDGE ( 'NONE', *, *, #7394, .F. ) ;
#6982 = CARTESIAN_POINT ( 'NONE',  ( 176.1750000000000398, 22.00000000000000000, 36.69999999999989626 ) ) ;
#6983 = VERTEX_POINT ( 'NONE', #8107 ) ;
#6984 = DIRECTION ( 'NONE',  ( 0.000000000000000000, 0.5150380749100544886, 0.8571673007021121116 ) ) ;
#6985 = CARTESIAN_POINT ( 'NONE',  ( -216.9750000000000227, 4.000000000000000000, -33.69999999999995310 ) ) ;
#6986 = EDGE_CURVE ( 'NONE', #546, #608, #5651, .T. ) ;
#6987 = CARTESIAN_POINT ( 'NONE',  ( -239.4750000000000227, 10.49999999999999822, -58.99999999999995026 ) ) ;
#6988 = CARTESIAN_POINT ( 'NONE',  ( 224.4749999999999659, 9.791008272023308479, -48.70000000000000995 ) ) ;
#6989 = VERTEX_POINT ( 'NONE', #4222 ) ;
#6990 = DIRECTION ( 'NONE',  ( -0.000000000000000000, 1.000000000000000000, -0.000000000000000000 ) ) ;
#6991 = EDGE_LOOP ( 'NONE', ( #4638, #2245 ) ) ;
#6992 = ORIENTED_EDGE ( 'NONE', *, *, #4262, .T. ) ;
#6993 = AXIS2_PLACEMENT_3D ( 'NONE', #3852, #6413, #6332 ) ;
#6994 = AXIS2_PLACEMENT_3D ( 'NONE', #6844, #3654, #4993 ) ;
#6995 = DIRECTION ( 'NONE',  ( 0.000000000000000000, 0.000000000000000000, 1.000000000000000000 ) ) ;
#6996 = CIRCLE ( 'NONE', #3379, 1.250000000000001110 ) ;
#6997 = EDGE_CURVE ( 'NONE', #7947, #8142, #3675, .T. ) ;
#6998 = ORIENTED_EDGE ( 'NONE', *, *, #6882, .F. ) ;
#6999 = AXIS2_PLACEMENT_3D ( 'NONE', #6726, #4042, #2907 ) ;
#7000 = CYLINDRICAL_SURFACE ( 'NONE', #3772, 1.250000000000001110 ) ;
#7001 = FACE_OUTER_BOUND ( 'NONE', #6664, .T. ) ;
#7002 = EDGE_LOOP ( 'NONE', ( #7239, #8043, #4749, #2499 ) ) ;
#7003 = FACE_OUTER_BOUND ( 'NONE', #6265, .T. ) ;
#7004 = FACE_OUTER_BOUND ( 'NONE', #7349, .T. ) ;
#7005 = FACE_BOUND ( 'NONE', #6158, .T. ) ;
#7006 = AXIS2_PLACEMENT_3D ( 'NONE', #5599, #2500, #8188 ) ;
#7007 = DIRECTION ( 'NONE',  ( 0.000000000000000000, 0.000000000000000000, 1.000000000000000000 ) ) ;
#7008 = EDGE_LOOP ( 'NONE', ( #5921, #4313, #7666, #3755 ) ) ;
#7009 = DIRECTION ( 'NONE',  ( -0.000000000000000000, 1.000000000000000000, -0.000000000000000000 ) ) ;
#7010 = EDGE_LOOP ( 'NONE', ( #5754, #164, #912, #7327 ) ) ;
#7011 = DIRECTION ( 'NONE',  ( 0.000000000000000000, 0.000000000000000000, 1.000000000000000000 ) ) ;
#7012 = DIRECTION ( 'NONE',  ( -0.000000000000000000, 1.000000000000000000, -0.000000000000000000 ) ) ;
#7013 = VECTOR ( 'NONE', #4355, 1000.000000000000000 ) ;
#7014 = DIRECTION ( 'NONE',  ( -0.000000000000000000, 1.000000000000000000, -0.000000000000000000 ) ) ;
#7015 = DIRECTION ( 'NONE',  ( 0.000000000000000000, 0.000000000000000000, -1.000000000000000000 ) ) ;
#7016 = ORIENTED_EDGE ( 'NONE', *, *, #7086, .T. ) ;
#7017 = DIRECTION ( 'NONE',  ( 1.049727191138618449E-16, 0.5150380749100544886, -0.8571673007021121116 ) ) ;
#7018 = ORIENTED_EDGE ( 'NONE', *, *, #7923, .F. ) ;
#7019 = DIRECTION ( 'NONE',  ( 0.000000000000000000, 0.000000000000000000, -1.000000000000000000 ) ) ;
#7020 = ORIENTED_EDGE ( 'NONE', *, *, #5922, .F. ) ;
#7021 = CARTESIAN_POINT ( 'NONE',  ( 191.1750000000000114, 20.84529946162070502, 53.70000000000000995 ) ) ;
#7022 = EDGE_CURVE ( 'NONE', #1108, #6288, #6234, .T. ) ;
#7023 = LINE ( 'NONE', #7687, #2133 ) ;
#7024 = EDGE_CURVE ( 'NONE', #1396, #2364, #574, .T. ) ;
#7025 = DIRECTION ( 'NONE',  ( 0.000000000000000000, 0.000000000000000000, 1.000000000000000000 ) ) ;
#7026 = FACE_OUTER_BOUND ( 'NONE', #6954, .T. ) ;
#7027 = EDGE_LOOP ( 'NONE', ( #2766, #6047, #2216 ) ) ;
#7028 = DIRECTION ( 'NONE',  ( -0.000000000000000000, 1.000000000000000000, -0.000000000000000000 ) ) ;
#7029 = ORIENTED_EDGE ( 'NONE', *, *, #2568, .T. ) ;
#7030 = EDGE_LOOP ( 'NONE', ( #7218, #6854 ) ) ;
#7031 = AXIS2_PLACEMENT_3D ( 'NONE', #5628, #471, #2362 ) ;
#7032 = ADVANCED_FACE ( 'NONE', ( #2381 ), #6909, .F. ) ;
#7033 = CARTESIAN_POINT ( 'NONE',  ( 0.000000000000000000, 0.000000000000000000, 0.000000000000000000 ) ) ;
#7034 = CIRCLE ( 'NONE', #5699, 1.649999999999984812 ) ;
#7035 = ORIENTED_EDGE ( 'NONE', *, *, #5039, .F. ) ;
#7036 = FACE_OUTER_BOUND ( 'NONE', #953, .T. ) ;
#7037 = CARTESIAN_POINT ( 'NONE',  ( 165.5250000000000909, 13.49999999999999822, 58.60000000000002274 ) ) ;
#7038 = ORIENTED_EDGE ( 'NONE', *, *, #182, .T. ) ;
#7039 = CARTESIAN_POINT ( 'NONE',  ( 100.5249999999999488, 8.499999999999992895, 28.83433046974911207 ) ) ;
#7040 = DIRECTION ( 'NONE',  ( -0.000000000000000000, 1.000000000000000000, -0.000000000000000000 ) ) ;
#7041 = ADVANCED_FACE ( 'NONE', ( #532 ), #4261, .T. ) ;
#7042 = VECTOR ( 'NONE', #991, 1000.000000000000000 ) ;
#7043 = CARTESIAN_POINT ( 'NONE',  ( 216.9749999999999943, 13.49999999999999822, 59.85000000000006537 ) ) ;
#7044 = CARTESIAN_POINT ( 'NONE',  ( -174.4749999999999943, 22.00000000000000000, -59.85000000000000142 ) ) ;
#7045 = ORIENTED_EDGE ( 'NONE', *, *, #434, .F. ) ;
#7046 = CARTESIAN_POINT ( 'NONE',  ( -4.474999999999979217, 22.00000000000000000, 30.80000000000001492 ) ) ;
#7047 = VERTEX_POINT ( 'NONE', #8194 ) ;
#7048 = CARTESIAN_POINT ( 'NONE',  ( -239.4750000000000227, 22.00000000000000000, -58.99999999999995026 ) ) ;
#7049 = DIRECTION ( 'NONE',  ( 0.000000000000000000, 0.000000000000000000, 1.000000000000000000 ) ) ;
#7050 = ADVANCED_FACE ( 'NONE', ( #7574 ), #2269, .F. ) ;
#7051 = VECTOR ( 'NONE', #2640, 1000.000000000000000 ) ;
#7052 = DIRECTION ( 'NONE',  ( 0.000000000000000000, 0.000000000000000000, -1.000000000000000000 ) ) ;
#7053 = LINE ( 'NONE', #3241, #920 ) ;
#7054 = CARTESIAN_POINT ( 'NONE',  ( -191.9750000000000227, 8.499999999999992895, 27.58433046974914760 ) ) ;
#7055 = ORIENTED_EDGE ( 'NONE', *, *, #218, .F. ) ;
#7056 = DIRECTION ( 'NONE',  ( -0.000000000000000000, -1.000000000000000000, -0.000000000000000000 ) ) ;
#7057 = ORIENTED_EDGE ( 'NONE', *, *, #1209, .T. ) ;
#7058 = CARTESIAN_POINT ( 'NONE',  ( 219.4749999999999659, 13.49999999999999822, -30.79999999999999716 ) ) ;
#7059 = EDGE_LOOP ( 'NONE', ( #3271, #7135, #3296, #1926 ) ) ;
#7060 = CARTESIAN_POINT ( 'NONE',  ( -215.3250000000000455, 13.49999999999999822, -19.14999999999995950 ) ) ;
#7061 = CARTESIAN_POINT ( 'NONE',  ( -94.47500000000003695, 0.000000000000000000, 28.83433046974913694 ) ) ;
#7062 = EDGE_CURVE ( 'NONE', #6500, #1278, #4803, .T. ) ;
#7063 = CARTESIAN_POINT ( 'NONE',  ( 216.9749999999999943, 22.00000000000000000, 61.10000000000006537 ) ) ;
#7064 = CARTESIAN_POINT ( 'NONE',  ( 224.4749999999999659, 9.953914315783363165, -48.77878084441725548 ) ) ;
#7065 = ORIENTED_EDGE ( 'NONE', *, *, #5206, .T. ) ;
#7066 = DIRECTION ( 'NONE',  ( 0.000000000000000000, 0.000000000000000000, 1.000000000000000000 ) ) ;
#7067 = VERTEX_POINT ( 'NONE', #414 ) ;
#7068 = VERTEX_POINT ( 'NONE', #2960 ) ;
#7069 = CIRCLE ( 'NONE', #791, 1.250000000000001110 ) ;
#7070 = AXIS2_PLACEMENT_3D ( 'NONE', #6272, #3039, #3125 ) ;
#7071 = EDGE_CURVE ( 'NONE', #3946, #5858, #3056, .T. ) ;
#7072 = FACE_OUTER_BOUND ( 'NONE', #787, .T. ) ;
#7073 = EDGE_LOOP ( 'NONE', ( #2995, #3034, #1214 ) ) ;
#7074 = FACE_OUTER_BOUND ( 'NONE', #5146, .T. ) ;
#7075 = AXIS2_PLACEMENT_3D ( 'NONE', #1526, #5254, #3954 ) ;
#7076 = DIRECTION ( 'NONE',  ( -0.000000000000000000, -1.000000000000000000, -0.000000000000000000 ) ) ;
#7077 = ORIENTED_EDGE ( 'NONE', *, *, #7794, .F. ) ;
#7078 = CARTESIAN_POINT ( 'NONE',  ( 165.5250000000000341, 22.00000000000000000, -29.55000000000001492 ) ) ;
#7079 = DIRECTION ( 'NONE',  ( 0.000000000000000000, 0.000000000000000000, 1.000000000000000000 ) ) ;
#7080 = AXIS2_PLACEMENT_3D ( 'NONE', #5388, #854, #4036 ) ;
#7081 = CARTESIAN_POINT ( 'NONE',  ( -224.4749999999999943, 22.00000000000000000, -59.85000000000000142 ) ) ;
#7082 = AXIS2_PLACEMENT_3D ( 'NONE', #3081, #5647, #5561 ) ;
#7083 = EDGE_CURVE ( 'NONE', #6929, #6704, #7023, .T. ) ;
#7084 = DIRECTION ( 'NONE',  ( 0.000000000000000000, 0.000000000000000000, 1.000000000000000000 ) ) ;
#7085 = ORIENTED_EDGE ( 'NONE', *, *, #5443, .F. ) ;
#7086 = EDGE_CURVE ( 'NONE', #6038, #3678, #1911, .T. ) ;
#7087 = CYLINDRICAL_SURFACE ( 'NONE', #1752, 1.250000000000001110 ) ;
#7088 = ORIENTED_EDGE ( 'NONE', *, *, #5540, .T. ) ;
#7089 = DIRECTION ( 'NONE',  ( 0.000000000000000000, 0.000000000000000000, 1.000000000000000000 ) ) ;
#7090 = CIRCLE ( 'NONE', #1341, 1.250000000000001110 ) ;
#7091 = LINE ( 'NONE', #3823, #1715 ) ;
#7092 = VECTOR ( 'NONE', #4954, 1000.000000000000114 ) ;
#7093 = AXIS2_PLACEMENT_3D ( 'NONE', #1811, #470, #6251 ) ;
#7094 = CARTESIAN_POINT ( 'NONE',  ( 227.0949999999999704, 10.99999999999998757, 46.20000000000000284 ) ) ;
#7095 = DIRECTION ( 'NONE',  ( -0.000000000000000000, 1.000000000000000000, -0.000000000000000000 ) ) ;
#7096 = ADVANCED_FACE ( 'NONE', ( #3202 ), #2503, .F. ) ;
#7097 = DIRECTION ( 'NONE',  ( 0.000000000000000000, 0.5150380749100580413, 0.8571673007021101132 ) ) ;
#7098 = VERTEX_POINT ( 'NONE', #610 ) ;
#7099 = VECTOR ( 'NONE', #4107, 1000.000000000000000 ) ;
#7100 = EDGE_CURVE ( 'NONE', #2327, #3147, #4424, .T. ) ;
#7101 = LINE ( 'NONE', #6980, #2148 ) ;
#7102 = ORIENTED_EDGE ( 'NONE', *, *, #980, .F. ) ;
#7103 = DIRECTION ( 'NONE',  ( -0.000000000000000000, 1.000000000000000000, -0.000000000000000000 ) ) ;
#7104 = VERTEX_POINT ( 'NONE', #3836 ) ;
#7105 = DIRECTION ( 'NONE',  ( -0.000000000000000000, 1.000000000000000000, -0.000000000000000000 ) ) ;
#7106 = DIRECTION ( 'NONE',  ( 0.000000000000000000, 0.000000000000000000, -1.000000000000000000 ) ) ;
#7107 = CIRCLE ( 'NONE', #2024, 1.250000000000001110 ) ;
#7108 = VECTOR ( 'NONE', #2549, 1000.000000000000000 ) ;
#7109 = CIRCLE ( 'NONE', #6446, 1.250000000000001110 ) ;
#7110 = FACE_OUTER_BOUND ( 'NONE', #6122, .T. ) ;
#7111 = DIRECTION ( 'NONE',  ( 0.000000000000000000, 0.000000000000000000, 1.000000000000000000 ) ) ;
#7112 = ORIENTED_EDGE ( 'NONE', *, *, #6105, .F. ) ;
#7113 = CARTESIAN_POINT ( 'NONE',  ( 202.8250000000000455, 11.99999999999999822, 47.45000000000000284 ) ) ;
#7114 = VERTEX_POINT ( 'NONE', #2663 ) ;
#7115 = AXIS2_PLACEMENT_3D ( 'NONE', #5597, #8141, #2419 ) ;
#7116 = VECTOR ( 'NONE', #4574, 1000.000000000000000 ) ;
#7117 = ORIENTED_EDGE ( 'NONE', *, *, #5979, .T. ) ;
#7118 = AXIS2_PLACEMENT_3D ( 'NONE', #6896, #5551, #6933 ) ;
#7119 = CARTESIAN_POINT ( 'NONE',  ( -174.4749999999999943, 13.49999999999999822, -59.85000000000000142 ) ) ;
#7120 = EDGE_LOOP ( 'NONE', ( #473, #7124, #3075 ) ) ;
#7121 = DIRECTION ( 'NONE',  ( 0.000000000000000000, 0.000000000000000000, 1.000000000000000000 ) ) ;
#7122 = LINE ( 'NONE', #4606, #272 ) ;
#7123 = AXIS2_PLACEMENT_3D ( 'NONE', #7462, #384, #4278 ) ;
#7124 = ORIENTED_EDGE ( 'NONE', *, *, #1375, .T. ) ;
#7125 = VECTOR ( 'NONE', #2935, 1000.000000000000000 ) ;
#7126 = CIRCLE ( 'NONE', #4716, 7.653732966368412605 ) ;
#7127 = EDGE_CURVE ( 'NONE', #2597, #5091, #6357, .T. ) ;
#7128 = CARTESIAN_POINT ( 'NONE',  ( 165.5250000000000341, 22.00000000000000000, 29.54999999999999361 ) ) ;
#7129 = ADVANCED_FACE ( 'NONE', ( #6523 ), #8274, .F. ) ;
#7130 = VECTOR ( 'NONE', #6682, 1000.000000000000114 ) ;
#7131 = CARTESIAN_POINT ( 'NONE',  ( -215.3250000000000455, 22.00000000000000000, 17.90000000000004832 ) ) ;
#7132 = ORIENTED_EDGE ( 'NONE', *, *, #7923, .T. ) ;
#7133 = CARTESIAN_POINT ( 'NONE',  ( -216.9749999999999943, 22.00000000000000000, 36.69999999999995310 ) ) ;
#7134 = EDGE_LOOP ( 'NONE', ( #5765, #2180, #7278, #8117 ) ) ;
#7135 = ORIENTED_EDGE ( 'NONE', *, *, #1422, .T. ) ;
#7136 = CARTESIAN_POINT ( 'NONE',  ( 229.9750000000001080, 13.49999999999999822, -37.24999999999995026 ) ) ;
#7137 = ORIENTED_EDGE ( 'NONE', *, *, #1770, .T. ) ;
#7138 = CARTESIAN_POINT ( 'NONE',  ( 198.0249999999999773, 9.251075773784437573, 28.83433046974910141 ) ) ;
#7139 = FACE_BOUND ( 'NONE', #1703, .T. ) ;
#7140 = ADVANCED_FACE ( 'NONE', ( #5687 ), #1949, .F. ) ;
#7141 = CARTESIAN_POINT ( 'NONE',  ( 241.9749999999999659, 22.00000000000000000, -61.50000000000000000 ) ) ;
#7142 = CARTESIAN_POINT ( 'NONE',  ( -174.4749999999999943, 13.49999999999999822, 1.250000000000001110 ) ) ;
#7143 = DIRECTION ( 'NONE',  ( 0.000000000000000000, 0.000000000000000000, 1.000000000000000000 ) ) ;
#7144 = ORIENTED_EDGE ( 'NONE', *, *, #3250, .F. ) ;
#7145 = DIRECTION ( 'NONE',  ( 0.000000000000000000, -1.000000000000000000, 0.000000000000000000 ) ) ;
#7146 = ORIENTED_EDGE ( 'NONE', *, *, #3290, .T. ) ;
#7147 = CARTESIAN_POINT ( 'NONE',  ( 165.5250000000000341, 22.00000000000000000, -30.80000000000001492 ) ) ;
#7148 = ORIENTED_EDGE ( 'NONE', *, *, #5369, .T. ) ;
#7149 = CARTESIAN_POINT ( 'NONE',  ( -203.6750000000000398, 22.00000000000000000, -29.54999999999997939 ) ) ;
#7150 = VECTOR ( 'NONE', #6458, 1000.000000000000000 ) ;
#7151 = FACE_OUTER_BOUND ( 'NONE', #5451, .T. ) ;
#7152 = EDGE_CURVE ( 'NONE', #7528, #504, #3252, .T. ) ;
#7153 = ADVANCED_FACE ( 'NONE', ( #2585 ), #5139, .F. ) ;
#7154 = DIRECTION ( 'NONE',  ( 0.000000000000000000, 0.000000000000000000, -1.000000000000000000 ) ) ;
#7155 = DIRECTION ( 'NONE',  ( -0.000000000000000000, 1.000000000000000000, -0.000000000000000000 ) ) ;
#7156 = VERTEX_POINT ( 'NONE', #5816 ) ;
#7157 = LINE ( 'NONE', #5859, #1092 ) ;
#7158 = ORIENTED_EDGE ( 'NONE', *, *, #1422, .F. ) ;
#7159 = EDGE_LOOP ( 'NONE', ( #5455, #4098, #6295, #5878 ) ) ;
#7160 = AXIS2_PLACEMENT_3D ( 'NONE', #2955, #2581, #1987 ) ;
#7161 = DIRECTION ( 'NONE',  ( -0.000000000000000000, 1.000000000000000000, -0.000000000000000000 ) ) ;
#7162 = AXIS2_PLACEMENT_3D ( 'NONE', #774, #7179, #3362 ) ;
#7163 = EDGE_LOOP ( 'NONE', ( #5370, #7213, #4344, #7291 ) ) ;
#7164 = DIRECTION ( 'NONE',  ( -0.000000000000000000, -1.000000000000000000, -0.000000000000000000 ) ) ;
#7165 = ORIENTED_EDGE ( 'NONE', *, *, #1163, .T. ) ;
#7166 = LINE ( 'NONE', #6586, #5584 ) ;
#7167 = AXIS2_PLACEMENT_3D ( 'NONE', #3593, #5991, #7248 ) ;
#7168 = DIRECTION ( 'NONE',  ( 0.000000000000000000, 0.000000000000000000, 1.000000000000000000 ) ) ;
#7169 = EDGE_CURVE ( 'NONE', #3678, #5075, #1061, .T. ) ;
#7170 = VERTEX_POINT ( 'NONE', #1991 ) ;
#7171 = DIRECTION ( 'NONE',  ( -0.000000000000000000, -1.000000000000000000, -0.000000000000000000 ) ) ;
#7172 = EDGE_LOOP ( 'NONE', ( #5942, #4448, #7132 ) ) ;
#7173 = ADVANCED_FACE ( 'NONE', ( #7151 ), #6674, .F. ) ;
#7174 = DIRECTION ( 'NONE',  ( 1.049727191138615491E-16, -0.5150380749100585964, 0.8571673007021097801 ) ) ;
#7175 = ORIENTED_EDGE ( 'NONE', *, *, #6881, .F. ) ;
#7176 = FACE_OUTER_BOUND ( 'NONE', #7570, .T. ) ;
#7177 = DIRECTION ( 'NONE',  ( -0.000000000000000000, 1.000000000000000000, -0.000000000000000000 ) ) ;
#7178 = FACE_OUTER_BOUND ( 'NONE', #7231, .T. ) ;
#7179 = DIRECTION ( 'NONE',  ( -1.000000000000000000, 0.000000000000000000, -0.000000000000000000 ) ) ;
#7180 = LINE ( 'NONE', #2111, #5617 ) ;
#7181 = ORIENTED_EDGE ( 'NONE', *, *, #3149, .T. ) ;
#7182 = ADVANCED_FACE ( 'NONE', ( #1414 ), #8228, .F. ) ;
#7183 = EDGE_CURVE ( 'NONE', #8120, #2164, #5881, .T. ) ;
#7184 = DIRECTION ( 'NONE',  ( -0.000000000000000000, 1.000000000000000000, -0.000000000000000000 ) ) ;
#7185 = ORIENTED_EDGE ( 'NONE', *, *, #5924, .T. ) ;
#7187 = ADVANCED_FACE ( 'NONE', ( #5853 ), #1858, .F. ) ;
#7186 = LINE ( 'NONE', #5935, #3465 ) ;
#7188 = EDGE_LOOP ( 'NONE', ( #763, #3309, #4864 ) ) ;
#7189 = DIRECTION ( 'NONE',  ( 0.000000000000000000, -1.000000000000000000, 0.000000000000000000 ) ) ;
#7190 = CARTESIAN_POINT ( 'NONE',  ( 3.024999999999971934, 0.000000000000000000, 28.83433046974912628 ) ) ;
#7191 = LINE ( 'NONE', #4045, #4432 ) ;
#7192 = DIRECTION ( 'NONE',  ( 0.000000000000000000, 0.5150380749100536004, 0.8571673007021125557 ) ) ;
#7193 = EDGE_LOOP ( 'NONE', ( #2265, #6416, #5357, #7958 ) ) ;
#7194 = EDGE_CURVE ( 'NONE', #7326, #6742, #793, .T. ) ;
#7195 = DIRECTION ( 'NONE',  ( 0.000000000000000000, 0.000000000000000000, -1.000000000000000000 ) ) ;
#7196 = ORIENTED_EDGE ( 'NONE', *, *, #4584, .T. ) ;
#7197 = AXIS2_PLACEMENT_3D ( 'NONE', #3102, #5794, #7079 ) ;
#7198 = VERTEX_POINT ( 'NONE', #2542 ) ;
#7199 = EDGE_CURVE ( 'NONE', #7532, #5960, #4529, .T. ) ;
#7200 = FACE_OUTER_BOUND ( 'NONE', #2963, .T. ) ;
#7201 = AXIS2_PLACEMENT_3D ( 'NONE', #619, #1801, #5784 ) ;
#7202 = LINE ( 'NONE', #7701, #5964 ) ;
#7203 = CONICAL_SURFACE ( 'NONE', #1447, 1.250000000000001110, 1.029744258676654090 ) ;
#7204 = EDGE_LOOP ( 'NONE', ( #7185, #8163, #2687, #32 ) ) ;
#7205 = DIRECTION ( 'NONE',  ( 0.000000000000000000, -0.5150380749100542666, -0.8571673007021122226 ) ) ;
#7206 = EDGE_CURVE ( 'NONE', #6651, #1090, #5301, .T. ) ;
#7207 = EDGE_LOOP ( 'NONE', ( #3526, #6394, #6200, #1624 ) ) ;
#7208 = CIRCLE ( 'NONE', #3180, 1.250000000000001110 ) ;
#7209 = CARTESIAN_POINT ( 'NONE',  ( 219.4749999999999659, 9.791008272023308479, -38.70000000000000284 ) ) ;
#7210 = CIRCLE ( 'NONE', #5475, 7.000000000000117240 ) ;
#7211 = AXIS2_PLACEMENT_3D ( 'NONE', #1940, #1902, #6307 ) ;
#7212 = DIRECTION ( 'NONE',  ( 0.000000000000000000, 0.000000000000000000, 1.000000000000000000 ) ) ;
#7213 = ORIENTED_EDGE ( 'NONE', *, *, #4309, .T. ) ;
#7214 = CARTESIAN_POINT ( 'NONE',  ( -241.7250000000000796, 22.00000000000000000, -48.70000000000005969 ) ) ;
#7215 = EDGE_LOOP ( 'NONE', ( #5802, #4625, #6710 ) ) ;
#7216 = DIRECTION ( 'NONE',  ( 0.000000000000000000, 0.000000000000000000, 1.000000000000000000 ) ) ;
#7217 = AXIS2_PLACEMENT_3D ( 'NONE', #2344, #7447, #1708 ) ;
#7218 = ORIENTED_EDGE ( 'NONE', *, *, #6637, .F. ) ;
#7219 = CARTESIAN_POINT ( 'NONE',  ( -203.6750000000000398, 22.00000000000000000, -30.79999999999997939 ) ) ;
#7220 = FACE_BOUND ( 'NONE', #3411, .T. ) ;
#7221 = ADVANCED_FACE ( 'NONE', ( #899 ), #4671, .F. ) ;
#7222 = AXIS2_PLACEMENT_3D ( 'NONE', #2742, #5294, #7226 ) ;
#7223 = VECTOR ( 'NONE', #3344, 1000.000000000000000 ) ;
#7224 = DIRECTION ( 'NONE',  ( 0.000000000000000000, 0.000000000000000000, -1.000000000000000000 ) ) ;
#7225 = FACE_OUTER_BOUND ( 'NONE', #2039, .T. ) ;
#7226 = DIRECTION ( 'NONE',  ( 0.000000000000000000, 0.000000000000000000, 1.000000000000000000 ) ) ;
#7227 = ORIENTED_EDGE ( 'NONE', *, *, #5232, .F. ) ;
#7228 = DIRECTION ( 'NONE',  ( -0.000000000000000000, 1.000000000000000000, -0.000000000000000000 ) ) ;
#7229 = ORIENTED_EDGE ( 'NONE', *, *, #5039, .T. ) ;
#7230 = LINE ( 'NONE', #4628, #922 ) ;
#7231 = EDGE_LOOP ( 'NONE', ( #4616, #2219, #6368 ) ) ;
#7232 = VECTOR ( 'NONE', #8211, 1000.000000000000227 ) ;
#7233 = DIRECTION ( 'NONE',  ( 0.000000000000000000, 0.000000000000000000, -1.000000000000000000 ) ) ;
#7234 = DIRECTION ( 'NONE',  ( -0.000000000000000000, 1.000000000000000000, -0.000000000000000000 ) ) ;
#7235 = EDGE_CURVE ( 'NONE', #1442, #50, #1992, .T. ) ;
#7236 = VECTOR ( 'NONE', #7174, 999.9999999999998863 ) ;
#7237 = CARTESIAN_POINT ( 'NONE',  ( 165.5250000000000341, 13.49999999999999822, -30.80000000000001492 ) ) ;
#7238 = CARTESIAN_POINT ( 'NONE',  ( 219.4749999999999659, 9.791008272023308479, -53.70000000000000284 ) ) ;
#7239 = ORIENTED_EDGE ( 'NONE', *, *, #1566, .F. ) ;
#7240 = DIRECTION ( 'NONE',  ( 1.000000000000000000, -0.000000000000000000, -1.202972179678357944E-16 ) ) ;
#7241 = CIRCLE ( 'NONE', #2292, 1.250000000000001110 ) ;
#7242 = EDGE_LOOP ( 'NONE', ( #6497, #4891, #5490, #4130 ) ) ;
#7243 = EDGE_LOOP ( 'NONE', ( #6039, #4844, #6957 ) ) ;
#7244 = AXIS2_PLACEMENT_3D ( 'NONE', #2730, #3306, #4025 ) ;
#7245 = DIRECTION ( 'NONE',  ( 0.000000000000000000, 0.000000000000000000, -1.000000000000000000 ) ) ;
#7246 = EDGE_CURVE ( 'NONE', #4556, #8023, #1491, .T. ) ;
#7247 = CIRCLE ( 'NONE', #2693, 4.999999999999999112 ) ;
#7248 = DIRECTION ( 'NONE',  ( 0.000000000000000000, 0.000000000000000000, 1.000000000000000000 ) ) ;
#7249 = ORIENTED_EDGE ( 'NONE', *, *, #889, .F. ) ;
#7250 = FACE_OUTER_BOUND ( 'NONE', #6193, .T. ) ;
#7251 = ORIENTED_EDGE ( 'NONE', *, *, #4825, .T. ) ;
#7252 = VECTOR ( 'NONE', #1601, 1000.000000000000000 ) ;
#7253 = CARTESIAN_POINT ( 'NONE',  ( 219.4753003834044023, 9.936459122539172739, -38.70000000000000284 ) ) ;
#7254 = ADVANCED_FACE ( 'NONE', ( #6644 ), #203, .F. ) ;
#7255 = DIRECTION ( 'NONE',  ( 1.049727191138618449E-16, 0.5150380749100544886, -0.8571673007021121116 ) ) ;
#7256 = ORIENTED_EDGE ( 'NONE', *, *, #3848, .T. ) ;
#7257 = CARTESIAN_POINT ( 'NONE',  ( 209.4750000000000227, 4.000000000000000000, 48.70000000000000995 ) ) ;
#7258 = EDGE_LOOP ( 'NONE', ( #2018, #3219, #3940, #28 ) ) ;
#7259 = DIRECTION ( 'NONE',  ( 0.000000000000000000, -1.000000000000000000, 0.000000000000000000 ) ) ;
#7260 = CIRCLE ( 'NONE', #7397, 1.250000000000001110 ) ;
#7261 = EDGE_LOOP ( 'NONE', ( #2349, #1676, #994, #2264 ) ) ;
#7262 = CARTESIAN_POINT ( 'NONE',  ( -191.9750000000000227, 8.499999999999992895, 30.08433046974914760 ) ) ;
#7263 = CARTESIAN_POINT ( 'NONE',  ( 229.9750000000001080, 13.49999999999999822, 56.00000000000000000 ) ) ;
#7264 = CIRCLE ( 'NONE', #4319, 1.249999999999973355 ) ;
#7265 = CARTESIAN_POINT ( 'NONE',  ( -231.9750000000000227, 20.84529946162070502, 48.70000000000005969 ) ) ;
#7266 = DIRECTION ( 'NONE',  ( 0.000000000000000000, 0.000000000000000000, -1.000000000000000000 ) ) ;
#7267 = DIRECTION ( 'NONE',  ( 0.000000000000000000, 0.000000000000000000, -1.000000000000000000 ) ) ;
#7268 = VERTEX_POINT ( 'NONE', #241 ) ;
#7269 = FACE_BOUND ( 'NONE', #6543, .T. ) ;
#7270 = EDGE_LOOP ( 'NONE', ( #7227, #3310, #1171, #497 ) ) ;
#7271 = DIRECTION ( 'NONE',  ( -0.000000000000000000, 1.000000000000000000, -0.000000000000000000 ) ) ;
#7272 = ORIENTED_EDGE ( 'NONE', *, *, #6577, .T. ) ;
#7273 = AXIS2_PLACEMENT_3D ( 'NONE', #8096, #2491, #1781 ) ;
#7274 = CARTESIAN_POINT ( 'NONE',  ( -238.9750000000001648, 22.00000000000000000, -48.69999999999995310 ) ) ;
#7275 = DIRECTION ( 'NONE',  ( 0.000000000000000000, 0.000000000000000000, -1.000000000000000000 ) ) ;
#7276 = CARTESIAN_POINT ( 'NONE',  ( 165.5250000000000341, 13.49999999999999822, 29.54999999999999361 ) ) ;
#7277 = DIRECTION ( 'NONE',  ( 0.000000000000000000, 0.000000000000000000, 1.000000000000000000 ) ) ;
#7278 = ORIENTED_EDGE ( 'NONE', *, *, #7968, .T. ) ;
#7279 = LINE ( 'NONE', #4761, #6578 ) ;
#7280 = VERTEX_POINT ( 'NONE', #3413 ) ;
#7281 = CARTESIAN_POINT ( 'NONE',  ( 100.5249999999999773, 9.251075773784437573, -32.76566953025088935 ) ) ;
#7282 = ADVANCED_FACE ( 'NONE', ( #5977 ), #158, .F. ) ;
#7283 = EDGE_LOOP ( 'NONE', ( #6343, #569, #4855, #5799 ) ) ;
#7284 = EDGE_CURVE ( 'NONE', #312, #72, #7815, .T. ) ;
#7285 = FACE_OUTER_BOUND ( 'NONE', #4908, .T. ) ;
#7286 = FACE_OUTER_BOUND ( 'NONE', #7725, .T. ) ;
#7287 = ORIENTED_EDGE ( 'NONE', *, *, #1901, .F. ) ;
#7288 = ORIENTED_EDGE ( 'NONE', *, *, #2728, .T. ) ;
#7289 = CARTESIAN_POINT ( 'NONE',  ( 239.4749999999999943, 22.00000000000000000, 59.00000000000000711 ) ) ;
#7290 = EDGE_CURVE ( 'NONE', #1788, #8084, #1553, .T. ) ;
#7291 = ORIENTED_EDGE ( 'NONE', *, *, #7183, .F. ) ;
#7292 = CARTESIAN_POINT ( 'NONE',  ( 191.1750000000000114, 22.00000000000000000, 55.70000000000012363 ) ) ;
#7293 = CARTESIAN_POINT ( 'NONE',  ( -4.474999999999979217, 12.74892422621554644, 30.80000000000001492 ) ) ;
#7294 = CARTESIAN_POINT ( 'NONE',  ( -224.4749999999999943, 13.49999999999999822, -59.85000000000000142 ) ) ;
#7295 = ORIENTED_EDGE ( 'NONE', *, *, #7990, .F. ) ;
#7296 = DIRECTION ( 'NONE',  ( 0.000000000000000000, 1.000000000000000000, 0.000000000000000000 ) ) ;
#7297 = ORIENTED_EDGE ( 'NONE', *, *, #3690, .F. ) ;
#7298 = ADVANCED_FACE ( 'NONE', ( #5395 ), #126, .F. ) ;
#7299 = FACE_OUTER_BOUND ( 'NONE', #2903, .T. ) ;
#7300 = EDGE_CURVE ( 'NONE', #3777, #7992, #7616, .T. ) ;
#7301 = AXIS2_PLACEMENT_3D ( 'NONE', #6353, #607, #2038 ) ;
#7302 = AXIS2_PLACEMENT_3D ( 'NONE', #353, #4328, #3693 ) ;
#7303 = FACE_BOUND ( 'NONE', #1198, .T. ) ;
#7304 = CARTESIAN_POINT ( 'NONE',  ( -4.474999999999979217, 22.00000000000000000, -1.949973284288425189E-14 ) ) ;
#7305 = DIRECTION ( 'NONE',  ( -0.000000000000000000, 1.000000000000000000, -0.000000000000000000 ) ) ;
#7306 = CARTESIAN_POINT ( 'NONE',  ( 3.024999999999971934, 0.000000000000000000, 27.58433046974914049 ) ) ;
#7307 = ORIENTED_EDGE ( 'NONE', *, *, #8070, .T. ) ;
#7308 = CARTESIAN_POINT ( 'NONE',  ( -4.474999999999979217, 13.49999999999999822, 30.80000000000001492 ) ) ;
#7309 = ORIENTED_EDGE ( 'NONE', *, *, #7954, .T. ) ;
#7310 = DIRECTION ( 'NONE',  ( 0.000000000000000000, 0.000000000000000000, 1.000000000000000000 ) ) ;
#7311 = CARTESIAN_POINT ( 'NONE',  ( 219.4749999999999659, 22.00000000000000000, -32.05000000000000426 ) ) ;
#7312 = EDGE_CURVE ( 'NONE', #8202, #3687, #1534, .T. ) ;
#7313 = DIRECTION ( 'NONE',  ( -0.000000000000000000, -1.000000000000000000, -0.000000000000000000 ) ) ;
#7314 = DIRECTION ( 'NONE',  ( -1.000000000000000000, 0.000000000000000000, 1.135313451912421414E-16 ) ) ;
#7315 = CIRCLE ( 'NONE', #3427, 2.776987756241654282 ) ;
#7316 = DIRECTION ( 'NONE',  ( -0.000000000000000000, 1.000000000000000000, -0.000000000000000000 ) ) ;
#7317 = VERTEX_POINT ( 'NONE', #2872 ) ;
#7318 = CARTESIAN_POINT ( 'NONE',  ( -216.9750000000000227, 20.84529946162070502, -33.69999999999995310 ) ) ;
#7319 = ORIENTED_EDGE ( 'NONE', *, *, #2342, .T. ) ;
#7320 = FACE_OUTER_BOUND ( 'NONE', #5685, .T. ) ;
#7321 = ORIENTED_EDGE ( 'NONE', *, *, #1494, .F. ) ;
#7322 = DIRECTION ( 'NONE',  ( -0.000000000000000000, 1.000000000000000000, 0.000000000000000000 ) ) ;
#7323 = EDGE_CURVE ( 'NONE', #6355, #6002, #6684, .T. ) ;
#7324 = AXIS2_PLACEMENT_3D ( 'NONE', #6290, #1969, #6419 ) ;
#7325 = FACE_OUTER_BOUND ( 'NONE', #3208, .T. ) ;
#7326 = VERTEX_POINT ( 'NONE', #2750 ) ;
#7327 = ORIENTED_EDGE ( 'NONE', *, *, #6105, .T. ) ;
#7328 = EDGE_CURVE ( 'NONE', #5768, #4405, #7880, .T. ) ;
#7329 = ORIENTED_EDGE ( 'NONE', *, *, #3385, .T. ) ;
#7330 = CIRCLE ( 'NONE', #3846, 2.999999999999891642 ) ;
#7331 = CARTESIAN_POINT ( 'NONE',  ( 244.4749999999999659, 22.00000000000000000, -64.00000000000000000 ) ) ;
#7332 = EDGE_CURVE ( 'NONE', #4742, #7114, #2211, .T. ) ;
#7333 = ADVANCED_FACE ( 'NONE', ( #6067 ), #324, .F. ) ;
#7334 = AXIS2_PLACEMENT_3D ( 'NONE', #2610, #1899, #3782 ) ;
#7335 = DIRECTION ( 'NONE',  ( 0.000000000000000000, 0.000000000000000000, 1.000000000000000000 ) ) ;
#7336 = ORIENTED_EDGE ( 'NONE', *, *, #3905, .F. ) ;
#7337 = DIRECTION ( 'NONE',  ( 0.000000000000000000, 0.000000000000000000, 1.000000000000000000 ) ) ;
#7338 = DIRECTION ( 'NONE',  ( -0.000000000000000000, 1.000000000000000000, -0.000000000000000000 ) ) ;
#7339 = ORIENTED_EDGE ( 'NONE', *, *, #5359, .T. ) ;
#7340 = CARTESIAN_POINT ( 'NONE',  ( 219.4749999999999659, 13.49999999999999822, -58.60000000000002984 ) ) ;
#7341 = FACE_BOUND ( 'NONE', #2190, .T. ) ;
#7342 = ADVANCED_FACE ( 'NONE', ( #3328 ), #5897, .F. ) ;
#7343 = CARTESIAN_POINT ( 'NONE',  ( 219.4749999999999659, 4.000000000000000000, 48.70000000000000995 ) ) ;
#7344 = AXIS2_PLACEMENT_3D ( 'NONE', #4924, #8146, #3083 ) ;
#7345 = CARTESIAN_POINT ( 'NONE',  ( 165.5250000000000341, 13.49999999999999822, -59.85000000000004405 ) ) ;
#7346 = FACE_OUTER_BOUND ( 'NONE', #4651, .T. ) ;
#7347 = VERTEX_POINT ( 'NONE', #6859 ) ;
#7348 = CARTESIAN_POINT ( 'NONE',  ( 226.4750000000000796, 22.00000000000000000, -48.70000000000000995 ) ) ;
#7349 = EDGE_LOOP ( 'NONE', ( #5077, #6280, #6437 ) ) ;
#7350 = LINE ( 'NONE', #4165, #6021 ) ;
#7351 = CARTESIAN_POINT ( 'NONE',  ( -215.3250000000000455, 13.49999999999999822, -19.14999999999995950 ) ) ;
#7352 = DIRECTION ( 'NONE',  ( 0.000000000000000000, 0.000000000000000000, 1.000000000000000000 ) ) ;
#7353 = VECTOR ( 'NONE', #914, 1000.000000000000114 ) ;
#7354 = EDGE_CURVE ( 'NONE', #1653, #1167, #4836, .T. ) ;
#7355 = CARTESIAN_POINT ( 'NONE',  ( -174.4749999999999943, 22.00000000000000000, 0.000000000000000000 ) ) ;
#7356 = VECTOR ( 'NONE', #5808, 1000.000000000000000 ) ;
#7357 = DIRECTION ( 'NONE',  ( -0.000000000000000000, -1.000000000000000000, -0.000000000000000000 ) ) ;
#7358 = EDGE_LOOP ( 'NONE', ( #2724, #430, #7065 ) ) ;
#7359 = CIRCLE ( 'NONE', #8155, 1.249999999999987121 ) ;
#7360 = FACE_OUTER_BOUND ( 'NONE', #141, .T. ) ;
#7361 = VERTEX_POINT ( 'NONE', #519 ) ;
#7362 = DIRECTION ( 'NONE',  ( 1.000000000000000000, 0.000000000000000000, -1.202972179678357944E-16 ) ) ;
#7363 = EDGE_LOOP ( 'NONE', ( #2276, #4711, #3977, #6050 ) ) ;
#7364 = DIRECTION ( 'NONE',  ( 0.000000000000000000, 0.000000000000000000, 1.000000000000000000 ) ) ;
#7365 = CARTESIAN_POINT ( 'NONE',  ( 202.8250000000000455, 22.00000000000000000, 12.90000000000000213 ) ) ;
#7366 = VERTEX_POINT ( 'NONE', #4251 ) ;
#7367 = EDGE_LOOP ( 'NONE', ( #4300, #729, #3669, #1714 ) ) ;
#7368 = CONICAL_SURFACE ( 'NONE', #7766, 1.249999999999987121, 1.029744258676654312 ) ;
#7369 = EDGE_LOOP ( 'NONE', ( #6392, #3586, #3482, #1579, #5512 ) ) ;
#7370 = CARTESIAN_POINT ( 'NONE',  ( -4.474999999999979217, 13.49999999999999822, -29.54999999999999361 ) ) ;
#7371 = CIRCLE ( 'NONE', #4294, 2.999999999999891642 ) ;
#7372 = CIRCLE ( 'NONE', #6847, 1.249999999999987121 ) ;
#7373 = CYLINDRICAL_SURFACE ( 'NONE', #709, 1.250000000000001110 ) ;
#7374 = ORIENTED_EDGE ( 'NONE', *, *, #6769, .T. ) ;
#7375 = DIRECTION ( 'NONE',  ( -0.000000000000000000, 1.000000000000000000, -0.000000000000000000 ) ) ;
#7376 = DIRECTION ( 'NONE',  ( 0.000000000000000000, 0.000000000000000000, -1.000000000000000000 ) ) ;
#7377 = ORIENTED_EDGE ( 'NONE', *, *, #377, .F. ) ;
#7378 = CIRCLE ( 'NONE', #5238, 1.250000000000001110 ) ;
#7379 = ADVANCED_FACE ( 'NONE', ( #1069 ), #3647, .F. ) ;
#7380 = VECTOR ( 'NONE', #223, 1000.000000000000000 ) ;
#7381 = CARTESIAN_POINT ( 'NONE',  ( -244.4749999999999943, 0.000000000000000000, 61.50000000000005684 ) ) ;
#7382 = ADVANCED_FACE ( 'NONE', ( #5005 ), #4877, .F. ) ;
#7383 = DIRECTION ( 'NONE',  ( 0.000000000000000000, 0.000000000000000000, 1.000000000000000000 ) ) ;
#7384 = CONICAL_SURFACE ( 'NONE', #6728, 1.250000000000001110, 1.029744258676655200 ) ;
#7385 = DIRECTION ( 'NONE',  ( 0.000000000000000000, 0.000000000000000000, -1.000000000000000000 ) ) ;
#7386 = LINE ( 'NONE', #1651, #477 ) ;
#7387 = DIRECTION ( 'NONE',  ( -0.000000000000000000, 1.000000000000000000, -0.000000000000000000 ) ) ;
#7388 = ORIENTED_EDGE ( 'NONE', *, *, #7885, .T. ) ;
#7389 = LINE ( 'NONE', #1655, #4957 ) ;
#7390 = ORIENTED_EDGE ( 'NONE', *, *, #3902, .T. ) ;
#7391 = DIRECTION ( 'NONE',  ( 0.000000000000000000, -1.000000000000000000, 0.000000000000000000 ) ) ;
#7392 = LINE ( 'NONE', #4209, #3637 ) ;
#7393 = VECTOR ( 'NONE', #7337, 1000.000000000000000 ) ;
#7394 = EDGE_CURVE ( 'NONE', #1849, #2704, #8097, .T. ) ;
#7395 = AXIS2_PLACEMENT_3D ( 'NONE', #8, #55, #1263 ) ;
#7396 = CARTESIAN_POINT ( 'NONE',  ( 227.0949999999999704, 10.99999999999998934, 53.33740000000000947 ) ) ;
#7397 = AXIS2_PLACEMENT_3D ( 'NONE', #4737, #3522, #3602 ) ;
#7398 = CARTESIAN_POINT ( 'NONE',  ( 191.1750000000000114, 20.84529946162070502, 53.70000000000000995 ) ) ;
#7399 = B_SPLINE_CURVE_WITH_KNOTS ( 'NONE', 3,
 ( #1347, #5030, #3904, #7749, #179, #7831, #5319, #7253, #258, #7209 ),
 .UNSPECIFIED., .F., .F.,
 ( 4, 3, 3, 4 ),
 ( 0.000000000000000000, 0.001209016108990118186, 0.002199861332882178423, 0.002418039183358270706 ),
 .UNSPECIFIED. ) ;
#7400 = LINE ( 'NONE', #6733, #7042 ) ;
#7401 = ORIENTED_EDGE ( 'NONE', *, *, #647, .F. ) ;
#7402 = DIRECTION ( 'NONE',  ( 0.000000000000000000, 0.000000000000000000, -1.000000000000000000 ) ) ;
#7403 = EDGE_LOOP ( 'NONE', ( #7661, #1183, #2142, #138 ) ) ;
#7404 = DIRECTION ( 'NONE',  ( 0.000000000000000000, 1.000000000000000000, 0.000000000000000000 ) ) ;
#7405 = ORIENTED_EDGE ( 'NONE', *, *, #2487, .F. ) ;
#7406 = ADVANCED_FACE ( 'NONE', ( #8056 ), #2369, .F. ) ;
#7407 = CARTESIAN_POINT ( 'NONE',  ( -224.4749999999999943, 13.49999999999999822, -59.85000000000000142 ) ) ;
#7408 = EDGE_CURVE ( 'NONE', #107, #6989, #5732, .T. ) ;
#7409 = AXIS2_PLACEMENT_3D ( 'NONE', #2339, #1704, #8066 ) ;
#7410 = LINE ( 'NONE', #8109, #1851 ) ;
#7411 = CARTESIAN_POINT ( 'NONE',  ( 229.9750000000001080, 22.00000000000000000, 57.25000000000000000 ) ) ;
#7412 = ORIENTED_EDGE ( 'NONE', *, *, #491, .T. ) ;
#7413 = ORIENTED_EDGE ( 'NONE', *, *, #3505, .T. ) ;
#7414 = VERTEX_POINT ( 'NONE', #7435 ) ;
#7415 = AXIS2_PLACEMENT_3D ( 'NONE', #502, #672, #623 ) ;
#7416 = FACE_OUTER_BOUND ( 'NONE', #711, .T. ) ;
#7417 = AXIS2_PLACEMENT_3D ( 'NONE', #2931, #2893, #4817 ) ;
#7418 = DIRECTION ( 'NONE',  ( 0.000000000000000000, 0.000000000000000000, -1.000000000000000000 ) ) ;
#7419 = VERTEX_POINT ( 'NONE', #5590 ) ;
#7420 = DIRECTION ( 'NONE',  ( 1.000000000000000000, 0.000000000000000000, -0.000000000000000000 ) ) ;
#7421 = CARTESIAN_POINT ( 'NONE',  ( -239.4750000000000227, 10.49999999999999822, 59.00000000000005684 ) ) ;
#7422 = VERTEX_POINT ( 'NONE', #1739 ) ;
#7423 = DIRECTION ( 'NONE',  ( 0.000000000000000000, 0.000000000000000000, 1.000000000000000000 ) ) ;
#7424 = CARTESIAN_POINT ( 'NONE',  ( -216.9749999999999943, 22.00000000000000000, 36.69999999999995310 ) ) ;
#7425 = CONICAL_SURFACE ( 'NONE', #8217, 1.250000000000001110, 1.029744258676659197 ) ;
#7426 = EDGE_CURVE ( 'NONE', #5075, #6905, #8132, .T. ) ;
#7427 = FACE_OUTER_BOUND ( 'NONE', #766, .T. ) ;
#7428 = CARTESIAN_POINT ( 'NONE',  ( 202.8250000000000455, 22.00000000000000000, 12.90000000000000213 ) ) ;
#7429 = DIRECTION ( 'NONE',  ( -0.000000000000000000, 1.000000000000000000, -0.000000000000000000 ) ) ;
#7430 = ORIENTED_EDGE ( 'NONE', *, *, #6256, .F. ) ;
#7431 = CARTESIAN_POINT ( 'NONE',  ( 191.1750000000000114, -0.001999999999998530731, 48.70000000000001705 ) ) ;
#7432 = ORIENTED_EDGE ( 'NONE', *, *, #6843, .T. ) ;
#7433 = CONICAL_SURFACE ( 'NONE', #2482, 1.250000000000001110, 1.029744258676659197 ) ;
#7434 = LINE ( 'NONE', #2409, #1100 ) ;
#7435 = CARTESIAN_POINT ( 'NONE',  ( -203.6750000000000398, 22.00000000000000000, -32.04999999999998295 ) ) ;
#7436 = AXIS2_PLACEMENT_3D ( 'NONE', #3515, #6082, #5488 ) ;
#7437 = ADVANCED_FACE ( 'NONE', ( #1151 ), #7203, .F. ) ;
#7438 = ADVANCED_FACE ( 'NONE', ( #4411 ), #6262, .F. ) ;
#7439 = DIRECTION ( 'NONE',  ( 0.000000000000000000, 0.000000000000000000, 1.000000000000000000 ) ) ;
#7440 = DIRECTION ( 'NONE',  ( 1.000000000000000000, 0.000000000000000000, -1.135313451912421414E-16 ) ) ;
#7441 = VERTEX_POINT ( 'NONE', #5718 ) ;
#7442 = CARTESIAN_POINT ( 'NONE',  ( 239.4749999999999943, 22.00000000000000000, 57.35000000000001563 ) ) ;
#7443 = VERTEX_POINT ( 'NONE', #5205 ) ;
#7444 = DIRECTION ( 'NONE',  ( -0.000000000000000000, 1.000000000000000000, -0.000000000000000000 ) ) ;
#7445 = ORIENTED_EDGE ( 'NONE', *, *, #7943, .T. ) ;
#7446 = CARTESIAN_POINT ( 'NONE',  ( 165.5250000000000341, 13.49999999999999822, 1.249999999999962030 ) ) ;
#7447 = DIRECTION ( 'NONE',  ( 0.000000000000000000, -1.000000000000000000, 0.000000000000000000 ) ) ;
#7448 = AXIS2_PLACEMENT_3D ( 'NONE', #3117, #7566, #3242 ) ;
#7449 = EDGE_CURVE ( 'NONE', #4173, #5994, #6797, .T. ) ;
#7450 = FACE_OUTER_BOUND ( 'NONE', #4967, .T. ) ;
#7451 = EDGE_CURVE ( 'NONE', #5674, #2149, #1585, .T. ) ;
#7452 = LINE ( 'NONE', #6199, #4430 ) ;
#7453 = ORIENTED_EDGE ( 'NONE', *, *, #1247, .T. ) ;
#7454 = EDGE_LOOP ( 'NONE', ( #6481, #5446, #4162 ) ) ;
#7455 = ORIENTED_EDGE ( 'NONE', *, *, #4383, .T. ) ;
#7456 = CARTESIAN_POINT ( 'NONE',  ( 219.4749999999999659, 12.20899172797666488, -53.70000000000000284 ) ) ;
#7457 = AXIS2_PLACEMENT_3D ( 'NONE', #2562, #4481, #2517 ) ;
#7458 = ADVANCED_FACE ( 'NONE', ( #1315 ), #689, .T. ) ;
#7459 = CARTESIAN_POINT ( 'NONE',  ( 219.4826790310409592, 11.20130064156594685, -53.70000000000000284 ) ) ;
#7460 = ADVANCED_FACE ( 'NONE', ( #6385 ), #1936, .F. ) ;
#7461 = EDGE_LOOP ( 'NONE', ( #1156, #1635, #4257, #583 ) ) ;
#7462 = CARTESIAN_POINT ( 'NONE',  ( -241.9750000000000227, 0.000000000000000000, -61.49999999999994316 ) ) ;
#7463 = DIRECTION ( 'NONE',  ( -0.000000000000000000, 1.000000000000000000, -0.000000000000000000 ) ) ;
#7464 = VERTEX_POINT ( 'NONE', #1274 ) ;
#7465 = VECTOR ( 'NONE', #6786, 1000.000000000000000 ) ;
#7466 = FACE_OUTER_BOUND ( 'NONE', #5814, .T. ) ;
#7467 = LINE ( 'NONE', #1727, #7599 ) ;
#7468 = AXIS2_PLACEMENT_3D ( 'NONE', #402, #5635, #4912 ) ;
#7469 = CYLINDRICAL_SURFACE ( 'NONE', #3347, 7.137400000000002187 ) ;
#7470 = DIRECTION ( 'NONE',  ( 0.000000000000000000, 0.000000000000000000, 1.000000000000000000 ) ) ;
#7471 = CYLINDRICAL_SURFACE ( 'NONE', #8021, 1.250000000000001110 ) ;
#7472 = ORIENTED_EDGE ( 'NONE', *, *, #2228, .T. ) ;
#7473 = DIRECTION ( 'NONE',  ( -0.000000000000000000, 1.000000000000000000, -0.000000000000000000 ) ) ;
#7474 = AXIS2_PLACEMENT_3D ( 'NONE', #7953, #2259, #6740 ) ;
#7475 = ORIENTED_EDGE ( 'NONE', *, *, #3070, .F. ) ;
#7476 = CARTESIAN_POINT ( 'NONE',  ( 209.4750000000000227, 20.84529946162070502, 48.69999999999999574 ) ) ;
#7477 = ADVANCED_FACE ( 'NONE', ( #7760 ), #3719, .F. ) ;
#7478 = AXIS2_PLACEMENT_3D ( 'NONE', #990, #205, #5350 ) ;
#7479 = DIRECTION ( 'NONE',  ( 0.000000000000000000, 0.000000000000000000, 1.000000000000000000 ) ) ;
#7480 = DIRECTION ( 'NONE',  ( -0.000000000000000000, 1.000000000000000000, -0.000000000000000000 ) ) ;
#7481 = CARTESIAN_POINT ( 'NONE',  ( 224.4749999999999943, 10.99999999999998934, 48.97698775624169798 ) ) ;
#7482 = ORIENTED_EDGE ( 'NONE', *, *, #8059, .T. ) ;
#7483 = CONICAL_SURFACE ( 'NONE', #6681, 1.250000000000001110, 1.029744258676655200 ) ;
#7484 = LINE ( 'NONE', #7442, #8171 ) ;
#7485 = AXIS2_PLACEMENT_3D ( 'NONE', #7976, #7391, #4208 ) ;
#7486 = ORIENTED_EDGE ( 'NONE', *, *, #5178, .F. ) ;
#7487 = LINE ( 'NONE', #4968, #5943 ) ;
#7488 = VERTEX_POINT ( 'NONE', #5805 ) ;
#7489 = CARTESIAN_POINT ( 'NONE',  ( -193.6750000000000398, 4.000000000000000000, 2.900000000000046541 ) ) ;
#7490 = VECTOR ( 'NONE', #7523, 1000.000000000000000 ) ;
#7491 = ADVANCED_FACE ( 'NONE', ( #7715 ), #1857, .F. ) ;
#7492 = CARTESIAN_POINT ( 'NONE',  ( -174.4749999999999943, 13.49999999999999822, -32.04999999999997584 ) ) ;
#7493 = EDGE_CURVE ( 'NONE', #3707, #7326, #6936, .T. ) ;
#7494 = CONICAL_SURFACE ( 'NONE', #8148, 7.000000000000117240, 1.047197551196607179 ) ;
#7495 = AXIS2_PLACEMENT_3D ( 'NONE', #2514, #3098, #3173 ) ;
#7496 = CARTESIAN_POINT ( 'NONE',  ( 204.4750000000000227, 22.00000000000000000, -2.900000000000001688 ) ) ;
#7497 = DIRECTION ( 'NONE',  ( -0.000000000000000000, 1.000000000000000000, -0.000000000000000000 ) ) ;
#7498 = ORIENTED_EDGE ( 'NONE', *, *, #7312, .F. ) ;
#7499 = ORIENTED_EDGE ( 'NONE', *, *, #5385, .F. ) ;
#7500 = ORIENTED_EDGE ( 'NONE', *, *, #8092, .F. ) ;
#7501 = VECTOR ( 'NONE', #4445, 1000.000000000000000 ) ;
#7502 = ADVANCED_FACE ( 'NONE', ( #3188 ), #638, .F. ) ;
#7503 = DIRECTION ( 'NONE',  ( 0.000000000000000000, 0.000000000000000000, 1.000000000000000000 ) ) ;
#7504 = CIRCLE ( 'NONE', #2678, 1.250000000000001110 ) ;
#7505 = ORIENTED_EDGE ( 'NONE', *, *, #5002, .F. ) ;
#7506 = PLANE ( 'NONE',  #3512 ) ;
#7507 = FACE_OUTER_BOUND ( 'NONE', #7363, .T. ) ;
#7508 = VERTEX_POINT ( 'NONE', #8254 ) ;
#7509 = CARTESIAN_POINT ( 'NONE',  ( 216.9749999999999943, 13.49999999999999822, 59.85000000000006537 ) ) ;
#7510 = VECTOR ( 'NONE', #552, 1000.000000000000227 ) ;
#7511 = AXIS2_PLACEMENT_3D ( 'NONE', #5902, #8273, #4554 ) ;
#7512 = ADVANCED_FACE ( 'NONE', ( #1360 ), #4389, .F. ) ;
#7513 = AXIS2_PLACEMENT_3D ( 'NONE', #116, #4597, #7154 ) ;
#7514 = FACE_BOUND ( 'NONE', #5560, .T. ) ;
#7515 = CARTESIAN_POINT ( 'NONE',  ( 191.1750000000000114, 11.99999999999999822, -1.250000000000001110 ) ) ;
#7517 = LINE ( 'NONE', #8050, #2769 ) ;
#7516 = VECTOR ( 'NONE', #1031, 1000.000000000000000 ) ;
#7518 = CARTESIAN_POINT ( 'NONE',  ( -215.3250000000000455, 13.49999999999999822, -17.89999999999995595 ) ) ;
#7519 = EDGE_LOOP ( 'NONE', ( #7593, #7702, #3337, #3790 ) ) ;
#7520 = CYLINDRICAL_SURFACE ( 'NONE', #6836, 1.250000000000001110 ) ;
#7521 = EDGE_LOOP ( 'NONE', ( #3470, #7939, #5163, #2442 ) ) ;
#7522 = CARTESIAN_POINT ( 'NONE',  ( -241.7250000000000796, 13.49999999999999822, -48.70000000000005969 ) ) ;
#7523 = DIRECTION ( 'NONE',  ( 0.5150380749100526012, 1.049727191138619805E-16, 0.8571673007021132218 ) ) ;
#7524 = CIRCLE ( 'NONE', #3229, 1.649999999999984812 ) ;
#7525 = CYLINDRICAL_SURFACE ( 'NONE', #7781, 7.137400000000002187 ) ;
#7526 = FACE_OUTER_BOUND ( 'NONE', #1589, .T. ) ;
#7527 = LINE ( 'NONE', #1787, #6244 ) ;
#7528 = VERTEX_POINT ( 'NONE', #4535 ) ;
#7529 = LINE ( 'NONE', #4375, #5648 ) ;
#7530 = EDGE_LOOP ( 'NONE', ( #2592, #3909, #17, #7307 ) ) ;
#7531 = DIRECTION ( 'NONE',  ( 0.000000000000000000, 0.000000000000000000, 1.000000000000000000 ) ) ;
#7532 = VERTEX_POINT ( 'NONE', #5759 ) ;
#7533 = AXIS2_PLACEMENT_3D ( 'NONE', #7509, #1771, #2320 ) ;
#7534 = DIRECTION ( 'NONE',  ( -0.000000000000000000, 1.000000000000000000, -0.000000000000000000 ) ) ;
#7535 = AXIS2_PLACEMENT_3D ( 'NONE', #382, #1048, #6163 ) ;
#7536 = DIRECTION ( 'NONE',  ( -0.000000000000000000, 1.000000000000000000, -0.000000000000000000 ) ) ;
#7537 = VECTOR ( 'NONE', #3925, 1000.000000000000000 ) ;
#7538 = EDGE_CURVE ( 'NONE', #1260, #4050, #7091, .T. ) ;
#7539 = CARTESIAN_POINT ( 'NONE',  ( 219.4749999999999659, 22.00000000000000000, -53.70000000000000284 ) ) ;
#7540 = EDGE_CURVE ( 'NONE', #7366, #2830, #6476, .T. ) ;
#7541 = CARTESIAN_POINT ( 'NONE',  ( 229.9750000000001080, 13.49999999999999822, -55.99999999999994316 ) ) ;
#7542 = ORIENTED_EDGE ( 'NONE', *, *, #1870, .T. ) ;
#7543 = EDGE_LOOP ( 'NONE', ( #345, #3496 ) ) ;
#7544 = AXIS2_PLACEMENT_3D ( 'NONE', #516, #3066, #559 ) ;
#7545 = LINE ( 'NONE', #5021, #5463 ) ;
#7546 = EDGE_CURVE ( 'NONE', #45, #7488, #731, .T. ) ;
#7547 = ADVANCED_FACE ( 'NONE', ( #5126 ), #1314, .F. ) ;
#7548 = EDGE_CURVE ( 'NONE', #6076, #4378, #101, .T. ) ;
#7549 = VERTEX_POINT ( 'NONE', #270 ) ;
#7550 = CARTESIAN_POINT ( 'NONE',  ( 216.9749999999999943, 22.00000000000000000, 59.85000000000006537 ) ) ;
#7551 = DIRECTION ( 'NONE',  ( -0.000000000000000000, 1.000000000000000000, -0.000000000000000000 ) ) ;
#7552 = ORIENTED_EDGE ( 'NONE', *, *, #65, .F. ) ;
#7553 = DIRECTION ( 'NONE',  ( 0.000000000000000000, 0.000000000000000000, 1.000000000000000000 ) ) ;
#7554 = LINE ( 'NONE', #590, #1170 ) ;
#7555 = CARTESIAN_POINT ( 'NONE',  ( 204.4750000000000227, 20.84529946162070502, -7.900000000000002132 ) ) ;
#7556 = DIRECTION ( 'NONE',  ( -0.000000000000000000, 1.000000000000000000, -0.000000000000000000 ) ) ;
#7557 = DIRECTION ( 'NONE',  ( 0.000000000000000000, 0.000000000000000000, 1.000000000000000000 ) ) ;
#7558 = ORIENTED_EDGE ( 'NONE', *, *, #8169, .T. ) ;
#7559 = EDGE_CURVE ( 'NONE', #3687, #4733, #3578, .T. ) ;
#7560 = DIRECTION ( 'NONE',  ( -0.000000000000000000, 1.000000000000000000, -0.000000000000000000 ) ) ;
#7561 = ORIENTED_EDGE ( 'NONE', *, *, #489, .F. ) ;
#7562 = DIRECTION ( 'NONE',  ( 1.000000000000000000, 0.000000000000000000, -1.202972179678357944E-16 ) ) ;
#7563 = CARTESIAN_POINT ( 'NONE',  ( 224.2129379289903284, 11.22243267703176350, -38.70000000000280238 ) ) ;
#7564 = FACE_OUTER_BOUND ( 'NONE', #7798, .T. ) ;
#7565 = CARTESIAN_POINT ( 'NONE',  ( 239.4749999999999659, 10.49999999999999822, -58.99999999999995026 ) ) ;
#7566 = DIRECTION ( 'NONE',  ( 1.000000000000000000, -0.000000000000000000, -0.000000000000000000 ) ) ;
#7567 = EDGE_LOOP ( 'NONE', ( #8139, #2001, #5036, #949 ) ) ;
#7568 = ADVANCED_FACE ( 'NONE', ( #1478 ), #6136, .F. ) ;
#7569 = DIRECTION ( 'NONE',  ( 0.000000000000000000, 1.000000000000000000, -0.000000000000000000 ) ) ;
#7570 = EDGE_LOOP ( 'NONE', ( #3420, #567, #2538 ) ) ;
#7571 = LINE ( 'NONE', #6312, #2988 ) ;
#7572 = VERTEX_POINT ( 'NONE', #4111 ) ;
#7573 = CYLINDRICAL_SURFACE ( 'NONE', #3060, 1.250000000000001110 ) ;
#7574 = FACE_OUTER_BOUND ( 'NONE', #6903, .T. ) ;
#7575 = DIRECTION ( 'NONE',  ( -0.000000000000000000, -1.000000000000000000, -0.000000000000000000 ) ) ;
#7576 = CARTESIAN_POINT ( 'NONE',  ( -239.4750000000000227, 10.49999999999999822, -60.64999999999993463 ) ) ;
#7577 = VERTEX_POINT ( 'NONE', #3952 ) ;
#7578 = VERTEX_POINT ( 'NONE', #5925 ) ;
#7579 = EDGE_CURVE ( 'NONE', #5975, #4497, #4647, .T. ) ;
#7580 = DIRECTION ( 'NONE',  ( 0.000000000000000000, 0.000000000000000000, 1.000000000000000000 ) ) ;
#7581 = ORIENTED_EDGE ( 'NONE', *, *, #5948, .F. ) ;
#7582 = CARTESIAN_POINT ( 'NONE',  ( -203.6750000000000398, 22.00000000000000000, -29.54999999999997939 ) ) ;
#7583 = CARTESIAN_POINT ( 'NONE',  ( 191.1750000000000114, 11.99999999999999822, -1.250000000000001110 ) ) ;
#7584 = EDGE_LOOP ( 'NONE', ( #2301, #4470, #2985, #458 ) ) ;
#7585 = LINE ( 'NONE', #7706, #2712 ) ;
#7586 = DIRECTION ( 'NONE',  ( 0.000000000000000000, 0.4999999999999926170, 0.8660254037844428154 ) ) ;
#7587 = ADVANCED_FACE ( 'NONE', ( #2737 ), #2108, .F. ) ;
#7588 = CARTESIAN_POINT ( 'NONE',  ( -208.6750000000000682, 4.000000000000000000, 22.90000000000005187 ) ) ;
#7589 = CIRCLE ( 'NONE', #631, 1.250000000000001110 ) ;
#7590 = DIRECTION ( 'NONE',  ( -0.000000000000000000, 1.000000000000000000, -0.000000000000000000 ) ) ;
#7591 = ORIENTED_EDGE ( 'NONE', *, *, #5810, .F. ) ;
#7592 = FACE_OUTER_BOUND ( 'NONE', #5344, .T. ) ;
#7593 = ORIENTED_EDGE ( 'NONE', *, *, #1400, .F. ) ;
#7594 = CARTESIAN_POINT ( 'NONE',  ( -224.4749999999999943, 22.00000000000000000, -59.85000000000000142 ) ) ;
#7595 = DIRECTION ( 'NONE',  ( -0.000000000000000000, 1.000000000000000000, -0.000000000000000000 ) ) ;
#7596 = EDGE_CURVE ( 'NONE', #3011, #3109, #2260, .T. ) ;
#7597 = CIRCLE ( 'NONE', #5053, 1.250000000000001110 ) ;
#7598 = DIRECTION ( 'NONE',  ( 1.000000000000000000, -0.000000000000000000, -0.000000000000000000 ) ) ;
#7599 = VECTOR ( 'NONE', #4324, 1000.000000000000000 ) ;
#7600 = FACE_OUTER_BOUND ( 'NONE', #1484, .T. ) ;
#7601 = CARTESIAN_POINT ( 'NONE',  ( -241.7250000000000227, 22.00000000000000000, -1.250000000000000666 ) ) ;
#7602 = ORIENTED_EDGE ( 'NONE', *, *, #792, .T. ) ;
#7603 = DIRECTION ( 'NONE',  ( 0.000000000000000000, 0.000000000000000000, 1.000000000000000000 ) ) ;
#7604 = ORIENTED_EDGE ( 'NONE', *, *, #4232, .T. ) ;
#7605 = FACE_OUTER_BOUND ( 'NONE', #118, .T. ) ;
#7606 = ORIENTED_EDGE ( 'NONE', *, *, #2114, .F. ) ;
#7607 = CARTESIAN_POINT ( 'NONE',  ( 191.1750000000000114, 22.00000000000000000, 61.10000000000006537 ) ) ;
#7608 = DIRECTION ( 'NONE',  ( -0.000000000000000000, 1.000000000000000000, -0.000000000000000000 ) ) ;
#7609 = VECTOR ( 'NONE', #535, 1000.000000000000000 ) ;
#7610 = ADVANCED_FACE ( 'NONE', ( #4620 ), #4515, .F. ) ;
#7611 = AXIS2_PLACEMENT_3D ( 'NONE', #3626, #6479, #8220 ) ;
#7612 = CYLINDRICAL_SURFACE ( 'NONE', #5231, 1.649999999999984812 ) ;
#7613 = DIRECTION ( 'NONE',  ( -0.000000000000000000, -1.000000000000000000, -0.000000000000000000 ) ) ;
#7614 = ORIENTED_EDGE ( 'NONE', *, *, #3944, .T. ) ;
#7615 = DIRECTION ( 'NONE',  ( 0.000000000000000000, 0.000000000000000000, 1.000000000000000000 ) ) ;
#7616 = CIRCLE ( 'NONE', #4003, 5.000000000000000888 ) ;
#7617 = ORIENTED_EDGE ( 'NONE', *, *, #2565, .F. ) ;
#7618 = VERTEX_POINT ( 'NONE', #770 ) ;
#7619 = CIRCLE ( 'NONE', #1204, 4.999999999999997335 ) ;
#7620 = VERTEX_POINT ( 'NONE', #4033 ) ;
#7621 = CARTESIAN_POINT ( 'NONE',  ( -203.6750000000000398, 4.000000000000000000, 22.90000000000004832 ) ) ;
#7622 = AXIS2_PLACEMENT_3D ( 'NONE', #5767, #7056, #5725 ) ;
#7623 = CARTESIAN_POINT ( 'NONE',  ( 224.4749999999999659, 12.04598420423639382, 48.77882991961680403 ) ) ;
#7624 = VERTEX_POINT ( 'NONE', #4580 ) ;
#7625 = CYLINDRICAL_SURFACE ( 'NONE', #6194, 1.249999999999987121 ) ;
#7626 = DIRECTION ( 'NONE',  ( 0.000000000000000000, 0.000000000000000000, 1.000000000000000000 ) ) ;
#7627 = DIRECTION ( 'NONE',  ( -0.000000000000000000, -1.000000000000000000, -0.000000000000000000 ) ) ;
#7628 = AXIS2_PLACEMENT_3D ( 'NONE', #7970, #6095, #2240 ) ;
#7629 = EDGE_CURVE ( 'NONE', #7572, #3768, #8123, .T. ) ;
#7630 = CARTESIAN_POINT ( 'NONE',  ( 191.1750000000000114, 22.00000000000000000, 58.60000000000005826 ) ) ;
#7631 = ORIENTED_EDGE ( 'NONE', *, *, #4070, .F. ) ;
#7632 = EDGE_CURVE ( 'NONE', #7268, #331, #189, .T. ) ;
#7633 = DIRECTION ( 'NONE',  ( 1.049727191138618449E-16, 0.5150380749100544886, -0.8571673007021121116 ) ) ;
#7634 = ORIENTED_EDGE ( 'NONE', *, *, #7451, .T. ) ;
#7635 = DIRECTION ( 'NONE',  ( -0.000000000000000000, 1.000000000000000000, -0.000000000000000000 ) ) ;
#7636 = DIRECTION ( 'NONE',  ( 0.000000000000000000, 0.000000000000000000, 1.000000000000000000 ) ) ;
#7637 = VECTOR ( 'NONE', #6238, 1000.000000000000000 ) ;
#7638 =( GEOMETRIC_REPRESENTATION_CONTEXT ( 3 ) GLOBAL_UNCERTAINTY_ASSIGNED_CONTEXT ( ( #5824 ) ) GLOBAL_UNIT_ASSIGNED_CONTEXT ( ( #641, #2493, #2531 ) ) REPRESENTATION_CONTEXT ( 'NONE', 'WORKASPACE' ) );
#7639 = CARTESIAN_POINT ( 'NONE',  ( 216.9749999999999943, 22.00000000000000000, 61.10000000000006537 ) ) ;
#7640 = CARTESIAN_POINT ( 'NONE',  ( 219.4749999999999659, 22.00000000000000000, -36.69999999999988916 ) ) ;
#7641 = DIRECTION ( 'NONE',  ( 0.000000000000000000, -0.5150380749100585964, -0.8571673007021097801 ) ) ;
#7642 = EDGE_LOOP ( 'NONE', ( #5491, #7482, #6591, #5790 ) ) ;
#7643 = EDGE_CURVE ( 'NONE', #659, #5971, #4702, .T. ) ;
#7644 = DIRECTION ( 'NONE',  ( 0.000000000000000000, 0.000000000000000000, 1.000000000000000000 ) ) ;
#7645 = ORIENTED_EDGE ( 'NONE', *, *, #3872, .T. ) ;
#7646 = FACE_OUTER_BOUND ( 'NONE', #4342, .T. ) ;
#7647 = EDGE_LOOP ( 'NONE', ( #1886, #5656, #1517, #156 ) ) ;
#7648 = FACE_OUTER_BOUND ( 'NONE', #5287, .T. ) ;
#7649 = DIRECTION ( 'NONE',  ( 0.000000000000000000, -1.000000000000000000, 0.000000000000000000 ) ) ;
#7650 = CARTESIAN_POINT ( 'NONE',  ( -239.4750000000000227, 22.00000000000000000, 59.00000000000005684 ) ) ;
#7651 = CONICAL_SURFACE ( 'NONE', #1506, 1.250000000000001110, 1.029744258676654090 ) ;
#7652 = LINE ( 'NONE', #706, #5396 ) ;
#7653 = VERTEX_POINT ( 'NONE', #4071 ) ;
#7654 = CARTESIAN_POINT ( 'NONE',  ( 198.0250000000000057, 8.499999999999992895, -31.51566953025092133 ) ) ;
#7655 = ORIENTED_EDGE ( 'NONE', *, *, #6511, .F. ) ;
#7656 = EDGE_CURVE ( 'NONE', #6288, #3295, #6938, .T. ) ;
#7657 = ORIENTED_EDGE ( 'NONE', *, *, #5701, .T. ) ;
#7658 = ADVANCED_FACE ( 'NONE', ( #145, #7932, #6634, #7220, #2696, #2778, #2202, #3438, #5250, #6009, #7139, #4745, #7303, #6670, #932, #6054, #314, #2862, #5423, #7802, #6214, #7341, #6888, #2976, #6173, #1603, #6848, #4946, #469, #8005, #7514, #5543, #1140, #433, #2898, #2278, #4284, #8086, #2400, #2936, #506 ), #4196, .T. ) ;
#7659 = CONICAL_SURFACE ( 'NONE', #8061, 1.250000000000001110, 1.029744258676655200 ) ;
#7660 = CARTESIAN_POINT ( 'NONE',  ( -174.4749999999999943, 13.49999999999999822, -30.79999999999997229 ) ) ;
#7661 = ORIENTED_EDGE ( 'NONE', *, *, #2873, .F. ) ;
#7662 = AXIS2_PLACEMENT_3D ( 'NONE', #1025, #6473, #1229 ) ;
#7663 = CARTESIAN_POINT ( 'NONE',  ( -224.4749999999999943, 13.49999999999999822, -61.10000000000000142 ) ) ;
#7664 = LINE ( 'NONE', #5664, #2274 ) ;
#7665 = EDGE_CURVE ( 'NONE', #4497, #5696, #3611, .T. ) ;
#7666 = ORIENTED_EDGE ( 'NONE', *, *, #5592, .F. ) ;
#7667 = CARTESIAN_POINT ( 'NONE',  ( 198.0249999999999773, 8.499999999999992895, 27.58433046974910141 ) ) ;
#7668 = DIRECTION ( 'NONE',  ( 0.000000000000000000, 0.000000000000000000, 1.000000000000000000 ) ) ;
#7669 = LINE ( 'NONE', #1930, #4560 ) ;
#7670 = VECTOR ( 'NONE', #2879, 1000.000000000000114 ) ;
#7671 = DIRECTION ( 'NONE',  ( -0.000000000000000000, -1.000000000000000000, -0.000000000000000000 ) ) ;
#7672 = EDGE_LOOP ( 'NONE', ( #5850, #8184, #1946, #4268 ) ) ;
#7673 = DIRECTION ( 'NONE',  ( 0.000000000000000000, 0.000000000000000000, -1.000000000000000000 ) ) ;
#7674 = ORIENTED_EDGE ( 'NONE', *, *, #489, .T. ) ;
#7675 = CARTESIAN_POINT ( 'NONE',  ( 196.1750000000000114, 20.84529946162070502, 48.70000000000001705 ) ) ;
#7676 = CARTESIAN_POINT ( 'NONE',  ( 219.4749999999999659, 22.00000000000000000, 48.70000000000000995 ) ) ;
#7677 = EDGE_CURVE ( 'NONE', #3409, #3946, #7467, .T. ) ;
#7678 = CARTESIAN_POINT ( 'NONE',  ( -224.4749999999999943, 13.49999999999999822, 58.60000000000005826 ) ) ;
#7679 = LINE ( 'NONE', #5763, #6950 ) ;
#7680 = CARTESIAN_POINT ( 'NONE',  ( 165.5250000000000341, 22.00000000000000000, -3.899946568576850379E-14 ) ) ;
#7681 = VERTEX_POINT ( 'NONE', #5505 ) ;
#7682 = LINE ( 'NONE', #648, #5494 ) ;
#7683 = VERTEX_POINT ( 'NONE', #4154 ) ;
#7684 = CARTESIAN_POINT ( 'NONE',  ( 227.0949999999999704, 10.99999999999998757, 46.20000000000000284 ) ) ;
#7685 = VERTEX_POINT ( 'NONE', #6755 ) ;
#7686 = FACE_OUTER_BOUND ( 'NONE', #7838, .T. ) ;
#7687 = CARTESIAN_POINT ( 'NONE',  ( -215.3250000000000455, 13.49999999999999822, 16.65000000000004832 ) ) ;
#7688 = EDGE_CURVE ( 'NONE', #2892, #2091, #1017, .T. ) ;
#7689 = ADVANCED_FACE ( 'NONE', ( #1102 ), #6796, .F. ) ;
#7690 = CARTESIAN_POINT ( 'NONE',  ( 100.5249999999999488, 0.000000000000000000, 27.58433046974912628 ) ) ;
#7691 = CARTESIAN_POINT ( 'NONE',  ( -94.47500000000000853, 0.000000000000000000, -34.01566953025085382 ) ) ;
#7692 = ORIENTED_EDGE ( 'NONE', *, *, #1349, .F. ) ;
#7693 = LINE ( 'NONE', #42, #4031 ) ;
#7694 = EDGE_LOOP ( 'NONE', ( #8249, #2051 ) ) ;
#7695 = ORIENTED_EDGE ( 'NONE', *, *, #5369, .F. ) ;
#7696 = AXIS2_PLACEMENT_3D ( 'NONE', #281, #6642, #6559 ) ;
#7697 = AXIS2_PLACEMENT_3D ( 'NONE', #1180, #7556, #5233 ) ;
#7698 = DIRECTION ( 'NONE',  ( 0.000000000000000000, 0.000000000000000000, -1.000000000000000000 ) ) ;
#7699 = EDGE_CURVE ( 'NONE', #3157, #3661, #2519, .T. ) ;
#7700 = ADVANCED_FACE ( 'NONE', ( #2322 ), #4867, .F. ) ;
#7701 = CARTESIAN_POINT ( 'NONE',  ( -224.4749999999999943, 13.49999999999999822, -58.60000000000000142 ) ) ;
#7702 = ORIENTED_EDGE ( 'NONE', *, *, #2138, .F. ) ;
#7703 = CARTESIAN_POINT ( 'NONE',  ( 239.4749999999999659, 22.00000000000000000, -60.64999999999993463 ) ) ;
#7704 = CARTESIAN_POINT ( 'NONE',  ( 219.4749999999999659, 12.20899172797677323, 53.70000000000000284 ) ) ;
#7705 = ORIENTED_EDGE ( 'NONE', *, *, #7127, .T. ) ;
#7706 = CARTESIAN_POINT ( 'NONE',  ( -219.9749999999999091, 22.00000000000000000, 33.70000000000005969 ) ) ;
#7707 = DIRECTION ( 'NONE',  ( -0.000000000000000000, 1.000000000000000000, -0.000000000000000000 ) ) ;
#7708 = EDGE_CURVE ( 'NONE', #6425, #6500, #351, .T. ) ;
#7709 = LINE ( 'NONE', #94, #6172 ) ;
#7710 = LINE ( 'NONE', #1351, #7116 ) ;
#7711 = ORIENTED_EDGE ( 'NONE', *, *, #4464, .T. ) ;
#7712 = DIRECTION ( 'NONE',  ( 0.000000000000000000, 0.000000000000000000, 1.000000000000000000 ) ) ;
#7713 = ORIENTED_EDGE ( 'NONE', *, *, #3814, .F. ) ;
#7714 = CARTESIAN_POINT ( 'NONE',  ( 229.9750000000001080, 13.49999999999999822, 56.00000000000000000 ) ) ;
#7715 = FACE_OUTER_BOUND ( 'NONE', #5412, .T. ) ;
#7716 = CIRCLE ( 'NONE', #5730, 1.250000000000001110 ) ;
#7717 = DIRECTION ( 'NONE',  ( -0.000000000000000000, -1.000000000000000000, -0.000000000000000000 ) ) ;
#7718 = DIRECTION ( 'NONE',  ( -0.000000000000000000, 1.000000000000000000, -0.000000000000000000 ) ) ;
#7719 = DIRECTION ( 'NONE',  ( -0.000000000000000000, 1.000000000000000000, -0.000000000000000000 ) ) ;
#7720 = VERTEX_POINT ( 'NONE', #5624 ) ;
#7721 = CARTESIAN_POINT ( 'NONE',  ( -241.7250000000000796, 22.00000000000000000, -48.70000000000005969 ) ) ;
#7722 = ORIENTED_EDGE ( 'NONE', *, *, #2370, .F. ) ;
#7723 = FACE_OUTER_BOUND ( 'NONE', #2452, .T. ) ;
#7724 = EDGE_CURVE ( 'NONE', #5276, #2386, #627, .T. ) ;
#7725 = EDGE_LOOP ( 'NONE', ( #457, #939, #1293, #6658 ) ) ;
#7726 = DIRECTION ( 'NONE',  ( 1.000000000000000000, 0.000000000000000000, -1.202972179678357944E-16 ) ) ;
#7727 = AXIS2_PLACEMENT_3D ( 'NONE', #2474, #3760, #48 ) ;
#7728 = CARTESIAN_POINT ( 'NONE',  ( 219.4749999999999659, 22.00000000000000000, -55.70000000000011653 ) ) ;
#7729 = AXIS2_PLACEMENT_3D ( 'NONE', #2820, #887, #2155 ) ;
#7730 = CARTESIAN_POINT ( 'NONE',  ( 219.4749999999999659, 20.84529946162070502, -48.70000000000000995 ) ) ;
#7731 = CARTESIAN_POINT ( 'NONE',  ( -241.7250000000000227, 13.49999999999999822, 3.252606517456513302E-16 ) ) ;
#7732 = EDGE_LOOP ( 'NONE', ( #5630, #5738 ) ) ;
#7733 = CARTESIAN_POINT ( 'NONE',  ( -215.3250000000000455, 13.49999999999999822, 17.90000000000004832 ) ) ;
#7734 = VERTEX_POINT ( 'NONE', #7424 ) ;
#7735 = EDGE_CURVE ( 'NONE', #1385, #3768, #3655, .T. ) ;
#7736 = ORIENTED_EDGE ( 'NONE', *, *, #2497, .F. ) ;
#7737 = EDGE_CURVE ( 'NONE', #6983, #3424, #5314, .T. ) ;
#7738 = CONICAL_SURFACE ( 'NONE', #514, 2.999999999999891642, 1.047197551196605181 ) ;
#7739 = AXIS2_PLACEMENT_3D ( 'NONE', #3579, #7480, #7439 ) ;
#7740 = ADVANCED_FACE ( 'NONE', ( #1305 ), #1845, .F. ) ;
#7741 = VECTOR ( 'NONE', #7234, 1000.000000000000000 ) ;
#7742 = DIRECTION ( 'NONE',  ( 0.000000000000000000, 0.5150380749100536004, 0.8571673007021125557 ) ) ;
#7743 = ORIENTED_EDGE ( 'NONE', *, *, #1095, .F. ) ;
#7744 = CARTESIAN_POINT ( 'NONE',  ( -241.9749999999999659, 22.00000000000000000, 64.00000000000005684 ) ) ;
#7745 = CARTESIAN_POINT ( 'NONE',  ( 224.2379304422123880, 11.44580363971202353, 53.70000000000278817 ) ) ;
#7746 = ADVANCED_FACE ( 'NONE', ( #1809 ), #5668, .F. ) ;
#7747 = ORIENTED_EDGE ( 'NONE', *, *, #7071, .F. ) ;
#7748 = CIRCLE ( 'NONE', #5795, 1.250000000000001110 ) ;
#7749 = CARTESIAN_POINT ( 'NONE',  ( 219.4826781170588959, 10.99999999999998757, -38.70000000000000284 ) ) ;
#7750 = DIRECTION ( 'NONE',  ( -0.000000000000000000, 1.000000000000000000, -0.000000000000000000 ) ) ;
#7751 = VECTOR ( 'NONE', #1146, 1000.000000000000000 ) ;
#7752 = DIRECTION ( 'NONE',  ( 0.000000000000000000, 0.000000000000000000, 1.000000000000000000 ) ) ;
#7753 = VERTEX_POINT ( 'NONE', #628 ) ;
#7754 = ORIENTED_EDGE ( 'NONE', *, *, #6256, .T. ) ;
#7755 = PLANE ( 'NONE',  #5766 ) ;
#7756 = ORIENTED_EDGE ( 'NONE', *, *, #4824, .F. ) ;
#7757 = EDGE_CURVE ( 'NONE', #3045, #7924, #7554, .T. ) ;
#7758 = DIRECTION ( 'NONE',  ( 0.000000000000000000, 0.000000000000000000, -1.000000000000000000 ) ) ;
#7759 = ADVANCED_FACE ( 'NONE', ( #56 ), #1967, .F. ) ;
#7760 = FACE_OUTER_BOUND ( 'NONE', #2689, .T. ) ;
#7761 = VECTOR ( 'NONE', #1933, 1000.000000000000000 ) ;
#7762 = LINE ( 'NONE', #812, #4995 ) ;
#7763 = DIRECTION ( 'NONE',  ( 0.000000000000000000, 0.000000000000000000, 1.000000000000000000 ) ) ;
#7764 = LINE ( 'NONE', #4748, #5751 ) ;
#7765 = ORIENTED_EDGE ( 'NONE', *, *, #7194, .F. ) ;
#7766 = AXIS2_PLACEMENT_3D ( 'NONE', #4148, #767, #429 ) ;
#7767 = CYLINDRICAL_SURFACE ( 'NONE', #2674, 4.999999999999997335 ) ;
#7768 = ORIENTED_EDGE ( 'NONE', *, *, #7083, .T. ) ;
#7769 = CARTESIAN_POINT ( 'NONE',  ( 224.4749999999999943, 10.99999999999998757, 43.42301224375830770 ) ) ;
#7770 = ORIENTED_EDGE ( 'NONE', *, *, #2670, .F. ) ;
#7771 = FACE_OUTER_BOUND ( 'NONE', #6886, .T. ) ;
#7772 = DIRECTION ( 'NONE',  ( 0.000000000000000000, 0.000000000000000000, -1.000000000000000000 ) ) ;
#7773 = VECTOR ( 'NONE', #4843, 1000.000000000000000 ) ;
#7774 = CIRCLE ( 'NONE', #3357, 1.250000000000001110 ) ;
#7775 = DIRECTION ( 'NONE',  ( 0.000000000000000000, 0.000000000000000000, 1.000000000000000000 ) ) ;
#7776 = CARTESIAN_POINT ( 'NONE',  ( 209.4750000000000227, 20.84529946162070502, 48.70000000000000995 ) ) ;
#7777 = EDGE_LOOP ( 'NONE', ( #2952, #6330, #2308, #6629 ) ) ;
#7778 = LINE ( 'NONE', #4636, #8166 ) ;
#7779 = ORIENTED_EDGE ( 'NONE', *, *, #5847, .F. ) ;
#7780 = VECTOR ( 'NONE', #6942, 1000.000000000000000 ) ;
#7781 = AXIS2_PLACEMENT_3D ( 'NONE', #2458, #7598, #5762 ) ;
#7782 = ORIENTED_EDGE ( 'NONE', *, *, #6382, .T. ) ;
#7783 = EDGE_CURVE ( 'NONE', #3120, #1420, #1929, .T. ) ;
#7784 = EDGE_CURVE ( 'NONE', #1548, #7419, #4510, .T. ) ;
#7785 = DIRECTION ( 'NONE',  ( 0.000000000000000000, 0.000000000000000000, 1.000000000000000000 ) ) ;
#7786 = ORIENTED_EDGE ( 'NONE', *, *, #1349, .T. ) ;
#7787 = CARTESIAN_POINT ( 'NONE',  ( -221.9750000000000227, 20.84529946162070502, 33.70000000000005969 ) ) ;
#7788 = DIRECTION ( 'NONE',  ( -1.000000000000000000, 0.000000000000000000, 0.000000000000000000 ) ) ;
#7789 = VECTOR ( 'NONE', #5026, 1000.000000000000000 ) ;
#7790 = ORIENTED_EDGE ( 'NONE', *, *, #1044, .T. ) ;
#7791 = VECTOR ( 'NONE', #658, 1000.000000000000000 ) ;
#7792 = CARTESIAN_POINT ( 'NONE',  ( -174.4749999999999943, 22.00000000000000000, -29.54999999999997229 ) ) ;
#7793 = EDGE_CURVE ( 'NONE', #1382, #333, #242, .T. ) ;
#7794 = EDGE_CURVE ( 'NONE', #3556, #5237, #7989, .T. ) ;
#7795 = AXIS2_PLACEMENT_3D ( 'NONE', #4835, #3498, #7233 ) ;
#7796 = CARTESIAN_POINT ( 'NONE',  ( -188.6750000000000398, 22.00000000000000000, 2.900000000000046541 ) ) ;
#7797 = CARTESIAN_POINT ( 'NONE',  ( -215.3250000000000455, 12.74892422621554822, -17.89999999999995595 ) ) ;
#7798 = EDGE_LOOP ( 'NONE', ( #7552, #246, #1187, #1934 ) ) ;
#7799 = CARTESIAN_POINT ( 'NONE',  ( -191.9749999999999943, 8.499999999999992895, -31.51566953025088225 ) ) ;
#7800 = ORIENTED_EDGE ( 'NONE', *, *, #2578, .T. ) ;
#7801 = CARTESIAN_POINT ( 'NONE',  ( -215.3250000000000455, 22.00000000000000000, 17.90000000000004832 ) ) ;
#7802 = FACE_BOUND ( 'NONE', #8067, .T. ) ;
#7803 = EDGE_CURVE ( 'NONE', #1919, #7957, #4906, .T. ) ;
#7804 = ADVANCED_FACE ( 'NONE', ( #4994 ), #1221, .F. ) ;
#7805 = CARTESIAN_POINT ( 'NONE',  ( 229.9750000000001080, 22.00000000000000000, -54.74999999999994316 ) ) ;
#7806 = CARTESIAN_POINT ( 'NONE',  ( -224.4749999999999943, 22.00000000000000000, -58.60000000000000142 ) ) ;
#7807 = DIRECTION ( 'NONE',  ( -0.000000000000000000, 1.000000000000000000, -0.000000000000000000 ) ) ;
#7808 = EDGE_LOOP ( 'NONE', ( #6616, #5212, #7634 ) ) ;
#7809 = CYLINDRICAL_SURFACE ( 'NONE', #5084, 1.250000000000001110 ) ;
#7810 = ORIENTED_EDGE ( 'NONE', *, *, #847, .F. ) ;
#7811 = DIRECTION ( 'NONE',  ( 0.000000000000000000, 0.000000000000000000, 1.000000000000000000 ) ) ;
#7812 = ORIENTED_EDGE ( 'NONE', *, *, #6619, .T. ) ;
#7813 = CARTESIAN_POINT ( 'NONE',  ( -193.6750000000000398, 20.84529946162070502, 2.900000000000046541 ) ) ;
#7814 = VECTOR ( 'NONE', #4723, 1000.000000000000000 ) ;
#7815 = LINE ( 'NONE', #4002, #5202 ) ;
#7816 = ADVANCED_FACE ( 'NONE', ( #7004 ), #2639, .F. ) ;
#7817 = CARTESIAN_POINT ( 'NONE',  ( -174.4749999999999943, 13.49999999999999822, 0.000000000000000000 ) ) ;
#7818 = CARTESIAN_POINT ( 'NONE',  ( -203.6750000000000398, 13.49999999999999822, 30.80000000000005755 ) ) ;
#7819 = EDGE_LOOP ( 'NONE', ( #4802, #2408, #4751, #3717 ) ) ;
#7820 = DIRECTION ( 'NONE',  ( 0.000000000000000000, 0.000000000000000000, -1.000000000000000000 ) ) ;
#7821 = ORIENTED_EDGE ( 'NONE', *, *, #4512, .F. ) ;
#7822 = EDGE_LOOP ( 'NONE', ( #5132, #525, #294 ) ) ;
#7823 = VECTOR ( 'NONE', #2377, 999.9999999999998863 ) ;
#7824 = CIRCLE ( 'NONE', #3543, 7.137400000000002187 ) ;
#7825 = CARTESIAN_POINT ( 'NONE',  ( -94.47500000000003695, 9.251075773784437573, 28.83433046974913694 ) ) ;
#7826 = AXIS2_PLACEMENT_3D ( 'NONE', #5865, #4514, #2053 ) ;
#7827 = ORIENTED_EDGE ( 'NONE', *, *, #5232, .T. ) ;
#7828 = CYLINDRICAL_SURFACE ( 'NONE', #6152, 4.999999999999997335 ) ;
#7829 = VERTEX_POINT ( 'NONE', #5116 ) ;
#7830 = EDGE_CURVE ( 'NONE', #2681, #6211, #7716, .T. ) ;
#7831 = CARTESIAN_POINT ( 'NONE',  ( 219.4779082038245690, 10.33945640669545085, -38.70000000000000284 ) ) ;
#7832 = VECTOR ( 'NONE', #2306, 1000.000000000000000 ) ;
#7833 = FACE_OUTER_BOUND ( 'NONE', #6876, .T. ) ;
#7834 = ORIENTED_EDGE ( 'NONE', *, *, #1566, .T. ) ;
#7835 = DIRECTION ( 'NONE',  ( 0.000000000000000000, 0.000000000000000000, 1.000000000000000000 ) ) ;
#7836 = VERTEX_POINT ( 'NONE', #8168 ) ;
#7837 = LINE ( 'NONE', #7964, #810 ) ;
#7838 = EDGE_LOOP ( 'NONE', ( #2842, #4575, #6159 ) ) ;
#7839 = FACE_OUTER_BOUND ( 'NONE', #5882, .T. ) ;
#7840 = ADVANCED_FACE ( 'NONE', ( #5749 ), #6374, .F. ) ;
#7841 = CARTESIAN_POINT ( 'NONE',  ( 244.4749999999999659, 10.99999999999998757, -46.20000000000000284 ) ) ;
#7842 = CIRCLE ( 'NONE', #5452, 1.249999999999987121 ) ;
#7843 = CONICAL_SURFACE ( 'NONE', #2224, 1.250000000000001110, 1.029744258676655200 ) ;
#7844 = LINE ( 'NONE', #5886, #2080 ) ;
#7845 = CARTESIAN_POINT ( 'NONE',  ( -174.4749999999999943, 22.00000000000000000, 29.55000000000003624 ) ) ;
#7846 = CARTESIAN_POINT ( 'NONE',  ( 226.4750000000000796, 22.00000000000000000, -43.70000000000000284 ) ) ;
#7847 = EDGE_LOOP ( 'NONE', ( #70, #3695, #2577 ) ) ;
#7848 = LINE ( 'NONE', #2783, #4 ) ;
#7849 = ORIENTED_EDGE ( 'NONE', *, *, #3439, .F. ) ;
#7850 = CARTESIAN_POINT ( 'NONE',  ( 224.4749999999999659, 12.20899172797666488, -48.70000000000000995 ) ) ;
#7851 = EDGE_LOOP ( 'NONE', ( #5492, #2200, #5271 ) ) ;
#7852 = DIRECTION ( 'NONE',  ( -0.000000000000000000, -1.000000000000000000, -0.000000000000000000 ) ) ;
#7853 = EDGE_CURVE ( 'NONE', #5588, #289, #6530, .T. ) ;
#7854 = DIRECTION ( 'NONE',  ( 1.000000000000000000, -0.000000000000000000, -0.000000000000000000 ) ) ;
#7855 = FACE_OUTER_BOUND ( 'NONE', #4627, .T. ) ;
#7856 = LINE ( 'NONE', #163, #2368 ) ;
#7857 = ORIENTED_EDGE ( 'NONE', *, *, #4975, .F. ) ;
#7858 = CARTESIAN_POINT ( 'NONE',  ( -221.9750000000000227, 4.000000000000000000, 38.70000000000005969 ) ) ;
#7859 = EDGE_LOOP ( 'NONE', ( #6784, #8033, #3718, #8091 ) ) ;
#7860 = ORIENTED_EDGE ( 'NONE', *, *, #889, .T. ) ;
#7861 = EDGE_CURVE ( 'NONE', #2232, #8224, #500, .T. ) ;
#7862 = LINE ( 'NONE', #4726, #3452 ) ;
#7863 = EDGE_CURVE ( 'NONE', #8081, #3185, #4380, .T. ) ;
#7864 = AXIS2_PLACEMENT_3D ( 'NONE', #2027, #4451, #5083 ) ;
#7865 = AXIS2_PLACEMENT_3D ( 'NONE', #4390, #4435, #7698 ) ;
#7866 = DIRECTION ( 'NONE',  ( -0.000000000000000000, 1.000000000000000000, -0.000000000000000000 ) ) ;
#7867 = CIRCLE ( 'NONE', #6273, 1.649999999999984812 ) ;
#7868 = ORIENTED_EDGE ( 'NONE', *, *, #7246, .F. ) ;
#7869 = PLANE ( 'NONE',  #4009 ) ;
#7870 = ORIENTED_EDGE ( 'NONE', *, *, #425, .T. ) ;
#7871 = AXIS2_PLACEMENT_3D ( 'NONE', #7565, #6263, #6771 ) ;
#7872 = DIRECTION ( 'NONE',  ( -0.000000000000000000, -1.000000000000000000, -0.000000000000000000 ) ) ;
#7873 = VECTOR ( 'NONE', #702, 1000.000000000000000 ) ;
#7874 = VECTOR ( 'NONE', #3489, 1000.000000000000114 ) ;
#7875 = LINE ( 'NONE', #3981, #6303 ) ;
#7876 = ORIENTED_EDGE ( 'NONE', *, *, #3179, .F. ) ;
#7877 = FACE_OUTER_BOUND ( 'NONE', #7906, .T. ) ;
#7878 = EDGE_LOOP ( 'NONE', ( #4322, #3788, #7137 ) ) ;
#7879 = CARTESIAN_POINT ( 'NONE',  ( 179.1749999999999261, 22.00000000000000000, 27.90000000000000213 ) ) ;
#7880 = CIRCLE ( 'NONE', #661, 2.776987756241654282 ) ;
#7881 = ORIENTED_EDGE ( 'NONE', *, *, #8010, .T. ) ;
#7882 = CARTESIAN_POINT ( 'NONE',  ( -4.474999999999979217, 13.49999999999999822, -1.250000000000020650 ) ) ;
#7883 = DIRECTION ( 'NONE',  ( 0.000000000000000000, 0.000000000000000000, 1.000000000000000000 ) ) ;
#7884 = VECTOR ( 'NONE', #7097, 999.9999999999998863 ) ;
#7885 = EDGE_CURVE ( 'NONE', #1548, #3270, #7399, .T. ) ;
#7886 = LINE ( 'NONE', #3991, #3929 ) ;
#7887 = ADVANCED_FACE ( 'NONE', ( #2099 ), #5861, .F. ) ;
#7888 = CARTESIAN_POINT ( 'NONE',  ( 198.0249999999999773, 8.499999999999992895, 30.08433046974910496 ) ) ;
#7889 = DIRECTION ( 'NONE',  ( 0.000000000000000000, 0.000000000000000000, -1.000000000000000000 ) ) ;
#7890 = ORIENTED_EDGE ( 'NONE', *, *, #1294, .T. ) ;
#7891 = LINE ( 'NONE', #1485, #6563 ) ;
#7892 = ORIENTED_EDGE ( 'NONE', *, *, #6243, .T. ) ;
#7893 = DIRECTION ( 'NONE',  ( 0.000000000000000000, 0.5150380749100536004, 0.8571673007021125557 ) ) ;
#7894 = ORIENTED_EDGE ( 'NONE', *, *, #6176, .F. ) ;
#7895 = AXIS2_PLACEMENT_3D ( 'NONE', #7518, #3062, #7557 ) ;
#7896 = DIRECTION ( 'NONE',  ( 0.000000000000000000, 0.5150380749100544886, 0.8571673007021121116 ) ) ;
#7897 = AXIS2_PLACEMENT_3D ( 'NONE', #4117, #2207, #236 ) ;
#7898 = CARTESIAN_POINT ( 'NONE',  ( 219.4749999999999659, 11.80599490017286257, -53.70000000000000995 ) ) ;
#7899 = CIRCLE ( 'NONE', #5367, 1.250000000000001110 ) ;
#7900 = EDGE_CURVE ( 'NONE', #1612, #3854, #2059, .T. ) ;
#7901 = DIRECTION ( 'NONE',  ( 0.000000000000000000, 0.000000000000000000, -1.000000000000000000 ) ) ;
#7902 = DIRECTION ( 'NONE',  ( 1.000000000000000000, 0.000000000000000000, -1.202972179678357944E-16 ) ) ;
#7903 = VERTEX_POINT ( 'NONE', #4100 ) ;
#7904 = DIRECTION ( 'NONE',  ( 0.000000000000000000, -0.4999999999999926170, 0.8660254037844428154 ) ) ;
#7905 = EDGE_LOOP ( 'NONE', ( #803, #7692, #5743, #6493 ) ) ;
#7906 = EDGE_LOOP ( 'NONE', ( #6746, #1049, #5770, #5154 ) ) ;
#7907 = CIRCLE ( 'NONE', #6845, 1.250000000000001110 ) ;
#7908 = AXIS2_PLACEMENT_3D ( 'NONE', #2254, #6691, #7402 ) ;
#7909 = AXIS2_PLACEMENT_3D ( 'NONE', #4453, #6387, #3825 ) ;
#7910 = DIRECTION ( 'NONE',  ( 0.8660254037844428154, 0.4999999999999926170, 0.000000000000000000 ) ) ;
#7911 = AXIS2_PLACEMENT_3D ( 'NONE', #7983, #4174, #6736 ) ;
#7912 = AXIS2_PLACEMENT_3D ( 'NONE', #1972, #5198, #2063 ) ;
#7913 = EDGE_CURVE ( 'NONE', #3399, #7578, #2014, .T. ) ;
#7914 = EDGE_CURVE ( 'NONE', #7653, #826, #6927, .T. ) ;
#7915 = DIRECTION ( 'NONE',  ( -0.000000000000000000, 1.000000000000000000, -0.000000000000000000 ) ) ;
#7916 = ORIENTED_EDGE ( 'NONE', *, *, #6788, .F. ) ;
#7917 = ORIENTED_EDGE ( 'NONE', *, *, #7900, .F. ) ;
#7918 = LINE ( 'NONE', #2189, #4279 ) ;
#7919 = EDGE_LOOP ( 'NONE', ( #3312, #6812, #1302, #1210 ) ) ;
#7920 = CIRCLE ( 'NONE', #2979, 1.250000000000001110 ) ;
#7921 = DIRECTION ( 'NONE',  ( -0.000000000000000000, -1.000000000000000000, -0.000000000000000000 ) ) ;
#7922 = LINE ( 'NONE', #2968, #572 ) ;
#7923 = EDGE_CURVE ( 'NONE', #3562, #3135, #4645, .T. ) ;
#7924 = VERTEX_POINT ( 'NONE', #7292 ) ;
#7925 = DIRECTION ( 'NONE',  ( -0.000000000000000000, 1.000000000000000000, -0.000000000000000000 ) ) ;
#7926 = CONICAL_SURFACE ( 'NONE', #4314, 1.250000000000001110, 1.029744258676654090 ) ;
#7927 = ORIENTED_EDGE ( 'NONE', *, *, #6956, .F. ) ;
#7928 = LINE ( 'NONE', #1559, #2290 ) ;
#7929 = AXIS2_PLACEMENT_3D ( 'NONE', #4693, #1554, #5454 ) ;
#7930 = EDGE_LOOP ( 'NONE', ( #7743, #5058, #4601, #2536 ) ) ;
#7931 = DIRECTION ( 'NONE',  ( 0.000000000000000000, -1.000000000000000000, -0.000000000000000000 ) ) ;
#7932 = FACE_BOUND ( 'NONE', #7732, .T. ) ;
#7933 = VECTOR ( 'NONE', #7726, 1000.000000000000000 ) ;
#7934 = FACE_OUTER_BOUND ( 'NONE', #4775, .T. ) ;
#7935 = DIRECTION ( 'NONE',  ( 0.000000000000000000, 1.000000000000000000, -0.000000000000000000 ) ) ;
#7936 = DIRECTION ( 'NONE',  ( 0.000000000000000000, 0.000000000000000000, 1.000000000000000000 ) ) ;
#7937 = VERTEX_POINT ( 'NONE', #5871 ) ;
#7938 = LINE ( 'NONE', #4626, #6286 ) ;
#7939 = ORIENTED_EDGE ( 'NONE', *, *, #4859, .T. ) ;
#7940 = DIRECTION ( 'NONE',  ( 1.000000000000000000, 0.000000000000000000, -1.202972179678357944E-16 ) ) ;
#7941 = AXIS2_PLACEMENT_3D ( 'NONE', #2571, #1359, #1313 ) ;
#7942 = PLANE ( 'NONE',  #6999 ) ;
#7943 = EDGE_CURVE ( 'NONE', #2397, #3258, #2145, .T. ) ;
#7944 = DIRECTION ( 'NONE',  ( 0.000000000000000000, 6.246781146505894154E-16, -1.000000000000000000 ) ) ;
#7945 = CARTESIAN_POINT ( 'NONE',  ( -241.7250000000000796, 22.00000000000000000, 48.70000000000005969 ) ) ;
#7946 = LINE ( 'NONE', #4676, #7980 ) ;
#7947 = VERTEX_POINT ( 'NONE', #2726 ) ;
#7948 = LINE ( 'NONE', #7858, #7773 ) ;
#7949 = ORIENTED_EDGE ( 'NONE', *, *, #7830, .T. ) ;
#7950 = DIRECTION ( 'NONE',  ( 0.000000000000000000, 0.4999999999999913403, 0.8660254037844435926 ) ) ;
#7951 = ORIENTED_EDGE ( 'NONE', *, *, #4167, .F. ) ;
#7952 = EDGE_CURVE ( 'NONE', #4883, #5992, #1038, .T. ) ;
#7953 = CARTESIAN_POINT ( 'NONE',  ( 224.4749999999999659, 20.84529946162070502, -22.90000000000000213 ) ) ;
#7954 = EDGE_CURVE ( 'NONE', #3777, #2570, #6624, .T. ) ;
#7955 = DIRECTION ( 'NONE',  ( -0.000000000000000000, 1.000000000000000000, -0.000000000000000000 ) ) ;
#7956 = EDGE_LOOP ( 'NONE', ( #6877, #2764, #6404, #3950 ) ) ;
#7957 = VERTEX_POINT ( 'NONE', #6660 ) ;
#7958 = ORIENTED_EDGE ( 'NONE', *, *, #6020, .F. ) ;
#7959 = EDGE_CURVE ( 'NONE', #304, #7170, #4252, .T. ) ;
#7960 = LINE ( 'NONE', #7370, #3041 ) ;
#7961 = FACE_OUTER_BOUND ( 'NONE', #5295, .T. ) ;
#7962 = ORIENTED_EDGE ( 'NONE', *, *, #1232, .T. ) ;
#7963 = FACE_OUTER_BOUND ( 'NONE', #41, .T. ) ;
#7964 = CARTESIAN_POINT ( 'NONE',  ( -191.9749999999999943, 8.499999999999992895, -34.01566953025082540 ) ) ;
#7965 = ORIENTED_EDGE ( 'NONE', *, *, #2321, .T. ) ;
#7966 = DIRECTION ( 'NONE',  ( 0.000000000000000000, 0.000000000000000000, 1.000000000000000000 ) ) ;
#7967 = CIRCLE ( 'NONE', #2614, 1.250000000000001110 ) ;
#7968 = EDGE_CURVE ( 'NONE', #4173, #2702, #7166, .T. ) ;
#7969 = CARTESIAN_POINT ( 'NONE',  ( 219.4749999999999659, 4.000000000000000000, -48.70000000000000995 ) ) ;
#7970 = CARTESIAN_POINT ( 'NONE',  ( -4.474999999999979217, 13.49999999999999822, -30.79999999999999361 ) ) ;
#7971 = DIRECTION ( 'NONE',  ( -0.000000000000000000, 1.000000000000000000, -0.000000000000000000 ) ) ;
#7972 = CARTESIAN_POINT ( 'NONE',  ( 219.4749999999999659, 13.49999999999999822, -59.85000000000002984 ) ) ;
#7973 = VERTEX_POINT ( 'NONE', #5194 ) ;
#7974 = DIRECTION ( 'NONE',  ( 0.000000000000000000, 0.000000000000000000, 1.000000000000000000 ) ) ;
#7975 = VERTEX_POINT ( 'NONE', #3979 ) ;
#7976 = CARTESIAN_POINT ( 'NONE',  ( 219.4749999999999659, 4.000000000000000000, -48.70000000000000995 ) ) ;
#7977 = DIRECTION ( 'NONE',  ( 0.000000000000000000, 0.000000000000000000, -1.000000000000000000 ) ) ;
#7978 = CARTESIAN_POINT ( 'NONE',  ( -224.4749999999999943, 22.00000000000000000, -61.10000000000000142 ) ) ;
#7979 = DIRECTION ( 'NONE',  ( 1.000000000000000000, -0.000000000000000000, -1.135313451912421167E-16 ) ) ;
#7980 = VECTOR ( 'NONE', #7192, 1000.000000000000114 ) ;
#7981 = FACE_OUTER_BOUND ( 'NONE', #8190, .T. ) ;
#7982 = EDGE_LOOP ( 'NONE', ( #4176, #5821, #6826, #996 ) ) ;
#7983 = CARTESIAN_POINT ( 'NONE',  ( -239.4750000000000227, 10.49999999999999822, 59.00000000000005684 ) ) ;
#7984 = ORIENTED_EDGE ( 'NONE', *, *, #2384, .T. ) ;
#7985 = FACE_OUTER_BOUND ( 'NONE', #3089, .T. ) ;
#7986 = ORIENTED_EDGE ( 'NONE', *, *, #2470, .F. ) ;
#7987 = DIRECTION ( 'NONE',  ( 0.000000000000000000, 0.000000000000000000, 1.000000000000000000 ) ) ;
#7988 = EDGE_CURVE ( 'NONE', #1501, #4221, #4646, .T. ) ;
#7989 = CIRCLE ( 'NONE', #6126, 1.250000000000001110 ) ;
#7990 = EDGE_CURVE ( 'NONE', #3005, #4807, #1468, .T. ) ;
#7991 = FACE_OUTER_BOUND ( 'NONE', #2887, .T. ) ;
#7992 = VERTEX_POINT ( 'NONE', #4022 ) ;
#7993 = ORIENTED_EDGE ( 'NONE', *, *, #5714, .T. ) ;
#7994 = ORIENTED_EDGE ( 'NONE', *, *, #3928, .F. ) ;
#7995 = AXIS2_PLACEMENT_3D ( 'NONE', #8037, #1046, #3600 ) ;
#7996 = DIRECTION ( 'NONE',  ( 0.000000000000000000, 0.000000000000000000, 1.000000000000000000 ) ) ;
#7997 = DIRECTION ( 'NONE',  ( 0.000000000000000000, 0.000000000000000000, -1.000000000000000000 ) ) ;
#7998 = EDGE_CURVE ( 'NONE', #1825, #3109, #839, .T. ) ;
#7999 = ORIENTED_EDGE ( 'NONE', *, *, #2990, .T. ) ;
#8000 = DIRECTION ( 'NONE',  ( -0.000000000000000000, 1.000000000000000000, -0.000000000000000000 ) ) ;
#8001 = DIRECTION ( 'NONE',  ( -0.000000000000000000, 1.000000000000000000, -0.000000000000000000 ) ) ;
#8002 = ORIENTED_EDGE ( 'NONE', *, *, #3404, .T. ) ;
#8003 = FACE_OUTER_BOUND ( 'NONE', #7519, .T. ) ;
#8004 = VECTOR ( 'NONE', #7910, 1000.000000000000114 ) ;
#8005 = FACE_BOUND ( 'NONE', #6092, .T. ) ;
#8006 = CIRCLE ( 'NONE', #7611, 5.000000000000000888 ) ;
#8007 = CARTESIAN_POINT ( 'NONE',  ( -94.47500000000003695, -1.402220585023716934E-15, 28.83433046974913694 ) ) ;
#8008 = VECTOR ( 'NONE', #453, 1000.000000000000000 ) ;
#8009 = DIRECTION ( 'NONE',  ( 0.000000000000000000, 1.000000000000000000, 0.000000000000000000 ) ) ;
#8010 = EDGE_CURVE ( 'NONE', #368, #1260, #4197, .T. ) ;
#8011 = LINE ( 'NONE', #1107, #6429 ) ;
#8012 = ORIENTED_EDGE ( 'NONE', *, *, #1855, .T. ) ;
#8013 = EDGE_CURVE ( 'NONE', #3768, #7572, #7589, .T. ) ;
#8014 = DIRECTION ( 'NONE',  ( 0.000000000000000000, 0.000000000000000000, -1.000000000000000000 ) ) ;
#8015 = ORIENTED_EDGE ( 'NONE', *, *, #182, .F. ) ;
#8016 = DIRECTION ( 'NONE',  ( 0.000000000000000000, 0.000000000000000000, 1.000000000000000000 ) ) ;
#8017 = CARTESIAN_POINT ( 'NONE',  ( -203.6750000000000398, 20.84529946162070502, -22.89999999999995239 ) ) ;
#8018 = CARTESIAN_POINT ( 'NONE',  ( 219.4811460977329318, 11.40283879697866354, -38.70000000000000284 ) ) ;
#8019 = AXIS2_PLACEMENT_3D ( 'NONE', #6960, #7076, #6333 ) ;
#8020 = DIRECTION ( 'NONE',  ( 0.000000000000000000, 0.5150380749100544886, 0.8571673007021121116 ) ) ;
#8021 = AXIS2_PLACEMENT_3D ( 'NONE', #472, #1733, #936 ) ;
#8022 = CARTESIAN_POINT ( 'NONE',  ( -94.47500000000000853, -1.402220585023716934E-15, -32.76566953025086804 ) ) ;
#8023 = VERTEX_POINT ( 'NONE', #3558 ) ;
#8024 = VECTOR ( 'NONE', #6439, 1000.000000000000000 ) ;
#8025 = CARTESIAN_POINT ( 'NONE',  ( 100.5249999999999488, 8.499999999999992895, 28.83433046974911207 ) ) ;
#8026 = ORIENTED_EDGE ( 'NONE', *, *, #2114, .T. ) ;
#8027 = CARTESIAN_POINT ( 'NONE',  ( 224.4749999999999943, 4.000000000000000000, 53.70000000000000284 ) ) ;
#8028 = ORIENTED_EDGE ( 'NONE', *, *, #1950, .T. ) ;
#8029 = DIRECTION ( 'NONE',  ( -0.000000000000000000, 1.000000000000000000, -0.000000000000000000 ) ) ;
#8030 = AXIS2_PLACEMENT_3D ( 'NONE', #6426, #1310, #4577 ) ;
#8031 = AXIS2_PLACEMENT_3D ( 'NONE', #3486, #1060, #2863 ) ;
#8032 = LINE ( 'NONE', #5315, #350 ) ;
#8033 = ORIENTED_EDGE ( 'NONE', *, *, #6534, .F. ) ;
#8034 = EDGE_LOOP ( 'NONE', ( #5246, #6931, #2206 ) ) ;
#8035 = ORIENTED_EDGE ( 'NONE', *, *, #7493, .T. ) ;
#8036 = ADVANCED_FACE ( 'NONE', ( #341 ), #2967, .F. ) ;
#8037 = CARTESIAN_POINT ( 'NONE',  ( -203.6750000000000398, 22.00000000000000000, 30.80000000000005755 ) ) ;
#8038 = EDGE_CURVE ( 'NONE', #398, #7347, #460, .T. ) ;
#8039 = DIRECTION ( 'NONE',  ( -0.000000000000000000, -1.000000000000000000, -0.000000000000000000 ) ) ;
#8040 = ORIENTED_EDGE ( 'NONE', *, *, #7194, .T. ) ;
#8041 = DIRECTION ( 'NONE',  ( -0.000000000000000000, 1.000000000000000000, -0.000000000000000000 ) ) ;
#8042 = DIRECTION ( 'NONE',  ( -1.000000000000000000, 0.000000000000000000, 0.000000000000000000 ) ) ;
#8043 = ORIENTED_EDGE ( 'NONE', *, *, #2468, .F. ) ;
#8044 = FACE_OUTER_BOUND ( 'NONE', #543, .T. ) ;
#8045 = DIRECTION ( 'NONE',  ( 0.000000000000000000, 0.000000000000000000, 1.000000000000000000 ) ) ;
#8046 = EDGE_CURVE ( 'NONE', #4527, #6450, #4143, .T. ) ;
#8047 = ADVANCED_FACE ( 'NONE', ( #3006 ), #2352, .F. ) ;
#8048 = VECTOR ( 'NONE', #1303, 1000.000000000000000 ) ;
#8049 = DIRECTION ( 'NONE',  ( 0.000000000000000000, 0.000000000000000000, 1.000000000000000000 ) ) ;
#8050 = CARTESIAN_POINT ( 'NONE',  ( -4.474999999999923261, 13.49999999999999822, 61.10000000000004405 ) ) ;
#8051 = DIRECTION ( 'NONE',  ( -0.000000000000000000, 1.000000000000000000, -0.000000000000000000 ) ) ;
#8052 = ORIENTED_EDGE ( 'NONE', *, *, #6769, .F. ) ;
#8053 = FACE_OUTER_BOUND ( 'NONE', #2000, .T. ) ;
#8054 = EDGE_LOOP ( 'NONE', ( #105, #5378 ) ) ;
#8055 = CARTESIAN_POINT ( 'NONE',  ( -241.7250000000000796, 13.49999999999999822, -47.45000000000005969 ) ) ;
#8056 = FACE_OUTER_BOUND ( 'NONE', #5596, .T. ) ;
#8057 = EDGE_CURVE ( 'NONE', #15, #4800, #7330, .T. ) ;
#8058 = CIRCLE ( 'NONE', #1627, 1.250000000000001110 ) ;
#8059 = EDGE_CURVE ( 'NONE', #4605, #7532, #306, .T. ) ;
#8060 = DIRECTION ( 'NONE',  ( -0.000000000000000000, 1.000000000000000000, -0.000000000000000000 ) ) ;
#8061 = AXIS2_PLACEMENT_3D ( 'NONE', #1990, #7105, #157 ) ;
#8062 = DIRECTION ( 'NONE',  ( 0.000000000000000000, 0.000000000000000000, 1.000000000000000000 ) ) ;
#8063 = ORIENTED_EDGE ( 'NONE', *, *, #1511, .F. ) ;
#8064 = CARTESIAN_POINT ( 'NONE',  ( 181.1750000000000398, 20.84529946162070502, 33.70000000000001705 ) ) ;
#8065 = ORIENTED_EDGE ( 'NONE', *, *, #3944, .F. ) ;
#8066 = DIRECTION ( 'NONE',  ( 0.000000000000000000, 0.000000000000000000, 1.000000000000000000 ) ) ;
#8067 = EDGE_LOOP ( 'NONE', ( #1807, #3031 ) ) ;
#8068 = DIRECTION ( 'NONE',  ( 0.000000000000000000, 0.000000000000000000, 1.000000000000000000 ) ) ;
#8069 = DIRECTION ( 'NONE',  ( -0.000000000000000000, -1.000000000000000000, -0.000000000000000000 ) ) ;
#8070 = EDGE_CURVE ( 'NONE', #2364, #6117, #1045, .T. ) ;
#8071 = EDGE_CURVE ( 'NONE', #3424, #6983, #7597, .T. ) ;
#8072 = CIRCLE ( 'NONE', #2333, 1.250000000000001110 ) ;
#8073 = DIRECTION ( 'NONE',  ( 0.000000000000000000, 0.000000000000000000, 1.000000000000000000 ) ) ;
#8074 = CARTESIAN_POINT ( 'NONE',  ( -4.474999999999979217, 13.49999999999999822, -1.949973284288425189E-14 ) ) ;
#8075 = ORIENTED_EDGE ( 'NONE', *, *, #3540, .T. ) ;
#8076 = EDGE_LOOP ( 'NONE', ( #2591, #7256, #7984, #4875 ) ) ;
#8077 = ORIENTED_EDGE ( 'NONE', *, *, #125, .T. ) ;
#8078 = CARTESIAN_POINT ( 'NONE',  ( 165.5250000000000341, 22.00000000000000000, -59.85000000000004405 ) ) ;
#8079 = DIRECTION ( 'NONE',  ( 0.000000000000000000, 0.000000000000000000, -1.000000000000000000 ) ) ;
#8080 = EDGE_CURVE ( 'NONE', #368, #5657, #8255, .T. ) ;
#8081 = VERTEX_POINT ( 'NONE', #4896 ) ;
#8082 = DIRECTION ( 'NONE',  ( -0.000000000000000000, 1.000000000000000000, -0.000000000000000000 ) ) ;
#8083 = LINE ( 'NONE', #4818, #1619 ) ;
#8084 = VERTEX_POINT ( 'NONE', #7456 ) ;
#8085 = CARTESIAN_POINT ( 'NONE',  ( 209.4750000000000227, 20.84529946162070502, -2.900000000000001688 ) ) ;
#8086 = FACE_BOUND ( 'NONE', #5169, .T. ) ;
#8087 = DIRECTION ( 'NONE',  ( -0.000000000000000000, 1.000000000000000000, -0.000000000000000000 ) ) ;
#8088 = CARTESIAN_POINT ( 'NONE',  ( 196.1750000000000114, -0.001999999999998530731, 48.70000000000001705 ) ) ;
#8089 = EDGE_CURVE ( 'NONE', #7047, #374, #1007, .T. ) ;
#8090 = CARTESIAN_POINT ( 'NONE',  ( -4.474999999999923261, 22.00000000000000000, 61.10000000000004405 ) ) ;
#8091 = ORIENTED_EDGE ( 'NONE', *, *, #5855, .T. ) ;
#8092 = EDGE_CURVE ( 'NONE', #173, #7924, #1711, .T. ) ;
#8093 = DIRECTION ( 'NONE',  ( 0.000000000000000000, 0.000000000000000000, 1.000000000000000000 ) ) ;
#8094 = ORIENTED_EDGE ( 'NONE', *, *, #1748, .F. ) ;
#8095 = CIRCLE ( 'NONE', #3414, 2.999999999999891642 ) ;
#8096 = CARTESIAN_POINT ( 'NONE',  ( 165.5250000000000341, 13.49999999999999822, 30.79999999999999361 ) ) ;
#8097 = LINE ( 'NONE', #7396, #7490 ) ;
#8098 = CARTESIAN_POINT ( 'NONE',  ( 229.9750000000001080, 13.49999999999999822, -34.74999999999995026 ) ) ;
#8099 = CARTESIAN_POINT ( 'NONE',  ( -208.6750000000000682, -0.001999999999998530731, 17.90000000000004832 ) ) ;
#8100 = ORIENTED_EDGE ( 'NONE', *, *, #2739, .F. ) ;
#8101 = ADVANCED_FACE ( 'NONE', ( #6834 ), #4315, .F. ) ;
#8102 = LINE ( 'NONE', #6310, #2697 ) ;
#8103 = ORIENTED_EDGE ( 'NONE', *, *, #7629, .F. ) ;
#8104 = CARTESIAN_POINT ( 'NONE',  ( 191.1750000000000114, 4.000000000000000000, 12.90000000000000213 ) ) ;
#8105 = ORIENTED_EDGE ( 'NONE', *, *, #7863, .F. ) ;
#8106 = FACE_OUTER_BOUND ( 'NONE', #904, .T. ) ;
#8107 = CARTESIAN_POINT ( 'NONE',  ( -174.4749999999999375, 13.49999999999999822, 58.60000000000005826 ) ) ;
#8108 = AXIS2_PLACEMENT_3D ( 'NONE', #245, #3966, #4634 ) ;
#8109 = CARTESIAN_POINT ( 'NONE',  ( -203.6750000000000398, 22.00000000000000000, 29.55000000000005400 ) ) ;
#8110 = LINE ( 'NONE', #4978, #954 ) ;
#8111 = EDGE_LOOP ( 'NONE', ( #4388, #8198, #255 ) ) ;
#8112 = EDGE_CURVE ( 'NONE', #92, #4207, #7960, .T. ) ;
#8113 = ORIENTED_EDGE ( 'NONE', *, *, #193, .F. ) ;
#8114 = ORIENTED_EDGE ( 'NONE', *, *, #5750, .T. ) ;
#8115 = CARTESIAN_POINT ( 'NONE',  ( 176.1750000000000398, 22.00000000000000000, 27.90000000000000213 ) ) ;
#8116 = AXIS2_PLACEMENT_3D ( 'NONE', #2811, #1513, #2683 ) ;
#8117 = ORIENTED_EDGE ( 'NONE', *, *, #4212, .F. ) ;
#8118 = DIRECTION ( 'NONE',  ( 0.000000000000000000, 0.000000000000000000, 1.000000000000000000 ) ) ;
#8119 = CARTESIAN_POINT ( 'NONE',  ( -241.7250000000000796, 22.00000000000000000, -48.70000000000005969 ) ) ;
#8120 = VERTEX_POINT ( 'NONE', #4231 ) ;
#8121 = CARTESIAN_POINT ( 'NONE',  ( 224.4749999999999659, 20.84529946162070502, -43.70000000000000284 ) ) ;
#8122 = DIRECTION ( 'NONE',  ( 0.000000000000000000, -0.000000000000000000, 1.000000000000000000 ) ) ;
#8123 = CIRCLE ( 'NONE', #507, 1.250000000000001110 ) ;
#8124 = DIRECTION ( 'NONE',  ( -1.000000000000000000, 0.000000000000000000, 0.000000000000000000 ) ) ;
#8125 = DIRECTION ( 'NONE',  ( 0.8660254037844428154, 0.4999999999999926170, 0.000000000000000000 ) ) ;
#8126 = CARTESIAN_POINT ( 'NONE',  ( 239.4749999999999943, 22.00000000000000000, 59.00000000000000711 ) ) ;
#8127 = VERTEX_POINT ( 'NONE', #4189 ) ;
#8128 = DIRECTION ( 'NONE',  ( 0.000000000000000000, 1.000000000000000000, 0.000000000000000000 ) ) ;
#8129 = ORIENTED_EDGE ( 'NONE', *, *, #6566, .T. ) ;
#8130 = CARTESIAN_POINT ( 'NONE',  ( 216.9749999999999943, 12.74892422621554644, 59.85000000000006537 ) ) ;
#8131 = VECTOR ( 'NONE', #1660, 1000.000000000000000 ) ;
#8132 = LINE ( 'NONE', #4335, #5998 ) ;
#8133 = EDGE_CURVE ( 'NONE', #6704, #304, #6205, .T. ) ;
#8134 = ADVANCED_FACE ( 'NONE', ( #7416 ), #6748, .F. ) ;
#8135 = AXIS2_PLACEMENT_3D ( 'NONE', #113, #5731, #1245 ) ;
#8136 = DIRECTION ( 'NONE',  ( 0.000000000000000000, -1.000000000000000000, 0.000000000000000000 ) ) ;
#8137 = DIRECTION ( 'NONE',  ( 0.000000000000000000, 0.000000000000000000, 1.000000000000000000 ) ) ;
#8138 = CYLINDRICAL_SURFACE ( 'NONE', #888, 1.250000000000001110 ) ;
#8139 = ORIENTED_EDGE ( 'NONE', *, *, #3032, .F. ) ;
#8140 = CIRCLE ( 'NONE', #7211, 4.999999999999997335 ) ;
#8141 = DIRECTION ( 'NONE',  ( -0.000000000000000000, 1.000000000000000000, -0.000000000000000000 ) ) ;
#8142 = VERTEX_POINT ( 'NONE', #6162 ) ;
#8143 = CARTESIAN_POINT ( 'NONE',  ( 229.9750000000001080, 13.49999999999999822, -17.90000000000000213 ) ) ;
#8144 = VERTEX_POINT ( 'NONE', #422 ) ;
#8145 = DIRECTION ( 'NONE',  ( 0.000000000000000000, 0.000000000000000000, 1.000000000000000000 ) ) ;
#8146 = DIRECTION ( 'NONE',  ( 0.000000000000000000, 1.000000000000000000, 0.000000000000000000 ) ) ;
#8147 = EDGE_CURVE ( 'NONE', #2759, #6905, #1307, .T. ) ;
#8148 = AXIS2_PLACEMENT_3D ( 'NONE', #5844, #2829, #4624 ) ;
#8149 = AXIS2_PLACEMENT_3D ( 'NONE', #1161, #3124, #8145 ) ;
#8150 = DIRECTION ( 'NONE',  ( 0.000000000000000000, 0.000000000000000000, -1.000000000000000000 ) ) ;
#8151 = DIRECTION ( 'NONE',  ( -0.000000000000000000, -1.000000000000000000, -0.000000000000000000 ) ) ;
#8152 = VERTEX_POINT ( 'NONE', #1169 ) ;
#8153 = ORIENTED_EDGE ( 'NONE', *, *, #6420, .T. ) ;
#8154 = ORIENTED_EDGE ( 'NONE', *, *, #2331, .F. ) ;
#8155 = AXIS2_PLACEMENT_3D ( 'NONE', #3696, #2984, #2945 ) ;
#8156 = DIRECTION ( 'NONE',  ( -0.000000000000000000, -1.000000000000000000, -0.000000000000000000 ) ) ;
#8157 = VECTOR ( 'NONE', #4485, 1000.000000000000000 ) ;
#8158 = EDGE_CURVE ( 'NONE', #3557, #1897, #7545, .T. ) ;
#8159 = CIRCLE ( 'NONE', #6964, 1.250000000000001110 ) ;
#8160 = EDGE_LOOP ( 'NONE', ( #2868, #8103 ) ) ;
#8161 = DIRECTION ( 'NONE',  ( -0.000000000000000000, 1.000000000000000000, -0.000000000000000000 ) ) ;
#8162 = FACE_OUTER_BOUND ( 'NONE', #5893, .T. ) ;
#8163 = ORIENTED_EDGE ( 'NONE', *, *, #581, .F. ) ;
#8164 = CARTESIAN_POINT ( 'NONE',  ( -203.6750000000000398, 4.000000000000000000, 17.90000000000004832 ) ) ;
#8165 = AXIS2_PLACEMENT_3D ( 'NONE', #921, #8039, #880 ) ;
#8166 = VECTOR ( 'NONE', #1418, 1000.000000000000000 ) ;
#8167 = CIRCLE ( 'NONE', #2025, 1.249999999999987121 ) ;
#8168 = CARTESIAN_POINT ( 'NONE',  ( -4.474999999999979217, 22.00000000000000000, 32.05000000000001847 ) ) ;
#8169 = EDGE_CURVE ( 'NONE', #1680, #4520, #640, .T. ) ;
#8170 = DIRECTION ( 'NONE',  ( 0.000000000000000000, 0.000000000000000000, -1.000000000000000000 ) ) ;
#8172 = DIRECTION ( 'NONE',  ( -0.8660254037844428154, -0.4999999999999926170, 0.000000000000000000 ) ) ;
#8171 = VECTOR ( 'NONE', #5682, 1000.000000000000000 ) ;
#8173 = AXIS2_PLACEMENT_3D ( 'NONE', #4739, #3478, #265 ) ;
#8174 = CARTESIAN_POINT ( 'NONE',  ( 202.8250000000000455, 11.99999999999999822, 48.70000000000000995 ) ) ;
#8175 = ORIENTED_EDGE ( 'NONE', *, *, #5081, .F. ) ;
#8176 = CARTESIAN_POINT ( 'NONE',  ( -4.474999999999923261, 13.49999999999999822, 59.85000000000004405 ) ) ;
#8177 = VERTEX_POINT ( 'NONE', #582 ) ;
#8178 = CARTESIAN_POINT ( 'NONE',  ( -244.4750000000000227, 22.00000000000000000, -61.49999999999994316 ) ) ;
#8179 = CARTESIAN_POINT ( 'NONE',  ( 224.3967834999525337, 9.952747360099985841, -38.70000000000000284 ) ) ;
#8180 = AXIS2_PLACEMENT_3D ( 'NONE', #4152, #4069, #6669 ) ;
#8181 = DIRECTION ( 'NONE',  ( -0.000000000000000000, 1.000000000000000000, -0.000000000000000000 ) ) ;
#8182 = CARTESIAN_POINT ( 'NONE',  ( 229.9750000000001080, 13.49999999999999822, -55.99999999999994316 ) ) ;
#8183 = DIRECTION ( 'NONE',  ( -0.000000000000000000, 1.000000000000000000, -0.000000000000000000 ) ) ;
#8184 = ORIENTED_EDGE ( 'NONE', *, *, #7300, .T. ) ;
#8185 = AXIS2_PLACEMENT_3D ( 'NONE', #5788, #1839, #6958 ) ;
#8186 = DIRECTION ( 'NONE',  ( 0.000000000000000000, 0.000000000000000000, 1.000000000000000000 ) ) ;
#8187 = ORIENTED_EDGE ( 'NONE', *, *, #7656, .T. ) ;
#8188 = DIRECTION ( 'NONE',  ( 0.000000000000000000, 0.000000000000000000, 1.000000000000000000 ) ) ;
#8189 = ADVANCED_FACE ( 'NONE', ( #5698 ), #666, .F. ) ;
#8190 = EDGE_LOOP ( 'NONE', ( #2526, #5411, #1262, #4018 ) ) ;
#8191 = CIRCLE ( 'NONE', #4714, 1.250000000000001110 ) ;
#8192 = LINE ( 'NONE', #3791, #576 ) ;
#8193 = AXIS2_PLACEMENT_3D ( 'NONE', #3561, #1514, #426 ) ;
#8194 = CARTESIAN_POINT ( 'NONE',  ( 202.8250000000000455, 11.99999999999999822, 49.95000000000000995 ) ) ;
#8195 = AXIS2_PLACEMENT_3D ( 'NONE', #5686, #3748, #3037 ) ;
#8196 = DIRECTION ( 'NONE',  ( -0.000000000000000000, 1.000000000000000000, -0.000000000000000000 ) ) ;
#8197 = DIRECTION ( 'NONE',  ( 0.000000000000000000, 0.000000000000000000, 1.000000000000000000 ) ) ;
#8198 = ORIENTED_EDGE ( 'NONE', *, *, #3972, .T. ) ;
#8199 = ORIENTED_EDGE ( 'NONE', *, *, #161, .F. ) ;
#8200 = ADVANCED_FACE ( 'NONE', ( #499 ), #6130, .F. ) ;
#8201 = DIRECTION ( 'NONE',  ( -0.000000000000000000, 1.000000000000000000, -0.000000000000000000 ) ) ;
#8202 = VERTEX_POINT ( 'NONE', #3213 ) ;
#8203 = CARTESIAN_POINT ( 'NONE',  ( -4.474999999999979217, 22.00000000000000000, 29.55000000000001492 ) ) ;
#8204 = CARTESIAN_POINT ( 'NONE',  ( 224.3296398777422951, 11.85757399697062375, 53.69999999999719620 ) ) ;
#8205 = EDGE_CURVE ( 'NONE', #675, #7947, #112, .T. ) ;
#8206 = ORIENTED_EDGE ( 'NONE', *, *, #916, .T. ) ;
#8207 = CARTESIAN_POINT ( 'NONE',  ( 165.5250000000000341, 13.49999999999999822, 30.79999999999999361 ) ) ;
#8208 = AXIS2_PLACEMENT_3D ( 'NONE', #3301, #4564, #6650 ) ;
#8209 = CARTESIAN_POINT ( 'NONE',  ( -216.9750000000000227, 20.84529946162070502, 33.70000000000005969 ) ) ;
#8210 = CARTESIAN_POINT ( 'NONE',  ( 229.9750000000001080, 22.00000000000000000, -35.99999999999995026 ) ) ;
#8211 = DIRECTION ( 'NONE',  ( 0.9995520592605567911, 3.665114028111689248E-18, 0.02992792722492301771 ) ) ;
#8212 = ORIENTED_EDGE ( 'NONE', *, *, #6817, .T. ) ;
#8213 = CYLINDRICAL_SURFACE ( 'NONE', #8030, 1.250000000000001110 ) ;
#8214 = EDGE_LOOP ( 'NONE', ( #4720, #383, #3937, #8265, #4686 ) ) ;
#8215 = EDGE_CURVE ( 'NONE', #5618, #2406, #3440, .T. ) ;
#8216 = CARTESIAN_POINT ( 'NONE',  ( -188.6750000000000398, 20.84529946162070502, -7.899999999999954170 ) ) ;
#8217 = AXIS2_PLACEMENT_3D ( 'NONE', #5813, #3831, #5213 ) ;
#8218 = AXIS2_PLACEMENT_3D ( 'NONE', #5929, #2740, #5207 ) ;
#8219 = DIRECTION ( 'NONE',  ( -0.000000000000000000, 1.000000000000000000, -0.000000000000000000 ) ) ;
#8220 = DIRECTION ( 'NONE',  ( 0.000000000000000000, 0.000000000000000000, 1.000000000000000000 ) ) ;
#8221 = CARTESIAN_POINT ( 'NONE',  ( 191.1750000000000114, 4.000000000000000000, 7.900000000000000355 ) ) ;
#8222 = ORIENTED_EDGE ( 'NONE', *, *, #6511, .T. ) ;
#8223 = LINE ( 'NONE', #3629, #7780 ) ;
#8224 = VERTEX_POINT ( 'NONE', #3048 ) ;
#8225 = CARTESIAN_POINT ( 'NONE',  ( 214.4750000000000227, 22.00000000000000000, 48.70000000000000995 ) ) ;
#8226 = ORIENTED_EDGE ( 'NONE', *, *, #7332, .T. ) ;
#8227 = DIRECTION ( 'NONE',  ( -0.000000000000000000, -1.000000000000000000, 0.000000000000000000 ) ) ;
#8228 = CYLINDRICAL_SURFACE ( 'NONE', #3330, 1.250000000000001110 ) ;
#8229 = AXIS2_PLACEMENT_3D ( 'NONE', #6115, #6741, #372 ) ;
#8230 = DIRECTION ( 'NONE',  ( -0.000000000000000000, 1.000000000000000000, -0.000000000000000000 ) ) ;
#8231 = CARTESIAN_POINT ( 'NONE',  ( 239.4749999999999659, 22.00000000000000000, -58.99999999999995026 ) ) ;
#8232 = ORIENTED_EDGE ( 'NONE', *, *, #388, .F. ) ;
#8233 = CARTESIAN_POINT ( 'NONE',  ( 219.4749999999999659, 4.000000000000000000, 53.70000000000000284 ) ) ;
#8234 = ORIENTED_EDGE ( 'NONE', *, *, #6986, .T. ) ;
#8235 = EDGE_LOOP ( 'NONE', ( #6516, #3259, #266, #7881, #3333, #3723 ) ) ;
#8236 = CARTESIAN_POINT ( 'NONE',  ( 191.1750000000000114, 22.00000000000000000, 12.90000000000000213 ) ) ;
#8237 = EDGE_CURVE ( 'NONE', #5971, #7422, #1717, .T. ) ;
#8238 = EDGE_CURVE ( 'NONE', #6211, #2681, #4513, .T. ) ;
#8239 = ORIENTED_EDGE ( 'NONE', *, *, #3795, .T. ) ;
#8240 = DIRECTION ( 'NONE',  ( 0.000000000000000000, 0.000000000000000000, 1.000000000000000000 ) ) ;
#8241 = CARTESIAN_POINT ( 'NONE',  ( -236.9750000000000512, 20.84529946162070502, -48.69999999999995310 ) ) ;
#8242 = ORIENTED_EDGE ( 'NONE', *, *, #2227, .T. ) ;
#8243 = DIRECTION ( 'NONE',  ( 0.000000000000000000, 0.000000000000000000, -1.000000000000000000 ) ) ;
#8244 = CARTESIAN_POINT ( 'NONE',  ( 219.4749999999999659, 12.20899172797666488, -43.70000000000000284 ) ) ;
#8245 = ADVANCED_FACE ( 'NONE', ( #6282 ), #1256, .F. ) ;
#8246 = DIRECTION ( 'NONE',  ( -0.000000000000000000, -1.000000000000000000, -0.000000000000000000 ) ) ;
#8247 = AXIS2_PLACEMENT_3D ( 'NONE', #3728, #2481, #5156 ) ;
#8248 = CARTESIAN_POINT ( 'NONE',  ( 165.5250000000000341, 22.00000000000000000, -58.60000000000004405 ) ) ;
#8249 = ORIENTED_EDGE ( 'NONE', *, *, #5855, .F. ) ;
#8250 = FACE_OUTER_BOUND ( 'NONE', #4392, .T. ) ;
#8251 = ORIENTED_EDGE ( 'NONE', *, *, #5847, .T. ) ;
#8252 = DIRECTION ( 'NONE',  ( 1.000000000000000000, -0.000000000000000000, -0.000000000000000000 ) ) ;
#8253 = VECTOR ( 'NONE', #5965, 1000.000000000000000 ) ;
#8254 = CARTESIAN_POINT ( 'NONE',  ( -191.6749999999999261, 22.00000000000000000, 2.900000000000046541 ) ) ;
#8255 = CIRCLE ( 'NONE', #4385, 4.999999999999997335 ) ;
#8256 = EDGE_CURVE ( 'NONE', #7280, #8275, #2257, .T. ) ;
#8257 = DIRECTION ( 'NONE',  ( 0.000000000000000000, 0.000000000000000000, 1.000000000000000000 ) ) ;
#8258 = AXIS2_PLACEMENT_3D ( 'NONE', #3057, #3691, #4823 ) ;
#8259 = LINE ( 'NONE', #1318, #4000 ) ;
#8260 = CARTESIAN_POINT ( 'NONE',  ( 198.0250000000000057, 8.499999999999992895, -34.01566953025086804 ) ) ;
#8261 = ORIENTED_EDGE ( 'NONE', *, *, #4102, .F. ) ;
#8262 = CARTESIAN_POINT ( 'NONE',  ( -241.9749999999999943, 22.00000000000000000, 61.50000000000005684 ) ) ;
#8263 = ORIENTED_EDGE ( 'NONE', *, *, #1950, .F. ) ;
#8264 = DIRECTION ( 'NONE',  ( 0.000000000000000000, 0.000000000000000000, 1.000000000000000000 ) ) ;
#8265 = ORIENTED_EDGE ( 'NONE', *, *, #3688, .F. ) ;
#8266 = DIRECTION ( 'NONE',  ( 0.000000000000000000, -1.000000000000000000, 0.000000000000000000 ) ) ;
#8267 = DIRECTION ( 'NONE',  ( -0.000000000000000000, -1.000000000000000000, -0.000000000000000000 ) ) ;
#8268 = AXIS2_PLACEMENT_3D ( 'NONE', #6113, #2800, #3511 ) ;
#8269 = CIRCLE ( 'NONE', #2135, 7.137400000000002187 ) ;
#8270 = CARTESIAN_POINT ( 'NONE',  ( -203.6750000000000398, 13.49999999999999822, 29.55000000000005400 ) ) ;
#8271 = DIRECTION ( 'NONE',  ( 0.000000000000000000, 0.000000000000000000, 1.000000000000000000 ) ) ;
#8272 = ORIENTED_EDGE ( 'NONE', *, *, #861, .T. ) ;
#8273 = DIRECTION ( 'NONE',  ( -6.014860898391699739E-17, 0.8660254037844430375, -0.4999999999999925060 ) ) ;
#8274 = CONICAL_SURFACE ( 'NONE', #4672, 1.250000000000001110, 1.029744258676654090 ) ;
#8275 = VERTEX_POINT ( 'NONE', #3093 ) ;
#8276 = EDGE_LOOP ( 'NONE', ( #5958, #365 ) ) ;
#8277 = VECTOR ( 'NONE', #2781, 1000.000000000000000 ) ;
ENDSEC;
END-ISO-10303-21;
