ISO-10303-21;
HEADER;
FILE_DESCRIPTION (( 'STEP AP214' ),
    '1' );
FILE_NAME ('COLD-CARRIER-COVER_v002.STEP',
    '2025-12-22T20:34:04',
    ( '' ),
    ( '' ),
    'SwSTEP 2.0',
    'SolidWorks 2023',
    '' );
FILE_SCHEMA (( 'AUTOMOTIVE_DESIGN' ));
ENDSEC;

DATA;
#1 = VERTEX_POINT ( 'NONE', #1431 ) ;
#2 = ADVANCED_FACE ( 'NONE', ( #4167 ), #1964, .F. ) ;
#3 = LINE ( 'NONE', #1541, #1527 ) ;
#4 = CARTESIAN_POINT ( 'NONE',  ( 202.8250000000000739, 6.000000000000000000, 51.84999999999999432 ) ) ;
#5 = VECTOR ( 'NONE', #2064, 1000.000000000000000 ) ;
#6 = ORIENTED_EDGE ( 'NONE', *, *, #5027, .F. ) ;
#7 = DIRECTION ( 'NONE',  ( -1.000000000000000000, 0.000000000000000000, 0.000000000000000000 ) ) ;
#8 = CARTESIAN_POINT ( 'NONE',  ( -203.6750000000000114, 4.549999999999997158, 29.10000000000002274 ) ) ;
#9 = EDGE_CURVE ( 'NONE', #3790, #861, #3195, .T. ) ;
#10 = CARTESIAN_POINT ( 'NONE',  ( 229.9750000000001364, 6.000000000000000000, -17.90000000000003055 ) ) ;
#11 = EDGE_CURVE ( 'NONE', #1, #3764, #3679, .T. ) ;
#12 = CARTESIAN_POINT ( 'NONE',  ( -239.4749999999999943, 0.000000000000000000, 59.00000000000002842 ) ) ;
#13 = ORIENTED_EDGE ( 'NONE', *, *, #2178, .T. ) ;
#14 = ORIENTED_EDGE ( 'NONE', *, *, #3392, .T. ) ;
#15 = DIRECTION ( 'NONE',  ( 0.000000000000000000, 1.000000000000000000, 0.000000000000000000 ) ) ;
#16 = CARTESIAN_POINT ( 'NONE',  ( 165.5250000000000625, 6.000000000000000000, 1.699999999999940226 ) ) ;
#17 = ORIENTED_EDGE ( 'NONE', *, *, #1882, .T. ) ;
#18 = DIRECTION ( 'NONE',  ( 0.000000000000000000, 1.000000000000000000, 0.000000000000000000 ) ) ;
#19 = ORIENTED_EDGE ( 'NONE', *, *, #3703, .T. ) ;
#20 = DIRECTION ( 'NONE',  ( 0.000000000000000000, 0.000000000000000000, 1.000000000000000000 ) ) ;
#21 = VERTEX_POINT ( 'NONE', #2564 ) ;
#22 = ORIENTED_EDGE ( 'NONE', *, *, #4889, .F. ) ;
#23 = AXIS2_PLACEMENT_3D ( 'NONE', #113, #2917, #964 ) ;
#24 = DIRECTION ( 'NONE',  ( -0.000000000000000000, 1.000000000000000000, -0.000000000000000000 ) ) ;
#25 = ORIENTED_EDGE ( 'NONE', *, *, #3045, .F. ) ;
#26 = DIRECTION ( 'NONE',  ( -0.000000000000000000, 1.000000000000000000, -0.000000000000000000 ) ) ;
#27 = VECTOR ( 'NONE', #2611, 1000.000000000000000 ) ;
#28 = DIRECTION ( 'NONE',  ( 0.000000000000000000, 0.7071067811865466846, 0.7071067811865483499 ) ) ;
#29 = ORIENTED_EDGE ( 'NONE', *, *, #1794, .T. ) ;
#30 = CARTESIAN_POINT ( 'NONE',  ( -4.474999999999944578, 6.000000000000000000, -59.85000000000005116 ) ) ;
#31 = VECTOR ( 'NONE', #4487, 1000.000000000000000 ) ;
#32 = ADVANCED_FACE ( 'NONE', ( #2223 ), #3758, .F. ) ;
#33 = DIRECTION ( 'NONE',  ( 0.000000000000000000, 0.000000000000000000, 1.000000000000000000 ) ) ;
#34 = AXIS2_PLACEMENT_3D ( 'NONE', #3537, #2337, #4685 ) ;
#35 = DIRECTION ( 'NONE',  ( 0.000000000000000000, 0.000000000000000000, 1.000000000000000000 ) ) ;
#36 = VERTEX_POINT ( 'NONE', #3784 ) ;
#37 = AXIS2_PLACEMENT_3D ( 'NONE', #3261, #1314, #487 ) ;
#38 = CARTESIAN_POINT ( 'NONE',  ( -4.474999999999888622, 4.549999999999997158, 59.85000000000001563 ) ) ;
#39 = CIRCLE ( 'NONE', #1019, 2.500000000000002220 ) ;
#40 = CARTESIAN_POINT ( 'NONE',  ( 165.5250000000000625, 4.549999999999997158, 32.49999999999997158 ) ) ;
#41 = EDGE_LOOP ( 'NONE', ( #1447, #3555 ) ) ;
#42 = EDGE_CURVE ( 'NONE', #3749, #4844, #2945, .T. ) ;
#43 = CYLINDRICAL_SURFACE ( 'NONE', #2406, 1.700000000000007061 ) ;
#44 = AXIS2_PLACEMENT_3D ( 'NONE', #2372, #399, #1843 ) ;
#45 = ORIENTED_EDGE ( 'NONE', *, *, #1265, .F. ) ;
#46 = CYLINDRICAL_SURFACE ( 'NONE', #569, 1.700000000000007061 ) ;
#47 = CIRCLE ( 'NONE', #2666, 1.700000000000007061 ) ;
#48 = AXIS2_PLACEMENT_3D ( 'NONE', #3495, #3134, #4990 ) ;
#49 = VERTEX_POINT ( 'NONE', #3708 ) ;
#50 = EDGE_LOOP ( 'NONE', ( #2729, #2296, #630, #3584 ) ) ;
#51 = CARTESIAN_POINT ( 'NONE',  ( -215.3250000000000171, 0.000000000000000000, -17.89999999999998437 ) ) ;
#52 = ORIENTED_EDGE ( 'NONE', *, *, #2961, .T. ) ;
#53 = VECTOR ( 'NONE', #2977, 1000.000000000000000 ) ;
#54 = CARTESIAN_POINT ( 'NONE',  ( 229.9750000000001364, 6.000000000000000000, -19.60000000000003695 ) ) ;
#55 = ADVANCED_FACE ( 'NONE', ( #972 ), #1841, .F. ) ;
#56 = CARTESIAN_POINT ( 'NONE',  ( 241.9749999999999943, 6.000000000000000000, 61.50000000000002842 ) ) ;
#57 = ORIENTED_EDGE ( 'NONE', *, *, #1826, .F. ) ;
#58 = CARTESIAN_POINT ( 'NONE',  ( 229.9750000000001364, 6.000000000000000000, -32.84999999999996589 ) ) ;
#59 = CARTESIAN_POINT ( 'NONE',  ( -174.4749999999999659, 0.000000000000000000, 1.699999999999979305 ) ) ;
#60 = CARTESIAN_POINT ( 'NONE',  ( -215.3250000000000171, 4.549999999999997158, 17.90000000000001990 ) ) ;
#61 = FACE_OUTER_BOUND ( 'NONE', #746, .T. ) ;
#62 = ORIENTED_EDGE ( 'NONE', *, *, #154, .T. ) ;
#63 = DIRECTION ( 'NONE',  ( 0.000000000000000000, 0.000000000000000000, 1.000000000000000000 ) ) ;
#64 = CARTESIAN_POINT ( 'NONE',  ( -215.3250000000000171, 0.000000000000000000, 17.90000000000001990 ) ) ;
#65 = ADVANCED_FACE ( 'NONE', ( #3736 ), #2538, .F. ) ;
#66 = CARTESIAN_POINT ( 'NONE',  ( 219.4749999999999943, 4.549999999999997158, -61.55000000000006111 ) ) ;
#67 = ORIENTED_EDGE ( 'NONE', *, *, #1698, .T. ) ;
#68 = CARTESIAN_POINT ( 'NONE',  ( -215.3250000000000171, 6.000000000000000000, -17.89999999999998437 ) ) ;
#69 = ORIENTED_EDGE ( 'NONE', *, *, #1196, .T. ) ;
#70 = CARTESIAN_POINT ( 'NONE',  ( 191.1750000000000398, 6.000000000000000000, 63.00000000000002842 ) ) ;
#71 = EDGE_CURVE ( 'NONE', #2865, #4588, #1641, .T. ) ;
#72 = EDGE_CURVE ( 'NONE', #3764, #1, #2948, .T. ) ;
#73 = EDGE_CURVE ( 'NONE', #840, #3681, #246, .T. ) ;
#74 = ORIENTED_EDGE ( 'NONE', *, *, #571, .F. ) ;
#75 = ORIENTED_EDGE ( 'NONE', *, *, #2976, .T. ) ;
#76 = DIRECTION ( 'NONE',  ( -0.000000000000000000, 1.000000000000000000, -0.000000000000000000 ) ) ;
#77 = CARTESIAN_POINT ( 'NONE',  ( -174.4749999999999091, 6.000000000000000000, 59.85000000000003695 ) ) ;
#78 = AXIS2_PLACEMENT_3D ( 'NONE', #1925, #3491, #2846 ) ;
#79 = FACE_BOUND ( 'NONE', #1002, .T. ) ;
#80 = ORIENTED_EDGE ( 'NONE', *, *, #96, .F. ) ;
#81 = CARTESIAN_POINT ( 'NONE',  ( -4.474999999999944578, 6.000000000000000000, -27.65000000000002345 ) ) ;
#82 = CIRCLE ( 'NONE', #327, 1.700000000000007061 ) ;
#83 = CYLINDRICAL_SURFACE ( 'NONE', #2592, 1.700000000000007061 ) ;
#84 = CIRCLE ( 'NONE', #2548, 1.700000000000007061 ) ;
#85 = CARTESIAN_POINT ( 'NONE',  ( 239.4749999999999943, 6.000000000000000000, -61.25000000000003553 ) ) ;
#86 = DIRECTION ( 'NONE',  ( 0.000000000000000000, 0.000000000000000000, 1.000000000000000000 ) ) ;
#87 = ORIENTED_EDGE ( 'NONE', *, *, #4255, .F. ) ;
#88 = DIRECTION ( 'NONE',  ( 0.000000000000000000, 0.000000000000000000, 1.000000000000000000 ) ) ;
#89 = CIRCLE ( 'NONE', #4665, 3.149999999999999911 ) ;
#90 = CARTESIAN_POINT ( 'NONE',  ( -215.3250000000000171, 6.000000000000000000, -14.74999999999997158 ) ) ;
#91 = CARTESIAN_POINT ( 'NONE',  ( 165.5250000000000625, 0.000000000000000000, -30.80000000000004334 ) ) ;
#92 = ORIENTED_EDGE ( 'NONE', *, *, #886, .T. ) ;
#93 = DIRECTION ( 'NONE',  ( -0.000000000000000000, 1.000000000000000000, -0.000000000000000000 ) ) ;
#94 = ORIENTED_EDGE ( 'NONE', *, *, #2143, .F. ) ;
#95 = FACE_OUTER_BOUND ( 'NONE', #2434, .T. ) ;
#96 = EDGE_CURVE ( 'NONE', #1840, #4542, #582, .T. ) ;
#97 = ORIENTED_EDGE ( 'NONE', *, *, #2482, .F. ) ;
#98 = VERTEX_POINT ( 'NONE', #201 ) ;
#99 = CARTESIAN_POINT ( 'NONE',  ( -4.474999999999944578, 6.000000000000000000, 33.94999999999998863 ) ) ;
#100 = CARTESIAN_POINT ( 'NONE',  ( 229.9750000000001364, 6.000000000000000000, -35.99999999999997868 ) ) ;
#101 = CARTESIAN_POINT ( 'NONE',  ( -241.7250000000000512, 6.000000000000000000, 47.00000000000002842 ) ) ;
#102 = VERTEX_POINT ( 'NONE', #1050 ) ;
#103 = CARTESIAN_POINT ( 'NONE',  ( 219.4749999999999943, 0.000000000000000000, -30.80000000000002558 ) ) ;
#104 = AXIS2_PLACEMENT_3D ( 'NONE', #2013, #3575, #1627 ) ;
#105 = DIRECTION ( 'NONE',  ( -0.000000000000000000, 1.000000000000000000, -0.000000000000000000 ) ) ;
#106 = CARTESIAN_POINT ( 'NONE',  ( -241.7250000000000512, 6.000000000000000000, 45.55000000000001847 ) ) ;
#107 = DIRECTION ( 'NONE',  ( 0.000000000000000000, 1.000000000000000000, 0.000000000000000000 ) ) ;
#108 = ORIENTED_EDGE ( 'NONE', *, *, #722, .F. ) ;
#109 = DIRECTION ( 'NONE',  ( 0.000000000000000000, 0.000000000000000000, 1.000000000000000000 ) ) ;
#110 = CARTESIAN_POINT ( 'NONE',  ( -203.6750000000000114, 0.000000000000000000, -30.80000000000000782 ) ) ;
#111 = AXIS2_PLACEMENT_3D ( 'NONE', #3894, #3569, #3919 ) ;
#112 = CIRCLE ( 'NONE', #769, 2.250000000000001776 ) ;
#113 = CARTESIAN_POINT ( 'NONE',  ( 202.8250000000000739, 0.000000000000000000, 48.69999999999998153 ) ) ;
#114 = ORIENTED_EDGE ( 'NONE', *, *, #3268, .F. ) ;
#115 = CYLINDRICAL_SURFACE ( 'NONE', #2742, 1.700000000000000178 ) ;
#116 = ORIENTED_EDGE ( 'NONE', *, *, #3178, .F. ) ;
#117 = AXIS2_PLACEMENT_3D ( 'NONE', #568, #2139, #623 ) ;
#118 = DIRECTION ( 'NONE',  ( -0.000000000000000000, 1.000000000000000000, -0.000000000000000000 ) ) ;
#119 = CIRCLE ( 'NONE', #3074, 1.700000000000007061 ) ;
#120 = EDGE_LOOP ( 'NONE', ( #997, #757, #2333, #1283 ) ) ;
#121 = ORIENTED_EDGE ( 'NONE', *, *, #734, .T. ) ;
#122 = DIRECTION ( 'NONE',  ( 0.000000000000000000, 0.000000000000000000, 1.000000000000000000 ) ) ;
#123 = AXIS2_PLACEMENT_3D ( 'NONE', #3408, #4930, #2972 ) ;
#124 = EDGE_CURVE ( 'NONE', #1126, #1767, #3112, .T. ) ;
#125 = ADVANCED_FACE ( 'NONE', ( #1788 ), #250, .T. ) ;
#126 = CARTESIAN_POINT ( 'NONE',  ( -174.4749999999999091, 6.000000000000000000, 59.85000000000003695 ) ) ;
#127 = DIRECTION ( 'NONE',  ( -0.000000000000000000, 1.000000000000000000, -0.000000000000000000 ) ) ;
#128 = EDGE_CURVE ( 'NONE', #3319, #867, #4926, .T. ) ;
#129 = ORIENTED_EDGE ( 'NONE', *, *, #3395, .F. ) ;
#130 = DIRECTION ( 'NONE',  ( 0.000000000000000000, 0.000000000000000000, 1.000000000000000000 ) ) ;
#131 = AXIS2_PLACEMENT_3D ( 'NONE', #3241, #4076, #3979 ) ;
#132 = FACE_OUTER_BOUND ( 'NONE', #2446, .T. ) ;
#133 = EDGE_CURVE ( 'NONE', #1101, #2785, #4220, .T. ) ;
#134 = DIRECTION ( 'NONE',  ( -0.000000000000000000, 1.000000000000000000, -0.000000000000000000 ) ) ;
#135 = EDGE_CURVE ( 'NONE', #4269, #3957, #714, .T. ) ;
#136 = FACE_OUTER_BOUND ( 'NONE', #3426, .T. ) ;
#137 = VERTEX_POINT ( 'NONE', #3824 ) ;
#138 = EDGE_CURVE ( 'NONE', #3714, #4751, #3548, .T. ) ;
#139 = CARTESIAN_POINT ( 'NONE',  ( -244.4749999999999943, 6.000000000000000000, -1.536229149573773878 ) ) ;
#140 = CARTESIAN_POINT ( 'NONE',  ( -174.4749999999999659, 4.549999999999997158, -30.80000000000000071 ) ) ;
#141 = FACE_BOUND ( 'NONE', #4240, .T. ) ;
#142 = ORIENTED_EDGE ( 'NONE', *, *, #451, .F. ) ;
#143 = CARTESIAN_POINT ( 'NONE',  ( 239.4749999999999943, 0.000000000000000000, -59.00000000000002842 ) ) ;
#144 = VERTEX_POINT ( 'NONE', #1801 ) ;
#145 = DIRECTION ( 'NONE',  ( -0.000000000000000000, 1.000000000000000000, -0.000000000000000000 ) ) ;
#146 = ORIENTED_EDGE ( 'NONE', *, *, #2072, .T. ) ;
#147 = EDGE_LOOP ( 'NONE', ( #2513, #1604, #4264, #4522 ) ) ;
#148 = FACE_OUTER_BOUND ( 'NONE', #1313, .T. ) ;
#149 = DIRECTION ( 'NONE',  ( 0.000000000000000000, 0.000000000000000000, 1.000000000000000000 ) ) ;
#150 = DIRECTION ( 'NONE',  ( -0.000000000000000000, 1.000000000000000000, -0.000000000000000000 ) ) ;
#151 = ORIENTED_EDGE ( 'NONE', *, *, #3986, .F. ) ;
#152 = CYLINDRICAL_SURFACE ( 'NONE', #445, 1.700000000000007061 ) ;
#153 = CARTESIAN_POINT ( 'NONE',  ( -4.474999999999944578, 6.000000000000000000, 3.149999999999952838 ) ) ;
#154 = EDGE_CURVE ( 'NONE', #36, #1781, #4035, .T. ) ;
#155 = EDGE_CURVE ( 'NONE', #4555, #4340, #3463, .T. ) ;
#156 = DIRECTION ( 'NONE',  ( -0.000000000000000000, 1.000000000000000000, -0.000000000000000000 ) ) ;
#157 = DIRECTION ( 'NONE',  ( -0.000000000000000000, 1.000000000000000000, -0.000000000000000000 ) ) ;
#158 = CIRCLE ( 'NONE', #3025, 1.700000000000007061 ) ;
#159 = EDGE_LOOP ( 'NONE', ( #3342, #1336 ) ) ;
#160 = VECTOR ( 'NONE', #1480, 1000.000000000000000 ) ;
#161 = DIRECTION ( 'NONE',  ( 0.000000000000000000, 0.000000000000000000, 1.000000000000000000 ) ) ;
#162 = CIRCLE ( 'NONE', #1646, 1.700000000000007061 ) ;
#163 = EDGE_CURVE ( 'NONE', #4491, #3616, #1900, .T. ) ;
#164 = CARTESIAN_POINT ( 'NONE',  ( -4.474999999999944578, 6.000000000000000000, -4.725530845851316856E-14 ) ) ;
#165 = VERTEX_POINT ( 'NONE', #1825 ) ;
#166 = CARTESIAN_POINT ( 'NONE',  ( -4.474999999999944578, 0.000000000000000000, -58.15000000000004832 ) ) ;
#167 = ORIENTED_EDGE ( 'NONE', *, *, #2524, .F. ) ;
#168 = CIRCLE ( 'NONE', #1317, 1.699999999999996625 ) ;
#169 = DIRECTION ( 'NONE',  ( 0.000000000000000000, 0.000000000000000000, 1.000000000000000000 ) ) ;
#170 = ORIENTED_EDGE ( 'NONE', *, *, #2586, .F. ) ;
#171 = ORIENTED_EDGE ( 'NONE', *, *, #1200, .F. ) ;
#172 = ORIENTED_EDGE ( 'NONE', *, *, #4171, .T. ) ;
#173 = DIRECTION ( 'NONE',  ( 0.000000000000000000, 1.000000000000000000, 0.000000000000000000 ) ) ;
#174 = CYLINDRICAL_SURFACE ( 'NONE', #704, 1.699999999999996625 ) ;
#175 = DIRECTION ( 'NONE',  ( 0.000000000000000000, 0.000000000000000000, -1.000000000000000000 ) ) ;
#176 = ORIENTED_EDGE ( 'NONE', *, *, #2048, .F. ) ;
#177 = CARTESIAN_POINT ( 'NONE',  ( 202.8250000000000739, 4.549999999999997158, 11.19999999999996732 ) ) ;
#178 = APPLICATION_PROTOCOL_DEFINITION ( 'draft international standard', 'automotive_design', 1998, #905 ) ;
#179 = CIRCLE ( 'NONE', #1169, 3.150000000000013678 ) ;
#180 = CARTESIAN_POINT ( 'NONE',  ( -4.474999999999888622, 6.000000000000000000, 63.00000000000001421 ) ) ;
#181 = DIRECTION ( 'NONE',  ( 0.000000000000000000, 0.000000000000000000, 1.000000000000000000 ) ) ;
#182 = EDGE_LOOP ( 'NONE', ( #5047, #529 ) ) ;
#183 = EDGE_CURVE ( 'NONE', #4253, #1896, #3388, .T. ) ;
#184 = ADVANCED_FACE ( 'NONE', ( #4202 ), #313, .F. ) ;
#185 = DIRECTION ( 'NONE',  ( -0.000000000000000000, -1.000000000000000000, -0.000000000000000000 ) ) ;
#186 = CARTESIAN_POINT ( 'NONE',  ( -4.474999999999944578, 6.000000000000000000, 1.699999999999950662 ) ) ;
#187 = B_SPLINE_CURVE_WITH_KNOTS ( 'NONE', 3,
 ( #4887, #2132, #587, #4098, #3715, #1409, #207, #3688, #3740, #257 ),
 .UNSPECIFIED., .F., .F.,
 ( 4, 2, 2, 2, 4 ),
 ( 0.01209308537389531917, 0.01288806592005884918, 0.01368304646622237920, 0.01447802701238590922, 0.01527300755854943924 ),
 .UNSPECIFIED. ) ;
#188 = ORIENTED_EDGE ( 'NONE', *, *, #228, .F. ) ;
#189 = CARTESIAN_POINT ( 'NONE',  ( 191.1750000000000398, 6.000000000000000000, -2.775557561562891351E-14 ) ) ;
#190 = ORIENTED_EDGE ( 'NONE', *, *, #4285, .T. ) ;
#191 = CARTESIAN_POINT ( 'NONE',  ( -215.3250000000000171, 0.000000000000000000, 17.90000000000001990 ) ) ;
#192 = AXIS2_PLACEMENT_3D ( 'NONE', #4556, #1461, #2157 ) ;
#193 = AXIS2_PLACEMENT_3D ( 'NONE', #2388, #747, #3515 ) ;
#194 = ADVANCED_FACE ( 'NONE', ( #643 ), #2077, .F. ) ;
#195 = AXIS2_PLACEMENT_3D ( 'NONE', #1583, #1249, #2350 ) ;
#196 = ORIENTED_EDGE ( 'NONE', *, *, #3396, .T. ) ;
#197 = EDGE_CURVE ( 'NONE', #2862, #4261, #3140, .T. ) ;
#198 = AXIS2_PLACEMENT_3D ( 'NONE', #1775, #209, #258 ) ;
#199 = ORIENTED_EDGE ( 'NONE', *, *, #11, .T. ) ;
#200 = AXIS2_PLACEMENT_3D ( 'NONE', #51, #4346, #251 ) ;
#201 = CARTESIAN_POINT ( 'NONE',  ( -239.4749999999999943, 0.000000000000000000, 61.25000000000003553 ) ) ;
#202 = CIRCLE ( 'NONE', #3066, 1.700000000000007061 ) ;
#203 = CARTESIAN_POINT ( 'NONE',  ( -174.4749999999999659, 0.000000000000000000, -61.55000000000003268 ) ) ;
#204 = AXIS2_PLACEMENT_3D ( 'NONE', #4053, #4765, #2828 ) ;
#205 = DIRECTION ( 'NONE',  ( -0.000000000000000000, 1.000000000000000000, -0.000000000000000000 ) ) ;
#206 = VERTEX_POINT ( 'NONE', #4538 ) ;
#207 = CARTESIAN_POINT ( 'NONE',  ( -244.4750000000000227, 5.640347563759672944, -49.23326000283844905 ) ) ;
#208 = AXIS2_PLACEMENT_3D ( 'NONE', #4174, #584, #4862 ) ;
#209 = DIRECTION ( 'NONE',  ( -0.000000000000000000, 1.000000000000000000, -0.000000000000000000 ) ) ;
#210 = EDGE_CURVE ( 'NONE', #1720, #3920, #928, .T. ) ;
#211 = VECTOR ( 'NONE', #368, 1000.000000000000000 ) ;
#212 = DIRECTION ( 'NONE',  ( -1.000000000000000000, -0.000000000000000000, -0.000000000000000000 ) ) ;
#213 = CARTESIAN_POINT ( 'NONE',  ( -215.3250000000000171, 6.000000000000000000, -21.05000000000000071 ) ) ;
#214 = EDGE_LOOP ( 'NONE', ( #633, #3692, #3779, #1127 ) ) ;
#215 = CIRCLE ( 'NONE', #5025, 1.700000000000000178 ) ;
#216 = DIRECTION ( 'NONE',  ( 0.000000000000000000, 0.000000000000000000, 1.000000000000000000 ) ) ;
#217 = CARTESIAN_POINT ( 'NONE',  ( -4.474999999999944578, 6.000000000000000000, 30.79999999999998650 ) ) ;
#218 = ORIENTED_EDGE ( 'NONE', *, *, #3577, .F. ) ;
#219 = FACE_OUTER_BOUND ( 'NONE', #4944, .T. ) ;
#220 = EDGE_LOOP ( 'NONE', ( #2745, #3756, #3381, #4955 ) ) ;
#221 = DIRECTION ( 'NONE',  ( 0.000000000000000000, 0.000000000000000000, 1.000000000000000000 ) ) ;
#222 = EDGE_CURVE ( 'NONE', #1381, #3750, #2733, .T. ) ;
#223 = ORIENTED_EDGE ( 'NONE', *, *, #3914, .F. ) ;
#224 = ORIENTED_EDGE ( 'NONE', *, *, #2823, .F. ) ;
#225 = DIRECTION ( 'NONE',  ( 0.000000000000000000, 0.000000000000000000, 1.000000000000000000 ) ) ;
#226 = DIRECTION ( 'NONE',  ( -0.000000000000000000, 1.000000000000000000, -0.000000000000000000 ) ) ;
#227 = VECTOR ( 'NONE', #4640, 1000.000000000000000 ) ;
#228 = EDGE_CURVE ( 'NONE', #299, #1140, #1059, .T. ) ;
#229 = EDGE_CURVE ( 'NONE', #3284, #4042, #4816, .T. ) ;
#230 = EDGE_CURVE ( 'NONE', #2141, #931, #2960, .T. ) ;
#231 = CYLINDRICAL_SURFACE ( 'NONE', #4867, 1.700000000000007061 ) ;
#232 = EDGE_LOOP ( 'NONE', ( #3062, #1832 ) ) ;
#233 = DIRECTION ( 'NONE',  ( 0.000000000000000000, 0.000000000000000000, 1.000000000000000000 ) ) ;
#234 = DIRECTION ( 'NONE',  ( -0.000000000000000000, 1.000000000000000000, -0.000000000000000000 ) ) ;
#235 = FACE_OUTER_BOUND ( 'NONE', #3727, .T. ) ;
#236 = CARTESIAN_POINT ( 'NONE',  ( -174.4749999999999659, 6.000000000000000000, 30.80000000000000782 ) ) ;
#237 = CIRCLE ( 'NONE', #3511, 1.700000000000007061 ) ;
#238 = CARTESIAN_POINT ( 'NONE',  ( -224.4749999999999659, 6.000000000000000000, 59.85000000000003695 ) ) ;
#239 = CIRCLE ( 'NONE', #2456, 1.700000000000000178 ) ;
#240 = CYLINDRICAL_SURFACE ( 'NONE', #4351, 1.699999999999996625 ) ;
#241 = VECTOR ( 'NONE', #1310, 1000.000000000000000 ) ;
#242 = ORIENTED_EDGE ( 'NONE', *, *, #2863, .T. ) ;
#243 = ORIENTED_EDGE ( 'NONE', *, *, #1566, .T. ) ;
#244 = DIRECTION ( 'NONE',  ( 0.000000000000000000, 1.000000000000000000, 0.000000000000000000 ) ) ;
#245 = CIRCLE ( 'NONE', #1969, 1.700000000000007061 ) ;
#246 = CIRCLE ( 'NONE', #1970, 1.700000000000007061 ) ;
#247 = AXIS2_PLACEMENT_3D ( 'NONE', #1657, #2016, #3953 ) ;
#248 = ORIENTED_EDGE ( 'NONE', *, *, #3264, .F. ) ;
#249 = ORIENTED_EDGE ( 'NONE', *, *, #4979, .T. ) ;
#250 = CYLINDRICAL_SURFACE ( 'NONE', #680, 2.500000000000002220 ) ;
#251 = DIRECTION ( 'NONE',  ( 0.000000000000000000, 0.000000000000000000, 1.000000000000000000 ) ) ;
#252 = EDGE_CURVE ( 'NONE', #3180, #4703, #1175, .T. ) ;
#253 = CARTESIAN_POINT ( 'NONE',  ( -4.474999999999944578, 6.000000000000000000, -59.85000000000005116 ) ) ;
#254 = CIRCLE ( 'NONE', #3120, 1.700000000000000178 ) ;
#255 = CARTESIAN_POINT ( 'NONE',  ( 191.1750000000000398, 6.000000000000000000, 3.149999999999958611 ) ) ;
#256 = ORIENTED_EDGE ( 'NONE', *, *, #3536, .T. ) ;
#257 = CARTESIAN_POINT ( 'NONE',  ( -244.4749999999999943, 6.000000000000000000, -50.23622914957393704 ) ) ;
#258 = DIRECTION ( 'NONE',  ( 0.000000000000000000, 0.000000000000000000, 1.000000000000000000 ) ) ;
#259 = CARTESIAN_POINT ( 'NONE',  ( 229.9750000000001364, 6.000000000000000000, 57.69999999999998153 ) ) ;
#260 = DIRECTION ( 'NONE',  ( -0.000000000000000000, 1.000000000000000000, -0.000000000000000000 ) ) ;
#261 = CARTESIAN_POINT ( 'NONE',  ( 229.9750000000001364, 6.000000000000000000, -16.20000000000002416 ) ) ;
#262 = DIRECTION ( 'NONE',  ( -0.000000000000000000, 1.000000000000000000, -0.000000000000000000 ) ) ;
#263 = CYLINDRICAL_SURFACE ( 'NONE', #3540, 1.700000000000007061 ) ;
#264 = VECTOR ( 'NONE', #371, 1000.000000000000000 ) ;
#265 = ORIENTED_EDGE ( 'NONE', *, *, #4460, .F. ) ;
#266 = ORIENTED_EDGE ( 'NONE', *, *, #2128, .F. ) ;
#267 = DIRECTION ( 'NONE',  ( 0.000000000000000000, 0.000000000000000000, 1.000000000000000000 ) ) ;
#268 = ORIENTED_EDGE ( 'NONE', *, *, #4069, .T. ) ;
#269 = DIRECTION ( 'NONE',  ( -0.000000000000000000, 1.000000000000000000, -0.000000000000000000 ) ) ;
#270 = EDGE_LOOP ( 'NONE', ( #25, #3630, #3499, #4314 ) ) ;
#271 = CARTESIAN_POINT ( 'NONE',  ( -215.3250000000000171, 6.000000000000000000, 17.90000000000001990 ) ) ;
#272 = LINE ( 'NONE', #3374, #4693 ) ;
#273 = AXIS2_PLACEMENT_3D ( 'NONE', #2256, #24, #3127 ) ;
#274 = AXIS2_PLACEMENT_3D ( 'NONE', #2119, #2890, #4496 ) ;
#275 = CARTESIAN_POINT ( 'NONE',  ( -174.4749999999999659, 6.000000000000000000, 32.50000000000001421 ) ) ;
#276 = VECTOR ( 'NONE', #1899, 1000.000000000000000 ) ;
#278 = CARTESIAN_POINT ( 'NONE',  ( 216.9750000000000227, 6.000000000000000000, 63.00000000000002842 ) ) ;
#277 = AXIS2_PLACEMENT_3D ( 'NONE', #1432, #226, #3302 ) ;
#279 = VECTOR ( 'NONE', #1544, 1000.000000000000000 ) ;
#280 = EDGE_CURVE ( 'NONE', #3920, #1720, #1957, .T. ) ;
#281 = EDGE_CURVE ( 'NONE', #2944, #4315, #3774, .T. ) ;
#282 = ORIENTED_EDGE ( 'NONE', *, *, #810, .F. ) ;
#283 = DIRECTION ( 'NONE',  ( 0.000000000000000000, 0.000000000000000000, 1.000000000000000000 ) ) ;
#284 = VECTOR ( 'NONE', #1058, 1000.000000000000000 ) ;
#285 = DIRECTION ( 'NONE',  ( 0.000000000000000000, 0.000000000000000000, 1.000000000000000000 ) ) ;
#286 = EDGE_CURVE ( 'NONE', #834, #3319, #4893, .T. ) ;
#287 = DIRECTION ( 'NONE',  ( 0.000000000000000000, 0.000000000000000000, 1.000000000000000000 ) ) ;
#288 = DIRECTION ( 'NONE',  ( -0.000000000000000000, 1.000000000000000000, -0.000000000000000000 ) ) ;
#289 = AXIS2_PLACEMENT_3D ( 'NONE', #1658, #4822, #2039 ) ;
#290 = DIRECTION ( 'NONE',  ( 0.000000000000000000, 0.000000000000000000, 1.000000000000000000 ) ) ;
#291 = AXIS2_PLACEMENT_3D ( 'NONE', #3333, #1386, #2204 ) ;
#292 = ADVANCED_FACE ( 'NONE', ( #4719 ), #1305, .F. ) ;
#293 = CARTESIAN_POINT ( 'NONE',  ( 165.5250000000000625, 0.000000000000000000, -32.50000000000004974 ) ) ;
#294 = CIRCLE ( 'NONE', #4299, 1.700000000000007061 ) ;
#295 = ADVANCED_FACE ( 'NONE', ( #727 ), #3466, .F. ) ;
#296 = EDGE_CURVE ( 'NONE', #4751, #3471, #3949, .T. ) ;
#297 = DIRECTION ( 'NONE',  ( -0.000000000000000000, 1.000000000000000000, -0.000000000000000000 ) ) ;
#298 = ORIENTED_EDGE ( 'NONE', *, *, #4458, .F. ) ;
#299 = VERTEX_POINT ( 'NONE', #1217 ) ;
#300 = CARTESIAN_POINT ( 'NONE',  ( 165.5250000000001194, 0.000000000000000000, 61.54999999999999716 ) ) ;
#301 = AXIS2_PLACEMENT_3D ( 'NONE', #4957, #2597, #2188 ) ;
#302 = ORIENTED_EDGE ( 'NONE', *, *, #3417, .T. ) ;
#303 = DIRECTION ( 'NONE',  ( 0.000000000000000000, 0.000000000000000000, 1.000000000000000000 ) ) ;
#304 = ORIENTED_EDGE ( 'NONE', *, *, #210, .F. ) ;
#305 = CARTESIAN_POINT ( 'NONE',  ( -4.474999999999944578, 0.000000000000000000, -4.725530845851316856E-14 ) ) ;
#306 = DIRECTION ( 'NONE',  ( 0.000000000000000000, 0.000000000000000000, 1.000000000000000000 ) ) ;
#307 = CARTESIAN_POINT ( 'NONE',  ( 165.5250000000000625, 4.549999999999997158, -29.10000000000003695 ) ) ;
#308 = EDGE_LOOP ( 'NONE', ( #3095, #4034, #1693, #4805 ) ) ;
#309 = EDGE_LOOP ( 'NONE', ( #1786, #4286, #172, #3521 ) ) ;
#310 = CARTESIAN_POINT ( 'NONE',  ( 229.9750000000001364, 0.000000000000000000, -16.20000000000002416 ) ) ;
#311 = CARTESIAN_POINT ( 'NONE',  ( -203.6750000000000114, 6.000000000000000000, -33.95000000000002416 ) ) ;
#312 = FACE_OUTER_BOUND ( 'NONE', #3837, .T. ) ;
#313 = CYLINDRICAL_SURFACE ( 'NONE', #1339, 1.700000000000007061 ) ;
#314 = CARTESIAN_POINT ( 'NONE',  ( 244.4749999999999943, 6.000000000000000000, -63.99999999999997158 ) ) ;
#315 = EDGE_CURVE ( 'NONE', #1352, #2640, #1538, .T. ) ;
#316 = EDGE_CURVE ( 'NONE', #4919, #2141, #4280, .T. ) ;
#317 = CARTESIAN_POINT ( 'NONE',  ( 219.4749999999999943, 6.000000000000000000, -58.15000000000004832 ) ) ;
#318 = CARTESIAN_POINT ( 'NONE',  ( 165.5250000000000625, 0.000000000000000000, -1.700000000000073896 ) ) ;
#319 = EDGE_LOOP ( 'NONE', ( #1533, #649, #531, #4186 ) ) ;
#320 = EDGE_LOOP ( 'NONE', ( #1306, #4246, #4855, #3475 ) ) ;
#321 = DIRECTION ( 'NONE',  ( 0.000000000000000000, 1.000000000000000000, 0.000000000000000000 ) ) ;
#322 = MANIFOLD_SOLID_BREP ( 'CSK for M3 Flat Head Machine Screw1', #406 ) ;
#323 = AXIS2_PLACEMENT_3D ( 'NONE', #1621, #4734, #2104 ) ;
#324 = ORIENTED_EDGE ( 'NONE', *, *, #4142, .T. ) ;
#325 = CARTESIAN_POINT ( 'NONE',  ( 191.1750000000000398, 6.000000000000000000, 56.70000000000004547 ) ) ;
#326 = ORIENTED_EDGE ( 'NONE', *, *, #2922, .T. ) ;
#327 = AXIS2_PLACEMENT_3D ( 'NONE', #4648, #2299, #3044 ) ;
#328 = DIRECTION ( 'NONE',  ( -0.000000000000000000, 1.000000000000000000, -0.000000000000000000 ) ) ;
#329 = CIRCLE ( 'NONE', #3680, 1.700000000000007061 ) ;
#330 = DIRECTION ( 'NONE',  ( 0.000000000000000000, 0.000000000000000000, 1.000000000000000000 ) ) ;
#331 = ORIENTED_EDGE ( 'NONE', *, *, #4671, .F. ) ;
#332 = EDGE_LOOP ( 'NONE', ( #1587, #3152 ) ) ;
#333 = CARTESIAN_POINT ( 'NONE',  ( 191.1750000000000398, 0.000000000000000000, -1.700000000000034817 ) ) ;
#334 = AXIS2_PLACEMENT_3D ( 'NONE', #2371, #2781, #4316 ) ;
#335 = ORIENTED_EDGE ( 'NONE', *, *, #1256, .F. ) ;
#336 = CARTESIAN_POINT ( 'NONE',  ( -4.474999999999944578, 4.549999999999997158, 1.699999999999951106 ) ) ;
#337 = CARTESIAN_POINT ( 'NONE',  ( 229.9750000000001364, 0.000000000000000000, -17.90000000000003055 ) ) ;
#338 = CARTESIAN_POINT ( 'NONE',  ( -244.4750000000000227, 5.599993511718847294, 0.2698600457564929722 ) ) ;
#339 = FACE_OUTER_BOUND ( 'NONE', #3673, .T. ) ;
#340 = CARTESIAN_POINT ( 'NONE',  ( -239.4750000000000227, 0.000000000000000000, -58.99999999999998579 ) ) ;
#341 = LINE ( 'NONE', #1524, #227 ) ;
#342 = DIRECTION ( 'NONE',  ( -0.000000000000000000, 1.000000000000000000, -0.000000000000000000 ) ) ;
#343 = EDGE_LOOP ( 'NONE', ( #1656, #4669, #2027, #2374 ) ) ;
#344 = EDGE_CURVE ( 'NONE', #994, #1479, #4566, .T. ) ;
#345 = ORIENTED_EDGE ( 'NONE', *, *, #500, .F. ) ;
#346 = EDGE_CURVE ( 'NONE', #742, #49, #341, .T. ) ;
#347 = CARTESIAN_POINT ( 'NONE',  ( 229.9750000000001364, 4.549999999999997158, -55.99999999999997158 ) ) ;
#348 = CIRCLE ( 'NONE', #3375, 1.700000000000000178 ) ;
#349 = VERTEX_POINT ( 'NONE', #2726 ) ;
#350 = CARTESIAN_POINT ( 'NONE',  ( 202.8250000000000739, 6.000000000000000000, 48.69999999999998153 ) ) ;
#351 = ORIENTED_EDGE ( 'NONE', *, *, #4360, .F. ) ;
#352 = CYLINDRICAL_SURFACE ( 'NONE', #1639, 1.699999999999997957 ) ;
#353 = CONICAL_SURFACE ( 'NONE', #1906, 3.150000000000020783, 0.7853981633974495002 ) ;
#354 = EDGE_CURVE ( 'NONE', #1231, #4224, #1137, .T. ) ;
#355 = EDGE_CURVE ( 'NONE', #861, #1968, #827, .T. ) ;
#356 = DIRECTION ( 'NONE',  ( 0.000000000000000000, 0.000000000000000000, 1.000000000000000000 ) ) ;
#357 = ORIENTED_EDGE ( 'NONE', *, *, #4226, .T. ) ;
#358 = EDGE_LOOP ( 'NONE', ( #396, #335, #1666, #4776 ) ) ;
#359 = DIRECTION ( 'NONE',  ( 0.000000000000000000, 0.000000000000000000, 1.000000000000000000 ) ) ;
#360 = AXIS2_PLACEMENT_3D ( 'NONE', #4655, #4248, #767 ) ;
#361 = CIRCLE ( 'NONE', #1997, 1.700000000000007061 ) ;
#362 = DIRECTION ( 'NONE',  ( 0.000000000000000000, 0.000000000000000000, 1.000000000000000000 ) ) ;
#363 = DIRECTION ( 'NONE',  ( 0.000000000000000000, 1.000000000000000000, 0.000000000000000000 ) ) ;
#364 = EDGE_LOOP ( 'NONE', ( #2696, #1773 ) ) ;
#365 = AXIS2_PLACEMENT_3D ( 'NONE', #4636, #3868, #435 ) ;
#366 = FACE_OUTER_BOUND ( 'NONE', #2177, .T. ) ;
#367 = AXIS2_PLACEMENT_3D ( 'NONE', #2134, #3689, #2570 ) ;
#368 = DIRECTION ( 'NONE',  ( -1.000000000000000000, -0.000000000000000000, -0.000000000000000000 ) ) ;
#369 = VECTOR ( 'NONE', #3119, 1000.000000000000000 ) ;
#370 = LINE ( 'NONE', #2777, #4811 ) ;
#371 = DIRECTION ( 'NONE',  ( -0.000000000000000000, 1.000000000000000000, -0.000000000000000000 ) ) ;
#372 = ORIENTED_EDGE ( 'NONE', *, *, #4907, .F. ) ;
#373 = ORIENTED_EDGE ( 'NONE', *, *, #3636, .F. ) ;
#374 = DIRECTION ( 'NONE',  ( 0.000000000000000000, 0.000000000000000000, 1.000000000000000000 ) ) ;
#375 = AXIS2_PLACEMENT_3D ( 'NONE', #1290, #2109, #2010 ) ;
#376 = CARTESIAN_POINT ( 'NONE',  ( -174.4749999999999091, 6.000000000000000000, 63.00000000000005684 ) ) ;
#377 = VERTEX_POINT ( 'NONE', #2391 ) ;
#378 = CYLINDRICAL_SURFACE ( 'NONE', #909, 1.700000000000007061 ) ;
#379 = ORIENTED_EDGE ( 'NONE', *, *, #3915, .T. ) ;
#380 = LINE ( 'NONE', #1534, #1229 ) ;
#381 = AXIS2_PLACEMENT_3D ( 'NONE', #3001, #2210, #287 ) ;
#382 = EDGE_CURVE ( 'NONE', #2533, #3576, #4151, .T. ) ;
#383 = EDGE_LOOP ( 'NONE', ( #3587, #1787, #14, #1623 ) ) ;
#384 = VERTEX_POINT ( 'NONE', #2756 ) ;
#385 = FACE_OUTER_BOUND ( 'NONE', #2100, .T. ) ;
#386 = EDGE_CURVE ( 'NONE', #805, #4703, #4258, .T. ) ;
#387 = EDGE_CURVE ( 'NONE', #638, #4675, #370, .T. ) ;
#388 = EDGE_LOOP ( 'NONE', ( #2918, #3755 ) ) ;
#389 = DIRECTION ( 'NONE',  ( -0.000000000000000000, 1.000000000000000000, -0.000000000000000000 ) ) ;
#390 = CARTESIAN_POINT ( 'NONE',  ( -203.6750000000000114, 6.000000000000000000, 33.95000000000004547 ) ) ;
#391 = ORIENTED_EDGE ( 'NONE', *, *, #4173, .F. ) ;
#392 = FACE_OUTER_BOUND ( 'NONE', #320, .T. ) ;
#393 = VECTOR ( 'NONE', #2366, 1000.000000000000000 ) ;
#394 = DIRECTION ( 'NONE',  ( 0.000000000000000000, 0.000000000000000000, 1.000000000000000000 ) ) ;
#395 = CARTESIAN_POINT ( 'NONE',  ( -244.4749999999999943, 6.000000000000000000, -63.99999999999997158 ) ) ;
#396 = ORIENTED_EDGE ( 'NONE', *, *, #1606, .F. ) ;
#397 = ORIENTED_EDGE ( 'NONE', *, *, #2797, .T. ) ;
#398 = DIRECTION ( 'NONE',  ( 0.000000000000000000, 0.000000000000000000, 1.000000000000000000 ) ) ;
#399 = DIRECTION ( 'NONE',  ( -0.000000000000000000, 1.000000000000000000, -0.000000000000000000 ) ) ;
#400 = ORIENTED_EDGE ( 'NONE', *, *, #2318, .T. ) ;
#401 = CARTESIAN_POINT ( 'NONE',  ( 239.4750000000000227, 0.000000000000000000, 59.00000000000002842 ) ) ;
#402 = ORIENTED_EDGE ( 'NONE', *, *, #1785, .F. ) ;
#403 = DIRECTION ( 'NONE',  ( -0.000000000000000000, 1.000000000000000000, -0.000000000000000000 ) ) ;
#404 = AXIS2_PLACEMENT_3D ( 'NONE', #1084, #2649, #1904 ) ;
#405 = PRODUCT_DEFINITION_CONTEXT ( 'detailed design', #2240, 'design' ) ;
#406 = CLOSED_SHELL ( 'NONE', ( #3005, #2631, #4657, #1850, #2418, #1444, #891, #2491, #4707, #1871, #1675, #65, #2268, #1889, #1645, #1006, #4231, #4300, #2692, #4130, #4962, #2326, #3662, #3331, #4100, #4856, #292, #2490, #2794, #1669, #2203, #1194, #2932, #2886, #4509, #3086, #194, #3534, #1608, #890, #4879, #4327, #2110, #3857, #892, #3170, #4696, #3385, #3330, #419, #2258, #32, #4438, #2448, #3012, #1514, #545, #1671, #505, #3019, #4832, #2645, #2958, #3246, #2163, #1385, #1615, #2643, #825, #1406, #3855, #2474, #669, #546, #2556, #55, #785, #4961, #1291, #2253, #4880, #603, #4910, #4396, #2358, #125, #2175, #1226, #4546, #1577, #3324, #1321, #1077, #2710, #1407, #4129, #815, #695, #2329, #4298, #1106, #3270, #3102, #1949, #3909, #3941, #4323, #4545, #824, #1037, #184, #3704, #4912, #1356, #3602, #3728, #2581, #3228, #4322, #3380, #295, #2554, #2867, #1571, #667, #2425, #3770, #3172, #2041, #4672, #2021, #2, #2851, #2025, #3754, #4758, #2202, #2115, #1206, #3852, #2671, #3801, #1796, #2543, #3072, #3910, #4291, #3201, #1513, #1299, #1111, #1723, #4659, #4971, #4388, #4574, #4634, #4161 ) ) ;
#407 = ORIENTED_EDGE ( 'NONE', *, *, #2575, .F. ) ;
#408 = ORIENTED_EDGE ( 'NONE', *, *, #2112, .F. ) ;
#409 = CARTESIAN_POINT ( 'NONE',  ( -4.474999999999944578, 4.549999999999997158, -4.725530845851316856E-14 ) ) ;
#410 = EDGE_CURVE ( 'NONE', #1990, #459, #1295, .T. ) ;
#411 = VECTOR ( 'NONE', #836, 999.9999999999998863 ) ;
#412 = ORIENTED_EDGE ( 'NONE', *, *, #845, .T. ) ;
#413 = FACE_OUTER_BOUND ( 'NONE', #2964, .T. ) ;
#414 = CARTESIAN_POINT ( 'NONE',  ( -241.7250000000000512, 0.000000000000000000, 50.40000000000004121 ) ) ;
#415 = AXIS2_PLACEMENT_3D ( 'NONE', #3139, #4414, #4796 ) ;
#416 = VERTEX_POINT ( 'NONE', #1242 ) ;
#417 = FACE_OUTER_BOUND ( 'NONE', #430, .T. ) ;
#418 = LINE ( 'NONE', #2699, #211 ) ;
#419 = ADVANCED_FACE ( 'NONE', ( #4766 ), #1292, .F. ) ;
#420 = CARTESIAN_POINT ( 'NONE',  ( -174.4749999999999091, 6.000000000000000000, 61.55000000000003979 ) ) ;
#421 = DIRECTION ( 'NONE',  ( 0.000000000000000000, 0.000000000000000000, 1.000000000000000000 ) ) ;
#422 = VERTEX_POINT ( 'NONE', #85 ) ;
#423 = EDGE_LOOP ( 'NONE', ( #6, #345 ) ) ;
#424 = DIRECTION ( 'NONE',  ( 0.000000000000000000, -1.000000000000000000, 0.000000000000000000 ) ) ;
#425 = CYLINDRICAL_SURFACE ( 'NONE', #3721, 1.700000000000007061 ) ;
#426 = ORIENTED_EDGE ( 'NONE', *, *, #3423, .F. ) ;
#427 = FACE_BOUND ( 'NONE', #536, .T. ) ;
#428 = VERTEX_POINT ( 'NONE', #1266 ) ;
#429 = LINE ( 'NONE', #4014, #4980 ) ;
#430 = EDGE_LOOP ( 'NONE', ( #486, #1869, #29, #2118 ) ) ;
#431 = ORIENTED_EDGE ( 'NONE', *, *, #2417, .F. ) ;
#432 = CARTESIAN_POINT ( 'NONE',  ( 191.1750000000000398, 4.549999999999997158, -1.700000000000034817 ) ) ;
#433 = EDGE_LOOP ( 'NONE', ( #171, #3328 ) ) ;
#434 = CARTESIAN_POINT ( 'NONE',  ( 239.4749999999999943, 6.000000000000000000, -56.75000000000002842 ) ) ;
#435 = DIRECTION ( 'NONE',  ( 0.000000000000000000, 0.000000000000000000, 1.000000000000000000 ) ) ;
#436 = ORIENTED_EDGE ( 'NONE', *, *, #2763, .T. ) ;
#437 = DIRECTION ( 'NONE',  ( -0.000000000000000000, 1.000000000000000000, -0.000000000000000000 ) ) ;
#438 = VECTOR ( 'NONE', #1128, 1000.000000000000000 ) ;
#439 = DIRECTION ( 'NONE',  ( 0.000000000000000000, 0.000000000000000000, 1.000000000000000000 ) ) ;
#440 = EDGE_CURVE ( 'NONE', #991, #1270, #478, .T. ) ;
#441 = DIRECTION ( 'NONE',  ( 0.000000000000000000, 0.000000000000000000, 1.000000000000000000 ) ) ;
#442 = DIRECTION ( 'NONE',  ( -0.000000000000000000, 1.000000000000000000, -0.000000000000000000 ) ) ;
#443 = AXIS2_PLACEMENT_3D ( 'NONE', #4020, #921, #3611 ) ;
#444 = ORIENTED_EDGE ( 'NONE', *, *, #4072, .T. ) ;
#445 = AXIS2_PLACEMENT_3D ( 'NONE', #4761, #3975, #516 ) ;
#446 = DIRECTION ( 'NONE',  ( 0.000000000000000000, 0.000000000000000000, 1.000000000000000000 ) ) ;
#447 = EDGE_CURVE ( 'NONE', #765, #2680, #2420, .T. ) ;
#448 = CIRCLE ( 'NONE', #4289, 1.700000000000007061 ) ;
#449 = EDGE_CURVE ( 'NONE', #4588, #2865, #1790, .T. ) ;
#450 = FACE_OUTER_BOUND ( 'NONE', #4028, .T. ) ;
#451 = EDGE_CURVE ( 'NONE', #3588, #165, #1626, .T. ) ;
#452 = CARTESIAN_POINT ( 'NONE',  ( -241.7250000000000512, 0.000000000000000000, -47.00000000000008527 ) ) ;
#453 = ORIENTED_EDGE ( 'NONE', *, *, #3694, .F. ) ;
#454 = FACE_OUTER_BOUND ( 'NONE', #308, .T. ) ;
#455 = VECTOR ( 'NONE', #3954, 1000.000000000000000 ) ;
#456 = VERTEX_POINT ( 'NONE', #492 ) ;
#457 = CARTESIAN_POINT ( 'NONE',  ( -241.7250000000000512, 0.000000000000000000, -48.70000000000008811 ) ) ;
#458 = AXIS2_PLACEMENT_3D ( 'NONE', #2330, #2300, #4268 ) ;
#459 = VERTEX_POINT ( 'NONE', #2469 ) ;
#460 = ORIENTED_EDGE ( 'NONE', *, *, #1208, .F. ) ;
#461 = CYLINDRICAL_SURFACE ( 'NONE', #3794, 1.700000000000007061 ) ;
#462 = CARTESIAN_POINT ( 'NONE',  ( 191.1750000000000398, 4.549999999999997158, 59.85000000000003695 ) ) ;
#463 = CARTESIAN_POINT ( 'NONE',  ( -224.4749999999999659, 6.000000000000000000, 59.85000000000003695 ) ) ;
#464 = ORIENTED_EDGE ( 'NONE', *, *, #3643, .T. ) ;
#465 = FACE_OUTER_BOUND ( 'NONE', #120, .T. ) ;
#466 = FACE_OUTER_BOUND ( 'NONE', #4370, .T. ) ;
#467 = DIRECTION ( 'NONE',  ( 0.000000000000000000, 0.000000000000000000, 1.000000000000000000 ) ) ;
#468 = CARTESIAN_POINT ( 'NONE',  ( -174.4749999999999091, 0.000000000000000000, 58.15000000000002700 ) ) ;
#469 = ORIENTED_EDGE ( 'NONE', *, *, #2545, .T. ) ;
#470 = DIRECTION ( 'NONE',  ( -0.000000000000000000, 1.000000000000000000, -0.000000000000000000 ) ) ;
#471 = EDGE_CURVE ( 'NONE', #3203, #2944, #237, .T. ) ;
#472 = DIRECTION ( 'NONE',  ( 0.000000000000000000, 0.000000000000000000, 1.000000000000000000 ) ) ;
#473 = CARTESIAN_POINT ( 'NONE',  ( -241.9749999999999943, 6.000000000000000000, -63.99999999999997158 ) ) ;
#474 = EDGE_LOOP ( 'NONE', ( #1810, #4266, #1548, #1986 ) ) ;
#475 = FACE_OUTER_BOUND ( 'NONE', #895, .T. ) ;
#476 = EDGE_LOOP ( 'NONE', ( #282, #2220, #3347, #4637 ) ) ;
#477 = DIRECTION ( 'NONE',  ( 0.000000000000000000, 1.000000000000000000, 0.000000000000000000 ) ) ;
#478 = CIRCLE ( 'NONE', #4649, 3.149999999999986144 ) ;
#479 = ORIENTED_EDGE ( 'NONE', *, *, #2267, .F. ) ;
#480 = ORIENTED_EDGE ( 'NONE', *, *, #1564, .T. ) ;
#481 = CARTESIAN_POINT ( 'NONE',  ( -224.4749999999999659, 4.549999999999997158, 59.85000000000003695 ) ) ;
#482 = VECTOR ( 'NONE', #2070, 1000.000000000000000 ) ;
#483 = CARTESIAN_POINT ( 'NONE',  ( -174.4749999999999659, 6.000000000000000000, 29.10000000000000142 ) ) ;
#484 = CIRCLE ( 'NONE', #4654, 3.150000000000020783 ) ;
#485 = DIRECTION ( 'NONE',  ( 0.000000000000000000, 0.7071067811865466846, 0.7071067811865483499 ) ) ;
#486 = ORIENTED_EDGE ( 'NONE', *, *, #809, .F. ) ;
#487 = DIRECTION ( 'NONE',  ( 0.000000000000000000, 0.000000000000000000, 1.000000000000000000 ) ) ;
#488 = CIRCLE ( 'NONE', #2127, 2.250000000000001776 ) ;
#489 = VECTOR ( 'NONE', #2248, 1000.000000000000000 ) ;
#490 = DIRECTION ( 'NONE',  ( -0.000000000000000000, 1.000000000000000000, -0.000000000000000000 ) ) ;
#491 = AXIS2_PLACEMENT_3D ( 'NONE', #731, #754, #3472 ) ;
#492 = CARTESIAN_POINT ( 'NONE',  ( -4.474999999999944578, 4.549999999999997158, -58.15000000000004832 ) ) ;
#493 = DIRECTION ( 'NONE',  ( -0.000000000000000000, 1.000000000000000000, -0.000000000000000000 ) ) ;
#494 = ORIENTED_EDGE ( 'NONE', *, *, #3699, .T. ) ;
#495 = CARTESIAN_POINT ( 'NONE',  ( -239.4750000000000227, 6.000000000000000000, -58.99999999999998579 ) ) ;
#496 = VECTOR ( 'NONE', #1890, 1000.000000000000000 ) ;
#497 = DIRECTION ( 'NONE',  ( -0.000000000000000000, 1.000000000000000000, -0.000000000000000000 ) ) ;
#498 = EDGE_CURVE ( 'NONE', #1928, #2865, #4742, .T. ) ;
#499 = CARTESIAN_POINT ( 'NONE',  ( 229.9750000000001364, 6.000000000000000000, -35.99999999999997868 ) ) ;
#500 = EDGE_CURVE ( 'NONE', #3859, #3326, #893, .T. ) ;
#501 = ORIENTED_EDGE ( 'NONE', *, *, #410, .T. ) ;
#502 = DIRECTION ( 'NONE',  ( -0.000000000000000000, 1.000000000000000000, -0.000000000000000000 ) ) ;
#503 = ORIENTED_EDGE ( 'NONE', *, *, #3579, .F. ) ;
#504 = DIRECTION ( 'NONE',  ( -0.000000000000000000, 1.000000000000000000, -0.000000000000000000 ) ) ;
#505 = ADVANCED_FACE ( 'NONE', ( #520 ), #644, .F. ) ;
#506 = EDGE_LOOP ( 'NONE', ( #1980, #4600, #1454, #2514 ) ) ;
#507 = ORIENTED_EDGE ( 'NONE', *, *, #315, .F. ) ;
#508 = DIRECTION ( 'NONE',  ( 0.000000000000000000, 0.000000000000000000, 1.000000000000000000 ) ) ;
#509 = EDGE_CURVE ( 'NONE', #2965, #3099, #2501, .T. ) ;
#510 = EDGE_CURVE ( 'NONE', #2387, #4721, #215, .T. ) ;
#511 = EDGE_CURVE ( 'NONE', #3478, #4858, #4793, .T. ) ;
#512 = DIRECTION ( 'NONE',  ( 0.000000000000000000, 0.7071067811865535679, 0.7071067811865415775 ) ) ;
#513 = VECTOR ( 'NONE', #3748, 1000.000000000000000 ) ;
#514 = CARTESIAN_POINT ( 'NONE',  ( -4.474999999999944578, 0.000000000000000000, 32.49999999999998579 ) ) ;
#515 = ORIENTED_EDGE ( 'NONE', *, *, #4585, .T. ) ;
#516 = DIRECTION ( 'NONE',  ( 0.000000000000000000, 0.000000000000000000, 1.000000000000000000 ) ) ;
#517 = CIRCLE ( 'NONE', #4524, 2.500000000000002220 ) ;
#518 = CARTESIAN_POINT ( 'NONE',  ( -224.4749999999999659, 4.549999999999997158, 58.15000000000002700 ) ) ;
#519 = VECTOR ( 'NONE', #2573, 1000.000000000000000 ) ;
#520 = FACE_OUTER_BOUND ( 'NONE', #729, .T. ) ;
#521 = CARTESIAN_POINT ( 'NONE',  ( -4.474999999999944578, 6.000000000000000000, -58.15000000000004832 ) ) ;
#522 = ORIENTED_EDGE ( 'NONE', *, *, #471, .T. ) ;
#523 = CARTESIAN_POINT ( 'NONE',  ( -203.6750000000000114, 0.000000000000000000, -29.10000000000000142 ) ) ;
#524 = DIRECTION ( 'NONE',  ( 0.000000000000000000, 1.000000000000000000, 0.000000000000000000 ) ) ;
#525 = CONICAL_SURFACE ( 'NONE', #34, 3.150000000000013678, 0.7853981633974495002 ) ;
#526 = AXIS2_PLACEMENT_3D ( 'NONE', #4933, #1028, #2186 ) ;
#527 = AXIS2_PLACEMENT_3D ( 'NONE', #725, #4662, #1215 ) ;
#528 = FACE_BOUND ( 'NONE', #232, .T. ) ;
#529 = ORIENTED_EDGE ( 'NONE', *, *, #2489, .F. ) ;
#530 = CARTESIAN_POINT ( 'NONE',  ( 239.4750000000000227, 6.000000000000000000, 59.00000000000002842 ) ) ;
#531 = ORIENTED_EDGE ( 'NONE', *, *, #280, .T. ) ;
#532 = VECTOR ( 'NONE', #4892, 1000.000000000000000 ) ;
#533 = CARTESIAN_POINT ( 'NONE',  ( -215.3250000000000171, 6.000000000000000000, -19.59999999999999076 ) ) ;
#534 = VECTOR ( 'NONE', #2158, 999.9999999999998863 ) ;
#535 = CONICAL_SURFACE ( 'NONE', #1924, 3.150000000000013678, 0.7853981633974495002 ) ;
#536 = EDGE_LOOP ( 'NONE', ( #1574, #4085 ) ) ;
#537 = ORIENTED_EDGE ( 'NONE', *, *, #4996, .T. ) ;
#538 = DIRECTION ( 'NONE',  ( -0.000000000000000000, 1.000000000000000000, -0.000000000000000000 ) ) ;
#539 = EDGE_CURVE ( 'NONE', #3853, #4315, #2264, .T. ) ;
#540 = AXIS2_PLACEMENT_3D ( 'NONE', #3848, #1955, #4232 ) ;
#541 = LINE ( 'NONE', #483, #1390 ) ;
#542 = DIRECTION ( 'NONE',  ( 0.000000000000000000, 0.000000000000000000, 1.000000000000000000 ) ) ;
#543 = ORIENTED_EDGE ( 'NONE', *, *, #1138, .T. ) ;
#544 = CARTESIAN_POINT ( 'NONE',  ( -203.6750000000000114, 6.000000000000000000, 27.65000000000001634 ) ) ;
#545 = ADVANCED_FACE ( 'NONE', ( #2526 ), #2837, .F. ) ;
#546 = ADVANCED_FACE ( 'NONE', ( #3286 ), #4842, .F. ) ;
#547 = AXIS2_PLACEMENT_3D ( 'NONE', #982, #2231, #1776 ) ;
#548 = DIRECTION ( 'NONE',  ( 0.000000000000000000, 0.000000000000000000, 1.000000000000000000 ) ) ;
#549 = DIRECTION ( 'NONE',  ( -0.000000000000000000, 1.000000000000000000, -0.000000000000000000 ) ) ;
#550 = DIRECTION ( 'NONE',  ( 0.000000000000000000, 0.000000000000000000, 1.000000000000000000 ) ) ;
#551 = EDGE_LOOP ( 'NONE', ( #554, #999, #2987, #2179 ) ) ;
#552 = DIRECTION ( 'NONE',  ( 0.000000000000000000, 0.000000000000000000, 1.000000000000000000 ) ) ;
#553 = FACE_BOUND ( 'NONE', #940, .T. ) ;
#554 = ORIENTED_EDGE ( 'NONE', *, *, #1196, .F. ) ;
#555 = DIRECTION ( 'NONE',  ( 0.000000000000000000, 0.7071067811865466846, 0.7071067811865483499 ) ) ;
#556 = EDGE_LOOP ( 'NONE', ( #718, #3405 ) ) ;
#557 = DIRECTION ( 'NONE',  ( 0.000000000000000000, 0.7071067811865466846, 0.7071067811865483499 ) ) ;
#558 = ORIENTED_EDGE ( 'NONE', *, *, #3604, .T. ) ;
#559 = VERTEX_POINT ( 'NONE', #3619 ) ;
#560 = ORIENTED_EDGE ( 'NONE', *, *, #1910, .T. ) ;
#561 = CARTESIAN_POINT ( 'NONE',  ( -244.4749999999999943, 6.000000000000000000, 50.23622914957388019 ) ) ;
#562 = CARTESIAN_POINT ( 'NONE',  ( -203.6750000000000114, 6.000000000000000000, -29.10000000000000142 ) ) ;
#563 = EDGE_CURVE ( 'NONE', #2610, #1140, #4472, .T. ) ;
#564 = DIRECTION ( 'NONE',  ( -0.000000000000000000, 1.000000000000000000, -0.000000000000000000 ) ) ;
#565 = ORIENTED_EDGE ( 'NONE', *, *, #4142, .F. ) ;
#566 = CARTESIAN_POINT ( 'NONE',  ( 165.5250000000000625, 4.549999999999997158, -6.675504130139742361E-14 ) ) ;
#567 = CARTESIAN_POINT ( 'NONE',  ( 165.5250000000000625, 4.549999999999997158, -59.85000000000007248 ) ) ;
#568 = CARTESIAN_POINT ( 'NONE',  ( -203.6750000000000114, 6.000000000000000000, -30.80000000000000782 ) ) ;
#569 = AXIS2_PLACEMENT_3D ( 'NONE', #1251, #1225, #3629 ) ;
#570 = ORIENTED_EDGE ( 'NONE', *, *, #3396, .F. ) ;
#571 = EDGE_CURVE ( 'NONE', #459, #1990, #4059, .T. ) ;
#572 = DIRECTION ( 'NONE',  ( 0.000000000000000000, 0.000000000000000000, 1.000000000000000000 ) ) ;
#573 = CIRCLE ( 'NONE', #4333, 3.150000000000013678 ) ;
#574 = FACE_BOUND ( 'NONE', #3098, .T. ) ;
#575 = ORIENTED_EDGE ( 'NONE', *, *, #2895, .F. ) ;
#576 = DIRECTION ( 'NONE',  ( 0.000000000000000000, 1.000000000000000000, 0.000000000000000000 ) ) ;
#577 = EDGE_LOOP ( 'NONE', ( #2298, #3399, #4304, #2787 ) ) ;
#578 = AXIS2_PLACEMENT_3D ( 'NONE', #1245, #2347, #63 ) ;
#579 = DIRECTION ( 'NONE',  ( 0.000000000000000000, 1.000000000000000000, 0.000000000000000000 ) ) ;
#580 = VERTEX_POINT ( 'NONE', #180 ) ;
#581 = ORIENTED_EDGE ( 'NONE', *, *, #1045, .F. ) ;
#582 = LINE ( 'NONE', #4551, #489 ) ;
#583 = DIRECTION ( 'NONE',  ( -0.000000000000000000, 1.000000000000000000, -0.000000000000000000 ) ) ;
#584 = DIRECTION ( 'NONE',  ( 0.000000000000000000, 1.000000000000000000, 0.000000000000000000 ) ) ;
#585 = FACE_BOUND ( 'NONE', #2896, .T. ) ;
#586 = ORIENTED_EDGE ( 'NONE', *, *, #3009, .T. ) ;
#587 = CARTESIAN_POINT ( 'NONE',  ( -244.4750000000000512, 5.782148951442848350, -47.65305080121591175 ) ) ;
#588 = DIRECTION ( 'NONE',  ( 0.000000000000000000, 1.000000000000000000, 0.000000000000000000 ) ) ;
#589 = CIRCLE ( 'NONE', #2394, 3.149999999999999911 ) ;
#590 = CARTESIAN_POINT ( 'NONE',  ( 229.9750000000001364, 0.000000000000000000, -34.29999999999996874 ) ) ;
#591 = DIRECTION ( 'NONE',  ( -0.000000000000000000, 1.000000000000000000, -0.000000000000000000 ) ) ;
#592 = ORIENTED_EDGE ( 'NONE', *, *, #3950, .F. ) ;
#593 = CONICAL_SURFACE ( 'NONE', #2567, 3.150000000000013678, 0.7853981633974495002 ) ;
#594 = EDGE_CURVE ( 'NONE', #1065, #384, #2101, .T. ) ;
#595 = CARTESIAN_POINT ( 'NONE',  ( 165.5250000000000625, 6.000000000000000000, -27.65000000000002700 ) ) ;
#596 = CARTESIAN_POINT ( 'NONE',  ( 229.9750000000001364, 6.000000000000000000, -14.75000000000001599 ) ) ;
#597 = ORIENTED_EDGE ( 'NONE', *, *, #3943, .T. ) ;
#598 = EDGE_CURVE ( 'NONE', #3077, #2479, #2621, .T. ) ;
#599 = DIRECTION ( 'NONE',  ( 8.659560562354942719E-17, 0.7071067811865466846, -0.7071067811865483499 ) ) ;
#600 = ORIENTED_EDGE ( 'NONE', *, *, #653, .T. ) ;
#601 = ORIENTED_EDGE ( 'NONE', *, *, #1984, .T. ) ;
#602 = DIRECTION ( 'NONE',  ( -0.000000000000000000, 1.000000000000000000, -0.000000000000000000 ) ) ;
#603 = ADVANCED_FACE ( 'NONE', ( #2159 ), #1851, .F. ) ;
#604 = EDGE_CURVE ( 'NONE', #5021, #1126, #3690, .T. ) ;
#605 = VECTOR ( 'NONE', #2229, 1000.000000000000000 ) ;
#606 = CIRCLE ( 'NONE', #1916, 1.700000000000007061 ) ;
#607 = AXIS2_PLACEMENT_3D ( 'NONE', #68, #502, #3528 ) ;
#608 = ORIENTED_EDGE ( 'NONE', *, *, #447, .T. ) ;
#609 = ORIENTED_EDGE ( 'NONE', *, *, #4603, .T. ) ;
#610 = AXIS2_PLACEMENT_3D ( 'NONE', #1211, #4428, #2487 ) ;
#611 = CARTESIAN_POINT ( 'NONE',  ( 165.5250000000001194, 0.000000000000000000, 59.84999999999999432 ) ) ;
#612 = AXIS2_PLACEMENT_3D ( 'NONE', #3285, #4840, #902 ) ;
#613 = DIRECTION ( 'NONE',  ( 0.000000000000000000, 0.7071067811865466846, 0.7071067811865483499 ) ) ;
#614 = CIRCLE ( 'NONE', #863, 3.150000000000013678 ) ;
#615 = FACE_OUTER_BOUND ( 'NONE', #3013, .T. ) ;
#616 = ORIENTED_EDGE ( 'NONE', *, *, #4482, .F. ) ;
#617 = CARTESIAN_POINT ( 'NONE',  ( -203.6750000000000114, 4.549999999999997158, 30.80000000000002913 ) ) ;
#618 = CIRCLE ( 'NONE', #2176, 1.700000000000007061 ) ;
#619 = CIRCLE ( 'NONE', #458, 1.700000000000007061 ) ;
#620 = SHAPE_DEFINITION_REPRESENTATION ( #3746, #3360 ) ;
#621 = CONICAL_SURFACE ( 'NONE', #4136, 3.150000000000013678, 0.7853981633974495002 ) ;
#622 = LINE ( 'NONE', #2551, #3733 ) ;
#623 = DIRECTION ( 'NONE',  ( 0.000000000000000000, 0.000000000000000000, 1.000000000000000000 ) ) ;
#624 = DIRECTION ( 'NONE',  ( -0.000000000000000000, 1.000000000000000000, -0.000000000000000000 ) ) ;
#625 = CIRCLE ( 'NONE', #3080, 3.150000000000020783 ) ;
#626 = LINE ( 'NONE', #3418, #1439 ) ;
#627 = CARTESIAN_POINT ( 'NONE',  ( -244.4749999999999943, 6.000000000000000000, 47.16377085042618944 ) ) ;
#628 = ORIENTED_EDGE ( 'NONE', *, *, #3753, .F. ) ;
#629 = EDGE_CURVE ( 'NONE', #4919, #1792, #1034, .T. ) ;
#630 = ORIENTED_EDGE ( 'NONE', *, *, #135, .T. ) ;
#631 = DIRECTION ( 'NONE',  ( 0.000000000000000000, 0.000000000000000000, 1.000000000000000000 ) ) ;
#632 = ORIENTED_EDGE ( 'NONE', *, *, #2030, .F. ) ;
#633 = ORIENTED_EDGE ( 'NONE', *, *, #945, .F. ) ;
#634 = DIRECTION ( 'NONE',  ( -0.000000000000000000, 1.000000000000000000, -0.000000000000000000 ) ) ;
#635 = CARTESIAN_POINT ( 'NONE',  ( -241.7250000000000512, 6.000000000000000000, -45.55000000000007532 ) ) ;
#636 = PRESENTATION_LAYER_ASSIGNMENT (  '', '', ( #2847 ) ) ;
#637 = FACE_OUTER_BOUND ( 'NONE', #4679, .T. ) ;
#638 = VERTEX_POINT ( 'NONE', #1798 ) ;
#639 = DIRECTION ( 'NONE',  ( -0.000000000000000000, 1.000000000000000000, -0.000000000000000000 ) ) ;
#640 = DIRECTION ( 'NONE',  ( -0.000000000000000000, 1.000000000000000000, -0.000000000000000000 ) ) ;
#641 = CARTESIAN_POINT ( 'NONE',  ( 165.5250000000000625, 4.549999999999997158, 30.79999999999996518 ) ) ;
#642 = CARTESIAN_POINT ( 'NONE',  ( 202.8250000000000739, 6.000000000000000000, 45.54999999999996874 ) ) ;
#643 = FACE_OUTER_BOUND ( 'NONE', #476, .T. ) ;
#644 = CONICAL_SURFACE ( 'NONE', #4139, 3.150000000000013678, 0.7853981633974495002 ) ;
#645 = DIRECTION ( 'NONE',  ( 0.000000000000000000, 0.000000000000000000, 1.000000000000000000 ) ) ;
#646 = AXIS2_PLACEMENT_3D ( 'NONE', #789, #2323, #715 ) ;
#647 = CARTESIAN_POINT ( 'NONE',  ( -239.4750000000000227, 6.000000000000000000, -61.24999999999998579 ) ) ;
#648 = AXIS2_PLACEMENT_3D ( 'NONE', #77, #4381, #3282 ) ;
#649 = ORIENTED_EDGE ( 'NONE', *, *, #945, .T. ) ;
#650 = ORIENTED_EDGE ( 'NONE', *, *, #3177, .F. ) ;
#651 = LINE ( 'NONE', #4262, #739 ) ;
#652 = AXIS2_PLACEMENT_3D ( 'NONE', #191, #4477, #2561 ) ;
#653 = EDGE_CURVE ( 'NONE', #2768, #4349, #625, .T. ) ;
#654 = EDGE_CURVE ( 'NONE', #1807, #2702, #4557, .T. ) ;
#655 = AXIS2_PLACEMENT_3D ( 'NONE', #782, #3578, #109 ) ;
#656 = VERTEX_POINT ( 'NONE', #1057 ) ;
#657 = CARTESIAN_POINT ( 'NONE',  ( -241.7249999999999943, 6.000000000000000000, -2.743031496388326218E-14 ) ) ;
#658 = ORIENTED_EDGE ( 'NONE', *, *, #2260, .F. ) ;
#659 = DIRECTION ( 'NONE',  ( 0.000000000000000000, 0.000000000000000000, 1.000000000000000000 ) ) ;
#660 = CARTESIAN_POINT ( 'NONE',  ( 239.4750000000000227, 0.000000000000000000, 56.75000000000002842 ) ) ;
#661 = EDGE_CURVE ( 'NONE', #656, #4091, #2998, .T. ) ;
#662 = CARTESIAN_POINT ( 'NONE',  ( 239.4750000000000227, 6.000000000000000000, 61.25000000000003553 ) ) ;
#663 = DIRECTION ( 'NONE',  ( -0.000000000000000000, 1.000000000000000000, -0.000000000000000000 ) ) ;
#664 = ORIENTED_EDGE ( 'NONE', *, *, #4135, .F. ) ;
#665 = DIRECTION ( 'NONE',  ( -0.000000000000000000, 1.000000000000000000, -0.000000000000000000 ) ) ;
#666 = EDGE_CURVE ( 'NONE', #742, #3714, #4870, .T. ) ;
#667 = ADVANCED_FACE ( 'NONE', ( #3362 ), #1007, .F. ) ;
#668 = CARTESIAN_POINT ( 'NONE',  ( 219.4749999999999943, 4.549999999999997158, -29.10000000000001918 ) ) ;
#669 = ADVANCED_FACE ( 'NONE', ( #4126 ), #1750, .F. ) ;
#670 = VERTEX_POINT ( 'NONE', #1822 ) ;
#671 = DIRECTION ( 'NONE',  ( -0.000000000000000000, 1.000000000000000000, -0.000000000000000000 ) ) ;
#672 = FACE_OUTER_BOUND ( 'NONE', #1055, .T. ) ;
#673 = CARTESIAN_POINT ( 'NONE',  ( -215.3250000000000171, 6.000000000000000000, 17.90000000000001990 ) ) ;
#674 = DIRECTION ( 'NONE',  ( -0.000000000000000000, 1.000000000000000000, -0.000000000000000000 ) ) ;
#675 = DIRECTION ( 'NONE',  ( -0.000000000000000000, 1.000000000000000000, -0.000000000000000000 ) ) ;
#676 = CONICAL_SURFACE ( 'NONE', #4845, 3.149999999999999911, 0.7853981633974477239 ) ;
#677 = ORIENTED_EDGE ( 'NONE', *, *, #9, .F. ) ;
#678 = ORIENTED_EDGE ( 'NONE', *, *, #2955, .F. ) ;
#679 = DIRECTION ( 'NONE',  ( -0.000000000000000000, 1.000000000000000000, -0.000000000000000000 ) ) ;
#680 = AXIS2_PLACEMENT_3D ( 'NONE', #3350, #2200, #1812 ) ;
#681 = ORIENTED_EDGE ( 'NONE', *, *, #346, .T. ) ;
#682 = FACE_OUTER_BOUND ( 'NONE', #1460, .T. ) ;
#683 = ORIENTED_EDGE ( 'NONE', *, *, #2050, .F. ) ;
#684 = DIRECTION ( 'NONE',  ( 0.000000000000000000, 0.000000000000000000, 1.000000000000000000 ) ) ;
#685 = DIRECTION ( 'NONE',  ( 0.000000000000000000, 0.000000000000000000, 1.000000000000000000 ) ) ;
#686 = AXIS2_PLACEMENT_3D ( 'NONE', #4909, #2206, #1748 ) ;
#687 = AXIS2_PLACEMENT_3D ( 'NONE', #3131, #3162, #4687 ) ;
#688 = CONICAL_SURFACE ( 'NONE', #1999, 3.150000000000013678, 0.7853981633974495002 ) ;
#690 = FACE_BOUND ( 'NONE', #4680, .T. ) ;
#689 = CIRCLE ( 'NONE', #3962, 1.700000000000007061 ) ;
#691 = EDGE_CURVE ( 'NONE', #4844, #2702, #1205, .T. ) ;
#692 = EDGE_LOOP ( 'NONE', ( #3707, #1729, #4010, #3431 ) ) ;
#693 = ORIENTED_EDGE ( 'NONE', *, *, #1419, .F. ) ;
#694 = DIRECTION ( 'NONE',  ( -0.000000000000000000, 1.000000000000000000, -0.000000000000000000 ) ) ;
#695 = ADVANCED_FACE ( 'NONE', ( #3797 ), #2759, .F. ) ;
#696 = CIRCLE ( 'NONE', #1597, 3.149999999999999911 ) ;
#697 = AXIS2_PLACEMENT_3D ( 'NONE', #1625, #927, #548 ) ;
#698 = CARTESIAN_POINT ( 'NONE',  ( -244.4749999999999943, 6.000000000000000000, -63.99999999999997158 ) ) ;
#699 = DIRECTION ( 'NONE',  ( -0.000000000000000000, 1.000000000000000000, -0.000000000000000000 ) ) ;
#700 = AXIS2_PLACEMENT_3D ( 'NONE', #2018, #3193, #2505 ) ;
#701 = DIRECTION ( 'NONE',  ( 0.000000000000000000, 0.000000000000000000, 1.000000000000000000 ) ) ;
#702 = FACE_OUTER_BOUND ( 'NONE', #1132, .T. ) ;
#703 = EDGE_CURVE ( 'NONE', #3115, #962, #622, .T. ) ;
#704 = AXIS2_PLACEMENT_3D ( 'NONE', #2227, #1405, #1435 ) ;
#705 = FACE_OUTER_BOUND ( 'NONE', #847, .T. ) ;
#706 = AXIS2_PLACEMENT_3D ( 'NONE', #3393, #4540, #216 ) ;
#707 = CARTESIAN_POINT ( 'NONE',  ( -244.4750000000000227, 5.883724473944289102, 49.99780904982697649 ) ) ;
#708 = ORIENTED_EDGE ( 'NONE', *, *, #3395, .T. ) ;
#709 = ORIENTED_EDGE ( 'NONE', *, *, #3446, .T. ) ;
#710 = DIRECTION ( 'NONE',  ( 0.000000000000000000, 0.000000000000000000, 1.000000000000000000 ) ) ;
#711 = ORIENTED_EDGE ( 'NONE', *, *, #1134, .F. ) ;
#712 = FACE_OUTER_BOUND ( 'NONE', #692, .T. ) ;
#713 = ORIENTED_EDGE ( 'NONE', *, *, #2417, .T. ) ;
#714 = LINE ( 'NONE', #1094, #3626 ) ;
#715 = DIRECTION ( 'NONE',  ( 0.000000000000000000, 0.000000000000000000, 1.000000000000000000 ) ) ;
#716 = CARTESIAN_POINT ( 'NONE',  ( 229.9750000000001364, 6.000000000000000000, 55.99999999999997158 ) ) ;
#717 = VERTEX_POINT ( 'NONE', #590 ) ;
#718 = ORIENTED_EDGE ( 'NONE', *, *, #3417, .F. ) ;
#719 = CARTESIAN_POINT ( 'NONE',  ( 202.8250000000000739, 6.000000000000000000, 12.89999999999997371 ) ) ;
#720 = EDGE_CURVE ( 'NONE', #4932, #4320, #3409, .T. ) ;
#721 = DIRECTION ( 'NONE',  ( 0.000000000000000000, 1.000000000000000000, 0.000000000000000000 ) ) ;
#722 = EDGE_CURVE ( 'NONE', #2628, #965, #3817, .T. ) ;
#723 = CARTESIAN_POINT ( 'NONE',  ( -4.474999999999944578, 6.000000000000000000, -29.10000000000002629 ) ) ;
#724 = CARTESIAN_POINT ( 'NONE',  ( -215.3250000000000171, 6.000000000000000000, 17.90000000000001990 ) ) ;
#725 = CARTESIAN_POINT ( 'NONE',  ( -4.474999999999888622, 4.549999999999997158, 59.85000000000001563 ) ) ;
#726 = DIRECTION ( 'NONE',  ( -0.000000000000000000, 1.000000000000000000, -0.000000000000000000 ) ) ;
#727 = FACE_OUTER_BOUND ( 'NONE', #4950, .T. ) ;
#728 = CARTESIAN_POINT ( 'NONE',  ( -244.4749999999999091, 5.640167089840711689, 49.23257632374870241 ) ) ;
#729 = EDGE_LOOP ( 'NONE', ( #2841, #2405, #2301, #45 ) ) ;
#730 = ORIENTED_EDGE ( 'NONE', *, *, #451, .T. ) ;
#731 = CARTESIAN_POINT ( 'NONE',  ( 165.5250000000000625, 6.000000000000000000, 30.79999999999996518 ) ) ;
#732 = EDGE_CURVE ( 'NONE', #4844, #1046, #3412, .T. ) ;
#733 = EDGE_CURVE ( 'NONE', #4491, #765, #790, .T. ) ;
#734 = EDGE_CURVE ( 'NONE', #3099, #3859, #3, .T. ) ;
#735 = ORIENTED_EDGE ( 'NONE', *, *, #4394, .F. ) ;
#736 = CARTESIAN_POINT ( 'NONE',  ( 229.9750000000001364, 6.000000000000000000, -57.69999999999998153 ) ) ;
#737 = ORIENTED_EDGE ( 'NONE', *, *, #819, .T. ) ;
#738 = DIRECTION ( 'NONE',  ( 0.000000000000000000, 0.000000000000000000, 1.000000000000000000 ) ) ;
#739 = VECTOR ( 'NONE', #1936, 1000.000000000000000 ) ;
#740 = DIRECTION ( 'NONE',  ( -0.000000000000000000, 1.000000000000000000, -0.000000000000000000 ) ) ;
#741 = ORIENTED_EDGE ( 'NONE', *, *, #2801, .T. ) ;
#742 = VERTEX_POINT ( 'NONE', #4609 ) ;
#743 = DIRECTION ( 'NONE',  ( 0.000000000000000000, 0.000000000000000000, 1.000000000000000000 ) ) ;
#744 = CARTESIAN_POINT ( 'NONE',  ( -4.474999999999944578, 6.000000000000000000, -61.55000000000004690 ) ) ;
#745 = CARTESIAN_POINT ( 'NONE',  ( 216.9750000000000227, 6.000000000000000000, 59.85000000000003695 ) ) ;
#746 = EDGE_LOOP ( 'NONE', ( #1833, #2422, #2095, #693 ) ) ;
#747 = DIRECTION ( 'NONE',  ( -0.000000000000000000, 1.000000000000000000, -0.000000000000000000 ) ) ;
#748 = LINE ( 'NONE', #1135, #1927 ) ;
#749 = DIRECTION ( 'NONE',  ( 0.000000000000000000, 0.000000000000000000, 1.000000000000000000 ) ) ;
#750 = DIRECTION ( 'NONE',  ( -0.000000000000000000, 1.000000000000000000, -0.000000000000000000 ) ) ;
#751 = ORIENTED_EDGE ( 'NONE', *, *, #3234, .F. ) ;
#752 = EDGE_CURVE ( 'NONE', #4175, #2897, #3822, .T. ) ;
#753 = ORIENTED_EDGE ( 'NONE', *, *, #1328, .F. ) ;
#754 = DIRECTION ( 'NONE',  ( -0.000000000000000000, 1.000000000000000000, -0.000000000000000000 ) ) ;
#755 = DIRECTION ( 'NONE',  ( 0.000000000000000000, 0.000000000000000000, 1.000000000000000000 ) ) ;
#756 = EDGE_CURVE ( 'NONE', #780, #2360, #2345, .T. ) ;
#757 = ORIENTED_EDGE ( 'NONE', *, *, #1120, .T. ) ;
#758 = EDGE_CURVE ( 'NONE', #2680, #3616, #1467, .T. ) ;
#759 = CARTESIAN_POINT ( 'NONE',  ( -224.4749999999999659, 6.000000000000000000, -59.85000000000002984 ) ) ;
#760 = ORIENTED_EDGE ( 'NONE', *, *, #138, .T. ) ;
#761 = DIRECTION ( 'NONE',  ( -0.000000000000000000, 1.000000000000000000, -0.000000000000000000 ) ) ;
#762 = EDGE_CURVE ( 'NONE', #805, #1714, #2209, .T. ) ;
#763 = AXIS2_PLACEMENT_3D ( 'NONE', #2088, #4817, #961 ) ;
#764 = CARTESIAN_POINT ( 'NONE',  ( -241.9749999999999943, 6.000000000000000000, 61.50000000000002842 ) ) ;
#765 = VERTEX_POINT ( 'NONE', #4658 ) ;
#766 = EDGE_LOOP ( 'NONE', ( #3300, #2403, #190, #2580 ) ) ;
#767 = DIRECTION ( 'NONE',  ( 0.000000000000000000, 0.000000000000000000, 1.000000000000000000 ) ) ;
#768 = VECTOR ( 'NONE', #3433, 1000.000000000000000 ) ;
#769 = AXIS2_PLACEMENT_3D ( 'NONE', #530, #2096, #3655 ) ;
#770 = DIRECTION ( 'NONE',  ( -0.000000000000000000, 1.000000000000000000, -0.000000000000000000 ) ) ;
#771 = LINE ( 'NONE', #2004, #276 ) ;
#772 = EDGE_LOOP ( 'NONE', ( #3398, #3093, #3889, #678 ) ) ;
#773 = CIRCLE ( 'NONE', #1427, 1.700000000000007061 ) ;
#774 = LINE ( 'NONE', #3494, #1182 ) ;
#775 = CIRCLE ( 'NONE', #697, 1.700000000000007061 ) ;
#776 = FACE_OUTER_BOUND ( 'NONE', #577, .T. ) ;
#777 = AXIS2_PLACEMENT_3D ( 'NONE', #140, #1707, #552 ) ;
#778 = DIRECTION ( 'NONE',  ( -0.000000000000000000, 1.000000000000000000, -0.000000000000000000 ) ) ;
#779 = DIRECTION ( 'NONE',  ( 0.000000000000000000, 0.000000000000000000, 1.000000000000000000 ) ) ;
#780 = VERTEX_POINT ( 'NONE', #2750 ) ;
#781 = ORIENTED_EDGE ( 'NONE', *, *, #1411, .F. ) ;
#782 = CARTESIAN_POINT ( 'NONE',  ( 239.4750000000000227, 0.000000000000000000, 59.00000000000002842 ) ) ;
#783 = CIRCLE ( 'NONE', #4383, 3.150000000000013678 ) ;
#784 = CARTESIAN_POINT ( 'NONE',  ( 229.9750000000001364, 6.000000000000000000, -17.90000000000003055 ) ) ;
#785 = ADVANCED_FACE ( 'NONE', ( #1948 ), #3435, .F. ) ;
#786 = VERTEX_POINT ( 'NONE', #1183 ) ;
#787 = CARTESIAN_POINT ( 'NONE',  ( 165.5250000000000625, 6.000000000000000000, -30.80000000000004334 ) ) ;
#788 = VERTEX_POINT ( 'NONE', #3917 ) ;
#789 = CARTESIAN_POINT ( 'NONE',  ( -174.4749999999999659, 0.000000000000000000, -30.80000000000000071 ) ) ;
#790 = CIRCLE ( 'NONE', #4386, 1.700000000000007061 ) ;
#791 = VERTEX_POINT ( 'NONE', #311 ) ;
#792 = EDGE_LOOP ( 'NONE', ( #1377, #3255, #52, #2894 ) ) ;
#793 = CARTESIAN_POINT ( 'NONE',  ( -224.4749999999999659, 4.549999999999997158, 61.55000000000003979 ) ) ;
#794 = DIRECTION ( 'NONE',  ( 0.000000000000000000, 0.000000000000000000, 1.000000000000000000 ) ) ;
#795 = CARTESIAN_POINT ( 'NONE',  ( -4.474999999999944578, 4.549999999999997158, -61.55000000000004690 ) ) ;
#796 = ORIENTED_EDGE ( 'NONE', *, *, #1942, .F. ) ;
#797 = DIRECTION ( 'NONE',  ( 0.000000000000000000, 0.000000000000000000, 1.000000000000000000 ) ) ;
#798 = LINE ( 'NONE', #3056, #4380 ) ;
#799 = DIRECTION ( 'NONE',  ( 0.000000000000000000, 1.000000000000000000, 0.000000000000000000 ) ) ;
#800 = DIRECTION ( 'NONE',  ( -0.000000000000000000, 1.000000000000000000, -0.000000000000000000 ) ) ;
#801 = VERTEX_POINT ( 'NONE', #336 ) ;
#802 = ORIENTED_EDGE ( 'NONE', *, *, #197, .F. ) ;
#803 = CARTESIAN_POINT ( 'NONE',  ( -4.474999999999944578, 6.000000000000000000, -56.70000000000004547 ) ) ;
#804 = DIRECTION ( 'NONE',  ( -0.000000000000000000, 1.000000000000000000, -0.000000000000000000 ) ) ;
#805 = VERTEX_POINT ( 'NONE', #2336 ) ;
#806 = CARTESIAN_POINT ( 'NONE',  ( 165.5250000000000625, 6.000000000000000000, -56.70000000000005258 ) ) ;
#807 = ORIENTED_EDGE ( 'NONE', *, *, #4746, .F. ) ;
#808 = DIRECTION ( 'NONE',  ( 0.000000000000000000, 0.000000000000000000, 1.000000000000000000 ) ) ;
#809 = EDGE_CURVE ( 'NONE', #4721, #2067, #4274, .T. ) ;
#810 = EDGE_CURVE ( 'NONE', #1747, #3137, #3598, .T. ) ;
#811 = AXIS2_PLACEMENT_3D ( 'NONE', #3329, #2224, #2125 ) ;
#812 = ORIENTED_EDGE ( 'NONE', *, *, #1129, .F. ) ;
#813 = ORIENTED_EDGE ( 'NONE', *, *, #128, .F. ) ;
#814 = CARTESIAN_POINT ( 'NONE',  ( 229.9750000000001364, 4.549999999999997158, -17.90000000000003055 ) ) ;
#815 = ADVANCED_FACE ( 'NONE', ( #4986 ), #2259, .F. ) ;
#816 = VECTOR ( 'NONE', #602, 1000.000000000000000 ) ;
#817 = EDGE_LOOP ( 'NONE', ( #1864, #503 ) ) ;
#818 = CARTESIAN_POINT ( 'NONE',  ( 229.9750000000001364, 6.000000000000000000, -37.69999999999998153 ) ) ;
#819 = EDGE_CURVE ( 'NONE', #3882, #1239, #4169, .T. ) ;
#820 = CARTESIAN_POINT ( 'NONE',  ( -241.7249999999999943, 4.549999999999997158, -1.700000000000034373 ) ) ;
#821 = CIRCLE ( 'NONE', #1399, 1.700000000000000178 ) ;
#822 = ORIENTED_EDGE ( 'NONE', *, *, #1045, .T. ) ;
#823 = DIRECTION ( 'NONE',  ( 0.000000000000000000, 0.000000000000000000, 1.000000000000000000 ) ) ;
#824 = ADVANCED_FACE ( 'NONE', ( #413 ), #1977, .F. ) ;
#825 = ADVANCED_FACE ( 'NONE', ( #1212 ), #1553, .F. ) ;
#826 = DIRECTION ( 'NONE',  ( -0.000000000000000000, 1.000000000000000000, -0.000000000000000000 ) ) ;
#827 = LINE ( 'NONE', #3111, #393 ) ;
#828 = DIRECTION ( 'NONE',  ( 0.000000000000000000, 0.000000000000000000, 1.000000000000000000 ) ) ;
#829 = ORIENTED_EDGE ( 'NONE', *, *, #498, .T. ) ;
#830 = DIRECTION ( 'NONE',  ( 0.000000000000000000, 0.000000000000000000, 1.000000000000000000 ) ) ;
#831 = DIRECTION ( 'NONE',  ( 0.000000000000000000, 0.000000000000000000, 1.000000000000000000 ) ) ;
#832 = VERTEX_POINT ( 'NONE', #1105 ) ;
#833 = DIRECTION ( 'NONE',  ( 0.000000000000000000, -0.000000000000000000, 1.000000000000000000 ) ) ;
#834 = VERTEX_POINT ( 'NONE', #5007 ) ;
#835 = PRODUCT ( 'COLD-CARRIER-COVER_v002', 'COLD-CARRIER-COVER_v002', '', ( #1749 ) ) ;
#836 = DIRECTION ( 'NONE',  ( 0.000000000000000000, 0.7071067811865535679, 0.7071067811865415775 ) ) ;
#837 = CIRCLE ( 'NONE', #2646, 2.250000000000001776 ) ;
#838 = ORIENTED_EDGE ( 'NONE', *, *, #1472, .T. ) ;
#839 = ORIENTED_EDGE ( 'NONE', *, *, #4539, .F. ) ;
#840 = VERTEX_POINT ( 'NONE', #2673 ) ;
#841 = AXIS2_PLACEMENT_3D ( 'NONE', #1373, #493, #86 ) ;
#842 = LINE ( 'NONE', #2053, #4043 ) ;
#843 = VERTEX_POINT ( 'NONE', #3461 ) ;
#844 = CARTESIAN_POINT ( 'NONE',  ( -174.4749999999999659, 6.000000000000000000, 3.149999999999986144 ) ) ;
#845 = EDGE_CURVE ( 'NONE', #3616, #2680, #5054, .T. ) ;
#846 = DIRECTION ( 'NONE',  ( 0.000000000000000000, 0.000000000000000000, 1.000000000000000000 ) ) ;
#847 = EDGE_LOOP ( 'NONE', ( #4217, #1166, #4607, #1782 ) ) ;
#848 = CARTESIAN_POINT ( 'NONE',  ( 229.9750000000001364, 4.549999999999997158, 57.69999999999998153 ) ) ;
#849 = CIRCLE ( 'NONE', #686, 1.700000000000007061 ) ;
#850 = CIRCLE ( 'NONE', #1590, 3.150000000000013678 ) ;
#851 = CARTESIAN_POINT ( 'NONE',  ( 165.5250000000001194, 6.000000000000000000, 59.84999999999999432 ) ) ;
#852 = DIRECTION ( 'NONE',  ( -0.000000000000000000, 1.000000000000000000, -0.000000000000000000 ) ) ;
#853 = CONICAL_SURFACE ( 'NONE', #1425, 3.149999999999999911, 0.7853981633974477239 ) ;
#854 = DIRECTION ( 'NONE',  ( 0.000000000000000000, 0.000000000000000000, 1.000000000000000000 ) ) ;
#855 = CIRCLE ( 'NONE', #3309, 1.700000000000007061 ) ;
#856 = ORIENTED_EDGE ( 'NONE', *, *, #1816, .F. ) ;
#857 = CIRCLE ( 'NONE', #526, 3.150000000000013678 ) ;
#858 = DIRECTION ( 'NONE',  ( 0.000000000000000000, 0.000000000000000000, 1.000000000000000000 ) ) ;
#859 = DIRECTION ( 'NONE',  ( 0.000000000000000000, 0.000000000000000000, 1.000000000000000000 ) ) ;
#860 = CARTESIAN_POINT ( 'NONE',  ( -224.4749999999999659, 6.000000000000000000, -56.70000000000004547 ) ) ;
#861 = VERTEX_POINT ( 'NONE', #1898 ) ;
#862 = DIRECTION ( 'NONE',  ( -0.000000000000000000, 1.000000000000000000, -0.000000000000000000 ) ) ;
#863 = AXIS2_PLACEMENT_3D ( 'NONE', #2449, #497, #4471 ) ;
#864 = EDGE_LOOP ( 'NONE', ( #2888, #2563, #2703, #4857 ) ) ;
#865 = CARTESIAN_POINT ( 'NONE',  ( 165.5250000000000625, 6.000000000000000000, -6.675504130139742361E-14 ) ) ;
#866 = AXIS2_PLACEMENT_3D ( 'NONE', #4222, #740, #330 ) ;
#867 = VERTEX_POINT ( 'NONE', #1517 ) ;
#868 = ORIENTED_EDGE ( 'NONE', *, *, #5038, .T. ) ;
#869 = AXIS2_PLACEMENT_3D ( 'NONE', #2934, #4489, #3386 ) ;
#870 = CARTESIAN_POINT ( 'NONE',  ( 165.5250000000000625, 0.000000000000000000, -59.85000000000007248 ) ) ;
#871 = CARTESIAN_POINT ( 'NONE',  ( -174.4749999999999659, 0.000000000000000000, 30.80000000000000782 ) ) ;
#872 = CARTESIAN_POINT ( 'NONE',  ( 216.9750000000000227, 6.000000000000000000, 56.70000000000004547 ) ) ;
#873 = ORIENTED_EDGE ( 'NONE', *, *, #1953, .T. ) ;
#874 = FACE_OUTER_BOUND ( 'NONE', #2291, .T. ) ;
#875 = EDGE_CURVE ( 'NONE', #3749, #1807, #1311, .T. ) ;
#876 = DIRECTION ( 'NONE',  ( 0.000000000000000000, 0.000000000000000000, 1.000000000000000000 ) ) ;
#877 = EDGE_CURVE ( 'NONE', #3484, #4491, #2822, .T. ) ;
#878 = CARTESIAN_POINT ( 'NONE',  ( 229.9750000000001364, 4.549999999999997158, -17.90000000000003055 ) ) ;
#879 = CARTESIAN_POINT ( 'NONE',  ( -4.474999999999944578, 6.000000000000000000, -30.80000000000002203 ) ) ;
#880 = ORIENTED_EDGE ( 'NONE', *, *, #3922, .F. ) ;
#881 = AXIS2_PLACEMENT_3D ( 'NONE', #3496, #5041, #4434 ) ;
#882 = LINE ( 'NONE', #3168, #3118 ) ;
#883 = DIRECTION ( 'NONE',  ( -0.000000000000000000, 1.000000000000000000, -0.000000000000000000 ) ) ;
#884 = CARTESIAN_POINT ( 'NONE',  ( -174.4749999999999659, 0.000000000000000000, -58.15000000000001990 ) ) ;
#885 = EDGE_LOOP ( 'NONE', ( #751, #224 ) ) ;
#886 = EDGE_CURVE ( 'NONE', #1519, #1178, #2780, .T. ) ;
#887 = FACE_OUTER_BOUND ( 'NONE', #3632, .T. ) ;
#888 = ORIENTED_EDGE ( 'NONE', *, *, #1647, .T. ) ;
#889 = DIRECTION ( 'NONE',  ( 0.000000000000000000, 0.000000000000000000, 1.000000000000000000 ) ) ;
#890 = ADVANCED_FACE ( 'NONE', ( #1333 ), #4429, .F. ) ;
#891 = ADVANCED_FACE ( 'NONE', ( #3614 ), #2698, .F. ) ;
#892 = ADVANCED_FACE ( 'NONE', ( #1718 ), #4820, .F. ) ;
#893 = CIRCLE ( 'NONE', #1546, 3.149999999999986144 ) ;
#894 = VERTEX_POINT ( 'NONE', #1648 ) ;
#895 = EDGE_LOOP ( 'NONE', ( #2717, #1921, #1387, #1358, #807, #1634, #4642, #2145 ) ) ;
#896 = DIRECTION ( 'NONE',  ( 0.000000000000000000, 0.7071067811865479058, 0.7071067811865471286 ) ) ;
#897 = AXIS2_PLACEMENT_3D ( 'NONE', #3815, #118, #20 ) ;
#898 = CARTESIAN_POINT ( 'NONE',  ( -203.6750000000000114, 0.000000000000000000, 30.80000000000002913 ) ) ;
#899 = CIRCLE ( 'NONE', #323, 3.150000000000013678 ) ;
#900 = DIRECTION ( 'NONE',  ( 0.000000000000000000, 0.000000000000000000, 1.000000000000000000 ) ) ;
#901 = ORIENTED_EDGE ( 'NONE', *, *, #2708, .T. ) ;
#902 = DIRECTION ( 'NONE',  ( 0.000000000000000000, 0.000000000000000000, 1.000000000000000000 ) ) ;
#903 = FACE_OUTER_BOUND ( 'NONE', #3443, .T. ) ;
#904 = CARTESIAN_POINT ( 'NONE',  ( -224.4749999999999659, 6.000000000000000000, -59.85000000000002984 ) ) ;
#905 = APPLICATION_CONTEXT ( 'automotive_design' ) ;
#906 = CARTESIAN_POINT ( 'NONE',  ( -174.4749999999999659, 0.000000000000000000, -1.700000000000034817 ) ) ;
#907 = ORIENTED_EDGE ( 'NONE', *, *, #511, .T. ) ;
#908 = CARTESIAN_POINT ( 'NONE',  ( -4.474999999999944578, 6.000000000000000000, -27.65000000000002345 ) ) ;
#909 = AXIS2_PLACEMENT_3D ( 'NONE', #657, #3504, #4187 ) ;
#910 = DIRECTION ( 'NONE',  ( 0.000000000000000000, 0.000000000000000000, 1.000000000000000000 ) ) ;
#911 = EDGE_CURVE ( 'NONE', #2967, #1691, #2900, .T. ) ;
#912 = FACE_BOUND ( 'NONE', #949, .T. ) ;
#913 = EDGE_LOOP ( 'NONE', ( #3507, #4330, #948, #711 ) ) ;
#914 = DIRECTION ( 'NONE',  ( 0.000000000000000000, 0.7071067811865466846, 0.7071067811865483499 ) ) ;
#915 = EDGE_LOOP ( 'NONE', ( #19, #62 ) ) ;
#916 = CARTESIAN_POINT ( 'NONE',  ( 191.1750000000000398, 6.000000000000000000, 61.55000000000003979 ) ) ;
#917 = EDGE_CURVE ( 'NONE', #840, #1369, #3590, .T. ) ;
#918 = EDGE_CURVE ( 'NONE', #428, #3664, #1877, .T. ) ;
#919 = ORIENTED_EDGE ( 'NONE', *, *, #1417, .F. ) ;
#920 = EDGE_LOOP ( 'NONE', ( #3213, #17, #1497, #1485 ) ) ;
#921 = DIRECTION ( 'NONE',  ( -0.000000000000000000, 1.000000000000000000, -0.000000000000000000 ) ) ;
#922 = DIRECTION ( 'NONE',  ( 8.659560562354942719E-17, 0.7071067811865466846, -0.7071067811865483499 ) ) ;
#923 = VECTOR ( 'NONE', #297, 1000.000000000000000 ) ;
#924 = LINE ( 'NONE', #101, #3800 ) ;
#925 = ORIENTED_EDGE ( 'NONE', *, *, #1730, .T. ) ;
#926 = CARTESIAN_POINT ( 'NONE',  ( -241.7250000000000512, 6.000000000000000000, -48.70000000000008811 ) ) ;
#927 = DIRECTION ( 'NONE',  ( 0.000000000000000000, 1.000000000000000000, 0.000000000000000000 ) ) ;
#928 = CIRCLE ( 'NONE', #1586, 3.150000000000013678 ) ;
#929 = CARTESIAN_POINT ( 'NONE',  ( 165.5250000000000625, 6.000000000000000000, -6.675504130139742361E-14 ) ) ;
#930 = DIRECTION ( 'NONE',  ( -0.000000000000000000, 1.000000000000000000, -0.000000000000000000 ) ) ;
#931 = VERTEX_POINT ( 'NONE', #844 ) ;
#932 = CIRCLE ( 'NONE', #3470, 1.700000000000007061 ) ;
#933 = LINE ( 'NONE', #3269, #946 ) ;
#934 = VECTOR ( 'NONE', #28, 1000.000000000000000 ) ;
#935 = CONICAL_SURFACE ( 'NONE', #1757, 3.150000000000013678, 0.7853981633974495002 ) ;
#936 = AXIS2_PLACEMENT_3D ( 'NONE', #4408, #4432, #2904 ) ;
#937 = FACE_BOUND ( 'NONE', #1561, .T. ) ;
#938 = VERTEX_POINT ( 'NONE', #1258 ) ;
#939 = CARTESIAN_POINT ( 'NONE',  ( -174.4749999999999659, 0.000000000000000000, -59.85000000000002984 ) ) ;
#940 = EDGE_LOOP ( 'NONE', ( #507, #4993 ) ) ;
#941 = ORIENTED_EDGE ( 'NONE', *, *, #1451, .F. ) ;
#942 = AXIS2_PLACEMENT_3D ( 'NONE', #3002, #4153, #2211 ) ;
#943 = DIRECTION ( 'NONE',  ( -0.000000000000000000, 1.000000000000000000, -0.000000000000000000 ) ) ;
#944 = AXIS2_PLACEMENT_3D ( 'NONE', #1820, #4466, #2525 ) ;
#945 = EDGE_CURVE ( 'NONE', #2865, #3920, #2385, .T. ) ;
#946 = VECTOR ( 'NONE', #2473, 1000.000000000000000 ) ;
#947 = ORIENTED_EDGE ( 'NONE', *, *, #1256, .T. ) ;
#948 = ORIENTED_EDGE ( 'NONE', *, *, #3861, .T. ) ;
#949 = EDGE_LOOP ( 'NONE', ( #3965, #4114 ) ) ;
#950 = DIRECTION ( 'NONE',  ( -0.000000000000000000, 1.000000000000000000, -0.000000000000000000 ) ) ;
#951 = CIRCLE ( 'NONE', #866, 3.149999999999999911 ) ;
#952 = CONICAL_SURFACE ( 'NONE', #1114, 3.150000000000013678, 0.7853981633974495002 ) ;
#953 = CARTESIAN_POINT ( 'NONE',  ( 165.5250000000001194, 6.000000000000000000, 59.84999999999999432 ) ) ;
#954 = FACE_OUTER_BOUND ( 'NONE', #1838, .T. ) ;
#955 = ORIENTED_EDGE ( 'NONE', *, *, #604, .T. ) ;
#956 = DIRECTION ( 'NONE',  ( 0.000000000000000000, 0.000000000000000000, 1.000000000000000000 ) ) ;
#957 = EDGE_CURVE ( 'NONE', #3701, #971, #1797, .T. ) ;
#958 = AXIS2_PLACEMENT_3D ( 'NONE', #4152, #2571, #1372 ) ;
#959 = DIRECTION ( 'NONE',  ( -0.000000000000000000, 1.000000000000000000, -0.000000000000000000 ) ) ;
#960 = DIRECTION ( 'NONE',  ( 0.000000000000000000, 0.7071067811865466846, 0.7071067811865483499 ) ) ;
#961 = DIRECTION ( 'NONE',  ( 0.000000000000000000, 0.000000000000000000, 1.000000000000000000 ) ) ;
#962 = VERTEX_POINT ( 'NONE', #434 ) ;
#963 = CARTESIAN_POINT ( 'NONE',  ( 229.9750000000001364, 4.549999999999997158, -37.69999999999998153 ) ) ;
#964 = DIRECTION ( 'NONE',  ( 0.000000000000000000, 0.000000000000000000, 1.000000000000000000 ) ) ;
#965 = VERTEX_POINT ( 'NONE', #2463 ) ;
#966 = CARTESIAN_POINT ( 'NONE',  ( -4.474999999999888622, 0.000000000000000000, 61.55000000000001137 ) ) ;
#967 = ORIENTED_EDGE ( 'NONE', *, *, #3113, .F. ) ;
#968 = VERTEX_POINT ( 'NONE', #2439 ) ;
#969 = DIRECTION ( 'NONE',  ( 0.000000000000000000, 0.000000000000000000, 1.000000000000000000 ) ) ;
#970 = ORIENTED_EDGE ( 'NONE', *, *, #1417, .T. ) ;
#971 = VERTEX_POINT ( 'NONE', #3568 ) ;
#972 = FACE_OUTER_BOUND ( 'NONE', #1201, .T. ) ;
#973 = CARTESIAN_POINT ( 'NONE',  ( -215.3250000000000171, 6.000000000000000000, 17.90000000000001990 ) ) ;
#974 = DIRECTION ( 'NONE',  ( -0.000000000000000000, 1.000000000000000000, -0.000000000000000000 ) ) ;
#975 = FACE_BOUND ( 'NONE', #4353, .T. ) ;
#976 = EDGE_CURVE ( 'NONE', #428, #1747, #541, .T. ) ;
#977 = ORIENTED_EDGE ( 'NONE', *, *, #720, .T. ) ;
#978 = FACE_OUTER_BOUND ( 'NONE', #2413, .T. ) ;
#979 = DIRECTION ( 'NONE',  ( -0.000000000000000000, 1.000000000000000000, -0.000000000000000000 ) ) ;
#980 = AXIS2_PLACEMENT_3D ( 'NONE', #1157, #4714, #2361 ) ;
#981 = EDGE_CURVE ( 'NONE', #102, #656, #3971, .T. ) ;
#982 = CARTESIAN_POINT ( 'NONE',  ( 229.9750000000001364, 4.549999999999997158, 55.99999999999997158 ) ) ;
#983 = EDGE_CURVE ( 'NONE', #3203, #3853, #2003, .T. ) ;
#984 = CARTESIAN_POINT ( 'NONE',  ( -203.6750000000000114, 6.000000000000000000, -33.95000000000002416 ) ) ;
#985 = CIRCLE ( 'NONE', #3354, 1.700000000000007061 ) ;
#986 = ORIENTED_EDGE ( 'NONE', *, *, #2260, .T. ) ;
#987 = EDGE_CURVE ( 'NONE', #2590, #4713, #899, .T. ) ;
#988 = AXIS2_PLACEMENT_3D ( 'NONE', #1865, #4570, #225 ) ;
#989 = DIRECTION ( 'NONE',  ( 0.000000000000000000, 0.7071067811865466846, 0.7071067811865483499 ) ) ;
#990 = FACE_BOUND ( 'NONE', #1881, .T. ) ;
#991 = VERTEX_POINT ( 'NONE', #1236 ) ;
#992 = DIRECTION ( 'NONE',  ( -0.000000000000000000, 1.000000000000000000, -0.000000000000000000 ) ) ;
#993 = ORIENTED_EDGE ( 'NONE', *, *, #3110, .F. ) ;
#994 = VERTEX_POINT ( 'NONE', #3639 ) ;
#995 = CONICAL_SURFACE ( 'NONE', #4580, 3.150000000000013678, 0.7853981633974495002 ) ;
#996 = CARTESIAN_POINT ( 'NONE',  ( -203.6750000000000114, 0.000000000000000000, 29.10000000000002274 ) ) ;
#997 = ORIENTED_EDGE ( 'NONE', *, *, #2707, .F. ) ;
#998 = EDGE_LOOP ( 'NONE', ( #2606, #677, #4283, #3156 ) ) ;
#999 = ORIENTED_EDGE ( 'NONE', *, *, #629, .F. ) ;
#1000 = DIRECTION ( 'NONE',  ( -0.000000000000000000, 1.000000000000000000, -0.000000000000000000 ) ) ;
#1001 = LINE ( 'NONE', #4554, #3970 ) ;
#1002 = EDGE_LOOP ( 'NONE', ( #4852, #4431 ) ) ;
#1003 = CARTESIAN_POINT ( 'NONE',  ( -4.474999999999944578, 4.549999999999997158, -30.80000000000002203 ) ) ;
#1004 = LINE ( 'NONE', #3336, #1918 ) ;
#1005 = CIRCLE ( 'NONE', #4520, 3.150000000000013678 ) ;
#1006 = ADVANCED_FACE ( 'NONE', ( #2796 ), #1697, .F. ) ;
#1007 = CYLINDRICAL_SURFACE ( 'NONE', #958, 1.700000000000007061 ) ;
#1008 = DIRECTION ( 'NONE',  ( -0.000000000000000000, 1.000000000000000000, -0.000000000000000000 ) ) ;
#1009 = DIRECTION ( 'NONE',  ( 0.000000000000000000, 1.000000000000000000, 0.000000000000000000 ) ) ;
#1010 = AXIS2_PLACEMENT_3D ( 'NONE', #4390, #2503, #3691 ) ;
#1011 = CARTESIAN_POINT ( 'NONE',  ( -215.3250000000000171, 4.549999999999997158, -17.89999999999998437 ) ) ;
#1012 = FACE_OUTER_BOUND ( 'NONE', #3781, .T. ) ;
#1013 = ORIENTED_EDGE ( 'NONE', *, *, #2489, .T. ) ;
#1014 = ORIENTED_EDGE ( 'NONE', *, *, #3416, .T. ) ;
#1015 = LINE ( 'NONE', #2942, #4172 ) ;
#1016 = CIRCLE ( 'NONE', #4929, 3.149999999999993250 ) ;
#1017 = AXIS2_PLACEMENT_3D ( 'NONE', #719, #3458, #2690 ) ;
#1018 = AXIS2_PLACEMENT_3D ( 'NONE', #1277, #2840, #4399 ) ;
#1019 = AXIS2_PLACEMENT_3D ( 'NONE', #4251, #3083, #2674 ) ;
#1020 = ORIENTED_EDGE ( 'NONE', *, *, #3768, .T. ) ;
#1021 = CIRCLE ( 'NONE', #2415, 1.700000000000007061 ) ;
#1022 = EDGE_LOOP ( 'NONE', ( #4947, #3912 ) ) ;
#1023 = DIRECTION ( 'NONE',  ( -0.000000000000000000, 1.000000000000000000, -0.000000000000000000 ) ) ;
#1024 = DIRECTION ( 'NONE',  ( 0.000000000000000000, 0.000000000000000000, 1.000000000000000000 ) ) ;
#1025 = AXIS2_PLACEMENT_3D ( 'NONE', #2734, #4263, #3932 ) ;
#1026 = LINE ( 'NONE', #2184, #1770 ) ;
#1027 = ORIENTED_EDGE ( 'NONE', *, *, #3480, .T. ) ;
#1028 = DIRECTION ( 'NONE',  ( -0.000000000000000000, 1.000000000000000000, -0.000000000000000000 ) ) ;
#1029 = AXIS2_PLACEMENT_3D ( 'NONE', #4941, #674, #1829 ) ;
#1030 = CARTESIAN_POINT ( 'NONE',  ( 191.1750000000000398, 6.000000000000000000, -2.775557561562891351E-14 ) ) ;
#1031 = CARTESIAN_POINT ( 'NONE',  ( 239.4750000000000227, 6.000000000000000000, 59.00000000000002842 ) ) ;
#1032 = DIRECTION ( 'NONE',  ( 0.000000000000000000, 0.000000000000000000, 1.000000000000000000 ) ) ;
#1033 = CARTESIAN_POINT ( 'NONE',  ( -244.4750000000000512, 5.782148951442875884, 1.046949198784079549 ) ) ;
#1034 = CIRCLE ( 'NONE', #1855, 1.700000000000007061 ) ;
#1035 = EDGE_CURVE ( 'NONE', #4349, #2768, #484, .T. ) ;
#1036 = EDGE_LOOP ( 'NONE', ( #1093, #4828 ) ) ;
#1037 = ADVANCED_FACE ( 'NONE', ( #1744 ), #2093, .F. ) ;
#1038 = DIRECTION ( 'NONE',  ( 0.000000000000000000, 0.000000000000000000, 1.000000000000000000 ) ) ;
#1039 = DIRECTION ( 'NONE',  ( -0.000000000000000000, 1.000000000000000000, -0.000000000000000000 ) ) ;
#1040 = ORIENTED_EDGE ( 'NONE', *, *, #3612, .T. ) ;
#1041 = EDGE_CURVE ( 'NONE', #3245, #3121, #2916, .T. ) ;
#1042 = EDGE_LOOP ( 'NONE', ( #2161, #3090, #3023, #986 ) ) ;
#1043 = VERTEX_POINT ( 'NONE', #4461 ) ;
#1044 = CARTESIAN_POINT ( 'NONE',  ( 229.9750000000001364, 0.000000000000000000, 54.29999999999996874 ) ) ;
#1045 = EDGE_CURVE ( 'NONE', #1301, #3681, #1458, .T. ) ;
#1046 = VERTEX_POINT ( 'NONE', #4070 ) ;
#1047 = EDGE_CURVE ( 'NONE', #3907, #742, #2423, .T. ) ;
#1048 = DIRECTION ( 'NONE',  ( 0.000000000000000000, 0.7071067811865466846, 0.7071067811865483499 ) ) ;
#1049 = VERTEX_POINT ( 'NONE', #2949 ) ;
#1050 = CARTESIAN_POINT ( 'NONE',  ( -244.4749999999999943, 0.000000000000000000, 61.50000000000002842 ) ) ;
#1051 = DIRECTION ( 'NONE',  ( 0.000000000000000000, 0.000000000000000000, 1.000000000000000000 ) ) ;
#1052 = EDGE_CURVE ( 'NONE', #4402, #2058, #4297, .T. ) ;
#1053 = CARTESIAN_POINT ( 'NONE',  ( 202.8250000000000739, 6.000000000000000000, 14.59999999999998188 ) ) ;
#1054 = DIRECTION ( 'NONE',  ( -0.000000000000000000, 1.000000000000000000, -0.000000000000000000 ) ) ;
#1055 = EDGE_LOOP ( 'NONE', ( #4647, #730, #3869, #4849, #515, #3161 ) ) ;
#1056 = CARTESIAN_POINT ( 'NONE',  ( 202.8250000000000739, 6.000000000000000000, 48.69999999999998153 ) ) ;
#1057 = CARTESIAN_POINT ( 'NONE',  ( -244.4749999999999943, 6.000000000000000000, 61.50000000000002842 ) ) ;
#1058 = DIRECTION ( 'NONE',  ( 8.659560562354942719E-17, 0.7071067811865466846, -0.7071067811865483499 ) ) ;
#1059 = LINE ( 'NONE', #1489, #2234 ) ;
#1060 = AXIS2_PLACEMENT_3D ( 'NONE', #10, #1163, #1190 ) ;
#1061 = CARTESIAN_POINT ( 'NONE',  ( -241.7250000000000512, 6.000000000000000000, 48.70000000000003837 ) ) ;
#1062 = CONICAL_SURFACE ( 'NONE', #3842, 3.150000000000013678, 0.7853981633974495002 ) ;
#1063 = CARTESIAN_POINT ( 'NONE',  ( 165.5250000000000625, 6.000000000000000000, 30.79999999999996518 ) ) ;
#1064 = AXIS2_PLACEMENT_3D ( 'NONE', #611, #3373, #2180 ) ;
#1065 = VERTEX_POINT ( 'NONE', #4147 ) ;
#1066 = ORIENTED_EDGE ( 'NONE', *, *, #1784, .F. ) ;
#1067 = DIRECTION ( 'NONE',  ( 0.000000000000000000, 0.000000000000000000, 1.000000000000000000 ) ) ;
#1068 = CIRCLE ( 'NONE', #4501, 3.150000000000013678 ) ;
#1069 = EDGE_CURVE ( 'NONE', #2332, #5043, #1112, .T. ) ;
#1070 = EDGE_CURVE ( 'NONE', #4050, #3445, #3685, .T. ) ;
#1071 = CIRCLE ( 'NONE', #415, 1.700000000000007061 ) ;
#1072 = ORIENTED_EDGE ( 'NONE', *, *, #4348, .F. ) ;
#1073 = CARTESIAN_POINT ( 'NONE',  ( -174.4749999999999091, 6.000000000000000000, 56.70000000000002416 ) ) ;
#1074 = EDGE_LOOP ( 'NONE', ( #1891, #2844, #4754, #1020 ) ) ;
#1075 = CARTESIAN_POINT ( 'NONE',  ( -215.3250000000000171, 4.549999999999997158, 17.90000000000001990 ) ) ;
#1076 = CARTESIAN_POINT ( 'NONE',  ( 219.4749999999999943, 6.000000000000000000, -59.85000000000005826 ) ) ;
#1077 = ADVANCED_FACE ( 'NONE', ( #637 ), #174, .F. ) ;
#1078 = FACE_OUTER_BOUND ( 'NONE', #1617, .T. ) ;
#1079 = ORIENTED_EDGE ( 'NONE', *, *, #3298, .T. ) ;
#1080 = EDGE_LOOP ( 'NONE', ( #199, #2766 ) ) ;
#1081 = DIRECTION ( 'NONE',  ( 0.000000000000000000, 0.000000000000000000, 1.000000000000000000 ) ) ;
#1082 = CARTESIAN_POINT ( 'NONE',  ( -241.9749999999999943, 6.000000000000000000, 61.50000000000002842 ) ) ;
#1083 = FACE_OUTER_BOUND ( 'NONE', #3126, .T. ) ;
#1084 = CARTESIAN_POINT ( 'NONE',  ( 202.8250000000000739, 0.000000000000000000, 48.69999999999998153 ) ) ;
#1085 = CARTESIAN_POINT ( 'NONE',  ( 216.9750000000000227, 0.000000000000000000, 59.85000000000003695 ) ) ;
#1086 = CARTESIAN_POINT ( 'NONE',  ( -244.4749999999999943, 0.000000000000000000, 64.00000000000002842 ) ) ;
#1087 = DIRECTION ( 'NONE',  ( -0.000000000000000000, 1.000000000000000000, -0.000000000000000000 ) ) ;
#1088 = VERTEX_POINT ( 'NONE', #3304 ) ;
#1089 = ORIENTED_EDGE ( 'NONE', *, *, #1207, .F. ) ;
#1090 = DIRECTION ( 'NONE',  ( 0.000000000000000000, 0.000000000000000000, 1.000000000000000000 ) ) ;
#1091 = VERTEX_POINT ( 'NONE', #1367 ) ;
#1092 = DIRECTION ( 'NONE',  ( -0.000000000000000000, 1.000000000000000000, -0.000000000000000000 ) ) ;
#1093 = ORIENTED_EDGE ( 'NONE', *, *, #1734, .T. ) ;
#1094 = CARTESIAN_POINT ( 'NONE',  ( -241.7249999999999943, 6.000000000000000000, 3.149999999999986589 ) ) ;
#1095 = LINE ( 'NONE', #4243, #3276 ) ;
#1096 = AXIS2_PLACEMENT_3D ( 'NONE', #3050, #4602, #1897 ) ;
#1097 = AXIS2_PLACEMENT_3D ( 'NONE', #5036, #3107, #4331 ) ;
#1098 = EDGE_CURVE ( 'NONE', #1176, #1254, #3809, .T. ) ;
#1100 = CARTESIAN_POINT ( 'NONE',  ( 165.5250000000000625, 6.000000000000000000, -3.150000000000080735 ) ) ;
#1099 = CONICAL_SURFACE ( 'NONE', #4205, 3.150000000000013678, 0.7853981633974495002 ) ;
#1101 = VERTEX_POINT ( 'NONE', #3788 ) ;
#1102 = VERTEX_POINT ( 'NONE', #278 ) ;
#1103 = LINE ( 'NONE', #4225, #4606 ) ;
#1104 = ORIENTED_EDGE ( 'NONE', *, *, #4233, .F. ) ;
#1105 = CARTESIAN_POINT ( 'NONE',  ( -224.4749999999999659, 0.000000000000000000, 61.55000000000003979 ) ) ;
#1106 = ADVANCED_FACE ( 'NONE', ( #2928 ), #231, .F. ) ;
#1107 = DIRECTION ( 'NONE',  ( -0.000000000000000000, 1.000000000000000000, -0.000000000000000000 ) ) ;
#1108 = CIRCLE ( 'NONE', #3477, 1.700000000000007061 ) ;
#1109 = CARTESIAN_POINT ( 'NONE',  ( -244.4750000000000227, 5.640347563759723570, -0.5332600028383482904 ) ) ;
#1110 = CARTESIAN_POINT ( 'NONE',  ( 165.5250000000000625, 6.000000000000000000, 27.64999999999995239 ) ) ;
#1111 = ADVANCED_FACE ( 'NONE', ( #615 ), #4953, .F. ) ;
#1112 = CIRCLE ( 'NONE', #208, 1.700000000000000178 ) ;
#1113 = DIRECTION ( 'NONE',  ( -0.000000000000000000, 1.000000000000000000, -0.000000000000000000 ) ) ;
#1114 = AXIS2_PLACEMENT_3D ( 'NONE', #1779, #1375, #3776 ) ;
#1115 = DIRECTION ( 'NONE',  ( 0.000000000000000000, 1.000000000000000000, 0.000000000000000000 ) ) ;
#1116 = CYLINDRICAL_SURFACE ( 'NONE', #2893, 1.700000000000000178 ) ;
#1117 = ORIENTED_EDGE ( 'NONE', *, *, #3263, .F. ) ;
#1118 = ORIENTED_EDGE ( 'NONE', *, *, #3766, .F. ) ;
#1119 = CARTESIAN_POINT ( 'NONE',  ( -174.4749999999999659, 6.000000000000000000, 27.64999999999999503 ) ) ;
#1120 = EDGE_CURVE ( 'NONE', #2654, #4495, #2566, .T. ) ;
#1121 = ORIENTED_EDGE ( 'NONE', *, *, #1419, .T. ) ;
#1122 = DIRECTION ( 'NONE',  ( -0.000000000000000000, 1.000000000000000000, -0.000000000000000000 ) ) ;
#1123 = ORIENTED_EDGE ( 'NONE', *, *, #2730, .T. ) ;
#1124 = CARTESIAN_POINT ( 'NONE',  ( -203.6750000000000114, 4.549999999999997158, -29.10000000000000142 ) ) ;
#1125 = CYLINDRICAL_SURFACE ( 'NONE', #2833, 2.500000000000002220 ) ;
#1126 = VERTEX_POINT ( 'NONE', #1772 ) ;
#1127 = ORIENTED_EDGE ( 'NONE', *, *, #210, .T. ) ;
#1128 = DIRECTION ( 'NONE',  ( 0.000000000000000000, -1.000000000000000000, 0.000000000000000000 ) ) ;
#1129 = EDGE_CURVE ( 'NONE', #1178, #1519, #1605, .T. ) ;
#1130 = CARTESIAN_POINT ( 'NONE',  ( -241.7250000000000512, 6.000000000000000000, 51.85000000000005116 ) ) ;
#1131 = DIRECTION ( 'NONE',  ( 0.000000000000000000, 0.000000000000000000, 1.000000000000000000 ) ) ;
#1132 = EDGE_LOOP ( 'NONE', ( #351, #3522, #1496, #1858 ) ) ;
#1133 = CARTESIAN_POINT ( 'NONE',  ( -203.6750000000000114, 6.000000000000000000, -30.80000000000000782 ) ) ;
#1134 = EDGE_CURVE ( 'NONE', #2484, #2314, #1001, .T. ) ;
#1135 = CARTESIAN_POINT ( 'NONE',  ( 229.9750000000001364, 6.000000000000000000, -54.29999999999996874 ) ) ;
#1136 = EDGE_CURVE ( 'NONE', #1990, #4261, #1026, .T. ) ;
#1137 = CIRCLE ( 'NONE', #3502, 1.700000000000007061 ) ;
#1138 = EDGE_CURVE ( 'NONE', #2504, #3326, #3763, .T. ) ;
#1139 = FACE_OUTER_BOUND ( 'NONE', #1471, .T. ) ;
#1140 = VERTEX_POINT ( 'NONE', #307 ) ;
#1141 = ORIENTED_EDGE ( 'NONE', *, *, #2802, .F. ) ;
#1142 = EDGE_LOOP ( 'NONE', ( #753, #3938, #3818, #4795 ) ) ;
#1143 = DIRECTION ( 'NONE',  ( -0.000000000000000000, 1.000000000000000000, -0.000000000000000000 ) ) ;
#1144 = DIRECTION ( 'NONE',  ( 0.000000000000000000, 1.000000000000000000, 0.000000000000000000 ) ) ;
#1145 = CIRCLE ( 'NONE', #646, 1.700000000000007061 ) ;
#1146 = AXIS2_PLACEMENT_3D ( 'NONE', #4757, #4021, #2029 ) ;
#1147 = ORIENTED_EDGE ( 'NONE', *, *, #3635, .T. ) ;
#1148 = DIRECTION ( 'NONE',  ( 8.659560562354942719E-17, 0.7071067811865466846, -0.7071067811865483499 ) ) ;
#1149 = VERTEX_POINT ( 'NONE', #1508 ) ;
#1150 = LINE ( 'NONE', #1481, #3757 ) ;
#1151 = CIRCLE ( 'NONE', #4900, 1.700000000000007061 ) ;
#1152 = DIRECTION ( 'NONE',  ( -0.000000000000000000, 1.000000000000000000, -0.000000000000000000 ) ) ;
#1153 = ORIENTED_EDGE ( 'NONE', *, *, #1886, .T. ) ;
#1154 = ORIENTED_EDGE ( 'NONE', *, *, #3177, .T. ) ;
#1155 = CARTESIAN_POINT ( 'NONE',  ( 229.9750000000001364, 6.000000000000000000, -17.90000000000003055 ) ) ;
#1156 = VECTOR ( 'NONE', #1092, 1000.000000000000000 ) ;
#1157 = CARTESIAN_POINT ( 'NONE',  ( -244.4749999999999943, 6.000000000000000000, -63.99999999999997158 ) ) ;
#1158 = DIRECTION ( 'NONE',  ( 0.000000000000000000, 0.000000000000000000, 1.000000000000000000 ) ) ;
#1159 = ORIENTED_EDGE ( 'NONE', *, *, #1328, .T. ) ;
#1160 = DIRECTION ( 'NONE',  ( -0.000000000000000000, 1.000000000000000000, -0.000000000000000000 ) ) ;
#1161 = EDGE_CURVE ( 'NONE', #717, #3484, #4940, .T. ) ;
#1162 = DIRECTION ( 'NONE',  ( 0.000000000000000000, 0.000000000000000000, 1.000000000000000000 ) ) ;
#1163 = DIRECTION ( 'NONE',  ( -0.000000000000000000, 1.000000000000000000, -0.000000000000000000 ) ) ;
#1164 = FACE_OUTER_BOUND ( 'NONE', #474, .T. ) ;
#1165 = ORIENTED_EDGE ( 'NONE', *, *, #4539, .T. ) ;
#1166 = ORIENTED_EDGE ( 'NONE', *, *, #2644, .T. ) ;
#1167 = CARTESIAN_POINT ( 'NONE',  ( 244.4749999999999943, 6.000000000000000000, -61.49999999999997158 ) ) ;
#1168 = DIRECTION ( 'NONE',  ( -0.000000000000000000, 1.000000000000000000, -0.000000000000000000 ) ) ;
#1169 = AXIS2_PLACEMENT_3D ( 'NONE', #2601, #2236, #3827 ) ;
#1170 = ORIENTED_EDGE ( 'NONE', *, *, #2858, .T. ) ;
#1171 = DIRECTION ( 'NONE',  ( 0.000000000000000000, 0.000000000000000000, 1.000000000000000000 ) ) ;
#1172 = ORIENTED_EDGE ( 'NONE', *, *, #4674, .F. ) ;
#1173 = DIRECTION ( 'NONE',  ( -0.000000000000000000, 1.000000000000000000, -0.000000000000000000 ) ) ;
#1174 = VECTOR ( 'NONE', #1269, 1000.000000000000000 ) ;
#1175 = CIRCLE ( 'NONE', #1802, 1.700000000000007061 ) ;
#1176 = VERTEX_POINT ( 'NONE', #66 ) ;
#1177 = AXIS2_PLACEMENT_3D ( 'NONE', #1003, #3335, #1438 ) ;
#1178 = VERTEX_POINT ( 'NONE', #2431 ) ;
#1179 = DIRECTION ( 'NONE',  ( 0.000000000000000000, 0.7071067811865535679, 0.7071067811865415775 ) ) ;
#1180 = AXIS2_PLACEMENT_3D ( 'NONE', #463, #2521, #846 ) ;
#1181 = CIRCLE ( 'NONE', #2083, 1.700000000000007061 ) ;
#1182 = VECTOR ( 'NONE', #1598, 1000.000000000000000 ) ;
#1183 = CARTESIAN_POINT ( 'NONE',  ( -215.3250000000000171, 0.000000000000000000, 19.60000000000002629 ) ) ;
#1184 = CARTESIAN_POINT ( 'NONE',  ( -239.4750000000000227, 0.000000000000000000, -61.24999999999998579 ) ) ;
#1185 = ORIENTED_EDGE ( 'NONE', *, *, #3104, .F. ) ;
#1186 = VECTOR ( 'NONE', #1488, 1000.000000000000000 ) ;
#1187 = DIRECTION ( 'NONE',  ( -0.000000000000000000, 1.000000000000000000, -0.000000000000000000 ) ) ;
#1188 = CARTESIAN_POINT ( 'NONE',  ( -174.4749999999999091, 4.549999999999997158, 61.55000000000003979 ) ) ;
#1189 = AXIS2_PLACEMENT_3D ( 'NONE', #1221, #4573, #831 ) ;
#1190 = DIRECTION ( 'NONE',  ( 0.000000000000000000, 0.000000000000000000, 1.000000000000000000 ) ) ;
#1191 = CARTESIAN_POINT ( 'NONE',  ( -4.474999999999944578, 0.000000000000000000, -30.80000000000002203 ) ) ;
#1192 = ORIENTED_EDGE ( 'NONE', *, *, #720, .F. ) ;
#1193 = VECTOR ( 'NONE', #3454, 1000.000000000000000 ) ;
#1194 = ADVANCED_FACE ( 'NONE', ( #1867 ), #3075, .F. ) ;
#1195 = ORIENTED_EDGE ( 'NONE', *, *, #3178, .T. ) ;
#1196 = EDGE_CURVE ( 'NONE', #1792, #5049, #2687, .T. ) ;
#1197 = FACE_OUTER_BOUND ( 'NONE', #4619, .T. ) ;
#1198 = CONICAL_SURFACE ( 'NONE', #4467, 3.150000000000013678, 0.7853981633974495002 ) ;
#1199 = DIRECTION ( 'NONE',  ( -0.000000000000000000, 1.000000000000000000, -0.000000000000000000 ) ) ;
#1200 = EDGE_CURVE ( 'NONE', #580, #1613, #951, .T. ) ;
#1201 = EDGE_LOOP ( 'NONE', ( #3076, #681, #3225, #1859 ) ) ;
#1202 = FACE_BOUND ( 'NONE', #1080, .T. ) ;
#1203 = EDGE_LOOP ( 'NONE', ( #2052, #993, #4037, #1459 ) ) ;
#1204 = DIRECTION ( 'NONE',  ( -0.000000000000000000, 1.000000000000000000, -0.000000000000000000 ) ) ;
#1205 = CIRCLE ( 'NONE', #547, 1.700000000000007061 ) ;
#1206 = ADVANCED_FACE ( 'NONE', ( #1078 ), #1894, .F. ) ;
#1207 = EDGE_CURVE ( 'NONE', #2441, #3714, #4576, .T. ) ;
#1208 = EDGE_CURVE ( 'NONE', #2080, #1473, #3862, .T. ) ;
#1209 = ORIENTED_EDGE ( 'NONE', *, *, #5033, .F. ) ;
#1210 = ORIENTED_EDGE ( 'NONE', *, *, #4359, .T. ) ;
#1211 = CARTESIAN_POINT ( 'NONE',  ( 229.9750000000001364, 6.000000000000000000, -35.99999999999997868 ) ) ;
#1212 = FACE_OUTER_BOUND ( 'NONE', #3993, .T. ) ;
#1213 = DIRECTION ( 'NONE',  ( 0.000000000000000000, 0.000000000000000000, 1.000000000000000000 ) ) ;
#1214 = EDGE_LOOP ( 'NONE', ( #4212, #2924 ) ) ;
#1215 = DIRECTION ( 'NONE',  ( 0.000000000000000000, 0.000000000000000000, 1.000000000000000000 ) ) ;
#1216 = DIRECTION ( 'NONE',  ( 8.659560562354927928E-17, 0.7071067811865479058, -0.7071067811865471286 ) ) ;
#1217 = CARTESIAN_POINT ( 'NONE',  ( 165.5250000000000625, 0.000000000000000000, -29.10000000000003695 ) ) ;
#1218 = DIRECTION ( 'NONE',  ( -0.000000000000000000, 1.000000000000000000, -0.000000000000000000 ) ) ;
#1219 = ORIENTED_EDGE ( 'NONE', *, *, #875, .F. ) ;
#1220 = CARTESIAN_POINT ( 'NONE',  ( 165.5250000000000625, 4.549999999999997158, -30.80000000000004334 ) ) ;
#1221 = CARTESIAN_POINT ( 'NONE',  ( 165.5250000000000625, 6.000000000000000000, -30.80000000000004334 ) ) ;
#1222 = ORIENTED_EDGE ( 'NONE', *, *, #4140, .F. ) ;
#1223 = FACE_BOUND ( 'NONE', #1036, .T. ) ;
#1224 = ORIENTED_EDGE ( 'NONE', *, *, #1200, .T. ) ;
#1225 = DIRECTION ( 'NONE',  ( -0.000000000000000000, 1.000000000000000000, -0.000000000000000000 ) ) ;
#1226 = ADVANCED_FACE ( 'NONE', ( #2019 ), #1125, .T. ) ;
#1227 = VECTOR ( 'NONE', #512, 999.9999999999998863 ) ;
#1228 = EDGE_CURVE ( 'NONE', #5043, #4668, #1632, .T. ) ;
#1229 = VECTOR ( 'NONE', #1866, 1000.000000000000000 ) ;
#1230 = ORIENTED_EDGE ( 'NONE', *, *, #875, .T. ) ;
#1231 = VERTEX_POINT ( 'NONE', #452 ) ;
#1232 = DIRECTION ( 'NONE',  ( -0.000000000000000000, 1.000000000000000000, -0.000000000000000000 ) ) ;
#1233 = AXIS2_PLACEMENT_3D ( 'NONE', #4185, #3854, #2607 ) ;
#1234 = EDGE_CURVE ( 'NONE', #1575, #1974, #2665, .T. ) ;
#1235 = ORIENTED_EDGE ( 'NONE', *, *, #3444, .T. ) ;
#1236 = CARTESIAN_POINT ( 'NONE',  ( -224.4749999999999659, 6.000000000000000000, -63.00000000000001421 ) ) ;
#1237 = LINE ( 'NONE', #2056, #1267 ) ;
#1238 = CONICAL_SURFACE ( 'NONE', #4094, 3.150000000000013678, 0.7853981633974495002 ) ;
#1239 = VERTEX_POINT ( 'NONE', #4651 ) ;
#1240 = CARTESIAN_POINT ( 'NONE',  ( 165.5250000000000625, 4.549999999999997158, -32.50000000000004974 ) ) ;
#1241 = FACE_OUTER_BOUND ( 'NONE', #3911, .T. ) ;
#1242 = CARTESIAN_POINT ( 'NONE',  ( -174.4749999999999659, 6.000000000000000000, 33.95000000000002416 ) ) ;
#1243 = LINE ( 'NONE', #3873, #264 ) ;
#1244 = ORIENTED_EDGE ( 'NONE', *, *, #2736, .F. ) ;
#1245 = CARTESIAN_POINT ( 'NONE',  ( -241.7250000000000512, 4.549999999999997158, -48.70000000000008811 ) ) ;
#1246 = FACE_OUTER_BOUND ( 'NONE', #4384, .T. ) ;
#1247 = LINE ( 'NONE', #2811, #2182 ) ;
#1248 = ORIENTED_EDGE ( 'NONE', *, *, #4763, .T. ) ;
#1249 = DIRECTION ( 'NONE',  ( -0.000000000000000000, 1.000000000000000000, -0.000000000000000000 ) ) ;
#1250 = ORIENTED_EDGE ( 'NONE', *, *, #4812, .F. ) ;
#1251 = CARTESIAN_POINT ( 'NONE',  ( -174.4749999999999659, 6.000000000000000000, 30.80000000000000782 ) ) ;
#1252 = AXIS2_PLACEMENT_3D ( 'NONE', #4313, #3951, #2757 ) ;
#1253 = ORIENTED_EDGE ( 'NONE', *, *, #4162, .T. ) ;
#1254 = VERTEX_POINT ( 'NONE', #3046 ) ;
#1255 = CARTESIAN_POINT ( 'NONE',  ( -174.4749999999999659, 6.000000000000000000, -30.80000000000000071 ) ) ;
#1256 = EDGE_CURVE ( 'NONE', #299, #4525, #47, .T. ) ;
#1257 = EDGE_CURVE ( 'NONE', #1968, #2986, #619, .T. ) ;
#1258 = CARTESIAN_POINT ( 'NONE',  ( -4.474999999999944578, 4.549999999999997158, -1.700000000000045697 ) ) ;
#1259 = CARTESIAN_POINT ( 'NONE',  ( 165.5250000000000625, 0.000000000000000000, -58.15000000000006253 ) ) ;
#1260 = EDGE_LOOP ( 'NONE', ( #1700, #57 ) ) ;
#1261 = CARTESIAN_POINT ( 'NONE',  ( -4.474999999999944578, 6.000000000000000000, -30.80000000000002203 ) ) ;
#1262 = AXIS2_PLACEMENT_3D ( 'NONE', #3820, #1562, #743 ) ;
#1263 = CONICAL_SURFACE ( 'NONE', #2901, 3.149999999999993250, 0.7853981633974399523 ) ;
#1264 = LINE ( 'NONE', #153, #2835 ) ;
#1265 = EDGE_CURVE ( 'NONE', #4315, #1352, #3581, .T. ) ;
#1266 = CARTESIAN_POINT ( 'NONE',  ( -174.4749999999999659, 0.000000000000000000, 29.10000000000000142 ) ) ;
#1267 = VECTOR ( 'NONE', #150, 1000.000000000000000 ) ;
#1268 = EDGE_CURVE ( 'NONE', #1043, #3907, #1247, .T. ) ;
#1269 = DIRECTION ( 'NONE',  ( 0.000000000000000000, 0.7071067811865466846, 0.7071067811865483499 ) ) ;
#1270 = VERTEX_POINT ( 'NONE', #860 ) ;
#1271 = AXIS2_PLACEMENT_3D ( 'NONE', #3209, #1701, #2467 ) ;
#1272 = CYLINDRICAL_SURFACE ( 'NONE', #2137, 1.700000000000007061 ) ;
#1273 = DIRECTION ( 'NONE',  ( 0.000000000000000000, -1.000000000000000000, 0.000000000000000000 ) ) ;
#1274 = CIRCLE ( 'NONE', #4780, 2.500000000000002220 ) ;
#1275 = FACE_BOUND ( 'NONE', #1907, .T. ) ;
#1276 = ORIENTED_EDGE ( 'NONE', *, *, #2427, .T. ) ;
#1277 = CARTESIAN_POINT ( 'NONE',  ( -215.3250000000000171, 4.549999999999997158, -17.89999999999998437 ) ) ;
#1278 = AXIS2_PLACEMENT_3D ( 'NONE', #1522, #3087, #394 ) ;
#1279 = ORIENTED_EDGE ( 'NONE', *, *, #229, .F. ) ;
#1280 = CARTESIAN_POINT ( 'NONE',  ( -239.4749999999999943, 6.000000000000000000, 59.00000000000002842 ) ) ;
#1281 = AXIS2_PLACEMENT_3D ( 'NONE', #2500, #1653, #876 ) ;
#1282 = ORIENTED_EDGE ( 'NONE', *, *, #3613, .F. ) ;
#1283 = ORIENTED_EDGE ( 'NONE', *, *, #2225, .F. ) ;
#1284 = VECTOR ( 'NONE', #3743, 1000.000000000000000 ) ;
#1285 = CARTESIAN_POINT ( 'NONE',  ( -224.4749999999999659, 4.549999999999997158, 59.85000000000003695 ) ) ;
#1286 = DIRECTION ( 'NONE',  ( -0.000000000000000000, 1.000000000000000000, -0.000000000000000000 ) ) ;
#1287 = FACE_BOUND ( 'NONE', #2485, .T. ) ;
#1288 = ORIENTED_EDGE ( 'NONE', *, *, #3549, .F. ) ;
#1289 = DIRECTION ( 'NONE',  ( -0.000000000000000000, 1.000000000000000000, -0.000000000000000000 ) ) ;
#1290 = CARTESIAN_POINT ( 'NONE',  ( 219.4749999999999943, 6.000000000000000000, -59.85000000000005826 ) ) ;
#1291 = ADVANCED_FACE ( 'NONE', ( #2042, #4193, #3603, #690, #2251, #3816, #4981, #1483, #3653, #1349, #4439, #4773, #3250, #912, #2475, #4874, #1323, #3291, #574, #4033, #3218, #2838, #4848, #141, #1376, #2530, #2887, #553, #528, #3271, #1275, #937, #4397, #1687, #4419, #990, #2861 ), #4473, .T. ) ;
#1292 = CYLINDRICAL_SURFACE ( 'NONE', #3752, 1.700000000000007061 ) ;
#1293 = CARTESIAN_POINT ( 'NONE',  ( 165.5250000000001194, 6.000000000000000000, 63.00000000000000000 ) ) ;
#1294 = ORIENTED_EDGE ( 'NONE', *, *, #4915, .F. ) ;
#1295 = CIRCLE ( 'NONE', #881, 1.700000000000007061 ) ;
#1296 = LINE ( 'NONE', #4030, #2711 ) ;
#1297 = EDGE_CURVE ( 'NONE', #3235, #580, #4798, .T. ) ;
#1298 = CARTESIAN_POINT ( 'NONE',  ( -241.7250000000000512, 4.549999999999997158, -48.70000000000008811 ) ) ;
#1299 = ADVANCED_FACE ( 'NONE', ( #4493 ), #1664, .F. ) ;
#1300 = DIRECTION ( 'NONE',  ( 0.000000000000000000, 1.000000000000000000, 0.000000000000000000 ) ) ;
#1301 = VERTEX_POINT ( 'NONE', #884 ) ;
#1302 = DIRECTION ( 'NONE',  ( -0.000000000000000000, 1.000000000000000000, -0.000000000000000000 ) ) ;
#1303 = ORIENTED_EDGE ( 'NONE', *, *, #2429, .T. ) ;
#1304 = CARTESIAN_POINT ( 'NONE',  ( 216.9750000000000227, 0.000000000000000000, 58.15000000000002700 ) ) ;
#1305 = CONICAL_SURFACE ( 'NONE', #4160, 3.149999999999993250, 0.7853981633974399523 ) ;
#1306 = ORIENTED_EDGE ( 'NONE', *, *, #3014, .T. ) ;
#1307 = ORIENTED_EDGE ( 'NONE', *, *, #957, .T. ) ;
#1308 = CARTESIAN_POINT ( 'NONE',  ( -174.4749999999999659, 6.000000000000000000, 30.80000000000000782 ) ) ;
#1309 = CIRCLE ( 'NONE', #897, 1.700000000000007061 ) ;
#1310 = DIRECTION ( 'NONE',  ( -0.000000000000000000, 1.000000000000000000, -0.000000000000000000 ) ) ;
#1311 = CIRCLE ( 'NONE', #78, 1.700000000000007061 ) ;
#1312 = CARTESIAN_POINT ( 'NONE',  ( -203.6750000000000114, 6.000000000000000000, 30.80000000000002913 ) ) ;
#1313 = EDGE_LOOP ( 'NONE', ( #1477, #3430, #2194, #2722 ) ) ;
#1314 = DIRECTION ( 'NONE',  ( 0.000000000000000000, 1.000000000000000000, 0.000000000000000000 ) ) ;
#1315 = CIRCLE ( 'NONE', #2133, 1.700000000000007061 ) ;
#1316 = DIRECTION ( 'NONE',  ( 0.000000000000000000, 0.000000000000000000, 1.000000000000000000 ) ) ;
#1317 = AXIS2_PLACEMENT_3D ( 'NONE', #3830, #321, #1884 ) ;
#1318 = DIRECTION ( 'NONE',  ( -0.000000000000000000, 1.000000000000000000, -0.000000000000000000 ) ) ;
#1319 = DIRECTION ( 'NONE',  ( -0.000000000000000000, -1.000000000000000000, -0.000000000000000000 ) ) ;
#1320 = EDGE_LOOP ( 'NONE', ( #1209, #408 ) ) ;
#1321 = ADVANCED_FACE ( 'NONE', ( #2094 ), #676, .F. ) ;
#1322 = CARTESIAN_POINT ( 'NONE',  ( -174.4749999999999659, 0.000000000000000000, -2.775557561562891351E-14 ) ) ;
#1323 = FACE_BOUND ( 'NONE', #3272, .T. ) ;
#1324 = ORIENTED_EDGE ( 'NONE', *, *, #4763, .F. ) ;
#1325 = DIRECTION ( 'NONE',  ( 0.000000000000000000, 0.000000000000000000, 1.000000000000000000 ) ) ;
#1326 = ORIENTED_EDGE ( 'NONE', *, *, #154, .F. ) ;
#1327 = DIRECTION ( 'NONE',  ( -0.000000000000000000, 1.000000000000000000, -0.000000000000000000 ) ) ;
#1328 = EDGE_CURVE ( 'NONE', #3610, #3493, #4082, .T. ) ;
#1329 = EDGE_LOOP ( 'NONE', ( #3967, #522 ) ) ;
#1330 = ORIENTED_EDGE ( 'NONE', *, *, #2383, .T. ) ;
#1331 = ORIENTED_EDGE ( 'NONE', *, *, #4826, .T. ) ;
#1332 = CARTESIAN_POINT ( 'NONE',  ( -244.4749999999999943, 0.000000000000000000, -63.99999999999997158 ) ) ;
#1333 = FACE_OUTER_BOUND ( 'NONE', #2655, .T. ) ;
#1334 = VECTOR ( 'NONE', #2627, 1000.000000000000000 ) ;
#1335 = DIRECTION ( 'NONE',  ( 0.000000000000000000, 1.000000000000000000, 0.000000000000000000 ) ) ;
#1336 = ORIENTED_EDGE ( 'NONE', *, *, #3133, .T. ) ;
#1337 = CARTESIAN_POINT ( 'NONE',  ( 244.4749999999999943, 0.000000000000000000, 61.50000000000002842 ) ) ;
#1338 = LINE ( 'NONE', #3769, #4047 ) ;
#1339 = AXIS2_PLACEMENT_3D ( 'NONE', #2979, #4939, #3438 ) ;
#1340 = CARTESIAN_POINT ( 'NONE',  ( 239.4749999999999943, 6.000000000000000000, -59.00000000000002842 ) ) ;
#1341 = LINE ( 'NONE', #1293, #1174 ) ;
#1342 = ORIENTED_EDGE ( 'NONE', *, *, #3841, .F. ) ;
#1343 = VECTOR ( 'NONE', #1179, 999.9999999999998863 ) ;
#1344 = DIRECTION ( 'NONE',  ( 0.000000000000000000, 0.000000000000000000, 1.000000000000000000 ) ) ;
#1345 = AXIS2_PLACEMENT_3D ( 'NONE', #1312, #4382, #900 ) ;
#1346 = VECTOR ( 'NONE', #1000, 1000.000000000000000 ) ;
#1347 = AXIS2_PLACEMENT_3D ( 'NONE', #2800, #2108, #4354 ) ;
#1348 = EDGE_CURVE ( 'NONE', #4555, #2806, #348, .T. ) ;
#1349 = FACE_BOUND ( 'NONE', #1817, .T. ) ;
#1350 = ORIENTED_EDGE ( 'NONE', *, *, #661, .T. ) ;
#1351 = CARTESIAN_POINT ( 'NONE',  ( -174.4749999999999659, 6.000000000000000000, -2.775557561562891351E-14 ) ) ;
#1352 = VERTEX_POINT ( 'NONE', #596 ) ;
#1353 = VECTOR ( 'NONE', #1799, 1000.000000000000000 ) ;
#1354 = FACE_OUTER_BOUND ( 'NONE', #4875, .T. ) ;
#1355 = AXIS2_PLACEMENT_3D ( 'NONE', #1030, #2187, #3718 ) ;
#1356 = ADVANCED_FACE ( 'NONE', ( #3672 ), #2724, .F. ) ;
#1357 = AXIS2_PLACEMENT_3D ( 'NONE', #2317, #1144, #3880 ) ;
#1358 = ORIENTED_EDGE ( 'NONE', *, *, #722, .T. ) ;
#1359 = EDGE_LOOP ( 'NONE', ( #2452, #4768 ) ) ;
#1360 = ORIENTED_EDGE ( 'NONE', *, *, #1823, .T. ) ;
#1361 = DIRECTION ( 'NONE',  ( -0.000000000000000000, 1.000000000000000000, -0.000000000000000000 ) ) ;
#1362 = VECTOR ( 'NONE', #1815, 999.9999999999998863 ) ;
#1363 = EDGE_CURVE ( 'NONE', #3319, #834, #3214, .T. ) ;
#1364 = VECTOR ( 'NONE', #3163, 1000.000000000000000 ) ;
#1365 = EDGE_CURVE ( 'NONE', #1, #801, #3726, .T. ) ;
#1366 = EDGE_CURVE ( 'NONE', #1628, #2199, #3865, .T. ) ;
#1367 = CARTESIAN_POINT ( 'NONE',  ( -215.3250000000000171, 0.000000000000000000, -16.19999999999997797 ) ) ;
#1368 = FACE_BOUND ( 'NONE', #4949, .T. ) ;
#1369 = VERTEX_POINT ( 'NONE', #3804 ) ;
#1370 = CARTESIAN_POINT ( 'NONE',  ( 202.8250000000000739, 6.000000000000000000, 48.69999999999998153 ) ) ;
#1371 = DIRECTION ( 'NONE',  ( 0.000000000000000000, 0.000000000000000000, 1.000000000000000000 ) ) ;
#1372 = DIRECTION ( 'NONE',  ( 0.000000000000000000, 0.000000000000000000, 1.000000000000000000 ) ) ;
#1373 = CARTESIAN_POINT ( 'NONE',  ( 165.5250000000000625, 6.000000000000000000, -6.675504130139742361E-14 ) ) ;
#1374 = ORIENTED_EDGE ( 'NONE', *, *, #653, .F. ) ;
#1375 = DIRECTION ( 'NONE',  ( -0.000000000000000000, 1.000000000000000000, -0.000000000000000000 ) ) ;
#1376 = FACE_BOUND ( 'NONE', #423, .T. ) ;
#1377 = ORIENTED_EDGE ( 'NONE', *, *, #1052, .F. ) ;
#1378 = CARTESIAN_POINT ( 'NONE',  ( -239.4749999999999943, 0.000000000000000000, 59.00000000000002842 ) ) ;
#1379 = ORIENTED_EDGE ( 'NONE', *, *, #1129, .T. ) ;
#1380 = DIRECTION ( 'NONE',  ( -0.000000000000000000, 1.000000000000000000, -0.000000000000000000 ) ) ;
#1381 = VERTEX_POINT ( 'NONE', #318 ) ;
#1382 = ORIENTED_EDGE ( 'NONE', *, *, #133, .T. ) ;
#1383 = CARTESIAN_POINT ( 'NONE',  ( 219.4749999999999943, 6.000000000000000000, -30.80000000000002558 ) ) ;
#1384 = DIRECTION ( 'NONE',  ( 0.000000000000000000, 0.7071067811865466846, 0.7071067811865483499 ) ) ;
#1385 = ADVANCED_FACE ( 'NONE', ( #3341 ), #240, .F. ) ;
#1386 = DIRECTION ( 'NONE',  ( -0.000000000000000000, 1.000000000000000000, -0.000000000000000000 ) ) ;
#1387 = ORIENTED_EDGE ( 'NONE', *, *, #3014, .F. ) ;
#1388 = CARTESIAN_POINT ( 'NONE',  ( -224.4749999999999659, 4.549999999999997158, -61.55000000000003268 ) ) ;
#1389 =( NAMED_UNIT ( * ) PLANE_ANGLE_UNIT ( ) SI_UNIT ( $, .RADIAN. ) );
#1390 = VECTOR ( 'NONE', #2055, 1000.000000000000000 ) ;
#1391 = DIRECTION ( 'NONE',  ( 0.000000000000000000, 1.000000000000000000, 0.000000000000000000 ) ) ;
#1392 = CARTESIAN_POINT ( 'NONE',  ( 229.9750000000001364, 0.000000000000000000, 57.69999999999998153 ) ) ;
#1393 = CIRCLE ( 'NONE', #2207, 3.150000000000013678 ) ;
#1394 = CYLINDRICAL_SURFACE ( 'NONE', #2338, 1.700000000000007061 ) ;
#1395 = CIRCLE ( 'NONE', #2623, 1.700000000000007061 ) ;
#1396 = CARTESIAN_POINT ( 'NONE',  ( -241.7250000000000512, 6.000000000000000000, 48.70000000000003837 ) ) ;
#1397 = VERTEX_POINT ( 'NONE', #1421 ) ;
#1398 = EDGE_LOOP ( 'NONE', ( #3529, #4407, #4901, #2588 ) ) ;
#1399 = AXIS2_PLACEMENT_3D ( 'NONE', #2857, #3651, #1706 ) ;
#1400 = CARTESIAN_POINT ( 'NONE',  ( -241.9749999999999943, 6.000000000000000000, -63.99999999999997158 ) ) ;
#1401 = ORIENTED_EDGE ( 'NONE', *, *, #2476, .F. ) ;
#1402 = ORIENTED_EDGE ( 'NONE', *, *, #3038, .F. ) ;
#1403 = DIRECTION ( 'NONE',  ( -0.000000000000000000, 1.000000000000000000, -0.000000000000000000 ) ) ;
#1404 = DIRECTION ( 'NONE',  ( 0.000000000000000000, 0.7071067811865466846, 0.7071067811865483499 ) ) ;
#1405 = DIRECTION ( 'NONE',  ( -0.000000000000000000, 1.000000000000000000, -0.000000000000000000 ) ) ;
#1406 = ADVANCED_FACE ( 'NONE', ( #3034 ), #1116, .F. ) ;
#1407 = ADVANCED_FACE ( 'NONE', ( #3366 ), #263, .F. ) ;
#1408 = ORIENTED_EDGE ( 'NONE', *, *, #2576, .T. ) ;
#1409 = CARTESIAN_POINT ( 'NONE',  ( -244.4749999999999659, 5.600006489870385629, -48.96999226679586315 ) ) ;
#1410 =( NAMED_UNIT ( * ) SI_UNIT ( $, .STERADIAN. ) SOLID_ANGLE_UNIT ( ) );
#1411 = EDGE_CURVE ( 'NONE', #2608, #2479, #589, .T. ) ;
#1412 = CARTESIAN_POINT ( 'NONE',  ( -174.4749999999999659, 0.000000000000000000, -2.775557561562891351E-14 ) ) ;
#1413 = LINE ( 'NONE', #4938, #1186 ) ;
#1414 = DIRECTION ( 'NONE',  ( -0.000000000000000000, 1.000000000000000000, -0.000000000000000000 ) ) ;
#1415 = CIRCLE ( 'NONE', #1010, 1.700000000000007061 ) ;
#1417 = EDGE_CURVE ( 'NONE', #2897, #165, #1005, .T. ) ;
#1416 = AXIS2_PLACEMENT_3D ( 'NONE', #3745, #1009, #701 ) ;
#1418 = CARTESIAN_POINT ( 'NONE',  ( -241.7250000000000512, 4.549999999999997158, -50.40000000000009805 ) ) ;
#1419 = EDGE_CURVE ( 'NONE', #3681, #4391, #4587, .T. ) ;
#1420 = EDGE_CURVE ( 'NONE', #3204, #4194, #4279, .T. ) ;
#1421 = CARTESIAN_POINT ( 'NONE',  ( -4.474999999999944578, 4.549999999999997158, -29.10000000000002274 ) ) ;
#1422 = EDGE_LOOP ( 'NONE', ( #4476, #4479, #1589, #4295 ) ) ;
#1423 = ORIENTED_EDGE ( 'NONE', *, *, #3489, .F. ) ;
#1424 = CARTESIAN_POINT ( 'NONE',  ( 216.9750000000000227, 6.000000000000000000, 56.70000000000004547 ) ) ;
#1425 = AXIS2_PLACEMENT_3D ( 'NONE', #3663, #4022, #2464 ) ;
#1426 = AXIS2_PLACEMENT_3D ( 'NONE', #189, #992, #2864 ) ;
#1427 = AXIS2_PLACEMENT_3D ( 'NONE', #3798, #4127, #4513 ) ;
#1428 = ORIENTED_EDGE ( 'NONE', *, *, #2353, .T. ) ;
#1429 = AXIS2_PLACEMENT_3D ( 'NONE', #3238, #4792, #2908 ) ;
#1430 = EDGE_LOOP ( 'NONE', ( #2941, #2760, #1511, #2925 ) ) ;
#1431 = CARTESIAN_POINT ( 'NONE',  ( -4.474999999999944578, 0.000000000000000000, 1.699999999999950662 ) ) ;
#1432 = CARTESIAN_POINT ( 'NONE',  ( -4.474999999999944578, 4.549999999999997158, -30.80000000000002203 ) ) ;
#1433 = LINE ( 'NONE', #16, #1765 ) ;
#1434 = AXIS2_PLACEMENT_3D ( 'NONE', #3501, #3407, #1814 ) ;
#1435 = DIRECTION ( 'NONE',  ( 0.000000000000000000, 0.000000000000000000, 1.000000000000000000 ) ) ;
#1436 = AXIS2_PLACEMENT_3D ( 'NONE', #4532, #974, #2153 ) ;
#1437 = ORIENTED_EDGE ( 'NONE', *, *, #2328, .T. ) ;
#1438 = DIRECTION ( 'NONE',  ( 0.000000000000000000, 0.000000000000000000, 1.000000000000000000 ) ) ;
#1439 = VECTOR ( 'NONE', #3006, 1000.000000000000000 ) ;
#1440 = DIRECTION ( 'NONE',  ( 8.659560562354927928E-17, 0.7071067811865479058, -0.7071067811865471286 ) ) ;
#1441 = CARTESIAN_POINT ( 'NONE',  ( 239.4750000000000227, 6.000000000000000000, 59.00000000000002842 ) ) ;
#1442 = CARTESIAN_POINT ( 'NONE',  ( -4.474999999999944578, 6.000000000000000000, -32.50000000000002132 ) ) ;
#1443 = CARTESIAN_POINT ( 'NONE',  ( 165.5250000000000625, 6.000000000000000000, -59.85000000000007248 ) ) ;
#1444 = ADVANCED_FACE ( 'NONE', ( #1012 ), #4618, .F. ) ;
#1445 = DIRECTION ( 'NONE',  ( 0.000000000000000000, 0.000000000000000000, 1.000000000000000000 ) ) ;
#1446 = CYLINDRICAL_SURFACE ( 'NONE', #3049, 1.700000000000007061 ) ;
#1447 = ORIENTED_EDGE ( 'NONE', *, *, #286, .T. ) ;
#1448 = EDGE_LOOP ( 'NONE', ( #3829, #2073, #3834, #4548 ) ) ;
#1449 = DIRECTION ( 'NONE',  ( -0.000000000000000000, 1.000000000000000000, -0.000000000000000000 ) ) ;
#1450 = EDGE_CURVE ( 'NONE', #3790, #2986, #4917, .T. ) ;
#1451 = EDGE_CURVE ( 'NONE', #931, #3935, #179, .T. ) ;
#1452 = ORIENTED_EDGE ( 'NONE', *, *, #4762, .F. ) ;
#1453 = DIRECTION ( 'NONE',  ( 0.000000000000000000, 0.000000000000000000, 1.000000000000000000 ) ) ;
#1454 = ORIENTED_EDGE ( 'NONE', *, *, #756, .T. ) ;
#1455 = DIRECTION ( 'NONE',  ( 0.000000000000000000, 0.000000000000000000, 1.000000000000000000 ) ) ;
#1456 = CARTESIAN_POINT ( 'NONE',  ( -4.474999999999944578, 0.000000000000000000, -59.85000000000005116 ) ) ;
#1457 = CYLINDRICAL_SURFACE ( 'NONE', #1434, 1.700000000000007061 ) ;
#1458 = LINE ( 'NONE', #3711, #4623 ) ;
#1459 = ORIENTED_EDGE ( 'NONE', *, *, #5033, .T. ) ;
#1460 = EDGE_LOOP ( 'NONE', ( #3814, #2641, #4345, #1556 ) ) ;
#1461 = DIRECTION ( 'NONE',  ( 0.000000000000000000, 1.000000000000000000, 0.000000000000000000 ) ) ;
#1462 = ORIENTED_EDGE ( 'NONE', *, *, #3039, .F. ) ;
#1463 = CARTESIAN_POINT ( 'NONE',  ( 229.9750000000001364, 6.000000000000000000, 52.84999999999995879 ) ) ;
#1464 = LINE ( 'NONE', #642, #284 ) ;
#1465 = CARTESIAN_POINT ( 'NONE',  ( -244.4749999999999091, 5.640167089840764092, 0.5325763237485965362 ) ) ;
#1466 = CARTESIAN_POINT ( 'NONE',  ( -239.4749999999999943, 6.000000000000000000, 59.00000000000002842 ) ) ;
#1467 = CIRCLE ( 'NONE', #3352, 3.150000000000013678 ) ;
#1468 = CARTESIAN_POINT ( 'NONE',  ( -203.6750000000000114, 6.000000000000000000, 33.95000000000004547 ) ) ;
#1469 = AXIS2_PLACEMENT_3D ( 'NONE', #2455, #4372, #889 ) ;
#1470 = DIRECTION ( 'NONE',  ( -0.000000000000000000, 1.000000000000000000, -0.000000000000000000 ) ) ;
#1471 = EDGE_LOOP ( 'NONE', ( #3369, #4110, #357, #3838 ) ) ;
#1472 = EDGE_CURVE ( 'NONE', #1968, #3121, #2579, .T. ) ;
#1473 = VERTEX_POINT ( 'NONE', #4156 ) ;
#1474 = CARTESIAN_POINT ( 'NONE',  ( 229.9750000000001364, 6.000000000000000000, -55.99999999999997158 ) ) ;
#1475 = CIRCLE ( 'NONE', #3437, 3.150000000000013678 ) ;
#1476 = CIRCLE ( 'NONE', #1887, 1.700000000000007061 ) ;
#1477 = ORIENTED_EDGE ( 'NONE', *, *, #732, .F. ) ;
#1478 = CARTESIAN_POINT ( 'NONE',  ( -174.4749999999999659, 6.000000000000000000, -27.64999999999998792 ) ) ;
#1479 = VERTEX_POINT ( 'NONE', #1880 ) ;
#1480 = DIRECTION ( 'NONE',  ( -0.000000000000000000, 1.000000000000000000, -0.000000000000000000 ) ) ;
#1481 = CARTESIAN_POINT ( 'NONE',  ( -4.474999999999944578, 6.000000000000000000, -1.700000000000045253 ) ) ;
#1482 = EDGE_CURVE ( 'NONE', #1995, #1088, #4964, .T. ) ;
#1483 = FACE_BOUND ( 'NONE', #556, .T. ) ;
#1484 = ORIENTED_EDGE ( 'NONE', *, *, #4140, .T. ) ;
#1485 = ORIENTED_EDGE ( 'NONE', *, *, #1984, .F. ) ;
#1486 = CYLINDRICAL_SURFACE ( 'NONE', #1096, 1.700000000000007061 ) ;
#1487 = DIRECTION ( 'NONE',  ( -0.000000000000000000, 1.000000000000000000, -0.000000000000000000 ) ) ;
#1488 = DIRECTION ( 'NONE',  ( 8.659560562354942719E-17, 0.7071067811865466846, -0.7071067811865483499 ) ) ;
#1489 = CARTESIAN_POINT ( 'NONE',  ( 165.5250000000000625, 6.000000000000000000, -29.10000000000003695 ) ) ;
#1490 = CARTESIAN_POINT ( 'NONE',  ( -174.4749999999999659, 6.000000000000000000, -32.50000000000000711 ) ) ;
#1491 = AXIS2_PLACEMENT_3D ( 'NONE', #1573, #342, #3497 ) ;
#1492 = CARTESIAN_POINT ( 'NONE',  ( 165.5250000000000625, 6.000000000000000000, -30.80000000000004334 ) ) ;
#1493 = CARTESIAN_POINT ( 'NONE',  ( 229.9750000000001364, 0.000000000000000000, -55.99999999999997158 ) ) ;
#1494 = CARTESIAN_POINT ( 'NONE',  ( -174.4749999999999659, 6.000000000000000000, -56.70000000000001705 ) ) ;
#1495 = AXIS2_PLACEMENT_3D ( 'NONE', #879, #3980, #2062 ) ;
#1496 = ORIENTED_EDGE ( 'NONE', *, *, #230, .T. ) ;
#1497 = ORIENTED_EDGE ( 'NONE', *, *, #3229, .T. ) ;
#1498 = DIRECTION ( 'NONE',  ( -0.000000000000000000, 1.000000000000000000, -0.000000000000000000 ) ) ;
#1499 = EDGE_LOOP ( 'NONE', ( #4799, #176, #4426, #2843 ) ) ;
#1500 = CARTESIAN_POINT ( 'NONE',  ( -174.4749999999999659, 6.000000000000000000, -59.85000000000002984 ) ) ;
#1501 = ORIENTED_EDGE ( 'NONE', *, *, #2889, .T. ) ;
#1502 = DIRECTION ( 'NONE',  ( 0.000000000000000000, 0.000000000000000000, 1.000000000000000000 ) ) ;
#1503 = VECTOR ( 'NONE', #76, 1000.000000000000000 ) ;
#1504 = EDGE_CURVE ( 'NONE', #786, #4588, #4991, .T. ) ;
#1505 = CIRCLE ( 'NONE', #4371, 2.250000000000001776 ) ;
#1506 = VECTOR ( 'NONE', #979, 1000.000000000000000 ) ;
#1508 = CARTESIAN_POINT ( 'NONE',  ( 239.4750000000000227, 6.000000000000000000, 61.25000000000003553 ) ) ;
#1507 = CIRCLE ( 'NONE', #1835, 3.150000000000013678 ) ;
#1509 = CIRCLE ( 'NONE', #1271, 3.150000000000013678 ) ;
#1510 = ORIENTED_EDGE ( 'NONE', *, *, #2741, .T. ) ;
#1511 = ORIENTED_EDGE ( 'NONE', *, *, #4075, .T. ) ;
#1512 = DIRECTION ( 'NONE',  ( 0.000000000000000000, 0.000000000000000000, 1.000000000000000000 ) ) ;
#1513 = ADVANCED_FACE ( 'NONE', ( #4942 ), #1446, .F. ) ;
#1514 = ADVANCED_FACE ( 'NONE', ( #1985 ), #5042, .F. ) ;
#1515 = CIRCLE ( 'NONE', #3884, 3.150000000000013678 ) ;
#1516 = EDGE_CURVE ( 'NONE', #1149, #3775, #1989, .T. ) ;
#1517 = CARTESIAN_POINT ( 'NONE',  ( 202.8250000000000739, 4.549999999999997158, 46.99999999999997158 ) ) ;
#1518 = DIRECTION ( 'NONE',  ( 0.000000000000000000, 1.000000000000000000, 0.000000000000000000 ) ) ;
#1519 = VERTEX_POINT ( 'NONE', #1547 ) ;
#1520 = DIRECTION ( 'NONE',  ( 0.000000000000000000, 0.000000000000000000, 1.000000000000000000 ) ) ;
#1521 = VECTOR ( 'NONE', #3429, 1000.000000000000000 ) ;
#1522 = CARTESIAN_POINT ( 'NONE',  ( -174.4749999999999659, 6.000000000000000000, -30.80000000000000071 ) ) ;
#1523 = CONICAL_SURFACE ( 'NONE', #4709, 3.150000000000013678, 0.7853981633974495002 ) ;
#1524 = CARTESIAN_POINT ( 'NONE',  ( 241.9749999999999943, 6.000000000000000000, -63.99999999999997158 ) ) ;
#1525 = DIRECTION ( 'NONE',  ( 0.000000000000000000, 0.000000000000000000, 1.000000000000000000 ) ) ;
#1526 = VERTEX_POINT ( 'NONE', #3136 ) ;
#1527 = VECTOR ( 'NONE', #4250, 999.9999999999998863 ) ;
#1528 = ORIENTED_EDGE ( 'NONE', *, *, #1978, .F. ) ;
#1529 = ORIENTED_EDGE ( 'NONE', *, *, #222, .F. ) ;
#1530 = FACE_OUTER_BOUND ( 'NONE', #4342, .T. ) ;
#1531 = ORIENTED_EDGE ( 'NONE', *, *, #4192, .F. ) ;
#1532 = DIRECTION ( 'NONE',  ( 0.000000000000000000, 0.000000000000000000, 1.000000000000000000 ) ) ;
#1533 = ORIENTED_EDGE ( 'NONE', *, *, #71, .F. ) ;
#1534 = CARTESIAN_POINT ( 'NONE',  ( -241.7250000000000512, 6.000000000000000000, 50.40000000000004121 ) ) ;
#1535 = DIRECTION ( 'NONE',  ( 0.000000000000000000, 0.7071067811865466846, 0.7071067811865483499 ) ) ;
#1536 = EDGE_LOOP ( 'NONE', ( #4569, #4503, #822, #1584 ) ) ;
#1537 = ORIENTED_EDGE ( 'NONE', *, *, #4979, .F. ) ;
#1538 = CIRCLE ( 'NONE', #1060, 3.150000000000013678 ) ;
#1539 = CYLINDRICAL_SURFACE ( 'NONE', #4688, 1.700000000000007061 ) ;
#1540 = EDGE_CURVE ( 'NONE', #2471, #3683, #2397, .T. ) ;
#1541 = CARTESIAN_POINT ( 'NONE',  ( 191.1750000000000398, 6.000000000000000000, -3.150000000000013678 ) ) ;
#1542 = LINE ( 'NONE', #2386, #934 ) ;
#1543 = ORIENTED_EDGE ( 'NONE', *, *, #3552, .F. ) ;
#1544 = DIRECTION ( 'NONE',  ( 8.659560562354942719E-17, 0.7071067811865466846, -0.7071067811865483499 ) ) ;
#1545 = DIRECTION ( 'NONE',  ( 0.000000000000000000, 0.000000000000000000, 1.000000000000000000 ) ) ;
#1546 = AXIS2_PLACEMENT_3D ( 'NONE', #4815, #2035, #1703 ) ;
#1547 = CARTESIAN_POINT ( 'NONE',  ( 191.1750000000000398, 4.549999999999997158, 61.55000000000003979 ) ) ;
#1548 = ORIENTED_EDGE ( 'NONE', *, *, #382, .T. ) ;
#1549 = EDGE_LOOP ( 'NONE', ( #4954, #2605 ) ) ;
#1550 = CARTESIAN_POINT ( 'NONE',  ( -241.7250000000000512, 6.000000000000000000, -48.70000000000008811 ) ) ;
#1551 = CARTESIAN_POINT ( 'NONE',  ( -4.474999999999944578, 6.000000000000000000, 33.94999999999998863 ) ) ;
#1552 = AXIS2_PLACEMENT_3D ( 'NONE', #3254, #1971, #3936 ) ;
#1553 = CONICAL_SURFACE ( 'NONE', #4494, 3.149999999999999911, 0.7853981633974477239 ) ;
#1554 = ORIENTED_EDGE ( 'NONE', *, *, #1041, .F. ) ;
#1555 = LINE ( 'NONE', #3812, #1156 ) ;
#1556 = ORIENTED_EDGE ( 'NONE', *, *, #1234, .F. ) ;
#1557 = CONICAL_SURFACE ( 'NONE', #4656, 3.150000000000013678, 0.7853981633974495002 ) ;
#1558 = FACE_OUTER_BOUND ( 'NONE', #1711, .T. ) ;
#1559 = AXIS2_PLACEMENT_3D ( 'NONE', #1961, #3599, #88 ) ;
#1560 = ORIENTED_EDGE ( 'NONE', *, *, #3991, .T. ) ;
#1561 = EDGE_LOOP ( 'NONE', ( #4292, #2818 ) ) ;
#1562 = DIRECTION ( 'NONE',  ( -0.000000000000000000, 1.000000000000000000, -0.000000000000000000 ) ) ;
#1563 = VECTOR ( 'NONE', #1863, 1000.000000000000000 ) ;
#1564 = EDGE_CURVE ( 'NONE', #98, #4107, #837, .T. ) ;
#1565 = CARTESIAN_POINT ( 'NONE',  ( 219.4749999999999943, 6.000000000000000000, -30.80000000000002558 ) ) ;
#1566 = EDGE_CURVE ( 'NONE', #3448, #4042, #3189, .T. ) ;
#1567 = CARTESIAN_POINT ( 'NONE',  ( -4.474999999999944578, 6.000000000000000000, 30.79999999999998650 ) ) ;
#1568 = ORIENTED_EDGE ( 'NONE', *, *, #4357, .F. ) ;
#1569 = DIRECTION ( 'NONE',  ( -0.000000000000000000, 1.000000000000000000, -0.000000000000000000 ) ) ;
#1570 = CARTESIAN_POINT ( 'NONE',  ( 165.5250000000000625, 6.000000000000000000, 3.149999999999947065 ) ) ;
#1571 = ADVANCED_FACE ( 'NONE', ( #1139 ), #4597, .F. ) ;
#1572 = CARTESIAN_POINT ( 'NONE',  ( -241.7250000000000512, 0.000000000000000000, -48.70000000000008811 ) ) ;
#1573 = CARTESIAN_POINT ( 'NONE',  ( 202.8250000000000739, 6.000000000000000000, 12.89999999999997371 ) ) ;
#1574 = ORIENTED_EDGE ( 'NONE', *, *, #1677, .T. ) ;
#1575 = VERTEX_POINT ( 'NONE', #4259 ) ;
#1576 = DIRECTION ( 'NONE',  ( 0.000000000000000000, 0.000000000000000000, 1.000000000000000000 ) ) ;
#1577 = ADVANCED_FACE ( 'NONE', ( #5016 ), #4271, .F. ) ;
#1578 = EDGE_CURVE ( 'NONE', #1896, #1088, #4029, .T. ) ;
#1579 = LINE ( 'NONE', #4701, #2011 ) ;
#1580 = EDGE_CURVE ( 'NONE', #1254, #1176, #4681, .T. ) ;
#1581 = AXIS2_PLACEMENT_3D ( 'NONE', #4335, #2368, #2701 ) ;
#1582 = ORIENTED_EDGE ( 'NONE', *, *, #138, .F. ) ;
#1583 = CARTESIAN_POINT ( 'NONE',  ( 229.9750000000001364, 4.549999999999997158, -35.99999999999997868 ) ) ;
#1584 = ORIENTED_EDGE ( 'NONE', *, *, #3239, .T. ) ;
#1585 = CARTESIAN_POINT ( 'NONE',  ( 219.4749999999999943, 0.000000000000000000, -59.85000000000005826 ) ) ;
#1586 = AXIS2_PLACEMENT_3D ( 'NONE', #673, #3364, #5009 ) ;
#1587 = ORIENTED_EDGE ( 'NONE', *, *, #1578, .F. ) ;
#1588 = VECTOR ( 'NONE', #896, 1000.000000000000000 ) ;
#1589 = ORIENTED_EDGE ( 'NONE', *, *, #252, .T. ) ;
#1590 = AXIS2_PLACEMENT_3D ( 'NONE', #3085, #4717, #4638 ) ;
#1591 = CARTESIAN_POINT ( 'NONE',  ( -203.6750000000000114, 6.000000000000000000, 29.10000000000002274 ) ) ;
#1592 = AXIS2_PLACEMENT_3D ( 'NONE', #2612, #1361, #3280 ) ;
#1593 = CIRCLE ( 'NONE', #3561, 3.150000000000013678 ) ;
#1594 = DIRECTION ( 'NONE',  ( 0.000000000000000000, 0.000000000000000000, 1.000000000000000000 ) ) ;
#1595 = CARTESIAN_POINT ( 'NONE',  ( 165.5250000000000625, 6.000000000000000000, -59.85000000000007248 ) ) ;
#1596 = ORIENTED_EDGE ( 'NONE', *, *, #4017, .T. ) ;
#1597 = AXIS2_PLACEMENT_3D ( 'NONE', #1567, #1107, #4610 ) ;
#1598 = DIRECTION ( 'NONE',  ( 8.659560562354942719E-17, 0.7071067811865466846, -0.7071067811865483499 ) ) ;
#1599 = VECTOR ( 'NONE', #1216, 1000.000000000000000 ) ;
#1600 = DIRECTION ( 'NONE',  ( -0.000000000000000000, 1.000000000000000000, -0.000000000000000000 ) ) ;
#1601 = CIRCLE ( 'NONE', #4376, 3.149999999999999911 ) ;
#1602 = DIRECTION ( 'NONE',  ( -0.000000000000000000, 1.000000000000000000, -0.000000000000000000 ) ) ;
#1603 = DIRECTION ( 'NONE',  ( 0.000000000000000000, 1.000000000000000000, 0.000000000000000000 ) ) ;
#1604 = ORIENTED_EDGE ( 'NONE', *, *, #3768, .F. ) ;
#1605 = CIRCLE ( 'NONE', #291, 1.700000000000007061 ) ;
#1606 = EDGE_CURVE ( 'NONE', #4525, #2610, #1243, .T. ) ;
#1607 = DIRECTION ( 'NONE',  ( -0.000000000000000000, 1.000000000000000000, -0.000000000000000000 ) ) ;
#1608 = ADVANCED_FACE ( 'NONE', ( #61 ), #3297, .F. ) ;
#1609 = CONICAL_SURFACE ( 'NONE', #4216, 3.150000000000007017, 0.7853981633974495002 ) ;
#1610 = CARTESIAN_POINT ( 'NONE',  ( -174.4749999999999659, 6.000000000000000000, -59.85000000000002984 ) ) ;
#1611 = ORIENTED_EDGE ( 'NONE', *, *, #734, .F. ) ;
#1612 = FACE_BOUND ( 'NONE', #364, .T. ) ;
#1613 = VERTEX_POINT ( 'NONE', #3850 ) ;
#1614 = DIRECTION ( 'NONE',  ( -0.000000000000000000, 1.000000000000000000, -0.000000000000000000 ) ) ;
#1615 = ADVANCED_FACE ( 'NONE', ( #1164 ), #3457, .F. ) ;
#1616 = AXIS2_PLACEMENT_3D ( 'NONE', #878, #852, #3648 ) ;
#1617 = EDGE_LOOP ( 'NONE', ( #3687, #3565, #4165, #3592 ) ) ;
#1618 = ORIENTED_EDGE ( 'NONE', *, *, #4915, .T. ) ;
#1619 = ORIENTED_EDGE ( 'NONE', *, *, #2667, .T. ) ;
#1620 = CYLINDRICAL_SURFACE ( 'NONE', #443, 1.700000000000007061 ) ;
#1621 = CARTESIAN_POINT ( 'NONE',  ( 165.5250000000000625, 6.000000000000000000, 30.79999999999996518 ) ) ;
#1622 = CARTESIAN_POINT ( 'NONE',  ( -4.474999999999944578, 4.549999999999997158, -59.85000000000005116 ) ) ;
#1623 = ORIENTED_EDGE ( 'NONE', *, *, #1943, .T. ) ;
#1624 = LINE ( 'NONE', #4464, #2410 ) ;
#1625 = CARTESIAN_POINT ( 'NONE',  ( -174.4749999999999659, 0.000000000000000000, -30.80000000000000071 ) ) ;
#1626 = LINE ( 'NONE', #106, #2450 ) ;
#1627 = DIRECTION ( 'NONE',  ( 0.000000000000000000, 0.000000000000000000, 1.000000000000000000 ) ) ;
#1628 = VERTEX_POINT ( 'NONE', #2392 ) ;
#1629 = CARTESIAN_POINT ( 'NONE',  ( -4.474999999999888622, 6.000000000000000000, 59.85000000000001563 ) ) ;
#1630 = LINE ( 'NONE', #3983, #455 ) ;
#1631 = EDGE_CURVE ( 'NONE', #1102, #3706, #2807, .T. ) ;
#1632 = LINE ( 'NONE', #5028, #2015 ) ;
#1633 = EDGE_CURVE ( 'NONE', #4050, #3508, #4032, .T. ) ;
#1634 = ORIENTED_EDGE ( 'NONE', *, *, #2009, .T. ) ;
#1635 = LINE ( 'NONE', #2375, #5010 ) ;
#1636 = ORIENTED_EDGE ( 'NONE', *, *, #2584, .T. ) ;
#1637 = DIRECTION ( 'NONE',  ( 0.000000000000000000, 1.000000000000000000, 0.000000000000000000 ) ) ;
#1638 = AXIS2_PLACEMENT_3D ( 'NONE', #3535, #26, #3158 ) ;
#1639 = AXIS2_PLACEMENT_3D ( 'NONE', #3506, #2715, #738 ) ;
#1640 = ORIENTED_EDGE ( 'NONE', *, *, #2135, .T. ) ;
#1641 = CIRCLE ( 'NONE', #2290, 1.700000000000007061 ) ;
#1642 = ORIENTED_EDGE ( 'NONE', *, *, #4821, .F. ) ;
#1643 = ORIENTED_EDGE ( 'NONE', *, *, #1136, .T. ) ;
#1644 = DIRECTION ( 'NONE',  ( -0.000000000000000000, 1.000000000000000000, -0.000000000000000000 ) ) ;
#1645 = ADVANCED_FACE ( 'NONE', ( #2805 ), #593, .F. ) ;
#1646 = AXIS2_PLACEMENT_3D ( 'NONE', #3732, #943, #4111 ) ;
#1647 = EDGE_CURVE ( 'NONE', #2275, #2718, #3705, .T. ) ;
#1648 = CARTESIAN_POINT ( 'NONE',  ( -241.9749999999999943, 0.000000000000000000, 64.00000000000002842 ) ) ;
#1649 = FACE_BOUND ( 'NONE', #3295, .T. ) ;
#1650 = CIRCLE ( 'NONE', #247, 1.700000000000007061 ) ;
#1651 = VERTEX_POINT ( 'NONE', #3899 ) ;
#1652 = CYLINDRICAL_SURFACE ( 'NONE', #4779, 1.699999999999997957 ) ;
#1653 = DIRECTION ( 'NONE',  ( -0.000000000000000000, 1.000000000000000000, -0.000000000000000000 ) ) ;
#1654 = CARTESIAN_POINT ( 'NONE',  ( -224.4749999999999659, 6.000000000000000000, 58.15000000000002700 ) ) ;
#1655 = DIRECTION ( 'NONE',  ( 0.000000000000000000, 0.000000000000000000, 1.000000000000000000 ) ) ;
#1656 = ORIENTED_EDGE ( 'NONE', *, *, #1047, .F. ) ;
#1657 = CARTESIAN_POINT ( 'NONE',  ( -174.4749999999999659, 4.549999999999997158, 30.80000000000000782 ) ) ;
#1658 = CARTESIAN_POINT ( 'NONE',  ( -241.7250000000000512, 6.000000000000000000, 48.70000000000003837 ) ) ;
#1659 = CARTESIAN_POINT ( 'NONE',  ( -4.474999999999944578, 0.000000000000000000, 30.79999999999998650 ) ) ;
#1660 = ORIENTED_EDGE ( 'NONE', *, *, #1035, .T. ) ;
#1661 = DIRECTION ( 'NONE',  ( 0.000000000000000000, 0.000000000000000000, 1.000000000000000000 ) ) ;
#1662 = ORIENTED_EDGE ( 'NONE', *, *, #1953, .F. ) ;
#1663 = DIRECTION ( 'NONE',  ( 0.000000000000000000, 0.000000000000000000, 1.000000000000000000 ) ) ;
#1664 = CONICAL_SURFACE ( 'NONE', #2308, 3.150000000000013678, 0.7853981633974495002 ) ;
#1665 = ORIENTED_EDGE ( 'NONE', *, *, #3793, .F. ) ;
#1666 = ORIENTED_EDGE ( 'NONE', *, *, #228, .T. ) ;
#1667 = AXIS2_PLACEMENT_3D ( 'NONE', #4794, #4871, #181 ) ;
#1668 = DIRECTION ( 'NONE',  ( 0.000000000000000000, 0.000000000000000000, 1.000000000000000000 ) ) ;
#1669 = ADVANCED_FACE ( 'NONE', ( #1958 ), #3520, .F. ) ;
#1670 = CARTESIAN_POINT ( 'NONE',  ( -203.6750000000000114, 6.000000000000000000, -30.80000000000000782 ) ) ;
#1671 = ADVANCED_FACE ( 'NONE', ( #136 ), #3596, .F. ) ;
#1672 = FACE_OUTER_BOUND ( 'NONE', #766, .T. ) ;
#1673 = ORIENTED_EDGE ( 'NONE', *, *, #4517, .F. ) ;
#1674 = DIRECTION ( 'NONE',  ( 0.000000000000000000, 0.000000000000000000, 1.000000000000000000 ) ) ;
#1675 = ADVANCED_FACE ( 'NONE', ( #3244 ), #2728, .F. ) ;
#1676 = AXIS2_PLACEMENT_3D ( 'NONE', #745, #4308, #1213 ) ;
#1677 = EDGE_CURVE ( 'NONE', #4661, #4872, #1415, .T. ) ;
#1678 = CONICAL_SURFACE ( 'NONE', #273, 3.150000000000013678, 0.7853981633974495002 ) ;
#1679 = CIRCLE ( 'NONE', #1754, 2.250000000000001776 ) ;
#1680 = DIRECTION ( 'NONE',  ( 0.000000000000000000, 0.000000000000000000, 1.000000000000000000 ) ) ;
#1681 = CARTESIAN_POINT ( 'NONE',  ( 191.1750000000000398, 6.000000000000000000, -1.700000000000034817 ) ) ;
#1682 = VECTOR ( 'NONE', #2622, 1000.000000000000000 ) ;
#1683 = DIRECTION ( 'NONE',  ( -0.000000000000000000, 1.000000000000000000, -0.000000000000000000 ) ) ;
#1684 = ORIENTED_EDGE ( 'NONE', *, *, #1136, .F. ) ;
#1685 = DIRECTION ( 'NONE',  ( -0.000000000000000000, 1.000000000000000000, -0.000000000000000000 ) ) ;
#1686 = DIRECTION ( 'NONE',  ( -0.000000000000000000, 1.000000000000000000, -0.000000000000000000 ) ) ;
#1687 = FACE_BOUND ( 'NONE', #332, .T. ) ;
#1688 = EDGE_LOOP ( 'NONE', ( #3992, #2063, #3988, #4886 ) ) ;
#1689 = DIRECTION ( 'NONE',  ( 0.000000000000000000, 0.000000000000000000, 1.000000000000000000 ) ) ;
#1690 = AXIS2_PLACEMENT_3D ( 'NONE', #4916, #4963, #2937 ) ;
#1691 = VERTEX_POINT ( 'NONE', #1751 ) ;
#1692 = DIRECTION ( 'NONE',  ( -0.000000000000000000, 1.000000000000000000, -0.000000000000000000 ) ) ;
#1693 = ORIENTED_EDGE ( 'NONE', *, *, #1826, .T. ) ;
#1694 = ORIENTED_EDGE ( 'NONE', *, *, #4200, .T. ) ;
#1695 = VECTOR ( 'NONE', #4512, 1000.000000000000000 ) ;
#1696 = CARTESIAN_POINT ( 'NONE',  ( 191.1750000000000398, 6.000000000000000000, 58.15000000000002700 ) ) ;
#1697 = CYLINDRICAL_SURFACE ( 'NONE', #2457, 1.700000000000007061 ) ;
#1698 = EDGE_CURVE ( 'NONE', #2479, #2608, #3459, .T. ) ;
#1699 = CARTESIAN_POINT ( 'NONE',  ( 219.4749999999999943, 6.000000000000000000, -29.10000000000001918 ) ) ;
#1700 = ORIENTED_EDGE ( 'NONE', *, *, #4786, .F. ) ;
#1701 = DIRECTION ( 'NONE',  ( -0.000000000000000000, 1.000000000000000000, -0.000000000000000000 ) ) ;
#1702 = DIRECTION ( 'NONE',  ( -0.000000000000000000, 1.000000000000000000, -0.000000000000000000 ) ) ;
#1703 = DIRECTION ( 'NONE',  ( 0.000000000000000000, 0.000000000000000000, 1.000000000000000000 ) ) ;
#1704 = DIRECTION ( 'NONE',  ( -0.000000000000000000, 1.000000000000000000, -0.000000000000000000 ) ) ;
#1705 = ORIENTED_EDGE ( 'NONE', *, *, #3004, .T. ) ;
#1706 = DIRECTION ( 'NONE',  ( 0.000000000000000000, 0.000000000000000000, 1.000000000000000000 ) ) ;
#1707 = DIRECTION ( 'NONE',  ( -0.000000000000000000, 1.000000000000000000, -0.000000000000000000 ) ) ;
#1708 = CARTESIAN_POINT ( 'NONE',  ( -4.474999999999944578, 4.549999999999997158, 30.79999999999998650 ) ) ;
#1709 = EDGE_LOOP ( 'NONE', ( #142, #4061, #4451, #970 ) ) ;
#1710 = CYLINDRICAL_SURFACE ( 'NONE', #3226, 2.500000000000002220 ) ;
#1711 = EDGE_LOOP ( 'NONE', ( #1185, #4527, #3185, #3402 ) ) ;
#1712 = DIRECTION ( 'NONE',  ( 0.000000000000000000, 0.000000000000000000, 1.000000000000000000 ) ) ;
#1713 =( GEOMETRIC_REPRESENTATION_CONTEXT ( 3 ) GLOBAL_UNCERTAINTY_ASSIGNED_CONTEXT ( ( #4301 ) ) GLOBAL_UNIT_ASSIGNED_CONTEXT ( ( #3544, #1983, #1956 ) ) REPRESENTATION_CONTEXT ( 'NONE', 'WORKASPACE' ) );
#1714 = VERTEX_POINT ( 'NONE', #468 ) ;
#1715 = ORIENTED_EDGE ( 'NONE', *, *, #3243, .F. ) ;
#1716 = DIRECTION ( 'NONE',  ( 0.000000000000000000, 0.000000000000000000, 1.000000000000000000 ) ) ;
#1717 = AXIS2_PLACEMENT_3D ( 'NONE', #1456, #3018, #3071 ) ;
#1718 = FACE_OUTER_BOUND ( 'NONE', #3582, .T. ) ;
#1719 = DIRECTION ( 'NONE',  ( -0.000000000000000000, 1.000000000000000000, -0.000000000000000000 ) ) ;
#1720 = VERTEX_POINT ( 'NONE', #3620 ) ;
#1721 = CARTESIAN_POINT ( 'NONE',  ( 202.8250000000000739, 4.549999999999997158, 48.69999999999998153 ) ) ;
#1722 = AXIS2_PLACEMENT_3D ( 'NONE', #3657, #145, #1712 ) ;
#1723 = ADVANCED_FACE ( 'NONE', ( #2470 ), #353, .F. ) ;
#1724 = CYLINDRICAL_SURFACE ( 'NONE', #4459, 2.250000000000001776 ) ;
#1725 = EDGE_CURVE ( 'NONE', #3828, #1990, #2421, .T. ) ;
#1726 = CIRCLE ( 'NONE', #1559, 1.700000000000007061 ) ;
#1727 = DIRECTION ( 'NONE',  ( -0.000000000000000000, 1.000000000000000000, -0.000000000000000000 ) ) ;
#1728 = DIRECTION ( 'NONE',  ( 0.000000000000000000, 0.000000000000000000, 1.000000000000000000 ) ) ;
#1729 = ORIENTED_EDGE ( 'NONE', *, *, #3703, .F. ) ;
#1730 = EDGE_CURVE ( 'NONE', #2058, #4402, #4355, .T. ) ;
#1731 = DIRECTION ( 'NONE',  ( 0.000000000000000000, 0.000000000000000000, 1.000000000000000000 ) ) ;
#1732 = DIRECTION ( 'NONE',  ( -0.000000000000000000, 1.000000000000000000, -0.000000000000000000 ) ) ;
#1733 = ORIENTED_EDGE ( 'NONE', *, *, #3644, .F. ) ;
#1734 = EDGE_CURVE ( 'NONE', #4253, #1995, #4112, .T. ) ;
#1735 = LINE ( 'NONE', #3273, #2982 ) ;
#1736 = VERTEX_POINT ( 'NONE', #3212 ) ;
#1737 = DIRECTION ( 'NONE',  ( -0.000000000000000000, 1.000000000000000000, -0.000000000000000000 ) ) ;
#1738 = EDGE_CURVE ( 'NONE', #49, #4270, #517, .T. ) ;
#1739 = EDGE_CURVE ( 'NONE', #968, #2254, #2831, .T. ) ;
#1740 = ORIENTED_EDGE ( 'NONE', *, *, #4017, .F. ) ;
#1741 = ORIENTED_EDGE ( 'NONE', *, *, #3167, .F. ) ;
#1742 = ORIENTED_EDGE ( 'NONE', *, *, #500, .T. ) ;
#1743 = DIRECTION ( 'NONE',  ( 0.000000000000000000, 0.000000000000000000, 1.000000000000000000 ) ) ;
#1744 = FACE_OUTER_BOUND ( 'NONE', #4965, .T. ) ;
#1745 = VECTOR ( 'NONE', #4720, 1000.000000000000000 ) ;
#1746 = FACE_BOUND ( 'NONE', #41, .T. ) ;
#1747 = VERTEX_POINT ( 'NONE', #4767 ) ;
#1748 = DIRECTION ( 'NONE',  ( 0.000000000000000000, 0.000000000000000000, 1.000000000000000000 ) ) ;
#1749 = PRODUCT_CONTEXT ( 'NONE', #905, 'mechanical' ) ;
#1750 = CYLINDRICAL_SURFACE ( 'NONE', #4791, 2.250000000000001776 ) ;
#1751 = CARTESIAN_POINT ( 'NONE',  ( -224.4749999999999659, 6.000000000000000000, 63.00000000000002842 ) ) ;
#1752 = ORIENTED_EDGE ( 'NONE', *, *, #1363, .F. ) ;
#1753 = AXIS2_PLACEMENT_3D ( 'NONE', #3100, #2642, #1081 ) ;
#1754 = AXIS2_PLACEMENT_3D ( 'NONE', #1378, #2650, #2532 ) ;
#1755 = CARTESIAN_POINT ( 'NONE',  ( 165.5250000000000625, 6.000000000000000000, -30.80000000000004334 ) ) ;
#1756 = CONICAL_SURFACE ( 'NONE', #3473, 3.149999999999999911, 0.7853981633974477239 ) ;
#1757 = AXIS2_PLACEMENT_3D ( 'NONE', #2770, #1998, #3566 ) ;
#1758 = VECTOR ( 'NONE', #4613, 1000.000000000000000 ) ;
#1759 = DIRECTION ( 'NONE',  ( -0.000000000000000000, 1.000000000000000000, -0.000000000000000000 ) ) ;
#1760 = ORIENTED_EDGE ( 'NONE', *, *, #163, .F. ) ;
#1761 = EDGE_CURVE ( 'NONE', #2785, #2254, #3378, .T. ) ;
#1762 = LINE ( 'NONE', #2559, #4198 ) ;
#1763 = ORIENTED_EDGE ( 'NONE', *, *, #983, .T. ) ;
#1764 = CARTESIAN_POINT ( 'NONE',  ( -203.6750000000000114, 4.549999999999997158, -30.80000000000000782 ) ) ;
#1765 = VECTOR ( 'NONE', #4317, 1000.000000000000000 ) ;
#1766 = ORIENTED_EDGE ( 'NONE', *, *, #2771, .T. ) ;
#1767 = VERTEX_POINT ( 'NONE', #2883 ) ;
#1768 = CARTESIAN_POINT ( 'NONE',  ( -174.4749999999999659, 4.549999999999997158, -59.85000000000002984 ) ) ;
#1769 = DIRECTION ( 'NONE',  ( -0.000000000000000000, 1.000000000000000000, -0.000000000000000000 ) ) ;
#1770 = VECTOR ( 'NONE', #3738, 1000.000000000000000 ) ;
#1771 = AXIS2_PLACEMENT_3D ( 'NONE', #4207, #3826, #33 ) ;
#1772 = CARTESIAN_POINT ( 'NONE',  ( 219.4749999999999943, 6.000000000000000000, -27.65000000000001279 ) ) ;
#1773 = ORIENTED_EDGE ( 'NONE', *, *, #1366, .T. ) ;
#1774 = DIRECTION ( 'NONE',  ( -0.000000000000000000, 1.000000000000000000, -0.000000000000000000 ) ) ;
#1775 = CARTESIAN_POINT ( 'NONE',  ( -224.4749999999999659, 6.000000000000000000, 59.85000000000003695 ) ) ;
#1776 = DIRECTION ( 'NONE',  ( 0.000000000000000000, 0.000000000000000000, 1.000000000000000000 ) ) ;
#1777 = CARTESIAN_POINT ( 'NONE',  ( -174.4749999999999091, 6.000000000000000000, 58.15000000000002700 ) ) ;
#1778 = ORIENTED_EDGE ( 'NONE', *, *, #1633, .F. ) ;
#1779 = CARTESIAN_POINT ( 'NONE',  ( -241.7249999999999943, 6.000000000000000000, -2.743031496388326218E-14 ) ) ;
#1780 = DIRECTION ( 'NONE',  ( 0.000000000000000000, 0.000000000000000000, 1.000000000000000000 ) ) ;
#1781 = VERTEX_POINT ( 'NONE', #4002 ) ;
#1782 = ORIENTED_EDGE ( 'NONE', *, *, #4518, .F. ) ;
#1783 = DIRECTION ( 'NONE',  ( -0.000000000000000000, 1.000000000000000000, -0.000000000000000000 ) ) ;
#1784 = EDGE_CURVE ( 'NONE', #2986, #3245, #1341, .T. ) ;
#1785 = EDGE_CURVE ( 'NONE', #801, #938, #1827, .T. ) ;
#1786 = ORIENTED_EDGE ( 'NONE', *, *, #2429, .F. ) ;
#1787 = ORIENTED_EDGE ( 'NONE', *, *, #1730, .F. ) ;
#1788 = FACE_OUTER_BOUND ( 'NONE', #4760, .T. ) ;
#1789 = CARTESIAN_POINT ( 'NONE',  ( 165.5250000000000625, 6.000000000000000000, -6.675504130139742361E-14 ) ) ;
#1790 = CIRCLE ( 'NONE', #2602, 1.700000000000007061 ) ;
#1791 = DIRECTION ( 'NONE',  ( 0.000000000000000000, 0.000000000000000000, 1.000000000000000000 ) ) ;
#1792 = VERTEX_POINT ( 'NONE', #906 ) ;
#1793 = DIRECTION ( 'NONE',  ( 0.000000000000000000, 0.000000000000000000, 1.000000000000000000 ) ) ;
#1794 = EDGE_CURVE ( 'NONE', #2387, #456, #4435, .T. ) ;
#1795 = EDGE_CURVE ( 'NONE', #4781, #1065, #4056, .T. ) ;
#1796 = ADVANCED_FACE ( 'NONE', ( #3668 ), #4469, .F. ) ;
#1797 = CIRCLE ( 'NONE', #2540, 1.700000000000007061 ) ;
#1798 = CARTESIAN_POINT ( 'NONE',  ( 165.5250000000000625, 4.549999999999997158, 1.699999999999940226 ) ) ;
#1799 = DIRECTION ( 'NONE',  ( -0.000000000000000000, 1.000000000000000000, -0.000000000000000000 ) ) ;
#1800 = AXIS2_PLACEMENT_3D ( 'NONE', #4445, #2512, #4086 ) ;
#1801 = CARTESIAN_POINT ( 'NONE',  ( 239.4749999999999943, 0.000000000000000000, -61.25000000000003553 ) ) ;
#1802 = AXIS2_PLACEMENT_3D ( 'NONE', #2213, #3030, #3799 ) ;
#1803 = DIRECTION ( 'NONE',  ( -0.000000000000000000, 1.000000000000000000, -0.000000000000000000 ) ) ;
#1804 = VECTOR ( 'NONE', #4593, 1000.000000000000000 ) ;
#1805 = CARTESIAN_POINT ( 'NONE',  ( -224.4749999999999659, 6.000000000000000000, 59.85000000000003695 ) ) ;
#1806 = VERTEX_POINT ( 'NONE', #3053 ) ;
#1807 = VERTEX_POINT ( 'NONE', #1392 ) ;
#1808 = AXIS2_PLACEMENT_3D ( 'NONE', #4670, #679, #1067 ) ;
#1809 = CARTESIAN_POINT ( 'NONE',  ( 219.4749999999999943, 6.000000000000000000, -59.85000000000005826 ) ) ;
#1810 = ORIENTED_EDGE ( 'NONE', *, *, #2922, .F. ) ;
#1811 = ORIENTED_EDGE ( 'NONE', *, *, #758, .T. ) ;
#1812 = DIRECTION ( 'NONE',  ( 0.000000000000000000, 0.000000000000000000, -1.000000000000000000 ) ) ;
#1813 = FACE_OUTER_BOUND ( 'NONE', #214, .T. ) ;
#1814 = DIRECTION ( 'NONE',  ( 0.000000000000000000, 0.000000000000000000, 1.000000000000000000 ) ) ;
#1815 = DIRECTION ( 'NONE',  ( 0.000000000000000000, 0.7071067811865535679, 0.7071067811865415775 ) ) ;
#1816 = EDGE_CURVE ( 'NONE', #965, #3469, #3436, .T. ) ;
#1817 = EDGE_LOOP ( 'NONE', ( #1554, #4079 ) ) ;
#1818 = FACE_OUTER_BOUND ( 'NONE', #4143, .T. ) ;
#1819 = EDGE_CURVE ( 'NONE', #1747, #3783, #1413, .T. ) ;
#1820 = CARTESIAN_POINT ( 'NONE',  ( -241.7250000000000512, 6.000000000000000000, -48.70000000000008811 ) ) ;
#1821 = AXIS2_PLACEMENT_3D ( 'NONE', #2778, #1905, #3088 ) ;
#1822 = CARTESIAN_POINT ( 'NONE',  ( 229.9750000000001364, 6.000000000000000000, 59.14999999999998437 ) ) ;
#1823 = EDGE_CURVE ( 'NONE', #559, #791, #4537, .T. ) ;
#1824 = LINE ( 'NONE', #1777, #532 ) ;
#1825 = CARTESIAN_POINT ( 'NONE',  ( -241.7250000000000512, 6.000000000000000000, 45.55000000000001847 ) ) ;
#1826 = EDGE_CURVE ( 'NONE', #1938, #2553, #1837, .T. ) ;
#1827 = CIRCLE ( 'NONE', #3051, 1.699999999999998401 ) ;
#1828 = AXIS2_PLACEMENT_3D ( 'NONE', #4514, #2262, #3003 ) ;
#1829 = DIRECTION ( 'NONE',  ( 0.000000000000000000, 0.000000000000000000, 1.000000000000000000 ) ) ;
#1830 = CARTESIAN_POINT ( 'NONE',  ( -244.4749999999999943, 6.000000000000000000, 50.23622914957388019 ) ) ;
#1831 = CIRCLE ( 'NONE', #2653, 1.700000000000007061 ) ;
#1832 = ORIENTED_EDGE ( 'NONE', *, *, #2315, .F. ) ;
#1833 = ORIENTED_EDGE ( 'NONE', *, *, #73, .F. ) ;
#1834 = CARTESIAN_POINT ( 'NONE',  ( -224.4749999999999659, 0.000000000000000000, -59.85000000000002984 ) ) ;
#1835 = AXIS2_PLACEMENT_3D ( 'NONE', #1308, #1644, #508 ) ;
#1836 = AXIS2_PLACEMENT_3D ( 'NONE', #314, #7, #2723 ) ;
#1837 = CIRCLE ( 'NONE', #4208, 3.150000000000013678 ) ;
#1838 = EDGE_LOOP ( 'NONE', ( #4924, #4997, #67, #2376 ) ) ;
#1839 = DIRECTION ( 'NONE',  ( 0.000000000000000000, 0.000000000000000000, 1.000000000000000000 ) ) ;
#1840 = VERTEX_POINT ( 'NONE', #2261 ) ;
#1841 = PLANE ( 'NONE',  #3026 ) ;
#1842 = CARTESIAN_POINT ( 'NONE',  ( -174.4749999999999659, 6.000000000000000000, -59.85000000000002984 ) ) ;
#1843 = DIRECTION ( 'NONE',  ( 0.000000000000000000, 0.000000000000000000, 1.000000000000000000 ) ) ;
#1844 = VECTOR ( 'NONE', #4031, 1000.000000000000000 ) ;
#1845 = DIRECTION ( 'NONE',  ( 0.000000000000000000, 1.000000000000000000, 0.000000000000000000 ) ) ;
#1846 = AXIS2_PLACEMENT_3D ( 'NONE', #2129, #2615, #4906 ) ;
#1847 = ORIENTED_EDGE ( 'NONE', *, *, #2782, .T. ) ;
#1848 = DIRECTION ( 'NONE',  ( -0.000000000000000000, 1.000000000000000000, -0.000000000000000000 ) ) ;
#1849 = CIRCLE ( 'NONE', #3647, 2.250000000000001776 ) ;
#1850 = ADVANCED_FACE ( 'NONE', ( #672 ), #3637, .F. ) ;
#1851 = CYLINDRICAL_SURFACE ( 'NONE', #2430, 2.250000000000001776 ) ;
#1852 = DIRECTION ( 'NONE',  ( 0.000000000000000000, 0.000000000000000000, 1.000000000000000000 ) ) ;
#1853 = CARTESIAN_POINT ( 'NONE',  ( -239.4750000000000227, 6.000000000000000000, -56.74999999999997868 ) ) ;
#1854 = CYLINDRICAL_SURFACE ( 'NONE', #4284, 2.250000000000001776 ) ;
#1855 = AXIS2_PLACEMENT_3D ( 'NONE', #1412, #1391, #4891 ) ;
#1856 = DIRECTION ( 'NONE',  ( -0.000000000000000000, 1.000000000000000000, -0.000000000000000000 ) ) ;
#1857 = CARTESIAN_POINT ( 'NONE',  ( 165.5250000000001194, 6.000000000000000000, 61.54999999999999716 ) ) ;
#1858 = ORIENTED_EDGE ( 'NONE', *, *, #1451, .T. ) ;
#1859 = ORIENTED_EDGE ( 'NONE', *, *, #1207, .T. ) ;
#1860 = CYLINDRICAL_SURFACE ( 'NONE', #1885, 1.700000000000007061 ) ;
#1861 = EDGE_CURVE ( 'NONE', #4340, #4344, #2910, .T. ) ;
#1862 = EDGE_LOOP ( 'NONE', ( #4195, #1733, #3343, #4819 ) ) ;
#1863 = DIRECTION ( 'NONE',  ( -0.000000000000000000, 1.000000000000000000, -0.000000000000000000 ) ) ;
#1864 = ORIENTED_EDGE ( 'NONE', *, *, #2771, .F. ) ;
#1865 = CARTESIAN_POINT ( 'NONE',  ( 165.5250000000000625, 6.000000000000000000, -30.80000000000004334 ) ) ;
#1866 = DIRECTION ( 'NONE',  ( -0.000000000000000000, 1.000000000000000000, -0.000000000000000000 ) ) ;
#1867 = FACE_OUTER_BOUND ( 'NONE', #4163, .T. ) ;
#1868 = ORIENTED_EDGE ( 'NONE', *, *, #4173, .T. ) ;
#1869 = ORIENTED_EDGE ( 'NONE', *, *, #510, .F. ) ;
#1870 = FACE_OUTER_BOUND ( 'NONE', #4530, .T. ) ;
#1871 = ADVANCED_FACE ( 'NONE', ( #1083 ), #4987, .F. ) ;
#1872 = ORIENTED_EDGE ( 'NONE', *, *, #5026, .F. ) ;
#1873 = CARTESIAN_POINT ( 'NONE',  ( -4.474999999999944578, 6.000000000000000000, -59.85000000000005116 ) ) ;
#1874 = DIRECTION ( 'NONE',  ( 0.000000000000000000, 0.000000000000000000, 1.000000000000000000 ) ) ;
#1875 = DIRECTION ( 'NONE',  ( -0.000000000000000000, 1.000000000000000000, -0.000000000000000000 ) ) ;
#1876 = PLANE ( 'NONE',  #1836 ) ;
#1877 = CIRCLE ( 'NONE', #4735, 1.700000000000007061 ) ;
#1878 = DIRECTION ( 'NONE',  ( 0.000000000000000000, 0.000000000000000000, 1.000000000000000000 ) ) ;
#1879 = AXIS2_PLACEMENT_3D ( 'NONE', #4836, #173, #3785 ) ;
#1880 = CARTESIAN_POINT ( 'NONE',  ( 229.9750000000001364, 0.000000000000000000, -54.29999999999996874 ) ) ;
#1881 = EDGE_LOOP ( 'NONE', ( #3928, #97 ) ) ;
#1882 = EDGE_CURVE ( 'NONE', #3683, #3077, #2648, .T. ) ;
#1883 = EDGE_LOOP ( 'NONE', ( #4774, #1778, #3945, #1153 ) ) ;
#1884 = DIRECTION ( 'NONE',  ( 0.000000000000000000, 0.000000000000000000, 1.000000000000000000 ) ) ;
#1885 = AXIS2_PLACEMENT_3D ( 'NONE', #4159, #1909, #374 ) ;
#1886 = EDGE_CURVE ( 'NONE', #3445, #559, #773, .T. ) ;
#1887 = AXIS2_PLACEMENT_3D ( 'NONE', #4644, #2239, #710 ) ;
#1888 = ORIENTED_EDGE ( 'NONE', *, *, #4756, .F. ) ;
#1889 = ADVANCED_FACE ( 'NONE', ( #312 ), #3363, .F. ) ;
#1890 = DIRECTION ( 'NONE',  ( -0.000000000000000000, 1.000000000000000000, -0.000000000000000000 ) ) ;
#1891 = ORIENTED_EDGE ( 'NONE', *, *, #2286, .F. ) ;
#1892 = CARTESIAN_POINT ( 'NONE',  ( -224.4749999999999659, 6.000000000000000000, -59.85000000000002984 ) ) ;
#1893 = EDGE_CURVE ( 'NONE', #867, #788, #1464, .T. ) ;
#1894 = CYLINDRICAL_SURFACE ( 'NONE', #4215, 1.700000000000007061 ) ;
#1895 = ORIENTED_EDGE ( 'NONE', *, *, #4302, .T. ) ;
#1896 = VERTEX_POINT ( 'NONE', #4102 ) ;
#1897 = DIRECTION ( 'NONE',  ( 0.000000000000000000, 0.000000000000000000, 1.000000000000000000 ) ) ;
#1898 = CARTESIAN_POINT ( 'NONE',  ( 165.5250000000001194, 0.000000000000000000, 58.14999999999998437 ) ) ;
#1899 = DIRECTION ( 'NONE',  ( -0.000000000000000000, 1.000000000000000000, -0.000000000000000000 ) ) ;
#1900 = LINE ( 'NONE', #2283, #519 ) ;
#1901 = DIRECTION ( 'NONE',  ( 0.000000000000000000, 0.000000000000000000, 1.000000000000000000 ) ) ;
#1902 = VECTOR ( 'NONE', #1087, 1000.000000000000000 ) ;
#1903 = CARTESIAN_POINT ( 'NONE',  ( 165.5250000000001194, 6.000000000000000000, 59.84999999999999432 ) ) ;
#1904 = DIRECTION ( 'NONE',  ( 0.000000000000000000, 0.000000000000000000, 1.000000000000000000 ) ) ;
#1905 = DIRECTION ( 'NONE',  ( -0.000000000000000000, 1.000000000000000000, -0.000000000000000000 ) ) ;
#1906 = AXIS2_PLACEMENT_3D ( 'NONE', #4490, #2855, #550 ) ;
#1907 = EDGE_LOOP ( 'NONE', ( #781, #3106 ) ) ;
#1908 = ORIENTED_EDGE ( 'NONE', *, *, #1580, .F. ) ;
#1909 = DIRECTION ( 'NONE',  ( -0.000000000000000000, 1.000000000000000000, -0.000000000000000000 ) ) ;
#1910 = EDGE_CURVE ( 'NONE', #1381, #2080, #3028, .T. ) ;
#1911 = EDGE_LOOP ( 'NONE', ( #1402, #1250, #4877, #302 ) ) ;
#1912 = CARTESIAN_POINT ( 'NONE',  ( -241.7250000000000512, 0.000000000000000000, -50.40000000000009805 ) ) ;
#1913 = ORIENTED_EDGE ( 'NONE', *, *, #2135, .F. ) ;
#1914 = FACE_OUTER_BOUND ( 'NONE', #3586, .T. ) ;
#1915 = AXIS2_PLACEMENT_3D ( 'NONE', #1946, #694, #3078 ) ;
#1916 = AXIS2_PLACEMENT_3D ( 'NONE', #939, #576, #2509 ) ;
#1917 = CIRCLE ( 'NONE', #3391, 3.150000000000013678 ) ;
#1918 = VECTOR ( 'NONE', #1440, 1000.000000000000000 ) ;
#1919 = DIRECTION ( 'NONE',  ( -0.000000000000000000, 1.000000000000000000, -0.000000000000000000 ) ) ;
#1920 = VECTOR ( 'NONE', #3642, 1000.000000000000000 ) ;
#1921 = ORIENTED_EDGE ( 'NONE', *, *, #1738, .T. ) ;
#1922 = ORIENTED_EDGE ( 'NONE', *, *, #1633, .T. ) ;
#1923 = CARTESIAN_POINT ( 'NONE',  ( 244.4749999999999943, 0.000000000000000000, -63.99999999999997158 ) ) ;
#1924 = AXIS2_PLACEMENT_3D ( 'NONE', #784, #3551, #755 ) ;
#1925 = CARTESIAN_POINT ( 'NONE',  ( 229.9750000000001364, 0.000000000000000000, 55.99999999999997158 ) ) ;
#1926 = DIRECTION ( 'NONE',  ( -0.000000000000000000, 1.000000000000000000, -0.000000000000000000 ) ) ;
#1927 = VECTOR ( 'NONE', #4278, 1000.000000000000000 ) ;
#1928 = VERTEX_POINT ( 'NONE', #3720 ) ;
#1929 = CARTESIAN_POINT ( 'NONE',  ( -215.3250000000000171, 6.000000000000000000, -21.05000000000000071 ) ) ;
#1930 = CARTESIAN_POINT ( 'NONE',  ( 165.5250000000000625, 6.000000000000000000, 33.94999999999998153 ) ) ;
#1931 = VECTOR ( 'NONE', #4332, 1000.000000000000000 ) ;
#1932 = CARTESIAN_POINT ( 'NONE',  ( -174.4749999999999659, 6.000000000000000000, -59.85000000000002984 ) ) ;
#1933 = ORIENTED_EDGE ( 'NONE', *, *, #981, .F. ) ;
#1934 = VECTOR ( 'NONE', #2304, 1000.000000000000000 ) ;
#1935 = ORIENTED_EDGE ( 'NONE', *, *, #183, .T. ) ;
#1936 = DIRECTION ( 'NONE',  ( -0.000000000000000000, 1.000000000000000000, -0.000000000000000000 ) ) ;
#1937 = FACE_OUTER_BOUND ( 'NONE', #1862, .T. ) ;
#1938 = VERTEX_POINT ( 'NONE', #213 ) ;
#1939 = LINE ( 'NONE', #736, #1804 ) ;
#1940 = ORIENTED_EDGE ( 'NONE', *, *, #71, .T. ) ;
#1941 = DIRECTION ( 'NONE',  ( -0.000000000000000000, 1.000000000000000000, -0.000000000000000000 ) ) ;
#1942 = EDGE_CURVE ( 'NONE', #1714, #3180, #1824, .T. ) ;
#1943 = EDGE_CURVE ( 'NONE', #4175, #3588, #448, .T. ) ;
#1944 = ORIENTED_EDGE ( 'NONE', *, *, #4359, .F. ) ;
#1945 = EDGE_LOOP ( 'NONE', ( #4744, #4362, #1705, #1222 ) ) ;
#1946 = CARTESIAN_POINT ( 'NONE',  ( 219.4749999999999943, 4.549999999999997158, -30.80000000000002558 ) ) ;
#1947 = EDGE_CURVE ( 'NONE', #1840, #3610, #2006, .T. ) ;
#1948 = FACE_OUTER_BOUND ( 'NONE', #4631, .T. ) ;
#1949 = ADVANCED_FACE ( 'NONE', ( #235 ), #2087, .F. ) ;
#1950 = CARTESIAN_POINT ( 'NONE',  ( 239.4749999999999943, 6.000000000000000000, -59.00000000000002842 ) ) ;
#1951 = ORIENTED_EDGE ( 'NONE', *, *, #1725, .F. ) ;
#1952 = CARTESIAN_POINT ( 'NONE',  ( -215.3250000000000171, 6.000000000000000000, -14.74999999999997158 ) ) ;
#1953 = EDGE_CURVE ( 'NONE', #4668, #1613, #3387, .T. ) ;
#1954 = EDGE_CURVE ( 'NONE', #422, #962, #4535, .T. ) ;
#1955 = DIRECTION ( 'NONE',  ( -0.000000000000000000, 1.000000000000000000, -0.000000000000000000 ) ) ;
#1956 =( NAMED_UNIT ( * ) SI_UNIT ( $, .STERADIAN. ) SOLID_ANGLE_UNIT ( ) );
#1957 = CIRCLE ( 'NONE', #2614, 3.150000000000013678 ) ;
#1958 = FACE_OUTER_BOUND ( 'NONE', #4594, .T. ) ;
#1959 = ORIENTED_EDGE ( 'NONE', *, *, #1052, .T. ) ;
#1960 = VERTEX_POINT ( 'NONE', #390 ) ;
#1961 = CARTESIAN_POINT ( 'NONE',  ( 191.1750000000000398, 0.000000000000000000, -2.775557561562891351E-14 ) ) ;
#1962 = CYLINDRICAL_SURFACE ( 'NONE', #4465, 1.700000000000007061 ) ;
#1963 = CIRCLE ( 'NONE', #4003, 3.149999999999993250 ) ;
#1964 = CONICAL_SURFACE ( 'NONE', #2620, 3.149999999999993250, 0.7853981633974399523 ) ;
#1965 = VECTOR ( 'NONE', #922, 1000.000000000000000 ) ;
#1966 = ORIENTED_EDGE ( 'NONE', *, *, #3552, .T. ) ;
#1967 = DIRECTION ( 'NONE',  ( -0.000000000000000000, 1.000000000000000000, -0.000000000000000000 ) ) ;
#1968 = VERTEX_POINT ( 'NONE', #3159 ) ;
#1969 = AXIS2_PLACEMENT_3D ( 'NONE', #2148, #579, #4921 ) ;
#1970 = AXIS2_PLACEMENT_3D ( 'NONE', #1768, #4189, #684 ) ;
#1971 = DIRECTION ( 'NONE',  ( 0.000000000000000000, 1.000000000000000000, 0.000000000000000000 ) ) ;
#1972 = CIRCLE ( 'NONE', #2956, 3.150000000000013678 ) ;
#1973 = ORIENTED_EDGE ( 'NONE', *, *, #1482, .T. ) ;
#1974 = VERTEX_POINT ( 'NONE', #4 ) ;
#1975 = LINE ( 'NONE', #4682, #1343 ) ;
#1976 = EDGE_CURVE ( 'NONE', #4344, #4340, #696, .T. ) ;
#1977 = CYLINDRICAL_SURFACE ( 'NONE', #1638, 1.700000000000007061 ) ;
#1978 = EDGE_CURVE ( 'NONE', #456, #2067, #3562, .T. ) ;
#1979 = FACE_OUTER_BOUND ( 'NONE', #4753, .T. ) ;
#1980 = ORIENTED_EDGE ( 'NONE', *, *, #4069, .F. ) ;
#1981 = CARTESIAN_POINT ( 'NONE',  ( 202.8250000000000739, 4.549999999999997158, 48.69999999999998153 ) ) ;
#1982 = DIRECTION ( 'NONE',  ( 0.000000000000000000, 0.000000000000000000, 1.000000000000000000 ) ) ;
#1983 =( NAMED_UNIT ( * ) PLANE_ANGLE_UNIT ( ) SI_UNIT ( $, .RADIAN. ) );
#1984 = EDGE_CURVE ( 'NONE', #2471, #1397, #2695, .T. ) ;
#1985 = FACE_OUTER_BOUND ( 'NONE', #4809, .T. ) ;
#1986 = ORIENTED_EDGE ( 'NONE', *, *, #4850, .F. ) ;
#1987 = CARTESIAN_POINT ( 'NONE',  ( -215.3250000000000171, 6.000000000000000000, 14.75000000000000533 ) ) ;
#1988 = DIRECTION ( 'NONE',  ( -0.000000000000000000, 1.000000000000000000, -0.000000000000000000 ) ) ;
#1989 = CIRCLE ( 'NONE', #2971, 2.250000000000001776 ) ;
#1990 = VERTEX_POINT ( 'NONE', #3129 ) ;
#1991 = DIRECTION ( 'NONE',  ( 0.000000000000000000, 0.000000000000000000, 1.000000000000000000 ) ) ;
#1992 = ORIENTED_EDGE ( 'NONE', *, *, #3613, .T. ) ;
#1993 = CARTESIAN_POINT ( 'NONE',  ( -241.7250000000000512, 4.549999999999997158, 47.00000000000002842 ) ) ;
#1994 = ORIENTED_EDGE ( 'NONE', *, *, #3766, .T. ) ;
#1995 = VERTEX_POINT ( 'NONE', #1184 ) ;
#1996 = ORIENTED_EDGE ( 'NONE', *, *, #3693, .F. ) ;
#1997 = AXIS2_PLACEMENT_3D ( 'NONE', #4293, #18, #1991 ) ;
#1998 = DIRECTION ( 'NONE',  ( -0.000000000000000000, 1.000000000000000000, -0.000000000000000000 ) ) ;
#1999 = AXIS2_PLACEMENT_3D ( 'NONE', #3233, #127, #542 ) ;
#2000 = VECTOR ( 'NONE', #2181, 1000.000000000000000 ) ;
#2001 = ORIENTED_EDGE ( 'NONE', *, *, #3924, .F. ) ;
#2002 = AXIS2_PLACEMENT_3D ( 'NONE', #1721, #437, #2414 ) ;
#2003 = LINE ( 'NONE', #54, #3760 ) ;
#2004 = CARTESIAN_POINT ( 'NONE',  ( -203.6750000000000114, 6.000000000000000000, -32.50000000000001421 ) ) ;
#2005 = VERTEX_POINT ( 'NONE', #3944 ) ;
#2006 = CIRCLE ( 'NONE', #4700, 1.700000000000007061 ) ;
#2007 = CYLINDRICAL_SURFACE ( 'NONE', #1347, 1.700000000000007061 ) ;
#2008 = CIRCLE ( 'NONE', #944, 3.150000000000013678 ) ;
#2009 = EDGE_CURVE ( 'NONE', #894, #102, #39, .T. ) ;
#2010 = DIRECTION ( 'NONE',  ( 0.000000000000000000, 0.000000000000000000, 1.000000000000000000 ) ) ;
#2011 = VECTOR ( 'NONE', #1988, 1000.000000000000000 ) ;
#2012 = CARTESIAN_POINT ( 'NONE',  ( -174.4749999999999659, 6.000000000000000000, 30.80000000000000782 ) ) ;
#2013 = CARTESIAN_POINT ( 'NONE',  ( -203.6750000000000114, 0.000000000000000000, -30.80000000000000782 ) ) ;
#2014 = ORIENTED_EDGE ( 'NONE', *, *, #2519, .F. ) ;
#2015 = VECTOR ( 'NONE', #1152, 1000.000000000000000 ) ;
#2016 = DIRECTION ( 'NONE',  ( -0.000000000000000000, 1.000000000000000000, -0.000000000000000000 ) ) ;
#2017 = AXIS2_PLACEMENT_3D ( 'NONE', #2235, #2555, #3803 ) ;
#2018 = CARTESIAN_POINT ( 'NONE',  ( -239.4750000000000227, 6.000000000000000000, -58.99999999999998579 ) ) ;
#2019 = FACE_OUTER_BOUND ( 'NONE', #4444, .T. ) ;
#2020 = ORIENTED_EDGE ( 'NONE', *, *, #3990, .F. ) ;
#2021 = ADVANCED_FACE ( 'NONE', ( #2282 ), #3844, .F. ) ;
#2022 = FACE_OUTER_BOUND ( 'NONE', #2195, .T. ) ;
#2023 = VERTEX_POINT ( 'NONE', #820 ) ;
#2024 = CARTESIAN_POINT ( 'NONE',  ( -4.474999999999944578, 4.549999999999997158, 30.79999999999998650 ) ) ;
#2025 = ADVANCED_FACE ( 'NONE', ( #2773 ), #525, .F. ) ;
#2026 = ORIENTED_EDGE ( 'NONE', *, *, #733, .F. ) ;
#2027 = ORIENTED_EDGE ( 'NONE', *, *, #1738, .F. ) ;
#2028 = CARTESIAN_POINT ( 'NONE',  ( -241.7249999999999943, 6.000000000000000000, -3.150000000000041211 ) ) ;
#2029 = DIRECTION ( 'NONE',  ( 0.000000000000000000, 0.000000000000000000, 1.000000000000000000 ) ) ;
#2030 = EDGE_CURVE ( 'NONE', #3256, #1301, #2578, .T. ) ;
#2031 = CARTESIAN_POINT ( 'NONE',  ( 191.1750000000000398, 6.000000000000000000, 59.85000000000003695 ) ) ;
#2032 = EDGE_LOOP ( 'NONE', ( #3819, #5023, #1484, #4463 ) ) ;
#2033 = DIRECTION ( 'NONE',  ( -0.000000000000000000, 1.000000000000000000, -0.000000000000000000 ) ) ;
#2034 = CARTESIAN_POINT ( 'NONE',  ( 239.4749999999999943, 6.000000000000000000, -59.00000000000002842 ) ) ;
#2035 = DIRECTION ( 'NONE',  ( -0.000000000000000000, 1.000000000000000000, -0.000000000000000000 ) ) ;
#2036 = DIRECTION ( 'NONE',  ( 0.000000000000000000, 0.000000000000000000, 1.000000000000000000 ) ) ;
#2037 = ORIENTED_EDGE ( 'NONE', *, *, #2359, .F. ) ;
#2038 = DIRECTION ( 'NONE',  ( 0.000000000000000000, 1.000000000000000000, 0.000000000000000000 ) ) ;
#2039 = DIRECTION ( 'NONE',  ( 0.000000000000000000, 0.000000000000000000, 1.000000000000000000 ) ) ;
#2040 = VECTOR ( 'NONE', #4583, 1000.000000000000000 ) ;
#2041 = ADVANCED_FACE ( 'NONE', ( #3105 ), #2751, .F. ) ;
#2042 = FACE_OUTER_BOUND ( 'NONE', #2222, .T. ) ;
#2043 = ORIENTED_EDGE ( 'NONE', *, *, #4080, .T. ) ;
#2044 = DIRECTION ( 'NONE',  ( 0.000000000000000000, 1.000000000000000000, 0.000000000000000000 ) ) ;
#2045 = EDGE_LOOP ( 'NONE', ( #1118, #3864 ) ) ;
#2046 = CARTESIAN_POINT ( 'NONE',  ( 216.9750000000000227, 6.000000000000000000, 59.85000000000003695 ) ) ;
#2047 = VECTOR ( 'NONE', #4785, 1000.000000000000000 ) ;
#2048 = EDGE_CURVE ( 'NONE', #2944, #3203, #4777, .T. ) ;
#2049 = EDGE_CURVE ( 'NONE', #2504, #3099, #2739, .T. ) ;
#2050 = EDGE_CURVE ( 'NONE', #4320, #4713, #1542, .T. ) ;
#2051 = ORIENTED_EDGE ( 'NONE', *, *, #594, .T. ) ;
#2052 = ORIENTED_EDGE ( 'NONE', *, *, #4966, .F. ) ;
#2053 = CARTESIAN_POINT ( 'NONE',  ( -224.4749999999999659, 6.000000000000000000, -63.00000000000001421 ) ) ;
#2054 = CONICAL_SURFACE ( 'NONE', #2212, 3.149999999999986144, 0.7853981633974399523 ) ;
#2055 = DIRECTION ( 'NONE',  ( -0.000000000000000000, 1.000000000000000000, -0.000000000000000000 ) ) ;
#2056 = CARTESIAN_POINT ( 'NONE',  ( -174.4749999999999659, 6.000000000000000000, -61.55000000000003268 ) ) ;
#2057 = VECTOR ( 'NONE', #1148, 1000.000000000000000 ) ;
#2058 = VERTEX_POINT ( 'NONE', #414 ) ;
#2059 = FACE_OUTER_BOUND ( 'NONE', #2351, .T. ) ;
#2060 = CARTESIAN_POINT ( 'NONE',  ( -239.4749999999999943, 6.000000000000000000, 59.00000000000002842 ) ) ;
#2061 = CARTESIAN_POINT ( 'NONE',  ( 229.9750000000001364, 6.000000000000000000, -55.99999999999997158 ) ) ;
#2062 = DIRECTION ( 'NONE',  ( 0.000000000000000000, 0.000000000000000000, 1.000000000000000000 ) ) ;
#2063 = ORIENTED_EDGE ( 'NONE', *, *, #2103, .F. ) ;
#2064 = DIRECTION ( 'NONE',  ( 0.000000000000000000, 0.7071067811865479058, 0.7071067811865471286 ) ) ;
#2065 = CARTESIAN_POINT ( 'NONE',  ( -244.4749999999999943, 6.000000000000000000, -61.49999999999997158 ) ) ;
#2066 = DIRECTION ( 'NONE',  ( 0.000000000000000000, -0.000000000000000000, 1.000000000000000000 ) ) ;
#2067 = VERTEX_POINT ( 'NONE', #795 ) ;
#2068 = CARTESIAN_POINT ( 'NONE',  ( -174.4749999999999659, 4.549999999999997158, -32.50000000000000711 ) ) ;
#2069 = ORIENTED_EDGE ( 'NONE', *, *, #4604, .T. ) ;
#2070 = DIRECTION ( 'NONE',  ( -0.000000000000000000, 1.000000000000000000, -0.000000000000000000 ) ) ;
#2071 = VECTOR ( 'NONE', #4060, 1000.000000000000000 ) ;
#2072 = EDGE_CURVE ( 'NONE', #3508, #559, #771, .T. ) ;
#2073 = ORIENTED_EDGE ( 'NONE', *, *, #2483, .F. ) ;
#2074 = ORIENTED_EDGE ( 'NONE', *, *, #4393, .T. ) ;
#2075 = AXIS2_PLACEMENT_3D ( 'NONE', #3649, #157, #2036 ) ;
#2076 = DIRECTION ( 'NONE',  ( 0.000000000000000000, 0.000000000000000000, 1.000000000000000000 ) ) ;
#2077 = CONICAL_SURFACE ( 'NONE', #3792, 3.150000000000013678, 0.7853981633974495002 ) ;
#2078 = CARTESIAN_POINT ( 'NONE',  ( -215.3250000000000171, 6.000000000000000000, 14.75000000000000533 ) ) ;
#2079 = CARTESIAN_POINT ( 'NONE',  ( -4.474999999999888622, 6.000000000000000000, 59.85000000000001563 ) ) ;
#2080 = VERTEX_POINT ( 'NONE', #2362 ) ;
#2081 = CARTESIAN_POINT ( 'NONE',  ( -244.4749999999999943, 6.000000000000000000, 64.00000000000002842 ) ) ;
#2082 = AXIS2_PLACEMENT_3D ( 'NONE', #4406, #4049, #175 ) ;
#2083 = AXIS2_PLACEMENT_3D ( 'NONE', #3891, #3913, #1512 ) ;
#2084 = CIRCLE ( 'NONE', #3633, 2.250000000000001776 ) ;
#2085 = LINE ( 'NONE', #4718, #1599 ) ;
#2086 = CARTESIAN_POINT ( 'NONE',  ( 229.9750000000001364, 6.000000000000000000, -17.90000000000003055 ) ) ;
#2087 = CONICAL_SURFACE ( 'NONE', #942, 3.150000000000013678, 0.7853981633974495002 ) ;
#2088 = CARTESIAN_POINT ( 'NONE',  ( -215.3250000000000171, 6.000000000000000000, 17.90000000000001990 ) ) ;
#2089 = ORIENTED_EDGE ( 'NONE', *, *, #2383, .F. ) ;
#2090 = DIRECTION ( 'NONE',  ( 0.000000000000000000, 0.7071067811865479058, 0.7071067811865471286 ) ) ;
#2091 = CYLINDRICAL_SURFACE ( 'NONE', #700, 2.250000000000001776 ) ;
#2092 = VECTOR ( 'NONE', #3904, 1000.000000000000000 ) ;
#2093 = CONICAL_SURFACE ( 'NONE', #4708, 3.150000000000013678, 0.7853981633974495002 ) ;
#2094 = FACE_OUTER_BOUND ( 'NONE', #3036, .T. ) ;
#2095 = ORIENTED_EDGE ( 'NONE', *, *, #4889, .T. ) ;
#2096 = DIRECTION ( 'NONE',  ( -0.000000000000000000, 1.000000000000000000, -0.000000000000000000 ) ) ;
#2097 = ORIENTED_EDGE ( 'NONE', *, *, #2667, .F. ) ;
#2098 = CARTESIAN_POINT ( 'NONE',  ( -4.474999999999944578, 0.000000000000000000, -32.50000000000002132 ) ) ;
#2099 = EDGE_LOOP ( 'NONE', ( #628, #4325 ) ) ;
#2100 = EDGE_LOOP ( 'NONE', ( #735, #69, #3952, #3669 ) ) ;
#2101 = CIRCLE ( 'NONE', #301, 3.150000000000013678 ) ;
#2102 = CARTESIAN_POINT ( 'NONE',  ( -174.4749999999999659, 4.549999999999997158, 32.50000000000001421 ) ) ;
#2103 = EDGE_CURVE ( 'NONE', #2199, #1628, #4041, .T. ) ;
#2104 = DIRECTION ( 'NONE',  ( 0.000000000000000000, 0.000000000000000000, 1.000000000000000000 ) ) ;
#2105 = CYLINDRICAL_SURFACE ( 'NONE', #2082, 2.500000000000002220 ) ;
#2106 = EDGE_CURVE ( 'NONE', #3469, #1043, #4203, .T. ) ;
#2107 = ORIENTED_EDGE ( 'NONE', *, *, #4483, .T. ) ;
#2108 = DIRECTION ( 'NONE',  ( -0.000000000000000000, 1.000000000000000000, -0.000000000000000000 ) ) ;
#2109 = DIRECTION ( 'NONE',  ( -0.000000000000000000, 1.000000000000000000, -0.000000000000000000 ) ) ;
#2110 = ADVANCED_FACE ( 'NONE', ( #1979 ), #3558, .F. ) ;
#2111 = DIRECTION ( 'NONE',  ( 0.000000000000000000, 1.000000000000000000, 0.000000000000000000 ) ) ;
#2112 = EDGE_CURVE ( 'NONE', #5018, #1691, #3308, .T. ) ;
#2113 = DIRECTION ( 'NONE',  ( 0.000000000000000000, 0.000000000000000000, 1.000000000000000000 ) ) ;
#2114 = EDGE_LOOP ( 'NONE', ( #3356, #2169, #249, #436 ) ) ;
#2115 = ADVANCED_FACE ( 'NONE', ( #4071 ), #1756, .F. ) ;
#2116 = CARTESIAN_POINT ( 'NONE',  ( -174.4749999999999659, 6.000000000000000000, -3.150000000000041656 ) ) ;
#2117 = DIRECTION ( 'NONE',  ( 0.000000000000000000, 0.000000000000000000, 1.000000000000000000 ) ) ;
#2118 = ORIENTED_EDGE ( 'NONE', *, *, #1978, .T. ) ;
#2119 = CARTESIAN_POINT ( 'NONE',  ( -4.474999999999944578, 6.000000000000000000, -59.85000000000005116 ) ) ;
#2120 = EDGE_LOOP ( 'NONE', ( #4398, #3734 ) ) ;
#2121 = FACE_OUTER_BOUND ( 'NONE', #4839, .T. ) ;
#2122 = VERTEX_POINT ( 'NONE', #3686 ) ;
#2123 = VERTEX_POINT ( 'NONE', #1259 ) ;
#2124 = ORIENTED_EDGE ( 'NONE', *, *, #4016, .F. ) ;
#2125 = DIRECTION ( 'NONE',  ( 0.000000000000000000, 0.000000000000000000, 1.000000000000000000 ) ) ;
#2126 = VECTOR ( 'NONE', #389, 1000.000000000000000 ) ;
#2127 = AXIS2_PLACEMENT_3D ( 'NONE', #2637, #4190, #685 ) ;
#2128 = EDGE_CURVE ( 'NONE', #3493, #3706, #2412, .T. ) ;
#2129 = CARTESIAN_POINT ( 'NONE',  ( -241.7250000000000512, 0.000000000000000000, 48.70000000000003837 ) ) ;
#2130 = FACE_OUTER_BOUND ( 'NONE', #4377, .T. ) ;
#2131 = ORIENTED_EDGE ( 'NONE', *, *, #4233, .T. ) ;
#2132 = CARTESIAN_POINT ( 'NONE',  ( -244.4750000000000227, 5.883724473944289102, -47.40219095017313578 ) ) ;
#2133 = AXIS2_PLACEMENT_3D ( 'NONE', #1764, #1737, #631 ) ;
#2134 = CARTESIAN_POINT ( 'NONE',  ( 0.000000000000000000, 0.000000000000000000, 0.000000000000000000 ) ) ;
#2135 = EDGE_CURVE ( 'NONE', #3424, #3659, #1016, .T. ) ;
#2136 = EDGE_CURVE ( 'NONE', #1960, #3937, #3147, .T. ) ;
#2137 = AXIS2_PLACEMENT_3D ( 'NONE', #2808, #4363, #2834 ) ;
#2138 = DIRECTION ( 'NONE',  ( -0.000000000000000000, 1.000000000000000000, -0.000000000000000000 ) ) ;
#2139 = DIRECTION ( 'NONE',  ( -0.000000000000000000, 1.000000000000000000, -0.000000000000000000 ) ) ;
#2140 = EDGE_LOOP ( 'NONE', ( #151, #3010, #868, #3327, #1619, #650 ) ) ;
#2141 = VERTEX_POINT ( 'NONE', #3640 ) ;
#2142 = FACE_OUTER_BOUND ( 'NONE', #1688, .T. ) ;
#2143 = EDGE_CURVE ( 'NONE', #1807, #3749, #2980, .T. ) ;
#2144 = CARTESIAN_POINT ( 'NONE',  ( -4.474999999999888622, 6.000000000000000000, 63.00000000000001421 ) ) ;
#2145 = ORIENTED_EDGE ( 'NONE', *, *, #4517, .T. ) ;
#2146 = FACE_OUTER_BOUND ( 'NONE', #1945, .T. ) ;
#2147 = EDGE_LOOP ( 'NONE', ( #1147, #1307 ) ) ;
#2148 = CARTESIAN_POINT ( 'NONE',  ( -203.6750000000000114, 0.000000000000000000, 30.80000000000002913 ) ) ;
#2149 = ORIENTED_EDGE ( 'NONE', *, *, #1208, .T. ) ;
#2150 = ORIENTED_EDGE ( 'NONE', *, *, #4226, .F. ) ;
#2151 = CARTESIAN_POINT ( 'NONE',  ( -244.4749999999999943, 6.000000000000000000, -63.99999999999997158 ) ) ;
#2152 = CARTESIAN_POINT ( 'NONE',  ( 165.5250000000001194, 6.000000000000000000, 63.00000000000000000 ) ) ;
#2153 = DIRECTION ( 'NONE',  ( 0.000000000000000000, 0.000000000000000000, 1.000000000000000000 ) ) ;
#2154 = AXIS2_PLACEMENT_3D ( 'NONE', #2935, #107, #1655 ) ;
#2155 = FACE_BOUND ( 'NONE', #2508, .T. ) ;
#2156 = ORIENTED_EDGE ( 'NONE', *, *, #4171, .F. ) ;
#2157 = DIRECTION ( 'NONE',  ( 0.000000000000000000, 0.000000000000000000, 1.000000000000000000 ) ) ;
#2158 = DIRECTION ( 'NONE',  ( 8.659560562354860135E-17, 0.7071067811865535679, -0.7071067811865415775 ) ) ;
#2159 = FACE_OUTER_BOUND ( 'NONE', #4716, .T. ) ;
#2160 = CARTESIAN_POINT ( 'NONE',  ( 165.5250000000000625, 6.000000000000000000, -1.700000000000073896 ) ) ;
#2161 = ORIENTED_EDGE ( 'NONE', *, *, #877, .F. ) ;
#2162 = AXIS2_PLACEMENT_3D ( 'NONE', #30, #4310, #2364 ) ;
#2163 = ADVANCED_FACE ( 'NONE', ( #954 ), #853, .F. ) ;
#2164 = EDGE_CURVE ( 'NONE', #4588, #1720, #3996, .T. ) ;
#2165 = FACE_OUTER_BOUND ( 'NONE', #50, .T. ) ;
#2166 = AXIS2_PLACEMENT_3D ( 'NONE', #870, #4045, #122 ) ;
#2167 = CIRCLE ( 'NONE', #4454, 3.150000000000013678 ) ;
#2168 = DIRECTION ( 'NONE',  ( 0.000000000000000000, 0.000000000000000000, 1.000000000000000000 ) ) ;
#2169 = ORIENTED_EDGE ( 'NONE', *, *, #3635, .F. ) ;
#2170 = CARTESIAN_POINT ( 'NONE',  ( -241.9749999999999943, 0.000000000000000000, -63.99999999999997158 ) ) ;
#2171 = EDGE_LOOP ( 'NONE', ( #4510, #713 ) ) ;
#2172 = ORIENTED_EDGE ( 'NONE', *, *, #4605, .F. ) ;
#2173 = LINE ( 'NONE', #533, #5056 ) ;
#2174 = AXIS2_PLACEMENT_3D ( 'NONE', #4058, #883, #4416 ) ;
#2175 = ADVANCED_FACE ( 'NONE', ( #2798 ), #2105, .T. ) ;
#2176 = AXIS2_PLACEMENT_3D ( 'NONE', #2725, #1600, #2365 ) ;
#2177 = EDGE_LOOP ( 'NONE', ( #3997, #3367, #1379, #3722 ) ) ;
#2178 = EDGE_CURVE ( 'NONE', #3256, #840, #1237, .T. ) ;
#2179 = ORIENTED_EDGE ( 'NONE', *, *, #2853, .T. ) ;
#2180 = DIRECTION ( 'NONE',  ( 0.000000000000000000, 0.000000000000000000, 1.000000000000000000 ) ) ;
#2181 = DIRECTION ( 'NONE',  ( 0.000000000000000000, 0.000000000000000000, 1.000000000000000000 ) ) ;
#2182 = VECTOR ( 'NONE', #4367, 1000.000000000000000 ) ;
#2183 = CIRCLE ( 'NONE', #3716, 3.150000000000007017 ) ;
#2184 = CARTESIAN_POINT ( 'NONE',  ( 165.5250000000000625, 6.000000000000000000, -63.00000000000008527 ) ) ;
#2185 = ORIENTED_EDGE ( 'NONE', *, *, #3045, .T. ) ;
#2186 = DIRECTION ( 'NONE',  ( 0.000000000000000000, 0.000000000000000000, 1.000000000000000000 ) ) ;
#2187 = DIRECTION ( 'NONE',  ( -0.000000000000000000, 1.000000000000000000, -0.000000000000000000 ) ) ;
#2188 = DIRECTION ( 'NONE',  ( 0.000000000000000000, 0.000000000000000000, 1.000000000000000000 ) ) ;
#2189 = DIRECTION ( 'NONE',  ( 0.000000000000000000, 0.000000000000000000, 1.000000000000000000 ) ) ;
#2190 = DIRECTION ( 'NONE',  ( -0.000000000000000000, 1.000000000000000000, -0.000000000000000000 ) ) ;
#2191 = DIRECTION ( 'NONE',  ( 0.000000000000000000, 0.000000000000000000, 1.000000000000000000 ) ) ;
#2192 = DIRECTION ( 'NONE',  ( -0.000000000000000000, 1.000000000000000000, -0.000000000000000000 ) ) ;
#2194 = ORIENTED_EDGE ( 'NONE', *, *, #3670, .T. ) ;
#2193 = MECHANICAL_DESIGN_GEOMETRIC_PRESENTATION_REPRESENTATION (  '', ( #2847 ), #1713 ) ;
#2195 = EDGE_LOOP ( 'NONE', ( #3450, #1303, #4103, #2156 ) ) ;
#2196 = DIRECTION ( 'NONE',  ( -0.000000000000000000, 1.000000000000000000, -0.000000000000000000 ) ) ;
#2197 = EDGE_CURVE ( 'NONE', #4402, #3588, #924, .T. ) ;
#2198 = ORIENTED_EDGE ( 'NONE', *, *, #3753, .T. ) ;
#2199 = VERTEX_POINT ( 'NONE', #514 ) ;
#2200 = DIRECTION ( 'NONE',  ( 0.000000000000000000, -1.000000000000000000, 0.000000000000000000 ) ) ;
#2201 = CARTESIAN_POINT ( 'NONE',  ( -4.474999999999888622, 4.549999999999997158, 61.55000000000001137 ) ) ;
#2202 = ADVANCED_FACE ( 'NONE', ( #1672 ), #4352, .F. ) ;
#2203 = ADVANCED_FACE ( 'NONE', ( #2130 ), #688, .F. ) ;
#2204 = DIRECTION ( 'NONE',  ( 0.000000000000000000, 0.000000000000000000, 1.000000000000000000 ) ) ;
#2205 = ORIENTED_EDGE ( 'NONE', *, *, #4563, .T. ) ;
#2206 = DIRECTION ( 'NONE',  ( -0.000000000000000000, 1.000000000000000000, -0.000000000000000000 ) ) ;
#2207 = AXIS2_PLACEMENT_3D ( 'NONE', #2352, #5000, #306 ) ;
#2208 = DIRECTION ( 'NONE',  ( 0.000000000000000000, 0.000000000000000000, 1.000000000000000000 ) ) ;
#2209 = CIRCLE ( 'NONE', #3839, 1.700000000000007061 ) ;
#2210 = DIRECTION ( 'NONE',  ( -0.000000000000000000, -1.000000000000000000, -0.000000000000000000 ) ) ;
#2211 = DIRECTION ( 'NONE',  ( 0.000000000000000000, 0.000000000000000000, 1.000000000000000000 ) ) ;
#2212 = AXIS2_PLACEMENT_3D ( 'NONE', #3780, #5045, #3091 ) ;
#2213 = CARTESIAN_POINT ( 'NONE',  ( -174.4749999999999091, 4.549999999999997158, 59.85000000000003695 ) ) ;
#2214 = DIRECTION ( 'NONE',  ( -0.000000000000000000, 1.000000000000000000, -0.000000000000000000 ) ) ;
#2215 = CARTESIAN_POINT ( 'NONE',  ( -215.3250000000000171, 6.000000000000000000, 19.60000000000002629 ) ) ;
#2216 = ORIENTED_EDGE ( 'NONE', *, *, #1482, .F. ) ;
#2217 = EDGE_LOOP ( 'NONE', ( #3571, #3929, #4967, #1165 ) ) ;
#2218 = AXIS2_PLACEMENT_3D ( 'NONE', #2221, #2246, #303 ) ;
#2219 = CARTESIAN_POINT ( 'NONE',  ( 239.4750000000000227, 6.000000000000000000, 56.75000000000002842 ) ) ;
#2220 = ORIENTED_EDGE ( 'NONE', *, *, #1819, .T. ) ;
#2221 = CARTESIAN_POINT ( 'NONE',  ( -224.4749999999999659, 0.000000000000000000, 59.85000000000003695 ) ) ;
#2222 = EDGE_LOOP ( 'NONE', ( #4303, #3890, #265, #919, #4789, #1195, #1350, #901, #4625, #2237, #3538, #3279, #760, #3035, #4864, #3008, #2097, #243, #1294, #1342 ) ) ;
#2223 = FACE_OUTER_BOUND ( 'NONE', #2992, .T. ) ;
#2224 = DIRECTION ( 'NONE',  ( 0.000000000000000000, 1.000000000000000000, 0.000000000000000000 ) ) ;
#2225 = EDGE_CURVE ( 'NONE', #2122, #5021, #4736, .T. ) ;
#2226 = LINE ( 'NONE', #275, #369 ) ;
#2227 = CARTESIAN_POINT ( 'NONE',  ( -4.474999999999944578, 6.000000000000000000, -30.80000000000002203 ) ) ;
#2228 = EDGE_LOOP ( 'NONE', ( #1423, #4562, #4975, #1715 ) ) ;
#2229 = DIRECTION ( 'NONE',  ( -0.000000000000000000, 1.000000000000000000, -0.000000000000000000 ) ) ;
#2230 = DIRECTION ( 'NONE',  ( -0.000000000000000000, 1.000000000000000000, -0.000000000000000000 ) ) ;
#2231 = DIRECTION ( 'NONE',  ( -0.000000000000000000, 1.000000000000000000, -0.000000000000000000 ) ) ;
#2232 = DIRECTION ( 'NONE',  ( -0.000000000000000000, 1.000000000000000000, -0.000000000000000000 ) ) ;
#2233 = CARTESIAN_POINT ( 'NONE',  ( 165.5250000000000625, 0.000000000000000000, -6.675504130139742361E-14 ) ) ;
#2234 = VECTOR ( 'NONE', #1414, 1000.000000000000000 ) ;
#2235 = CARTESIAN_POINT ( 'NONE',  ( 202.8250000000000739, 6.000000000000000000, 12.89999999999997371 ) ) ;
#2236 = DIRECTION ( 'NONE',  ( -0.000000000000000000, 1.000000000000000000, -0.000000000000000000 ) ) ;
#2237 = ORIENTED_EDGE ( 'NONE', *, *, #1268, .T. ) ;
#2238 = ORIENTED_EDGE ( 'NONE', *, *, #72, .F. ) ;
#2239 = DIRECTION ( 'NONE',  ( -0.000000000000000000, 1.000000000000000000, -0.000000000000000000 ) ) ;
#2240 = APPLICATION_CONTEXT ( 'automotive_design' ) ;
#2241 = VECTOR ( 'NONE', #485, 1000.000000000000000 ) ;
#2242 = VECTOR ( 'NONE', #1384, 1000.000000000000000 ) ;
#2243 = AXIS2_PLACEMENT_3D ( 'NONE', #1261, #2442, #130 ) ;
#2244 = VECTOR ( 'NONE', #3413, 1000.000000000000000 ) ;
#2245 = ORIENTED_EDGE ( 'NONE', *, *, #4605, .T. ) ;
#2246 = DIRECTION ( 'NONE',  ( 0.000000000000000000, 1.000000000000000000, 0.000000000000000000 ) ) ;
#2247 = ORIENTED_EDGE ( 'NONE', *, *, #3693, .T. ) ;
#2248 = DIRECTION ( 'NONE',  ( -0.000000000000000000, 1.000000000000000000, -0.000000000000000000 ) ) ;
#2249 = CARTESIAN_POINT ( 'NONE',  ( -244.4749999999999943, 6.000000000000000000, -47.16377085042624628 ) ) ;
#2250 = CIRCLE ( 'NONE', #44, 1.700000000000007061 ) ;
#2251 = FACE_BOUND ( 'NONE', #4801, .T. ) ;
#2252 = VECTOR ( 'NONE', #1535, 1000.000000000000000 ) ;
#2253 = ADVANCED_FACE ( 'NONE', ( #3259, #1649, #3283, #1287, #3591, #2848, #4808, #2902, #3184, #79, #3207, #1368, #1746, #2929, #4485, #975, #4096, #2155, #585, #2544, #3713, #3305, #4863, #3145, #4775, #2813, #3198, #2399, #3987, #2737, #3122, #427, #3627, #1202, #1612, #1223, #3906, #2453, #4704, #475 ), #3583, .F. ) ;
#2254 = VERTEX_POINT ( 'NONE', #3958 ) ;
#2255 = ORIENTED_EDGE ( 'NONE', *, *, #3133, .F. ) ;
#2256 = CARTESIAN_POINT ( 'NONE',  ( -174.4749999999999659, 6.000000000000000000, -2.775557561562891351E-14 ) ) ;
#2257 = AXIS2_PLACEMENT_3D ( 'NONE', #4560, #3695, #4873 ) ;
#2258 = ADVANCED_FACE ( 'NONE', ( #2022 ), #4612, .F. ) ;
#2259 = CYLINDRICAL_SURFACE ( 'NONE', #3191, 1.700000000000007061 ) ;
#2260 = EDGE_CURVE ( 'NONE', #765, #4491, #3960, .T. ) ;
#2261 = CARTESIAN_POINT ( 'NONE',  ( 216.9750000000000227, 0.000000000000000000, 61.55000000000003979 ) ) ;
#2262 = DIRECTION ( 'NONE',  ( 0.000000000000000000, 1.000000000000000000, 0.000000000000000000 ) ) ;
#2263 = CARTESIAN_POINT ( 'NONE',  ( -215.3250000000000171, 0.000000000000000000, -19.59999999999999076 ) ) ;
#2264 = CIRCLE ( 'NONE', #1616, 1.700000000000007061 ) ;
#2265 = EDGE_CURVE ( 'NONE', #459, #2862, #3220, .T. ) ;
#2266 = CARTESIAN_POINT ( 'NONE',  ( -4.474999999999944578, 0.000000000000000000, -61.55000000000004690 ) ) ;
#2267 = EDGE_CURVE ( 'NONE', #21, #3251, #1505, .T. ) ;
#2268 = ADVANCED_FACE ( 'NONE', ( #454 ), #2820, .F. ) ;
#2269 = DIRECTION ( 'NONE',  ( -0.000000000000000000, 1.000000000000000000, -0.000000000000000000 ) ) ;
#2270 = ORIENTED_EDGE ( 'NONE', *, *, #987, .T. ) ;
#2271 = ORIENTED_EDGE ( 'NONE', *, *, #604, .F. ) ;
#2272 = CARTESIAN_POINT ( 'NONE',  ( -203.6750000000000114, 6.000000000000000000, -27.64999999999999503 ) ) ;
#2273 = ORIENTED_EDGE ( 'NONE', *, *, #4347, .T. ) ;
#2274 = FACE_OUTER_BOUND ( 'NONE', #2228, .T. ) ;
#2275 = VERTEX_POINT ( 'NONE', #3173 ) ;
#2276 = CARTESIAN_POINT ( 'NONE',  ( 165.5250000000001194, 6.000000000000000000, 59.84999999999999432 ) ) ;
#2277 = DIRECTION ( 'NONE',  ( 0.000000000000000000, 0.000000000000000000, 1.000000000000000000 ) ) ;
#2278 = EDGE_LOOP ( 'NONE', ( #266, #5017, #1014, #2558 ) ) ;
#2279 = ORIENTED_EDGE ( 'NONE', *, *, #3234, .T. ) ;
#2280 = DIRECTION ( 'NONE',  ( -0.000000000000000000, 1.000000000000000000, -0.000000000000000000 ) ) ;
#2281 = CARTESIAN_POINT ( 'NONE',  ( 229.9750000000001364, 6.000000000000000000, -35.99999999999997868 ) ) ;
#2282 = FACE_OUTER_BOUND ( 'NONE', #3368, .T. ) ;
#2283 = CARTESIAN_POINT ( 'NONE',  ( 229.9750000000001364, 6.000000000000000000, -39.14999999999999147 ) ) ;
#2284 = FACE_OUTER_BOUND ( 'NONE', #1422, .T. ) ;
#2285 = AXIS2_PLACEMENT_3D ( 'NONE', #2281, #4227, #2693 ) ;
#2286 = EDGE_CURVE ( 'NONE', #4872, #4932, #1635, .T. ) ;
#2287 = DIRECTION ( 'NONE',  ( -0.000000000000000000, 1.000000000000000000, -0.000000000000000000 ) ) ;
#2288 = FILL_AREA_STYLE_COLOUR ( '', #5039 ) ;
#2289 = DIRECTION ( 'NONE',  ( 0.000000000000000000, 0.000000000000000000, 1.000000000000000000 ) ) ;
#2290 = AXIS2_PLACEMENT_3D ( 'NONE', #1075, #634, #2969 ) ;
#2291 = EDGE_LOOP ( 'NONE', ( #2302, #4968, #444, #3116 ) ) ;
#2292 = ORIENTED_EDGE ( 'NONE', *, *, #3549, .T. ) ;
#2293 = CARTESIAN_POINT ( 'NONE',  ( -241.7249999999999943, 6.000000000000000000, -2.743031496388326218E-14 ) ) ;
#2294 = CONICAL_SURFACE ( 'NONE', #4741, 3.150000000000007017, 0.7853981633974495002 ) ;
#2295 = CIRCLE ( 'NONE', #3767, 1.700000000000007061 ) ;
#2296 = ORIENTED_EDGE ( 'NONE', *, *, #4040, .F. ) ;
#2297 = CARTESIAN_POINT ( 'NONE',  ( -244.4749999999999943, 6.000000000000000000, 47.16377085042618944 ) ) ;
#2298 = ORIENTED_EDGE ( 'NONE', *, *, #1098, .F. ) ;
#2299 = DIRECTION ( 'NONE',  ( 0.000000000000000000, 1.000000000000000000, 0.000000000000000000 ) ) ;
#2300 = DIRECTION ( 'NONE',  ( -0.000000000000000000, 1.000000000000000000, -0.000000000000000000 ) ) ;
#2301 = ORIENTED_EDGE ( 'NONE', *, *, #4732, .T. ) ;
#2302 = ORIENTED_EDGE ( 'NONE', *, *, #598, .F. ) ;
#2303 = DIRECTION ( 'NONE',  ( 8.659560562354942719E-17, 0.7071067811865466846, -0.7071067811865483499 ) ) ;
#2304 = DIRECTION ( 'NONE',  ( 0.000000000000000000, 0.7071067811865466846, 0.7071067811865483499 ) ) ;
#2305 = DIRECTION ( 'NONE',  ( 0.000000000000000000, 0.000000000000000000, 1.000000000000000000 ) ) ;
#2306 = ORIENTED_EDGE ( 'NONE', *, *, #732, .T. ) ;
#2307 = CARTESIAN_POINT ( 'NONE',  ( -174.4749999999999659, 6.000000000000000000, 30.80000000000000782 ) ) ;
#2308 = AXIS2_PLACEMENT_3D ( 'NONE', #3696, #2507, #4824 ) ;
#2309 = DIRECTION ( 'NONE',  ( 0.000000000000000000, 0.000000000000000000, 1.000000000000000000 ) ) ;
#2310 = DIRECTION ( 'NONE',  ( -0.000000000000000000, 1.000000000000000000, -0.000000000000000000 ) ) ;
#2311 = AXIS2_PLACEMENT_3D ( 'NONE', #4027, #3287, #2527 ) ;
#2312 = ORIENTED_EDGE ( 'NONE', *, *, #2632, .T. ) ;
#2313 = EDGE_CURVE ( 'NONE', #1781, #4269, #3606, .T. ) ;
#2314 = VERTEX_POINT ( 'NONE', #4011 ) ;
#2315 = EDGE_CURVE ( 'NONE', #1767, #1126, #1917, .T. ) ;
#2316 = FACE_OUTER_BOUND ( 'NONE', #4004, .T. ) ;
#2317 = CARTESIAN_POINT ( 'NONE',  ( 165.5250000000000625, 0.000000000000000000, -59.85000000000007248 ) ) ;
#2318 = EDGE_CURVE ( 'NONE', #1526, #3404, #2574, .T. ) ;
#2319 = ORIENTED_EDGE ( 'NONE', *, *, #2694, .F. ) ;
#2320 = DIRECTION ( 'NONE',  ( -0.000000000000000000, 1.000000000000000000, -0.000000000000000000 ) ) ;
#2321 = VERTEX_POINT ( 'NONE', #2068 ) ;
#2322 = AXIS2_PLACEMENT_3D ( 'NONE', #2440, #1335, #4838 ) ;
#2323 = DIRECTION ( 'NONE',  ( 0.000000000000000000, 1.000000000000000000, 0.000000000000000000 ) ) ;
#2324 = VECTOR ( 'NONE', #3486, 1000.000000000000000 ) ;
#2325 = VECTOR ( 'NONE', #4800, 1000.000000000000000 ) ;
#2326 = ADVANCED_FACE ( 'NONE', ( #887 ), #115, .F. ) ;
#2327 = VECTOR ( 'NONE', #3513, 1000.000000000000000 ) ;
#2328 = EDGE_CURVE ( 'NONE', #1101, #968, #361, .T. ) ;
#2329 = ADVANCED_FACE ( 'NONE', ( #3556 ), #43, .F. ) ;
#2330 = CARTESIAN_POINT ( 'NONE',  ( 165.5250000000001194, 4.549999999999997158, 59.84999999999999432 ) ) ;
#2331 = EDGE_CURVE ( 'NONE', #4703, #4349, #1762, .T. ) ;
#2332 = VERTEX_POINT ( 'NONE', #966 ) ;
#2333 = ORIENTED_EDGE ( 'NONE', *, *, #2895, .T. ) ;
#2334 = CARTESIAN_POINT ( 'NONE',  ( -241.7250000000000512, 6.000000000000000000, 51.85000000000005116 ) ) ;
#2335 = CIRCLE ( 'NONE', #3316, 1.700000000000007061 ) ;
#2336 = CARTESIAN_POINT ( 'NONE',  ( -174.4749999999999091, 0.000000000000000000, 61.55000000000003979 ) ) ;
#2337 = DIRECTION ( 'NONE',  ( -0.000000000000000000, 1.000000000000000000, -0.000000000000000000 ) ) ;
#2338 = AXIS2_PLACEMENT_3D ( 'NONE', #1061, #2214, #572 ) ;
#2339 = ORIENTED_EDGE ( 'NONE', *, *, #1761, .T. ) ;
#2340 = CARTESIAN_POINT ( 'NONE',  ( -4.474999999999944578, 6.000000000000000000, -3.150000000000047429 ) ) ;
#2341 = DIRECTION ( 'NONE',  ( -0.000000000000000000, 1.000000000000000000, -0.000000000000000000 ) ) ;
#2342 = SURFACE_SIDE_STYLE ('',( #4617 ) ) ;
#2343 = CARTESIAN_POINT ( 'NONE',  ( 239.4750000000000227, 6.000000000000000000, 59.00000000000002842 ) ) ;
#2344 = ORIENTED_EDGE ( 'NONE', *, *, #539, .T. ) ;
#2345 = CIRCLE ( 'NONE', #2860, 3.149999999999999911 ) ;
#2346 = ORIENTED_EDGE ( 'NONE', *, *, #3922, .T. ) ;
#2347 = DIRECTION ( 'NONE',  ( -0.000000000000000000, 1.000000000000000000, -0.000000000000000000 ) ) ;
#2348 = CARTESIAN_POINT ( 'NONE',  ( 229.9750000000001364, 4.549999999999997158, -16.20000000000002416 ) ) ;
#2349 = ORIENTED_EDGE ( 'NONE', *, *, #3670, .F. ) ;
#2350 = DIRECTION ( 'NONE',  ( 0.000000000000000000, 0.000000000000000000, 1.000000000000000000 ) ) ;
#2351 = EDGE_LOOP ( 'NONE', ( #4725, #4141, #3182, #3138 ) ) ;
#2352 = CARTESIAN_POINT ( 'NONE',  ( -174.4749999999999659, 6.000000000000000000, -2.775557561562891351E-14 ) ) ;
#2353 = EDGE_CURVE ( 'NONE', #1254, #3902, #1735, .T. ) ;
#2354 = UNCERTAINTY_MEASURE_WITH_UNIT (LENGTH_MEASURE( 1.000000000000000082E-05 ), #3384, 'distance_accuracy_value', 'NONE');
#2355 = ORIENTED_EDGE ( 'NONE', *, *, #3644, .T. ) ;
#2356 = ORIENTED_EDGE ( 'NONE', *, *, #1069, .T. ) ;
#2357 = LINE ( 'NONE', #1591, #768 ) ;
#2358 = ADVANCED_FACE ( 'NONE', ( #3320 ), #1710, .T. ) ;
#2359 = EDGE_CURVE ( 'NONE', #4107, #98, #1679, .T. ) ;
#2360 = VERTEX_POINT ( 'NONE', #4108 ) ;
#2361 = DIRECTION ( 'NONE',  ( 0.000000000000000000, 0.000000000000000000, -1.000000000000000000 ) ) ;
#2362 = CARTESIAN_POINT ( 'NONE',  ( 165.5250000000000625, 4.549999999999997158, -1.700000000000073896 ) ) ;
#2363 = ORIENTED_EDGE ( 'NONE', *, *, #4821, .T. ) ;
#2364 = DIRECTION ( 'NONE',  ( 0.000000000000000000, 0.000000000000000000, 1.000000000000000000 ) ) ;
#2365 = DIRECTION ( 'NONE',  ( 0.000000000000000000, 0.000000000000000000, 1.000000000000000000 ) ) ;
#2366 = DIRECTION ( 'NONE',  ( -0.000000000000000000, 1.000000000000000000, -0.000000000000000000 ) ) ;
#2367 = AXIS2_PLACEMENT_3D ( 'NONE', #3135, #3926, #3164 ) ;
#2368 = DIRECTION ( 'NONE',  ( -0.000000000000000000, 1.000000000000000000, -0.000000000000000000 ) ) ;
#2369 = EDGE_LOOP ( 'NONE', ( #2661, #4833, #600, #2856 ) ) ;
#2370 = EDGE_LOOP ( 'NONE', ( #1913, #218 ) ) ;
#2371 = CARTESIAN_POINT ( 'NONE',  ( 191.1750000000000398, 6.000000000000000000, -2.775557561562891351E-14 ) ) ;
#2372 = CARTESIAN_POINT ( 'NONE',  ( 216.9750000000000227, 4.549999999999997158, 59.85000000000003695 ) ) ;
#2373 = VECTOR ( 'NONE', #4728, 1000.000000000000000 ) ;
#2374 = ORIENTED_EDGE ( 'NONE', *, *, #346, .F. ) ;
#2375 = CARTESIAN_POINT ( 'NONE',  ( 165.5250000000000625, 6.000000000000000000, 29.09999999999995879 ) ) ;
#2376 = ORIENTED_EDGE ( 'NONE', *, *, #4072, .F. ) ;
#2377 = CIRCLE ( 'NONE', #1722, 3.150000000000013678 ) ;
#2378 = DIRECTION ( 'NONE',  ( -0.000000000000000000, 1.000000000000000000, -0.000000000000000000 ) ) ;
#2379 = AXIS2_PLACEMENT_3D ( 'NONE', #495, #3622, #3547 ) ;
#2380 = ORIENTED_EDGE ( 'NONE', *, *, #2638, .F. ) ;
#2381 = ORIENTED_EDGE ( 'NONE', *, *, #1785, .T. ) ;
#2382 = DIRECTION ( 'NONE',  ( 0.000000000000000000, 0.000000000000000000, 1.000000000000000000 ) ) ;
#2383 = EDGE_CURVE ( 'NONE', #2360, #780, #3956, .T. ) ;
#2384 = ORIENTED_EDGE ( 'NONE', *, *, #3950, .T. ) ;
#2385 = LINE ( 'NONE', #2078, #4005 ) ;
#2386 = CARTESIAN_POINT ( 'NONE',  ( 165.5250000000000625, 6.000000000000000000, 33.94999999999998153 ) ) ;
#2387 = VERTEX_POINT ( 'NONE', #166 ) ;
#2388 = CARTESIAN_POINT ( 'NONE',  ( 191.1750000000000398, 6.000000000000000000, 59.85000000000003695 ) ) ;
#2389 = CARTESIAN_POINT ( 'NONE',  ( 165.5250000000000625, 0.000000000000000000, 29.09999999999995879 ) ) ;
#2390 = EDGE_CURVE ( 'NONE', #2321, #2774, #4851, .T. ) ;
#2391 = CARTESIAN_POINT ( 'NONE',  ( -174.4749999999999659, 0.000000000000000000, -32.50000000000000711 ) ) ;
#2392 = CARTESIAN_POINT ( 'NONE',  ( -4.474999999999944578, 0.000000000000000000, 29.09999999999999076 ) ) ;
#2393 = ORIENTED_EDGE ( 'NONE', *, *, #1816, .T. ) ;
#2394 = AXIS2_PLACEMENT_3D ( 'NONE', #3777, #1039, #2652 ) ;
#2395 = DIRECTION ( 'NONE',  ( 0.000000000000000000, 0.000000000000000000, 1.000000000000000000 ) ) ;
#2396 = CYLINDRICAL_SURFACE ( 'NONE', #2989, 1.700000000000000178 ) ;
#2397 = CIRCLE ( 'NONE', #3947, 1.699999999999996625 ) ;
#2398 = ORIENTED_EDGE ( 'NONE', *, *, #5027, .T. ) ;
#2399 = FACE_BOUND ( 'NONE', #3900, .T. ) ;
#2400 = ORIENTED_EDGE ( 'NONE', *, *, #1725, .T. ) ;
#2401 = CARTESIAN_POINT ( 'NONE',  ( 241.9749999999999943, 6.000000000000000000, 64.00000000000002842 ) ) ;
#2402 = ORIENTED_EDGE ( 'NONE', *, *, #1819, .F. ) ;
#2403 = ORIENTED_EDGE ( 'NONE', *, *, #1069, .F. ) ;
#2404 = CONICAL_SURFACE ( 'NONE', #1017, 3.150000000000013678, 0.7853981633974495002 ) ;
#2405 = ORIENTED_EDGE ( 'NONE', *, *, #4508, .T. ) ;
#2406 = AXIS2_PLACEMENT_3D ( 'NONE', #3031, #4960, #3293 ) ;
#2407 = DIRECTION ( 'NONE',  ( 0.000000000000000000, 1.000000000000000000, 0.000000000000000000 ) ) ;
#2408 = AXIS2_PLACEMENT_3D ( 'NONE', #787, #2786, #4726 ) ;
#2409 = CIRCLE ( 'NONE', #3717, 1.700000000000007061 ) ;
#2410 = VECTOR ( 'NONE', #3593, 1000.000000000000000 ) ;
#2411 = DIRECTION ( 'NONE',  ( -0.000000000000000000, 1.000000000000000000, -0.000000000000000000 ) ) ;
#2412 = LINE ( 'NONE', #872, #3879 ) ;
#2413 = EDGE_LOOP ( 'NONE', ( #813, #3605, #609, #1636 ) ) ;
#2414 = DIRECTION ( 'NONE',  ( 0.000000000000000000, 0.000000000000000000, 1.000000000000000000 ) ) ;
#2415 = AXIS2_PLACEMENT_3D ( 'NONE', #4150, #588, #285 ) ;
#2416 = DIRECTION ( 'NONE',  ( -0.000000000000000000, 1.000000000000000000, -0.000000000000000000 ) ) ;
#2417 = EDGE_CURVE ( 'NONE', #3610, #1840, #3796, .T. ) ;
#2418 = ADVANCED_FACE ( 'NONE', ( #4084 ), #1263, .F. ) ;
#2419 = CONICAL_SURFACE ( 'NONE', #289, 3.150000000000013678, 0.7853981633974495002 ) ;
#2420 = LINE ( 'NONE', #4468, #3742 ) ;
#2421 = LINE ( 'NONE', #4078, #3217 ) ;
#2422 = ORIENTED_EDGE ( 'NONE', *, *, #917, .T. ) ;
#2423 = CIRCLE ( 'NONE', #3645, 2.500000000000002220 ) ;
#2424 = CARTESIAN_POINT ( 'NONE',  ( -174.4749999999999659, 6.000000000000000000, -3.150000000000041656 ) ) ;
#2425 = ADVANCED_FACE ( 'NONE', ( #702 ), #4119, .F. ) ;
#2426 = AXIS2_PLACEMENT_3D ( 'NONE', #2983, #262, #645 ) ;
#2427 = EDGE_CURVE ( 'NONE', #1301, #3256, #606, .T. ) ;
#2428 = CARTESIAN_POINT ( 'NONE',  ( -241.7250000000000512, 0.000000000000000000, 47.00000000000002842 ) ) ;
#2429 = EDGE_CURVE ( 'NONE', #2610, #206, #4062, .T. ) ;
#2430 = AXIS2_PLACEMENT_3D ( 'NONE', #1031, #671, #4937 ) ;
#2431 = CARTESIAN_POINT ( 'NONE',  ( 191.1750000000000398, 4.549999999999997158, 58.15000000000002700 ) ) ;
#2432 = ORIENTED_EDGE ( 'NONE', *, *, #809, .T. ) ;
#2433 = CARTESIAN_POINT ( 'NONE',  ( 219.4749999999999943, 6.000000000000000000, -30.80000000000002558 ) ) ;
#2434 = EDGE_LOOP ( 'NONE', ( #1951, #1072, #4589, #4023 ) ) ;
#2435 = LINE ( 'NONE', #916, #4976 ) ;
#2436 = ORIENTED_EDGE ( 'NONE', *, *, #2049, .F. ) ;
#2437 = VERTEX_POINT ( 'NONE', #2263 ) ;
#2438 = FACE_OUTER_BOUND ( 'NONE', #913, .T. ) ;
#2439 = CARTESIAN_POINT ( 'NONE',  ( -224.4749999999999659, 0.000000000000000000, -58.15000000000001990 ) ) ;
#2440 = CARTESIAN_POINT ( 'NONE',  ( 229.9750000000001364, 0.000000000000000000, 55.99999999999997158 ) ) ;
#2441 = VERTEX_POINT ( 'NONE', #2170 ) ;
#2442 = DIRECTION ( 'NONE',  ( -0.000000000000000000, 1.000000000000000000, -0.000000000000000000 ) ) ;
#2443 = CARTESIAN_POINT ( 'NONE',  ( -241.7250000000000512, 6.000000000000000000, -50.40000000000009805 ) ) ;
#2444 = DIRECTION ( 'NONE',  ( 0.000000000000000000, 0.000000000000000000, 1.000000000000000000 ) ) ;
#2445 = DIRECTION ( 'NONE',  ( -0.000000000000000000, 1.000000000000000000, -0.000000000000000000 ) ) ;
#2446 = EDGE_LOOP ( 'NONE', ( #1244, #3531, #1694, #737 ) ) ;
#2447 = DIRECTION ( 'NONE',  ( 0.000000000000000000, 0.000000000000000000, 1.000000000000000000 ) ) ;
#2448 = ADVANCED_FACE ( 'NONE', ( #2146 ), #3700, .F. ) ;
#2449 = CARTESIAN_POINT ( 'NONE',  ( -203.6750000000000114, 6.000000000000000000, -30.80000000000000782 ) ) ;
#2450 = VECTOR ( 'NONE', #3211, 1000.000000000000000 ) ;
#2451 = CARTESIAN_POINT ( 'NONE',  ( 216.9750000000000227, 6.000000000000000000, 58.15000000000002700 ) ) ;
#2452 = ORIENTED_EDGE ( 'NONE', *, *, #3831, .F. ) ;
#2453 = FACE_BOUND ( 'NONE', #3527, .T. ) ;
#2454 = EDGE_LOOP ( 'NONE', ( #1596, #3658 ) ) ;
#2455 = CARTESIAN_POINT ( 'NONE',  ( 229.9750000000001364, 6.000000000000000000, 55.99999999999997158 ) ) ;
#2456 = AXIS2_PLACEMENT_3D ( 'NONE', #2024, #1614, #808 ) ;
#2457 = AXIS2_PLACEMENT_3D ( 'NONE', #1670, #1286, #4405 ) ;
#2458 = CIRCLE ( 'NONE', #3845, 1.700000000000007061 ) ;
#2459 = ORIENTED_EDGE ( 'NONE', *, *, #1098, .T. ) ;
#2460 = ORIENTED_EDGE ( 'NONE', *, *, #3263, .T. ) ;
#2461 = FACE_OUTER_BOUND ( 'NONE', #4157, .T. ) ;
#2462 = CIRCLE ( 'NONE', #3441, 1.700000000000007061 ) ;
#2463 = CARTESIAN_POINT ( 'NONE',  ( 241.9749999999999943, 0.000000000000000000, 64.00000000000002842 ) ) ;
#2464 = DIRECTION ( 'NONE',  ( 0.000000000000000000, 0.000000000000000000, 1.000000000000000000 ) ) ;
#2465 = CIRCLE ( 'NONE', #2878, 3.150000000000013678 ) ;
#2466 = ORIENTED_EDGE ( 'NONE', *, *, #3487, .T. ) ;
#2467 = DIRECTION ( 'NONE',  ( 0.000000000000000000, 0.000000000000000000, 1.000000000000000000 ) ) ;
#2468 = CARTESIAN_POINT ( 'NONE',  ( 229.9750000000001364, 4.549999999999997158, 54.29999999999996874 ) ) ;
#2469 = CARTESIAN_POINT ( 'NONE',  ( 165.5250000000000625, 4.549999999999997158, -58.15000000000006253 ) ) ;
#2470 = FACE_OUTER_BOUND ( 'NONE', #2594, .T. ) ;
#2471 = VERTEX_POINT ( 'NONE', #3729 ) ;
#2472 = LINE ( 'NONE', #908, #4257 ) ;
#2473 = DIRECTION ( 'NONE',  ( 8.659560562354942719E-17, 0.7071067811865466846, -0.7071067811865483499 ) ) ;
#2474 = ADVANCED_FACE ( 'NONE', ( #219 ), #1854, .F. ) ;
#2475 = FACE_BOUND ( 'NONE', #2764, .T. ) ;
#2476 = EDGE_CURVE ( 'NONE', #1806, #384, #3252, .T. ) ;
#2477 = ORIENTED_EDGE ( 'NONE', *, *, #5026, .T. ) ;
#2478 = CARTESIAN_POINT ( 'NONE',  ( -4.474999999999944578, 6.000000000000000000, -33.95000000000002416 ) ) ;
#2479 = VERTEX_POINT ( 'NONE', #2478 ) ;
#2480 = DIRECTION ( 'NONE',  ( 0.000000000000000000, 0.000000000000000000, 1.000000000000000000 ) ) ;
#2481 = AXIS2_PLACEMENT_3D ( 'NONE', #4692, #750, #828 ) ;
#2482 = EDGE_CURVE ( 'NONE', #3775, #1149, #112, .T. ) ;
#2483 = EDGE_CURVE ( 'NONE', #3115, #144, #2084, .T. ) ;
#2484 = VERTEX_POINT ( 'NONE', #2697 ) ;
#2485 = EDGE_LOOP ( 'NONE', ( #3322, #1123 ) ) ;
#2486 = EDGE_LOOP ( 'NONE', ( #2238, #708, #326, #2560 ) ) ;
#2487 = DIRECTION ( 'NONE',  ( 0.000000000000000000, 0.000000000000000000, 1.000000000000000000 ) ) ;
#2489 = EDGE_CURVE ( 'NONE', #2774, #3813, #850, .T. ) ;
#2488 = VECTOR ( 'NONE', #4128, 1000.000000000000000 ) ;
#2490 = ADVANCED_FACE ( 'NONE', ( #366 ), #3870, .F. ) ;
#2491 = ADVANCED_FACE ( 'NONE', ( #2284 ), #3921, .F. ) ;
#2493 = DIRECTION ( 'NONE',  ( 0.000000000000000000, 0.000000000000000000, 1.000000000000000000 ) ) ;
#2492 = AXIS2_PLACEMENT_3D ( 'NONE', #814, #3205, #1716 ) ;
#2494 = AXIS2_PLACEMENT_3D ( 'NONE', #2307, #1160, #823 ) ;
#2495 = DIRECTION ( 'NONE',  ( -0.000000000000000000, 1.000000000000000000, -0.000000000000000000 ) ) ;
#2496 = ORIENTED_EDGE ( 'NONE', *, *, #1794, .F. ) ;
#2497 = DIRECTION ( 'NONE',  ( -0.000000000000000000, 1.000000000000000000, -0.000000000000000000 ) ) ;
#2498 = VECTOR ( 'NONE', #4731, 1000.000000000000000 ) ;
#2499 = AXIS2_PLACEMENT_3D ( 'NONE', #1085, #4827, #1325 ) ;
#2500 = CARTESIAN_POINT ( 'NONE',  ( -4.474999999999944578, 6.000000000000000000, -59.85000000000005116 ) ) ;
#2501 = LINE ( 'NONE', #1681, #3892 ) ;
#2502 = VECTOR ( 'NONE', #2232, 1000.000000000000000 ) ;
#2503 = DIRECTION ( 'NONE',  ( 0.000000000000000000, 1.000000000000000000, 0.000000000000000000 ) ) ;
#2504 = VERTEX_POINT ( 'NONE', #2775 ) ;
#2505 = DIRECTION ( 'NONE',  ( 0.000000000000000000, 0.000000000000000000, 1.000000000000000000 ) ) ;
#2506 = VECTOR ( 'NONE', #205, 1000.000000000000000 ) ;
#2507 = DIRECTION ( 'NONE',  ( -0.000000000000000000, 1.000000000000000000, -0.000000000000000000 ) ) ;
#2508 = EDGE_LOOP ( 'NONE', ( #196, #3498 ) ) ;
#2509 = DIRECTION ( 'NONE',  ( 0.000000000000000000, 0.000000000000000000, 1.000000000000000000 ) ) ;
#2510 = AXIS2_PLACEMENT_3D ( 'NONE', #1755, #4155, #1038 ) ;
#2511 = ORIENTED_EDGE ( 'NONE', *, *, #2575, .T. ) ;
#2512 = DIRECTION ( 'NONE',  ( -0.000000000000000000, 1.000000000000000000, -0.000000000000000000 ) ) ;
#2513 = ORIENTED_EDGE ( 'NONE', *, *, #3480, .F. ) ;
#2514 = ORIENTED_EDGE ( 'NONE', *, *, #3943, .F. ) ;
#2515 = ORIENTED_EDGE ( 'NONE', *, *, #1886, .F. ) ;
#2516 = AXIS2_PLACEMENT_3D ( 'NONE', #1340, #4001, #2909 ) ;
#2517 = CARTESIAN_POINT ( 'NONE',  ( -174.4749999999999659, 6.000000000000000000, 33.95000000000002416 ) ) ;
#2518 = EDGE_CURVE ( 'NONE', #1526, #1938, #4230, .T. ) ;
#2519 = EDGE_CURVE ( 'NONE', #4668, #3235, #4931, .T. ) ;
#2520 = CARTESIAN_POINT ( 'NONE',  ( 241.9749999999999943, 6.000000000000000000, -61.49999999999997158 ) ) ;
#2521 = DIRECTION ( 'NONE',  ( -0.000000000000000000, 1.000000000000000000, -0.000000000000000000 ) ) ;
#2522 = ORIENTED_EDGE ( 'NONE', *, *, #2736, .T. ) ;
#2523 = CARTESIAN_POINT ( 'NONE',  ( 202.8250000000000739, 4.549999999999997158, 12.89999999999997371 ) ) ;
#2524 = EDGE_CURVE ( 'NONE', #4543, #4526, #774, .T. ) ;
#2525 = DIRECTION ( 'NONE',  ( 0.000000000000000000, 0.000000000000000000, 1.000000000000000000 ) ) ;
#2526 = FACE_OUTER_BOUND ( 'NONE', #3153, .T. ) ;
#2527 = DIRECTION ( 'NONE',  ( 0.000000000000000000, 0.000000000000000000, 1.000000000000000000 ) ) ;
#2528 = ORIENTED_EDGE ( 'NONE', *, *, #3452, .F. ) ;
#2529 = CARTESIAN_POINT ( 'NONE',  ( 165.5250000000000625, 0.000000000000000000, 32.49999999999997158 ) ) ;
#2530 = FACE_BOUND ( 'NONE', #4727, .T. ) ;
#2531 = ORIENTED_EDGE ( 'NONE', *, *, #4360, .T. ) ;
#2532 = DIRECTION ( 'NONE',  ( 0.000000000000000000, 0.000000000000000000, 1.000000000000000000 ) ) ;
#2533 = VERTEX_POINT ( 'NONE', #2340 ) ;
#2534 = EDGE_LOOP ( 'NONE', ( #2402, #223, #4620, #2245 ) ) ;
#2535 = LINE ( 'NONE', #2966, #816 ) ;
#2536 = EDGE_LOOP ( 'NONE', ( #2568, #1248, #2459, #4908 ) ) ;
#2537 = EDGE_LOOP ( 'NONE', ( #5003, #2735 ) ) ;
#2538 = CYLINDRICAL_SURFACE ( 'NONE', #4500, 1.700000000000007061 ) ;
#2539 = CARTESIAN_POINT ( 'NONE',  ( 229.9750000000001364, 0.000000000000000000, -19.60000000000003695 ) ) ;
#2540 = AXIS2_PLACEMENT_3D ( 'NONE', #898, #3232, #149 ) ;
#2541 = CIRCLE ( 'NONE', #4818, 3.150000000000013678 ) ;
#2542 = CARTESIAN_POINT ( 'NONE',  ( 219.4749999999999943, 6.000000000000000000, -32.50000000000002842 ) ) ;
#2543 = ADVANCED_FACE ( 'NONE', ( #339 ), #3712, .F. ) ;
#2544 = FACE_BOUND ( 'NONE', #3301, .T. ) ;
#2545 = EDGE_CURVE ( 'NONE', #4705, #2973, #4447, .T. ) ;
#2546 = ORIENTED_EDGE ( 'NONE', *, *, #1795, .T. ) ;
#2547 = CARTESIAN_POINT ( 'NONE',  ( -215.3250000000000171, 4.549999999999997158, 16.20000000000001350 ) ) ;
#2548 = AXIS2_PLACEMENT_3D ( 'NONE', #347, #1498, #3807 ) ;
#2549 = CARTESIAN_POINT ( 'NONE',  ( -224.4749999999999659, 6.000000000000000000, 59.85000000000003695 ) ) ;
#2550 = CIRCLE ( 'NONE', #4423, 1.700000000000007061 ) ;
#2551 = CARTESIAN_POINT ( 'NONE',  ( 239.4749999999999943, 6.000000000000000000, -56.75000000000002842 ) ) ;
#2552 = CARTESIAN_POINT ( 'NONE',  ( -215.3250000000000171, 6.000000000000000000, -17.89999999999998437 ) ) ;
#2553 = VERTEX_POINT ( 'NONE', #1952 ) ;
#2554 = ADVANCED_FACE ( 'NONE', ( #3055 ), #4695, .F. ) ;
#2555 = DIRECTION ( 'NONE',  ( -0.000000000000000000, 1.000000000000000000, -0.000000000000000000 ) ) ;
#2556 = ADVANCED_FACE ( 'NONE', ( #392 ), #1876, .F. ) ;
#2557 = DIRECTION ( 'NONE',  ( 0.000000000000000000, 0.7071067811865479058, 0.7071067811865471286 ) ) ;
#2558 = ORIENTED_EDGE ( 'NONE', *, *, #1631, .T. ) ;
#2559 = CARTESIAN_POINT ( 'NONE',  ( -174.4749999999999091, 6.000000000000000000, 63.00000000000005684 ) ) ;
#2560 = ORIENTED_EDGE ( 'NONE', *, *, #1365, .F. ) ;
#2561 = DIRECTION ( 'NONE',  ( 0.000000000000000000, 0.000000000000000000, 1.000000000000000000 ) ) ;
#2562 = EDGE_LOOP ( 'NONE', ( #3420, #2292 ) ) ;
#2563 = ORIENTED_EDGE ( 'NONE', *, *, #2128, .T. ) ;
#2564 = CARTESIAN_POINT ( 'NONE',  ( 239.4750000000000227, 0.000000000000000000, 61.25000000000003553 ) ) ;
#2565 = CARTESIAN_POINT ( 'NONE',  ( 202.8250000000000739, 6.000000000000000000, 16.04999999999998650 ) ) ;
#2566 = LINE ( 'NONE', #2542, #2506 ) ;
#2567 = AXIS2_PLACEMENT_3D ( 'NONE', #2727, #4361, #854 ) ;
#2568 = ORIENTED_EDGE ( 'NONE', *, *, #1647, .F. ) ;
#2569 = CYLINDRICAL_SURFACE ( 'NONE', #4197, 1.700000000000007061 ) ;
#2570 = DIRECTION ( 'NONE',  ( 1.000000000000000000, 0.000000000000000000, 0.000000000000000000 ) ) ;
#2571 = DIRECTION ( 'NONE',  ( -0.000000000000000000, 1.000000000000000000, -0.000000000000000000 ) ) ;
#2572 = CARTESIAN_POINT ( 'NONE',  ( -4.474999999999944578, 6.000000000000000000, 30.79999999999998650 ) ) ;
#2573 = DIRECTION ( 'NONE',  ( 8.659560562354942719E-17, 0.7071067811865466846, -0.7071067811865483499 ) ) ;
#2574 = CIRCLE ( 'NONE', #1018, 1.700000000000007061 ) ;
#2575 = EDGE_CURVE ( 'NONE', #1806, #4781, #932, .T. ) ;
#2576 = EDGE_CURVE ( 'NONE', #3284, #3957, #3554, .T. ) ;
#2577 = CYLINDRICAL_SURFACE ( 'NONE', #2426, 1.700000000000000178 ) ;
#2578 = CIRCLE ( 'NONE', #2905, 1.700000000000007061 ) ;
#2579 = LINE ( 'NONE', #4133, #4191 ) ;
#2580 = ORIENTED_EDGE ( 'NONE', *, *, #3924, .T. ) ;
#2581 = ADVANCED_FACE ( 'NONE', ( #417 ), #3464, .F. ) ;
#2582 = ORIENTED_EDGE ( 'NONE', *, *, #4826, .F. ) ;
#2583 = DIRECTION ( 'NONE',  ( 0.000000000000000000, 0.000000000000000000, 1.000000000000000000 ) ) ;
#2584 = EDGE_CURVE ( 'NONE', #1575, #867, #4366, .T. ) ;
#2585 = CIRCLE ( 'NONE', #1025, 1.700000000000007061 ) ;
#2586 = EDGE_CURVE ( 'NONE', #377, #2321, #4989, .T. ) ;
#2587 = AXIS2_PLACEMENT_3D ( 'NONE', #2625, #3032, #2962 ) ;
#2588 = ORIENTED_EDGE ( 'NONE', *, *, #1976, .T. ) ;
#2589 = EDGE_LOOP ( 'NONE', ( #2873, #3905 ) ) ;
#2590 = VERTEX_POINT ( 'NONE', #1110 ) ;
#2591 = CARTESIAN_POINT ( 'NONE',  ( 202.8250000000000739, 0.000000000000000000, 46.99999999999997158 ) ) ;
#2592 = AXIS2_PLACEMENT_3D ( 'NONE', #4387, #4433, #439 ) ;
#2593 = DIRECTION ( 'NONE',  ( -0.000000000000000000, 1.000000000000000000, -0.000000000000000000 ) ) ;
#2594 = EDGE_LOOP ( 'NONE', ( #664, #592, #2683, #1660 ) ) ;
#2595 = CARTESIAN_POINT ( 'NONE',  ( 165.5250000000000625, 6.000000000000000000, -58.15000000000006253 ) ) ;
#2596 = FACE_OUTER_BOUND ( 'NONE', #4925, .T. ) ;
#2597 = DIRECTION ( 'NONE',  ( -0.000000000000000000, 1.000000000000000000, -0.000000000000000000 ) ) ;
#2598 = DIRECTION ( 'NONE',  ( 0.000000000000000000, 0.000000000000000000, 1.000000000000000000 ) ) ;
#2599 = CARTESIAN_POINT ( 'NONE',  ( -244.4749999999999659, 5.600006489870443360, -0.2699922667957733724 ) ) ;
#2600 = CARTESIAN_POINT ( 'NONE',  ( 216.9750000000000227, 4.549999999999997158, 61.55000000000003979 ) ) ;
#2601 = CARTESIAN_POINT ( 'NONE',  ( -174.4749999999999659, 6.000000000000000000, -2.775557561562891351E-14 ) ) ;
#2603 = ORIENTED_EDGE ( 'NONE', *, *, #2482, .T. ) ;
#2602 = AXIS2_PLACEMENT_3D ( 'NONE', #60, #1318, #2854 ) ;
#2604 = EDGE_CURVE ( 'NONE', #1651, #2792, #3847, .T. ) ;
#2605 = ORIENTED_EDGE ( 'NONE', *, *, #4008, .T. ) ;
#2606 = ORIENTED_EDGE ( 'NONE', *, *, #355, .F. ) ;
#2607 = DIRECTION ( 'NONE',  ( 0.000000000000000000, 0.000000000000000000, 1.000000000000000000 ) ) ;
#2608 = VERTEX_POINT ( 'NONE', #81 ) ;
#2609 = CARTESIAN_POINT ( 'NONE',  ( -4.474999999999888622, 0.000000000000000000, 59.85000000000001563 ) ) ;
#2610 = VERTEX_POINT ( 'NONE', #1240 ) ;
#2611 = DIRECTION ( 'NONE',  ( -0.000000000000000000, 1.000000000000000000, -0.000000000000000000 ) ) ;
#2612 = CARTESIAN_POINT ( 'NONE',  ( -4.474999999999944578, 6.000000000000000000, -59.85000000000005116 ) ) ;
#2613 = FACE_OUTER_BOUND ( 'NONE', #2799, .T. ) ;
#2614 = AXIS2_PLACEMENT_3D ( 'NONE', #724, #2190, #290 ) ;
#2615 = DIRECTION ( 'NONE',  ( 0.000000000000000000, 1.000000000000000000, 0.000000000000000000 ) ) ;
#2616 = ORIENTED_EDGE ( 'NONE', *, *, #3821, .F. ) ;
#2617 = DIRECTION ( 'NONE',  ( -0.000000000000000000, 1.000000000000000000, -0.000000000000000000 ) ) ;
#2618 = AXIS2_PLACEMENT_3D ( 'NONE', #2276, #3860, #5050 ) ;
#2619 = LINE ( 'NONE', #4488, #1506 ) ;
#2620 = AXIS2_PLACEMENT_3D ( 'NONE', #4903, #1403, #1455 ) ;
#2621 = LINE ( 'NONE', #4178, #53 ) ;
#2622 = DIRECTION ( 'NONE',  ( 8.659560562354927928E-17, 0.7071067811865479058, -0.7071067811865471286 ) ) ;
#2623 = AXIS2_PLACEMENT_3D ( 'NONE', #4853, #2921, #169 ) ;
#2624 = DIRECTION ( 'NONE',  ( 0.000000000000000000, 0.7071067811865466846, 0.7071067811865483499 ) ) ;
#2625 = CARTESIAN_POINT ( 'NONE',  ( -241.7250000000000512, 6.000000000000000000, 48.70000000000003837 ) ) ;
#2626 = AXIS2_PLACEMENT_3D ( 'NONE', #3117, #5019, #3011 ) ;
#2627 = DIRECTION ( 'NONE',  ( 0.000000000000000000, 0.7071067811865466846, 0.7071067811865483499 ) ) ;
#2628 = VERTEX_POINT ( 'NONE', #1337 ) ;
#2629 = ORIENTED_EDGE ( 'NONE', *, *, #4357, .T. ) ;
#2630 = CARTESIAN_POINT ( 'NONE',  ( 191.1750000000000398, 6.000000000000000000, -3.150000000000013678 ) ) ;
#2631 = ADVANCED_FACE ( 'NONE', ( #3946 ), #2821, .F. ) ;
#2632 = EDGE_CURVE ( 'NONE', #867, #1575, #4375, .T. ) ;
#2633 = EDGE_LOOP ( 'NONE', ( #3933, #2872 ) ) ;
#2634 = LINE ( 'NONE', #325, #3361 ) ;
#2635 = ORIENTED_EDGE ( 'NONE', *, *, #2869, .T. ) ;
#2636 = DIRECTION ( 'NONE',  ( 0.000000000000000000, 0.000000000000000000, 1.000000000000000000 ) ) ;
#2637 = CARTESIAN_POINT ( 'NONE',  ( 239.4749999999999943, 0.000000000000000000, -59.00000000000002842 ) ) ;
#2638 = EDGE_CURVE ( 'NONE', #3937, #1960, #1593, .T. ) ;
#2639 = CARTESIAN_POINT ( 'NONE',  ( 229.9750000000001364, 6.000000000000000000, -14.75000000000001599 ) ) ;
#2640 = VERTEX_POINT ( 'NONE', #4051 ) ;
#2641 = ORIENTED_EDGE ( 'NONE', *, *, #1893, .T. ) ;
#2642 = DIRECTION ( 'NONE',  ( -0.000000000000000000, 1.000000000000000000, -0.000000000000000000 ) ) ;
#2643 = ADVANCED_FACE ( 'NONE', ( #4790 ), #1652, .F. ) ;
#2644 = EDGE_CURVE ( 'NONE', #4705, #3937, #3617, .T. ) ;
#2645 = ADVANCED_FACE ( 'NONE', ( #465 ), #2007, .F. ) ;
#2646 = AXIS2_PLACEMENT_3D ( 'NONE', #12, #1603, #3467 ) ;
#2647 = CARTESIAN_POINT ( 'NONE',  ( 219.4749999999999943, 6.000000000000000000, -27.65000000000001279 ) ) ;
#2648 = LINE ( 'NONE', #1442, #2502 ) ;
#2649 = DIRECTION ( 'NONE',  ( 0.000000000000000000, 1.000000000000000000, 0.000000000000000000 ) ) ;
#2650 = DIRECTION ( 'NONE',  ( 0.000000000000000000, 1.000000000000000000, 0.000000000000000000 ) ) ;
#2651 = DIRECTION ( 'NONE',  ( -0.000000000000000000, 1.000000000000000000, -0.000000000000000000 ) ) ;
#2652 = DIRECTION ( 'NONE',  ( 0.000000000000000000, 0.000000000000000000, 1.000000000000000000 ) ) ;
#2653 = AXIS2_PLACEMENT_3D ( 'NONE', #2719, #2747, #4305 ) ;
#2654 = VERTEX_POINT ( 'NONE', #3665 ) ;
#2655 = EDGE_LOOP ( 'NONE', ( #632, #13, #4470, #581 ) ) ;
#2656 = FACE_OUTER_BOUND ( 'NONE', #4137, .T. ) ;
#2657 = AXIS2_PLACEMENT_3D ( 'NONE', #4750, #2765, #833 ) ;
#2658 = VECTOR ( 'NONE', #3572, 1000.000000000000000 ) ;
#2659 = EDGE_LOOP ( 'NONE', ( #372, #1528, #597, #1330 ) ) ;
#2660 = CARTESIAN_POINT ( 'NONE',  ( -241.9749999999999943, 6.000000000000000000, 64.00000000000002842 ) ) ;
#2661 = ORIENTED_EDGE ( 'NONE', *, *, #252, .F. ) ;
#2662 = DIRECTION ( 'NONE',  ( 0.000000000000000000, 0.7071067811865466846, 0.7071067811865483499 ) ) ;
#2663 = DIRECTION ( 'NONE',  ( 0.000000000000000000, 0.000000000000000000, 1.000000000000000000 ) ) ;
#2664 = AXIS2_PLACEMENT_3D ( 'NONE', #1298, #4395, #1731 ) ;
#2665 = LINE ( 'NONE', #4244, #2252 ) ;
#2666 = AXIS2_PLACEMENT_3D ( 'NONE', #91, #5002, #2716 ) ;
#2667 = EDGE_CURVE ( 'NONE', #3448, #137, #2167, .T. ) ;
#2668 = ORIENTED_EDGE ( 'NONE', *, *, #981, .T. ) ;
#2669 = ORIENTED_EDGE ( 'NONE', *, *, #4671, .T. ) ;
#2670 = CARTESIAN_POINT ( 'NONE',  ( -203.6750000000000114, 4.549999999999997158, 32.50000000000003553 ) ) ;
#2671 = ADVANCED_FACE ( 'NONE', ( #2059 ), #152, .F. ) ;
#2672 = CONICAL_SURFACE ( 'NONE', #1771, 3.149999999999993250, 0.7853981633974399523 ) ;
#2673 = CARTESIAN_POINT ( 'NONE',  ( -174.4749999999999659, 4.549999999999997158, -61.55000000000003268 ) ) ;
#2674 = DIRECTION ( 'NONE',  ( 0.000000000000000000, 0.000000000000000000, 1.000000000000000000 ) ) ;
#2675 = CARTESIAN_POINT ( 'NONE',  ( -244.4750000000000227, 5.883681800026471898, -1.297721548010495107 ) ) ;
#2676 = CARTESIAN_POINT ( 'NONE',  ( -174.4749999999999091, 6.000000000000000000, 59.85000000000003695 ) ) ;
#2677 = CARTESIAN_POINT ( 'NONE',  ( 229.9750000000001364, 4.549999999999997158, -57.69999999999998153 ) ) ;
#2678 = DIRECTION ( 'NONE',  ( 0.000000000000000000, 0.000000000000000000, 1.000000000000000000 ) ) ;
#2679 = CARTESIAN_POINT ( 'NONE',  ( -244.4750000000000227, 5.883681800026460351, 47.40227845198948131 ) ) ;
#2680 = VERTEX_POINT ( 'NONE', #58 ) ;
#2681 = ORIENTED_EDGE ( 'NONE', *, *, #3073, .T. ) ;
#2682 = CARTESIAN_POINT ( 'NONE',  ( -174.4749999999999659, 6.000000000000000000, -27.64999999999998792 ) ) ;
#2683 = ORIENTED_EDGE ( 'NONE', *, *, #2331, .T. ) ;
#2684 = DIRECTION ( 'NONE',  ( 0.000000000000000000, 0.000000000000000000, 1.000000000000000000 ) ) ;
#2685 = EDGE_LOOP ( 'NONE', ( #1192, #1027, #2270, #683 ) ) ;
#2686 = DIRECTION ( 'NONE',  ( 0.000000000000000000, 0.000000000000000000, 1.000000000000000000 ) ) ;
#2687 = LINE ( 'NONE', #3196, #3157 ) ;
#2688 = ORIENTED_EDGE ( 'NONE', *, *, #2705, .F. ) ;
#2689 = ORIENTED_EDGE ( 'NONE', *, *, #810, .T. ) ;
#2690 = DIRECTION ( 'NONE',  ( 0.000000000000000000, 0.000000000000000000, 1.000000000000000000 ) ) ;
#2691 = AXIS2_PLACEMENT_3D ( 'NONE', #1493, #1115, #2678 ) ;
#2692 = ADVANCED_FACE ( 'NONE', ( #4385 ), #4206, .F. ) ;
#2693 = DIRECTION ( 'NONE',  ( 0.000000000000000000, 0.000000000000000000, 1.000000000000000000 ) ) ;
#2694 = EDGE_CURVE ( 'NONE', #3284, #4194, #1624, .T. ) ;
#2695 = LINE ( 'NONE', #723, #2327 ) ;
#2696 = ORIENTED_EDGE ( 'NONE', *, *, #2103, .T. ) ;
#2697 = CARTESIAN_POINT ( 'NONE',  ( -174.4749999999999659, 0.000000000000000000, -29.09999999999999432 ) ) ;
#2698 = CONICAL_SURFACE ( 'NONE', #648, 3.150000000000020783, 0.7853981633974495002 ) ;
#2699 = CARTESIAN_POINT ( 'NONE',  ( -244.4749999999999943, 0.000000000000000000, -63.99999999999997158 ) ) ;
#2700 = CIRCLE ( 'NONE', #4087, 3.150000000000013678 ) ;
#2701 = DIRECTION ( 'NONE',  ( 0.000000000000000000, 0.000000000000000000, 1.000000000000000000 ) ) ;
#2702 = VERTEX_POINT ( 'NONE', #848 ) ;
#2703 = ORIENTED_EDGE ( 'NONE', *, *, #3488, .T. ) ;
#2704 = DIRECTION ( 'NONE',  ( 0.000000000000000000, 1.000000000000000000, 0.000000000000000000 ) ) ;
#2705 = EDGE_CURVE ( 'NONE', #206, #4567, #1509, .T. ) ;
#2706 = CIRCLE ( 'NONE', #3518, 1.700000000000007061 ) ;
#2707 = EDGE_CURVE ( 'NONE', #2654, #2122, #3963, .T. ) ;
#2708 = EDGE_CURVE ( 'NONE', #4091, #3469, #3236, .T. ) ;
#2709 = CARTESIAN_POINT ( 'NONE',  ( -239.4750000000000227, 0.000000000000000000, -56.74999999999997868 ) ) ;
#2710 = ADVANCED_FACE ( 'NONE', ( #874 ), #3802, .F. ) ;
#2711 = VECTOR ( 'NONE', #4998, 1000.000000000000000 ) ;
#2712 = ORIENTED_EDGE ( 'NONE', *, *, #11, .F. ) ;
#2713 = CARTESIAN_POINT ( 'NONE',  ( -239.4749999999999943, 6.000000000000000000, 61.25000000000003553 ) ) ;
#2714 = ORIENTED_EDGE ( 'NONE', *, *, #1606, .T. ) ;
#2715 = DIRECTION ( 'NONE',  ( -0.000000000000000000, 1.000000000000000000, -0.000000000000000000 ) ) ;
#2716 = DIRECTION ( 'NONE',  ( 0.000000000000000000, 0.000000000000000000, 1.000000000000000000 ) ) ;
#2717 = ORIENTED_EDGE ( 'NONE', *, *, #4664, .F. ) ;
#2718 = VERTEX_POINT ( 'NONE', #3998 ) ;
#2719 = CARTESIAN_POINT ( 'NONE',  ( -241.7250000000000512, 4.549999999999997158, 48.70000000000003837 ) ) ;
#2720 = DIRECTION ( 'NONE',  ( -0.000000000000000000, 1.000000000000000000, -0.000000000000000000 ) ) ;
#2721 = DIRECTION ( 'NONE',  ( 0.000000000000000000, 1.000000000000000000, 0.000000000000000000 ) ) ;
#2722 = ORIENTED_EDGE ( 'NONE', *, *, #3379, .T. ) ;
#2723 = DIRECTION ( 'NONE',  ( 0.000000000000000000, 0.000000000000000000, 1.000000000000000000 ) ) ;
#2724 = CONICAL_SURFACE ( 'NONE', #3132, 3.150000000000013678, 0.7853981633974495002 ) ;
#2725 = CARTESIAN_POINT ( 'NONE',  ( -224.4749999999999659, 4.549999999999997158, -59.85000000000002984 ) ) ;
#2726 = CARTESIAN_POINT ( 'NONE',  ( -244.4749999999999943, 0.000000000000000000, -61.49999999999997158 ) ) ;
#2727 = CARTESIAN_POINT ( 'NONE',  ( -203.6750000000000114, 6.000000000000000000, -30.80000000000000782 ) ) ;
#2728 = CONICAL_SURFACE ( 'NONE', #763, 3.150000000000013678, 0.7853981633974495002 ) ;
#2729 = ORIENTED_EDGE ( 'NONE', *, *, #4847, .F. ) ;
#2730 = EDGE_CURVE ( 'NONE', #1714, #805, #4124, .T. ) ;
#2731 = ORIENTED_EDGE ( 'NONE', *, *, #183, .F. ) ;
#2732 = DIRECTION ( 'NONE',  ( 8.659560562354942719E-17, 0.7071067811865466846, -0.7071067811865483499 ) ) ;
#2733 = CIRCLE ( 'NONE', #3383, 1.700000000000007061 ) ;
#2734 = CARTESIAN_POINT ( 'NONE',  ( 219.4749999999999943, 0.000000000000000000, -30.80000000000002558 ) ) ;
#2735 = ORIENTED_EDGE ( 'NONE', *, *, #1954, .F. ) ;
#2736 = EDGE_CURVE ( 'NONE', #4107, #1239, #2880, .T. ) ;
#2737 = FACE_BOUND ( 'NONE', #1329, .T. ) ;
#2738 = ORIENTED_EDGE ( 'NONE', *, *, #2476, .T. ) ;
#2739 = CIRCLE ( 'NONE', #3230, 1.700000000000007061 ) ;
#2740 = DIRECTION ( 'NONE',  ( 0.000000000000000000, 0.000000000000000000, 1.000000000000000000 ) ) ;
#2741 = EDGE_CURVE ( 'NONE', #3448, #3471, #187, .T. ) ;
#2742 = AXIS2_PLACEMENT_3D ( 'NONE', #4676, #3934, #1171 ) ;
#2743 = AXIS2_PLACEMENT_3D ( 'NONE', #2552, #288, #1874 ) ;
#2744 = CIRCLE ( 'NONE', #4702, 3.150000000000013678 ) ;
#2745 = ORIENTED_EDGE ( 'NONE', *, *, #2644, .F. ) ;
#2746 = EDGE_LOOP ( 'NONE', ( #3811, #4478, #3047, #4012 ) ) ;
#2747 = DIRECTION ( 'NONE',  ( -0.000000000000000000, 1.000000000000000000, -0.000000000000000000 ) ) ;
#2748 = AXIS2_PLACEMENT_3D ( 'NONE', #759, #2320, #4568 ) ;
#2749 = AXIS2_PLACEMENT_3D ( 'NONE', #716, #3984, #2277 ) ;
#2750 = CARTESIAN_POINT ( 'NONE',  ( -4.474999999999944578, 6.000000000000000000, -63.00000000000005684 ) ) ;
#2751 = CYLINDRICAL_SURFACE ( 'NONE', #1676, 1.700000000000007061 ) ;
#2752 = AXIS2_PLACEMENT_3D ( 'NONE', #238, #1803, #4081 ) ;
#2753 = EDGE_LOOP ( 'NONE', ( #3682, #3125 ) ) ;
#2754 = DIRECTION ( 'NONE',  ( -0.000000000000000000, 1.000000000000000000, -0.000000000000000000 ) ) ;
#2755 = DIRECTION ( 'NONE',  ( 0.000000000000000000, 1.000000000000000000, 0.000000000000000000 ) ) ;
#2756 = CARTESIAN_POINT ( 'NONE',  ( 229.9750000000001364, 6.000000000000000000, -52.84999999999995879 ) ) ;
#2757 = DIRECTION ( 'NONE',  ( 0.000000000000000000, 0.000000000000000000, 1.000000000000000000 ) ) ;
#2758 = ORIENTED_EDGE ( 'NONE', *, *, #2797, .F. ) ;
#2759 = CONICAL_SURFACE ( 'NONE', #869, 3.150000000000013678, 0.7853981633974495002 ) ;
#2760 = ORIENTED_EDGE ( 'NONE', *, *, #4996, .F. ) ;
#2761 = CARTESIAN_POINT ( 'NONE',  ( -241.7249999999999943, 6.000000000000000000, 3.149999999999986589 ) ) ;
#2762 = FACE_OUTER_BOUND ( 'NONE', #358, .T. ) ;
#2763 = EDGE_CURVE ( 'NONE', #2973, #4705, #202, .T. ) ;
#2764 = EDGE_LOOP ( 'NONE', ( #941, #426 ) ) ;
#2765 = DIRECTION ( 'NONE',  ( 0.000000000000000000, 1.000000000000000000, 0.000000000000000000 ) ) ;
#2766 = ORIENTED_EDGE ( 'NONE', *, *, #72, .T. ) ;
#2767 = DIRECTION ( 'NONE',  ( 0.000000000000000000, 0.000000000000000000, 1.000000000000000000 ) ) ;
#2768 = VERTEX_POINT ( 'NONE', #4074 ) ;
#2769 = EDGE_LOOP ( 'NONE', ( #129, #2712, #3628, #2381 ) ) ;
#2770 = CARTESIAN_POINT ( 'NONE',  ( 229.9750000000001364, 6.000000000000000000, 55.99999999999997158 ) ) ;
#2771 = EDGE_CURVE ( 'NONE', #4675, #1473, #857, .T. ) ;
#2772 = CARTESIAN_POINT ( 'NONE',  ( -4.474999999999944578, 6.000000000000000000, 30.79999999999998650 ) ) ;
#2773 = FACE_OUTER_BOUND ( 'NONE', #3372, .T. ) ;
#2774 = VERTEX_POINT ( 'NONE', #2974 ) ;
#2775 = CARTESIAN_POINT ( 'NONE',  ( 191.1750000000000398, 4.549999999999997158, 1.699999999999979305 ) ) ;
#2776 = CYLINDRICAL_SURFACE ( 'NONE', #2912, 2.250000000000001776 ) ;
#2777 = CARTESIAN_POINT ( 'NONE',  ( 165.5250000000000625, 6.000000000000000000, 3.149999999999947065 ) ) ;
#2778 = CARTESIAN_POINT ( 'NONE',  ( -239.4750000000000227, 6.000000000000000000, -58.99999999999998579 ) ) ;
#2779 = EDGE_LOOP ( 'NONE', ( #812, #324, #3146, #4441 ) ) ;
#2780 = CIRCLE ( 'NONE', #4970, 1.700000000000007061 ) ;
#2781 = DIRECTION ( 'NONE',  ( -0.000000000000000000, 1.000000000000000000, -0.000000000000000000 ) ) ;
#2782 = EDGE_CURVE ( 'NONE', #2005, #1651, #5006, .T. ) ;
#2783 = CARTESIAN_POINT ( 'NONE',  ( 165.5250000000000625, 6.000000000000000000, -63.00000000000008527 ) ) ;
#2784 = AXIS2_PLACEMENT_3D ( 'NONE', #4571, #761, #1502 ) ;
#2785 = VERTEX_POINT ( 'NONE', #1388 ) ;
#2786 = DIRECTION ( 'NONE',  ( -0.000000000000000000, 1.000000000000000000, -0.000000000000000000 ) ) ;
#2787 = ORIENTED_EDGE ( 'NONE', *, *, #2353, .F. ) ;
#2788 = AXIS2_PLACEMENT_3D ( 'NONE', #1809, #1783, #3370 ) ;
#2789 = CARTESIAN_POINT ( 'NONE',  ( 229.9750000000001364, 0.000000000000000000, -37.69999999999998153 ) ) ;
#2790 = CIRCLE ( 'NONE', #4338, 1.700000000000000178 ) ;
#2791 = EDGE_LOOP ( 'NONE', ( #480, #4749 ) ) ;
#2792 = VERTEX_POINT ( 'NONE', #177 ) ;
#2793 = DIRECTION ( 'NONE',  ( 0.000000000000000000, 0.000000000000000000, 1.000000000000000000 ) ) ;
#2794 = ADVANCED_FACE ( 'NONE', ( #4956 ), #2817, .F. ) ;
#2795 = ORIENTED_EDGE ( 'NONE', *, *, #4162, .F. ) ;
#2796 = FACE_OUTER_BOUND ( 'NONE', #4652, .T. ) ;
#2797 = EDGE_CURVE ( 'NONE', #638, #2080, #3553, .T. ) ;
#2798 = FACE_OUTER_BOUND ( 'NONE', #3288, .T. ) ;
#2799 = EDGE_LOOP ( 'NONE', ( #3863, #1382, #2339, #4653 ) ) ;
#2800 = CARTESIAN_POINT ( 'NONE',  ( 219.4749999999999943, 6.000000000000000000, -30.80000000000002558 ) ) ;
#2801 = EDGE_CURVE ( 'NONE', #1397, #3077, #4446, .T. ) ;
#2802 = EDGE_CURVE ( 'NONE', #2123, #459, #3024, .T. ) ;
#2803 = DIRECTION ( 'NONE',  ( 0.000000000000000000, 0.000000000000000000, 1.000000000000000000 ) ) ;
#2804 = DIRECTION ( 'NONE',  ( -0.000000000000000000, 1.000000000000000000, -0.000000000000000000 ) ) ;
#2805 = FACE_OUTER_BOUND ( 'NONE', #3901, .T. ) ;
#2806 = VERTEX_POINT ( 'NONE', #4511 ) ;
#2807 = CIRCLE ( 'NONE', #4273, 3.149999999999993250 ) ;
#2808 = CARTESIAN_POINT ( 'NONE',  ( 191.1750000000000398, 6.000000000000000000, -2.775557561562891351E-14 ) ) ;
#2809 = DIRECTION ( 'NONE',  ( 0.000000000000000000, 0.000000000000000000, 1.000000000000000000 ) ) ;
#2810 = VECTOR ( 'NONE', #930, 1000.000000000000000 ) ;
#2811 = CARTESIAN_POINT ( 'NONE',  ( 244.4749999999999943, 6.000000000000000000, -63.99999999999997158 ) ) ;
#2812 = EDGE_LOOP ( 'NONE', ( #4120, #1462, #4677, #3885 ) ) ;
#2813 = FACE_BOUND ( 'NONE', #3292, .T. ) ;
#2814 = EDGE_LOOP ( 'NONE', ( #1944, #829, #1940, #3625 ) ) ;
#2815 = CARTESIAN_POINT ( 'NONE',  ( -4.474999999999944578, 6.000000000000000000, 3.149999999999952838 ) ) ;
#2816 = EDGE_LOOP ( 'NONE', ( #391, #22 ) ) ;
#2817 = CONICAL_SURFACE ( 'NONE', #3142, 3.149999999999993250, 0.7853981633974399523 ) ;
#2818 = ORIENTED_EDGE ( 'NONE', *, *, #382, .F. ) ;
#2819 = CYLINDRICAL_SURFACE ( 'NONE', #5012, 1.700000000000007061 ) ;
#2820 = CONICAL_SURFACE ( 'NONE', #607, 3.150000000000013678, 0.7853981633974495002 ) ;
#2821 = CONICAL_SURFACE ( 'NONE', #936, 3.150000000000013678, 0.7853981633974495002 ) ;
#2822 = LINE ( 'NONE', #818, #241 ) ;
#2823 = EDGE_CURVE ( 'NONE', #788, #1974, #3468, .T. ) ;
#2824 = DIRECTION ( 'NONE',  ( 0.000000000000000000, 0.000000000000000000, 1.000000000000000000 ) ) ;
#2825 = ORIENTED_EDGE ( 'NONE', *, *, #1578, .T. ) ;
#2826 = DIRECTION ( 'NONE',  ( 0.000000000000000000, 1.000000000000000000, 0.000000000000000000 ) ) ;
#2827 = AXIS2_PLACEMENT_3D ( 'NONE', #2859, #3671, #161 ) ;
#2828 = DIRECTION ( 'NONE',  ( 0.000000000000000000, 0.000000000000000000, 1.000000000000000000 ) ) ;
#2829 = CIRCLE ( 'NONE', #48, 1.700000000000007061 ) ;
#2830 = CARTESIAN_POINT ( 'NONE',  ( 229.9750000000001364, 0.000000000000000000, -17.90000000000003055 ) ) ;
#2831 = LINE ( 'NONE', #3313, #5001 ) ;
#2832 = EDGE_LOOP ( 'NONE', ( #4825, #3895 ) ) ;
#2833 = AXIS2_PLACEMENT_3D ( 'NONE', #764, #4748, #3482 ) ;
#2834 = DIRECTION ( 'NONE',  ( 0.000000000000000000, 0.000000000000000000, 1.000000000000000000 ) ) ;
#2835 = VECTOR ( 'NONE', #3187, 1000.000000000000000 ) ;
#2836 = DIRECTION ( 'NONE',  ( 0.000000000000000000, 0.7071067811865466846, 0.7071067811865483499 ) ) ;
#2837 = CONICAL_SURFACE ( 'NONE', #3249, 3.150000000000013678, 0.7853981633974495002 ) ;
#2838 = FACE_BOUND ( 'NONE', #3654, .T. ) ;
#2839 = ORIENTED_EDGE ( 'NONE', *, *, #3761, .T. ) ;
#2840 = DIRECTION ( 'NONE',  ( -0.000000000000000000, 1.000000000000000000, -0.000000000000000000 ) ) ;
#2841 = ORIENTED_EDGE ( 'NONE', *, *, #539, .F. ) ;
#2842 = DIRECTION ( 'NONE',  ( 0.000000000000000000, 0.000000000000000000, 1.000000000000000000 ) ) ;
#2843 = ORIENTED_EDGE ( 'NONE', *, *, #3039, .T. ) ;
#2844 = ORIENTED_EDGE ( 'NONE', *, *, #1677, .F. ) ;
#2845 = DIRECTION ( 'NONE',  ( -0.000000000000000000, 1.000000000000000000, -0.000000000000000000 ) ) ;
#2846 = DIRECTION ( 'NONE',  ( 0.000000000000000000, 0.000000000000000000, 1.000000000000000000 ) ) ;
#2847 = STYLED_ITEM ( 'NONE', ( #3898 ), #322 ) ;
#2848 = FACE_BOUND ( 'NONE', #4920, .T. ) ;
#2849 = VERTEX_POINT ( 'NONE', #4579 ) ;
#2850 = DIRECTION ( 'NONE',  ( -0.000000000000000000, 1.000000000000000000, -0.000000000000000000 ) ) ;
#2851 = ADVANCED_FACE ( 'NONE', ( #978 ), #2569, .F. ) ;
#2852 = DIRECTION ( 'NONE',  ( 0.000000000000000000, 0.000000000000000000, 1.000000000000000000 ) ) ;
#2853 = EDGE_CURVE ( 'NONE', #2141, #5049, #849, .T. ) ;
#2854 = DIRECTION ( 'NONE',  ( 0.000000000000000000, 0.000000000000000000, 1.000000000000000000 ) ) ;
#2855 = DIRECTION ( 'NONE',  ( -0.000000000000000000, 1.000000000000000000, -0.000000000000000000 ) ) ;
#2856 = ORIENTED_EDGE ( 'NONE', *, *, #2331, .F. ) ;
#2857 = CARTESIAN_POINT ( 'NONE',  ( -4.474999999999944578, 4.549999999999997158, -59.85000000000005116 ) ) ;
#2858 = EDGE_CURVE ( 'NONE', #2792, #3731, #3303, .T. ) ;
#2859 = CARTESIAN_POINT ( 'NONE',  ( -241.7250000000000512, 6.000000000000000000, 48.70000000000003837 ) ) ;
#2860 = AXIS2_PLACEMENT_3D ( 'NONE', #1873, #2720, #3103 ) ;
#2861 = FACE_BOUND ( 'NONE', #2537, .T. ) ;
#2862 = VERTEX_POINT ( 'NONE', #3765 ) ;
#2863 = EDGE_CURVE ( 'NONE', #3445, #3877, #4865, .T. ) ;
#2864 = DIRECTION ( 'NONE',  ( 0.000000000000000000, 0.000000000000000000, 1.000000000000000000 ) ) ;
#2865 = VERTEX_POINT ( 'NONE', #2547 ) ;
#2866 = CARTESIAN_POINT ( 'NONE',  ( -244.4749999999999943, 6.000000000000000000, -50.23622914957393704 ) ) ;
#2867 = ADVANCED_FACE ( 'NONE', ( #1818 ), #3382, .F. ) ;
#2868 = CIRCLE ( 'NONE', #1879, 1.700000000000007061 ) ;
#2869 = EDGE_CURVE ( 'NONE', #843, #4710, #1181, .T. ) ;
#2870 = AXIS2_PLACEMENT_3D ( 'NONE', #4307, #4635, #1594 ) ;
#2871 = CIRCLE ( 'NONE', #4088, 3.149999999999993250 ) ;
#2872 = ORIENTED_EDGE ( 'NONE', *, *, #1861, .F. ) ;
#2873 = ORIENTED_EDGE ( 'NONE', *, *, #819, .F. ) ;
#2874 = LINE ( 'NONE', #1696, #2498 ) ;
#2875 = CIRCLE ( 'NONE', #578, 1.700000000000007061 ) ;
#2876 = CARTESIAN_POINT ( 'NONE',  ( -174.4749999999999659, 6.000000000000000000, -63.00000000000004263 ) ) ;
#2877 = CARTESIAN_POINT ( 'NONE',  ( -4.474999999999888622, 6.000000000000000000, 59.85000000000001563 ) ) ;
#2878 = AXIS2_PLACEMENT_3D ( 'NONE', #1500, #269, #1532 ) ;
#2879 = ORIENTED_EDGE ( 'NONE', *, *, #2143, .T. ) ;
#2880 = LINE ( 'NONE', #3000, #2907 ) ;
#2881 = LINE ( 'NONE', #2443, #3240 ) ;
#2882 = DIRECTION ( 'NONE',  ( 0.000000000000000000, 0.000000000000000000, 1.000000000000000000 ) ) ;
#2883 = CARTESIAN_POINT ( 'NONE',  ( 219.4749999999999943, 6.000000000000000000, -33.95000000000003837 ) ) ;
#2884 = ORIENTED_EDGE ( 'NONE', *, *, #4603, .F. ) ;
#2885 = FACE_OUTER_BOUND ( 'NONE', #3084, .T. ) ;
#2886 = ADVANCED_FACE ( 'NONE', ( #385 ), #4272, .F. ) ;
#2887 = FACE_BOUND ( 'NONE', #817, .T. ) ;
#2888 = ORIENTED_EDGE ( 'NONE', *, *, #2889, .F. ) ;
#2889 = EDGE_CURVE ( 'NONE', #3493, #4542, #4365, .T. ) ;
#2890 = DIRECTION ( 'NONE',  ( -0.000000000000000000, 1.000000000000000000, -0.000000000000000000 ) ) ;
#2891 = ORIENTED_EDGE ( 'NONE', *, *, #3510, .T. ) ;
#2892 = CYLINDRICAL_SURFACE ( 'NONE', #1800, 1.700000000000007061 ) ;
#2893 = AXIS2_PLACEMENT_3D ( 'NONE', #217, #1470, #3007 ) ;
#2894 = ORIENTED_EDGE ( 'NONE', *, *, #3392, .F. ) ;
#2895 = EDGE_CURVE ( 'NONE', #4495, #5021, #3710, .T. ) ;
#2896 = EDGE_LOOP ( 'NONE', ( #2247, #3306 ) ) ;
#2897 = VERTEX_POINT ( 'NONE', #2334 ) ;
#2898 = DIRECTION ( 'NONE',  ( 0.000000000000000000, 0.000000000000000000, 1.000000000000000000 ) ) ;
#2899 = VECTOR ( 'NONE', #3043, 1000.000000000000000 ) ;
#2900 = LINE ( 'NONE', #4837, #1227 ) ;
#2901 = AXIS2_PLACEMENT_3D ( 'NONE', #4443, #1302, #4204 ) ;
#2902 = FACE_BOUND ( 'NONE', #3557, .T. ) ;
#2903 = ORIENTED_EDGE ( 'NONE', *, *, #9, .T. ) ;
#2904 = DIRECTION ( 'NONE',  ( 0.000000000000000000, 0.000000000000000000, 1.000000000000000000 ) ) ;
#2905 = AXIS2_PLACEMENT_3D ( 'NONE', #4715, #363, #1131 ) ;
#2906 = AXIS2_PLACEMENT_3D ( 'NONE', #3684, #1769, #4093 ) ;
#2907 = VECTOR ( 'NONE', #1848, 1000.000000000000000 ) ;
#2908 = DIRECTION ( 'NONE',  ( -1.000000000000000000, 0.000000000000000000, -0.000000000000000000 ) ) ;
#2909 = DIRECTION ( 'NONE',  ( 0.000000000000000000, 0.000000000000000000, 1.000000000000000000 ) ) ;
#2910 = CIRCLE ( 'NONE', #4046, 3.149999999999999911 ) ;
#2911 = CARTESIAN_POINT ( 'NONE',  ( 229.9750000000001364, 6.000000000000000000, -59.14999999999998437 ) ) ;
#2912 = AXIS2_PLACEMENT_3D ( 'NONE', #2060, #1702, #2852 ) ;
#2913 = ORIENTED_EDGE ( 'NONE', *, *, #4347, .F. ) ;
#2914 = DIRECTION ( 'NONE',  ( 0.000000000000000000, 1.000000000000000000, 0.000000000000000000 ) ) ;
#2915 = CIRCLE ( 'NONE', #2664, 1.700000000000007061 ) ;
#2916 = CIRCLE ( 'NONE', #3725, 3.150000000000007017 ) ;
#2917 = DIRECTION ( 'NONE',  ( 0.000000000000000000, 1.000000000000000000, 0.000000000000000000 ) ) ;
#2918 = ORIENTED_EDGE ( 'NONE', *, *, #4235, .T. ) ;
#2919 = CARTESIAN_POINT ( 'NONE',  ( 165.5250000000000625, 6.000000000000000000, -33.95000000000005969 ) ) ;
#2920 = ORIENTED_EDGE ( 'NONE', *, *, #3990, .T. ) ;
#2921 = DIRECTION ( 'NONE',  ( 0.000000000000000000, 1.000000000000000000, 0.000000000000000000 ) ) ;
#2922 = EDGE_CURVE ( 'NONE', #938, #801, #4771, .T. ) ;
#2923 = ORIENTED_EDGE ( 'NONE', *, *, #135, .F. ) ;
#2924 = ORIENTED_EDGE ( 'NONE', *, *, #3636, .T. ) ;
#2925 = ORIENTED_EDGE ( 'NONE', *, *, #3110, .T. ) ;
#2926 = AXIS2_PLACEMENT_3D ( 'NONE', #567, #2138, #467 ) ;
#2927 = LINE ( 'NONE', #2946, #1346 ) ;
#2928 = FACE_OUTER_BOUND ( 'NONE', #3505, .T. ) ;
#2929 = FACE_BOUND ( 'NONE', #4711, .T. ) ;
#2930 = ORIENTED_EDGE ( 'NONE', *, *, #3446, .F. ) ;
#2931 = CARTESIAN_POINT ( 'NONE',  ( -203.6750000000000114, 6.000000000000000000, -27.64999999999999503 ) ) ;
#2932 = ADVANCED_FACE ( 'NONE', ( #1870 ), #1678, .F. ) ;
#2933 = CARTESIAN_POINT ( 'NONE',  ( -224.4749999999999659, 6.000000000000000000, 56.70000000000004547 ) ) ;
#2934 = CARTESIAN_POINT ( 'NONE',  ( 219.4749999999999943, 6.000000000000000000, -30.80000000000002558 ) ) ;
#2935 = CARTESIAN_POINT ( 'NONE',  ( -241.7250000000000512, 0.000000000000000000, 48.70000000000003837 ) ) ;
#2936 = ORIENTED_EDGE ( 'NONE', *, *, #1893, .F. ) ;
#2937 = DIRECTION ( 'NONE',  ( 0.000000000000000000, 0.000000000000000000, 1.000000000000000000 ) ) ;
#2938 = CARTESIAN_POINT ( 'NONE',  ( 0.000000000000000000, 6.000000000000000000, 0.000000000000000000 ) ) ;
#2939 = ORIENTED_EDGE ( 'NONE', *, *, #762, .F. ) ;
#2940 = DIRECTION ( 'NONE',  ( 0.000000000000000000, 0.000000000000000000, -1.000000000000000000 ) ) ;
#2941 = ORIENTED_EDGE ( 'NONE', *, *, #511, .F. ) ;
#2942 = CARTESIAN_POINT ( 'NONE',  ( 229.9750000000001364, 6.000000000000000000, 59.14999999999998437 ) ) ;
#2943 = ORIENTED_EDGE ( 'NONE', *, *, #3082, .F. ) ;
#2944 = VERTEX_POINT ( 'NONE', #310 ) ;
#2945 = LINE ( 'NONE', #4115, #160 ) ;
#2946 = CARTESIAN_POINT ( 'NONE',  ( -241.7250000000000512, 6.000000000000000000, -47.00000000000008527 ) ) ;
#2947 = CIRCLE ( 'NONE', #3923, 3.149999999999986144 ) ;
#2948 = CIRCLE ( 'NONE', #4090, 1.699999999999997957 ) ;
#2949 = CARTESIAN_POINT ( 'NONE',  ( 202.8250000000000739, 6.000000000000000000, 16.04999999999998650 ) ) ;
#2950 = EDGE_CURVE ( 'NONE', #4091, #894, #3509, .T. ) ;
#2951 = ORIENTED_EDGE ( 'NONE', *, *, #4200, .F. ) ;
#2952 = DIRECTION ( 'NONE',  ( -0.000000000000000000, 1.000000000000000000, -0.000000000000000000 ) ) ;
#2953 = CONICAL_SURFACE ( 'NONE', #2788, 3.150000000000013678, 0.7853981633974495002 ) ;
#2954 = APPLICATION_PROTOCOL_DEFINITION ( 'draft international standard', 'automotive_design', 1998, #2240 ) ;
#2955 = EDGE_CURVE ( 'NONE', #2254, #1270, #1975, .T. ) ;
#2956 = AXIS2_PLACEMENT_3D ( 'NONE', #4288, #4337, #2395 ) ;
#2957 = CARTESIAN_POINT ( 'NONE',  ( -174.4749999999999091, 6.000000000000000000, 59.85000000000003695 ) ) ;
#2958 = ADVANCED_FACE ( 'NONE', ( #3840 ), #3874, .F. ) ;
#2959 = CARTESIAN_POINT ( 'NONE',  ( -241.7250000000000512, 4.549999999999997158, 48.70000000000003837 ) ) ;
#2960 = LINE ( 'NONE', #4559, #4442 ) ;
#2961 = EDGE_CURVE ( 'NONE', #3588, #4175, #1831, .T. ) ;
#2962 = DIRECTION ( 'NONE',  ( 0.000000000000000000, 0.000000000000000000, 1.000000000000000000 ) ) ;
#2963 = CARTESIAN_POINT ( 'NONE',  ( -244.4750000000000512, 5.782148951442848350, 49.74694919878422184 ) ) ;
#2964 = EDGE_LOOP ( 'NONE', ( #4737, #4324, #2363, #2511 ) ) ;
#2965 = VERTEX_POINT ( 'NONE', #333 ) ;
#2966 = CARTESIAN_POINT ( 'NONE',  ( -4.474999999999944578, 6.000000000000000000, 32.49999999999998579 ) ) ;
#2967 = VERTEX_POINT ( 'NONE', #793 ) ;
#2968 = ORIENTED_EDGE ( 'NONE', *, *, #3612, .F. ) ;
#2969 = DIRECTION ( 'NONE',  ( 0.000000000000000000, 0.000000000000000000, 1.000000000000000000 ) ) ;
#2970 = CARTESIAN_POINT ( 'NONE',  ( -241.7250000000000512, 6.000000000000000000, -48.70000000000008811 ) ) ;
#2971 = AXIS2_PLACEMENT_3D ( 'NONE', #2343, #1218, #1525 ) ;
#2972 = DIRECTION ( 'NONE',  ( 0.000000000000000000, 0.000000000000000000, 1.000000000000000000 ) ) ;
#2973 = VERTEX_POINT ( 'NONE', #2670 ) ;
#2974 = CARTESIAN_POINT ( 'NONE',  ( -174.4749999999999659, 6.000000000000000000, -33.95000000000001705 ) ) ;
#2975 = DIRECTION ( 'NONE',  ( -0.000000000000000000, 1.000000000000000000, -0.000000000000000000 ) ) ;
#2976 = EDGE_CURVE ( 'NONE', #3701, #4705, #2357, .T. ) ;
#2977 = DIRECTION ( 'NONE',  ( 8.659560562354927928E-17, 0.7071067811865479058, -0.7071067811865471286 ) ) ;
#2978 = DIRECTION ( 'NONE',  ( 0.000000000000000000, 1.000000000000000000, 0.000000000000000000 ) ) ;
#2979 = CARTESIAN_POINT ( 'NONE',  ( 219.4749999999999943, 6.000000000000000000, -59.85000000000005826 ) ) ;
#2980 = CIRCLE ( 'NONE', #2322, 1.700000000000007061 ) ;
#2981 = CIRCLE ( 'NONE', #3631, 1.700000000000007061 ) ;
#2982 = VECTOR ( 'NONE', #555, 1000.000000000000000 ) ;
#2983 = CARTESIAN_POINT ( 'NONE',  ( -4.474999999999944578, 6.000000000000000000, 30.79999999999998650 ) ) ;
#2984 = DIRECTION ( 'NONE',  ( -0.000000000000000000, 1.000000000000000000, -0.000000000000000000 ) ) ;
#2985 = ORIENTED_EDGE ( 'NONE', *, *, #1910, .F. ) ;
#2986 = VERTEX_POINT ( 'NONE', #4984 ) ;
#2987 = ORIENTED_EDGE ( 'NONE', *, *, #316, .T. ) ;
#2988 = CARTESIAN_POINT ( 'NONE',  ( 165.5250000000000625, 6.000000000000000000, -59.85000000000007248 ) ) ;
#2989 = AXIS2_PLACEMENT_3D ( 'NONE', #253, #3376, #4928 ) ;
#2990 = VECTOR ( 'NONE', #2557, 1000.000000000000000 ) ;
#2991 = CIRCLE ( 'NONE', #4624, 3.150000000000013678 ) ;
#2992 = EDGE_LOOP ( 'NONE', ( #2020, #2714, #3199, #188 ) ) ;
#2993 = ORIENTED_EDGE ( 'NONE', *, *, #691, .T. ) ;
#2994 = CARTESIAN_POINT ( 'NONE',  ( 202.8250000000000739, 6.000000000000000000, 46.99999999999997158 ) ) ;
#2995 = CARTESIAN_POINT ( 'NONE',  ( -174.4749999999999659, 4.549999999999997158, -59.85000000000002984 ) ) ;
#2996 = DIRECTION ( 'NONE',  ( -0.000000000000000000, 1.000000000000000000, -0.000000000000000000 ) ) ;
#2997 = DIRECTION ( 'NONE',  ( -0.000000000000000000, 1.000000000000000000, -0.000000000000000000 ) ) ;
#2998 = CIRCLE ( 'NONE', #4629, 2.500000000000002220 ) ;
#2999 = ORIENTED_EDGE ( 'NONE', *, *, #3579, .T. ) ;
#3000 = CARTESIAN_POINT ( 'NONE',  ( -239.4749999999999943, 6.000000000000000000, 56.75000000000002842 ) ) ;
#3001 = CARTESIAN_POINT ( 'NONE',  ( 241.9749999999999943, 0.000000000000000000, 61.50000000000002842 ) ) ;
#3002 = CARTESIAN_POINT ( 'NONE',  ( 202.8250000000000739, 6.000000000000000000, 12.89999999999997371 ) ) ;
#3003 = DIRECTION ( 'NONE',  ( 0.000000000000000000, 0.000000000000000000, 1.000000000000000000 ) ) ;
#3004 = EDGE_CURVE ( 'NONE', #3099, #2504, #3224, .T. ) ;
#3005 = ADVANCED_FACE ( 'NONE', ( #3154 ), #1486, .F. ) ;
#3006 = DIRECTION ( 'NONE',  ( -0.000000000000000000, 1.000000000000000000, -0.000000000000000000 ) ) ;
#3007 = DIRECTION ( 'NONE',  ( 0.000000000000000000, 0.000000000000000000, 1.000000000000000000 ) ) ;
#3008 = ORIENTED_EDGE ( 'NONE', *, *, #3298, .F. ) ;
#3009 = EDGE_CURVE ( 'NONE', #2792, #3609, #1103, .T. ) ;
#3010 = ORIENTED_EDGE ( 'NONE', *, *, #2524, .T. ) ;
#3011 = DIRECTION ( 'NONE',  ( 0.000000000000000000, 0.000000000000000000, 1.000000000000000000 ) ) ;
#3012 = ADVANCED_FACE ( 'NONE', ( #5005 ), #2404, .F. ) ;
#3013 = EDGE_LOOP ( 'NONE', ( #796, #2939, #3277, #2384 ) ) ;
#3014 = EDGE_CURVE ( 'NONE', #2628, #4270, #3866, .T. ) ;
#3015 = DIRECTION ( 'NONE',  ( 0.000000000000000000, 0.7071067811865466846, 0.7071067811865483499 ) ) ;
#3016 = ORIENTED_EDGE ( 'NONE', *, *, #4724, .T. ) ;
#3017 = DIRECTION ( 'NONE',  ( 1.000000000000000000, 0.000000000000000000, -0.000000000000000000 ) ) ;
#3018 = DIRECTION ( 'NONE',  ( 0.000000000000000000, 1.000000000000000000, 0.000000000000000000 ) ) ;
#3019 = ADVANCED_FACE ( 'NONE', ( #5031 ), #1539, .F. ) ;
#3020 = CYLINDRICAL_SURFACE ( 'NONE', #1189, 1.700000000000007061 ) ;
#3021 = DIRECTION ( 'NONE',  ( 0.000000000000000000, 0.7071067811865466846, 0.7071067811865483499 ) ) ;
#3022 = EDGE_LOOP ( 'NONE', ( #537, #1253 ) ) ;
#3023 = ORIENTED_EDGE ( 'NONE', *, *, #4146, .T. ) ;
#3024 = LINE ( 'NONE', #2595, #605 ) ;
#3025 = AXIS2_PLACEMENT_3D ( 'NONE', #457, #477, #3530 ) ;
#3026 = AXIS2_PLACEMENT_3D ( 'NONE', #2151, #4977, #3017 ) ;
#3027 = DIRECTION ( 'NONE',  ( 8.659560562354942719E-17, 0.7071067811865466846, -0.7071067811865483499 ) ) ;
#3028 = LINE ( 'NONE', #2160, #4861 ) ;
#3029 = CIRCLE ( 'NONE', #1233, 1.700000000000007061 ) ;
#3030 = DIRECTION ( 'NONE',  ( -0.000000000000000000, 1.000000000000000000, -0.000000000000000000 ) ) ;
#3031 = CARTESIAN_POINT ( 'NONE',  ( 229.9750000000001364, 6.000000000000000000, -17.90000000000003055 ) ) ;
#3032 = DIRECTION ( 'NONE',  ( -0.000000000000000000, 1.000000000000000000, -0.000000000000000000 ) ) ;
#3033 = VECTOR ( 'NONE', #424, 1000.000000000000000 ) ;
#3034 = FACE_OUTER_BOUND ( 'NONE', #4497, .T. ) ;
#3035 = ORIENTED_EDGE ( 'NONE', *, *, #296, .T. ) ;
#3036 = EDGE_LOOP ( 'NONE', ( #4211, #402, #3040, #2074 ) ) ;
#3037 = CYLINDRICAL_SURFACE ( 'NONE', #2626, 2.250000000000001776 ) ;
#3038 = EDGE_CURVE ( 'NONE', #2785, #991, #842, .T. ) ;
#3039 = EDGE_CURVE ( 'NONE', #4315, #3853, #3059, .T. ) ;
#3040 = ORIENTED_EDGE ( 'NONE', *, *, #4850, .T. ) ;
#3041 = LINE ( 'NONE', #3476, #4985 ) ;
#3042 = ORIENTED_EDGE ( 'NONE', *, *, #124, .T. ) ;
#3043 = DIRECTION ( 'NONE',  ( -0.000000000000000000, 1.000000000000000000, -0.000000000000000000 ) ) ;
#3044 = DIRECTION ( 'NONE',  ( 0.000000000000000000, 0.000000000000000000, 1.000000000000000000 ) ) ;
#3045 = EDGE_CURVE ( 'NONE', #4858, #2967, #2981, .T. ) ;
#3046 = CARTESIAN_POINT ( 'NONE',  ( 219.4749999999999943, 4.549999999999997158, -58.15000000000004832 ) ) ;
#3047 = ORIENTED_EDGE ( 'NONE', *, *, #1784, .T. ) ;
#3048 = EDGE_LOOP ( 'NONE', ( #4881, #1235 ) ) ;
#3049 = AXIS2_PLACEMENT_3D ( 'NONE', #3058, #2192, #421 ) ;
#3050 = CARTESIAN_POINT ( 'NONE',  ( -241.7249999999999943, 6.000000000000000000, -2.743031496388326218E-14 ) ) ;
#3051 = AXIS2_PLACEMENT_3D ( 'NONE', #4411, #2445, #2113 ) ;
#3052 = DIRECTION ( 'NONE',  ( 0.000000000000000000, 0.000000000000000000, 1.000000000000000000 ) ) ;
#3053 = CARTESIAN_POINT ( 'NONE',  ( 229.9750000000001364, 4.549999999999997158, -54.29999999999996874 ) ) ;
#3054 = CARTESIAN_POINT ( 'NONE',  ( -4.474999999999944578, 6.000000000000000000, 27.64999999999998792 ) ) ;
#3055 = FACE_OUTER_BOUND ( 'NONE', #2534, .T. ) ;
#3056 = CARTESIAN_POINT ( 'NONE',  ( 219.4749999999999943, 6.000000000000000000, -61.55000000000006111 ) ) ;
#3057 = CARTESIAN_POINT ( 'NONE',  ( 191.1750000000000398, 6.000000000000000000, 59.85000000000003695 ) ) ;
#3058 = CARTESIAN_POINT ( 'NONE',  ( -203.6750000000000114, 6.000000000000000000, 30.80000000000002913 ) ) ;
#3059 = CIRCLE ( 'NONE', #2492, 1.700000000000007061 ) ;
#3060 = VERTEX_POINT ( 'NONE', #2028 ) ;
#3061 = AXIS2_PLACEMENT_3D ( 'NONE', #1351, #4584, #3674 ) ;
#3062 = ORIENTED_EDGE ( 'NONE', *, *, #124, .F. ) ;
#3063 = FACE_OUTER_BOUND ( 'NONE', #3832, .T. ) ;
#3064 = VECTOR ( 'NONE', #4319, 1000.000000000000000 ) ;
#3065 = PRODUCT_DEFINITION_FORMATION_WITH_SPECIFIED_SOURCE ( 'ANY', '', #835, .NOT_KNOWN. ) ;
#3066 = AXIS2_PLACEMENT_3D ( 'NONE', #617, #4121, #3411 ) ;
#3067 = ORIENTED_EDGE ( 'NONE', *, *, #4255, .T. ) ;
#3068 = DIRECTION ( 'NONE',  ( -0.000000000000000000, 1.000000000000000000, -0.000000000000000000 ) ) ;
#3069 = AXIS2_PLACEMENT_3D ( 'NONE', #2549, #640, #1371 ) ;
#3070 = ORIENTED_EDGE ( 'NONE', *, *, #2136, .F. ) ;
#3071 = DIRECTION ( 'NONE',  ( 0.000000000000000000, 0.000000000000000000, 1.000000000000000000 ) ) ;
#3072 = ADVANCED_FACE ( 'NONE', ( #3589 ), #461, .F. ) ;
#3073 = EDGE_CURVE ( 'NONE', #144, #422, #4326, .T. ) ;
#3074 = AXIS2_PLACEMENT_3D ( 'NONE', #3652, #2914, #2809 ) ;
#3075 = CYLINDRICAL_SURFACE ( 'NONE', #2749, 1.700000000000007061 ) ;
#3076 = ORIENTED_EDGE ( 'NONE', *, *, #666, .F. ) ;
#3077 = VERTEX_POINT ( 'NONE', #4806 ) ;
#3078 = DIRECTION ( 'NONE',  ( 0.000000000000000000, 0.000000000000000000, 1.000000000000000000 ) ) ;
#3079 = CIRCLE ( 'NONE', #1690, 3.150000000000013678 ) ;
#3080 = AXIS2_PLACEMENT_3D ( 'NONE', #2957, #234, #3772 ) ;
#3081 = CARTESIAN_POINT ( 'NONE',  ( -174.4749999999999091, 0.000000000000000000, 59.85000000000003695 ) ) ;
#3082 = EDGE_CURVE ( 'NONE', #2806, #4344, #4404, .T. ) ;
#3083 = DIRECTION ( 'NONE',  ( -0.000000000000000000, -1.000000000000000000, -0.000000000000000000 ) ) ;
#3084 = EDGE_LOOP ( 'NONE', ( #4450, #121, #1742, #4890 ) ) ;
#3085 = CARTESIAN_POINT ( 'NONE',  ( -174.4749999999999659, 6.000000000000000000, -30.80000000000000071 ) ) ;
#3086 = ADVANCED_FACE ( 'NONE', ( #2438 ), #2819, .F. ) ;
#3087 = DIRECTION ( 'NONE',  ( -0.000000000000000000, 1.000000000000000000, -0.000000000000000000 ) ) ;
#3088 = DIRECTION ( 'NONE',  ( 0.000000000000000000, 0.000000000000000000, 1.000000000000000000 ) ) ;
#3089 = ORIENTED_EDGE ( 'NONE', *, *, #1420, .T. ) ;
#3090 = ORIENTED_EDGE ( 'NONE', *, *, #1161, .F. ) ;
#3091 = DIRECTION ( 'NONE',  ( 0.000000000000000000, 0.000000000000000000, 1.000000000000000000 ) ) ;
#3092 = VECTOR ( 'NONE', #3872, 1000.000000000000000 ) ;
#3093 = ORIENTED_EDGE ( 'NONE', *, *, #3038, .T. ) ;
#3094 = FACE_OUTER_BOUND ( 'NONE', #147, .T. ) ;
#3095 = ORIENTED_EDGE ( 'NONE', *, *, #2318, .F. ) ;
#3096 = FACE_OUTER_BOUND ( 'NONE', #4242, .T. ) ;
#3097 = DIRECTION ( 'NONE',  ( -0.000000000000000000, 1.000000000000000000, -0.000000000000000000 ) ) ;
#3098 = EDGE_LOOP ( 'NONE', ( #2089, #5029 ) ) ;
#3099 = VERTEX_POINT ( 'NONE', #432 ) ;
#3100 = CARTESIAN_POINT ( 'NONE',  ( 191.1750000000000398, 4.549999999999997158, -2.775557561562891351E-14 ) ) ;
#3101 = VECTOR ( 'NONE', #4055, 1000.000000000000000 ) ;
#3102 = ADVANCED_FACE ( 'NONE', ( #2461 ), #1620, .F. ) ;
#3103 = DIRECTION ( 'NONE',  ( 0.000000000000000000, 0.000000000000000000, 1.000000000000000000 ) ) ;
#3104 = EDGE_CURVE ( 'NONE', #861, #3790, #2409, .T. ) ;
#3105 = FACE_OUTER_BOUND ( 'NONE', #1142, .T. ) ;
#3106 = ORIENTED_EDGE ( 'NONE', *, *, #1698, .F. ) ;
#3107 = DIRECTION ( 'NONE',  ( -0.000000000000000000, 1.000000000000000000, -0.000000000000000000 ) ) ;
#3108 = CIRCLE ( 'NONE', #1552, 1.700000000000007061 ) ;
#3109 = CARTESIAN_POINT ( 'NONE',  ( 229.9750000000001364, 6.000000000000000000, -17.90000000000003055 ) ) ;
#3110 = EDGE_CURVE ( 'NONE', #2967, #4858, #855, .T. ) ;
#3111 = CARTESIAN_POINT ( 'NONE',  ( 165.5250000000001194, 6.000000000000000000, 58.14999999999998437 ) ) ;
#3112 = CIRCLE ( 'NONE', #4418, 3.150000000000013678 ) ;
#3113 = EDGE_CURVE ( 'NONE', #3783, #416, #1507, .T. ) ;
#3114 = CARTESIAN_POINT ( 'NONE',  ( 216.9750000000000227, 6.000000000000000000, 59.85000000000003695 ) ) ;
#3115 = VERTEX_POINT ( 'NONE', #4755 ) ;
#3116 = ORIENTED_EDGE ( 'NONE', *, *, #1411, .T. ) ;
#3117 = CARTESIAN_POINT ( 'NONE',  ( -239.4750000000000227, 6.000000000000000000, -58.99999999999998579 ) ) ;
#3118 = VECTOR ( 'NONE', #2732, 1000.000000000000000 ) ;
#3119 = DIRECTION ( 'NONE',  ( -0.000000000000000000, 1.000000000000000000, -0.000000000000000000 ) ) ;
#3120 = AXIS2_PLACEMENT_3D ( 'NONE', #2609, #4948, #1453 ) ;
#3121 = VERTEX_POINT ( 'NONE', #3634 ) ;
#3122 = FACE_BOUND ( 'NONE', #388, .T. ) ;
#3123 = ORIENTED_EDGE ( 'NONE', *, *, #281, .F. ) ;
#3124 = FACE_OUTER_BOUND ( 'NONE', #2536, .T. ) ;
#3125 = ORIENTED_EDGE ( 'NONE', *, *, #845, .F. ) ;
#3126 = EDGE_LOOP ( 'NONE', ( #3851, #75, #469, #1537 ) ) ;
#3127 = DIRECTION ( 'NONE',  ( 0.000000000000000000, 0.000000000000000000, 1.000000000000000000 ) ) ;
#3128 = DIRECTION ( 'NONE',  ( 0.000000000000000000, 0.000000000000000000, 1.000000000000000000 ) ) ;
#3129 = CARTESIAN_POINT ( 'NONE',  ( 165.5250000000000625, 4.549999999999997158, -61.55000000000007532 ) ) ;
#3130 = ORIENTED_EDGE ( 'NONE', *, *, #3239, .F. ) ;
#3131 = CARTESIAN_POINT ( 'NONE',  ( -241.7249999999999943, 6.000000000000000000, -2.743031496388326218E-14 ) ) ;
#3132 = AXIS2_PLACEMENT_3D ( 'NONE', #499, #3624, #2168 ) ;
#3133 = EDGE_CURVE ( 'NONE', #3828, #2123, #4374, .T. ) ;
#3134 = DIRECTION ( 'NONE',  ( -0.000000000000000000, 1.000000000000000000, -0.000000000000000000 ) ) ;
#3135 = CARTESIAN_POINT ( 'NONE',  ( -4.474999999999944578, 6.000000000000000000, -4.725530845851316856E-14 ) ) ;
#3136 = CARTESIAN_POINT ( 'NONE',  ( -215.3250000000000171, 4.549999999999997158, -19.59999999999999076 ) ) ;
#3137 = VERTEX_POINT ( 'NONE', #2102 ) ;
#3138 = ORIENTED_EDGE ( 'NONE', *, *, #4812, .T. ) ;
#3139 = CARTESIAN_POINT ( 'NONE',  ( -241.7249999999999943, 4.549999999999997158, -2.743031496388326218E-14 ) ) ;
#3140 = CIRCLE ( 'NONE', #4923, 3.150000000000013678 ) ;
#3141 = FACE_OUTER_BOUND ( 'NONE', #1536, .T. ) ;
#3142 = AXIS2_PLACEMENT_3D ( 'NONE', #4149, #1774, #233 ) ;
#3143 = AXIS2_PLACEMENT_3D ( 'NONE', #1133, #2754, #1901 ) ;
#3144 = ORIENTED_EDGE ( 'NONE', *, *, #2782, .F. ) ;
#3145 = FACE_BOUND ( 'NONE', #4219, .T. ) ;
#3146 = ORIENTED_EDGE ( 'NONE', *, *, #3577, .T. ) ;
#3147 = CIRCLE ( 'NONE', #1345, 3.150000000000013678 ) ;
#3148 = DIRECTION ( 'NONE',  ( 0.000000000000000000, 0.000000000000000000, 1.000000000000000000 ) ) ;
#3149 = CONICAL_SURFACE ( 'NONE', #1592, 3.149999999999999911, 0.7853981633974477239 ) ;
#3150 = VECTOR ( 'NONE', #2850, 1000.000000000000000 ) ;
#3151 = AXIS2_PLACEMENT_3D ( 'NONE', #1950, #4275, #2305 ) ;
#3152 = ORIENTED_EDGE ( 'NONE', *, *, #3915, .F. ) ;
#3153 = EDGE_LOOP ( 'NONE', ( #1888, #2149, #2999, #4486 ) ) ;
#3154 = FACE_OUTER_BOUND ( 'NONE', #4148, .T. ) ;
#3155 = VECTOR ( 'NONE', #1273, 1000.000000000000000 ) ;
#3156 = ORIENTED_EDGE ( 'NONE', *, *, #3332, .T. ) ;
#3157 = VECTOR ( 'NONE', #1919, 1000.000000000000000 ) ;
#3158 = DIRECTION ( 'NONE',  ( 0.000000000000000000, 0.000000000000000000, 1.000000000000000000 ) ) ;
#3159 = CARTESIAN_POINT ( 'NONE',  ( 165.5250000000001194, 4.549999999999997158, 58.14999999999998437 ) ) ;
#3160 = CIRCLE ( 'NONE', #4132, 3.150000000000013678 ) ;
#3161 = ORIENTED_EDGE ( 'NONE', *, *, #752, .F. ) ;
#3162 = DIRECTION ( 'NONE',  ( -0.000000000000000000, 1.000000000000000000, -0.000000000000000000 ) ) ;
#3163 = DIRECTION ( 'NONE',  ( 1.000000000000000000, 0.000000000000000000, 0.000000000000000000 ) ) ;
#3164 = DIRECTION ( 'NONE',  ( 0.000000000000000000, 0.000000000000000000, 1.000000000000000000 ) ) ;
#3165 = DIRECTION ( 'NONE',  ( 0.000000000000000000, 0.000000000000000000, 1.000000000000000000 ) ) ;
#3166 = EDGE_LOOP ( 'NONE', ( #2930, #2681, #4972, #3460 ) ) ;
#3167 = EDGE_CURVE ( 'NONE', #4710, #1178, #2874, .T. ) ;
#3168 = CARTESIAN_POINT ( 'NONE',  ( 219.4749999999999943, 6.000000000000000000, -33.95000000000003837 ) ) ;
#3169 = DIRECTION ( 'NONE',  ( 0.000000000000000000, 0.000000000000000000, 1.000000000000000000 ) ) ;
#3170 = ADVANCED_FACE ( 'NONE', ( #3257 ), #3660, .F. ) ;
#3171 = ORIENTED_EDGE ( 'NONE', *, *, #976, .F. ) ;
#3172 = ADVANCED_FACE ( 'NONE', ( #148 ), #935, .F. ) ;
#3173 = CARTESIAN_POINT ( 'NONE',  ( 219.4749999999999943, 0.000000000000000000, -61.55000000000006111 ) ) ;
#3174 = ORIENTED_EDGE ( 'NONE', *, *, #4235, .F. ) ;
#3175 = LINE ( 'NONE', #3585, #2373 ) ;
#3176 = EDGE_CURVE ( 'NONE', #1091, #2437, #4614, .T. ) ;
#3177 = EDGE_CURVE ( 'NONE', #1736, #137, #4528, .T. ) ;
#3178 = EDGE_CURVE ( 'NONE', #3204, #656, #272, .T. ) ;
#3179 = ORIENTED_EDGE ( 'NONE', *, *, #1566, .F. ) ;
#3180 = VERTEX_POINT ( 'NONE', #4860 ) ;
#3181 = CARTESIAN_POINT ( 'NONE',  ( -215.3250000000000171, 6.000000000000000000, -17.89999999999998437 ) ) ;
#3182 = ORIENTED_EDGE ( 'NONE', *, *, #1739, .T. ) ;
#3183 = DIRECTION ( 'NONE',  ( 0.000000000000000000, 0.000000000000000000, 1.000000000000000000 ) ) ;
#3184 = FACE_BOUND ( 'NONE', #4474, .T. ) ;
#3185 = ORIENTED_EDGE ( 'NONE', *, *, #1257, .T. ) ;
#3186 = CARTESIAN_POINT ( 'NONE',  ( -203.6750000000000114, 6.000000000000000000, 30.80000000000002913 ) ) ;
#3187 = DIRECTION ( 'NONE',  ( 0.000000000000000000, 0.7071067811865479058, 0.7071067811865471286 ) ) ;
#3188 = DIRECTION ( 'NONE',  ( 0.000000000000000000, 0.000000000000000000, 1.000000000000000000 ) ) ;
#3189 = LINE ( 'NONE', #395, #1745 ) ;
#3190 = ORIENTED_EDGE ( 'NONE', *, *, #4440, .T. ) ;
#3191 = AXIS2_PLACEMENT_3D ( 'NONE', #1565, #4683, #362 ) ;
#3192 = CARTESIAN_POINT ( 'NONE',  ( 244.4749999999999943, 6.000000000000000000, 61.50000000000002842 ) ) ;
#3193 = DIRECTION ( 'NONE',  ( -0.000000000000000000, 1.000000000000000000, -0.000000000000000000 ) ) ;
#3194 = AXIS2_PLACEMENT_3D ( 'NONE', #1789, #950, #2898 ) ;
#3195 = CIRCLE ( 'NONE', #1064, 1.700000000000007061 ) ;
#3196 = CARTESIAN_POINT ( 'NONE',  ( -174.4749999999999659, 6.000000000000000000, -1.700000000000034817 ) ) ;
#3197 = ORIENTED_EDGE ( 'NONE', *, *, #1516, .T. ) ;
#3198 = FACE_BOUND ( 'NONE', #1549, .T. ) ;
#3199 = ORIENTED_EDGE ( 'NONE', *, *, #563, .T. ) ;
#3200 = LINE ( 'NONE', #4343, #482 ) ;
#3201 = ADVANCED_FACE ( 'NONE', ( #1813 ), #1099, .F. ) ;
#3202 = CIRCLE ( 'NONE', #4829, 1.700000000000007061 ) ;
#3203 = VERTEX_POINT ( 'NONE', #2539 ) ;
#3204 = VERTEX_POINT ( 'NONE', #561 ) ;
#3205 = DIRECTION ( 'NONE',  ( -0.000000000000000000, 1.000000000000000000, -0.000000000000000000 ) ) ;
#3206 = DIRECTION ( 'NONE',  ( 0.000000000000000000, 0.000000000000000000, 1.000000000000000000 ) ) ;
#3207 = FACE_BOUND ( 'NONE', #3339, .T. ) ;
#3208 = ORIENTED_EDGE ( 'NONE', *, *, #1366, .F. ) ;
#3209 = CARTESIAN_POINT ( 'NONE',  ( 165.5250000000000625, 6.000000000000000000, -30.80000000000004334 ) ) ;
#3210 = CYLINDRICAL_SURFACE ( 'NONE', #204, 1.700000000000007061 ) ;
#3211 = DIRECTION ( 'NONE',  ( 8.659560562354942719E-17, 0.7071067811865466846, -0.7071067811865483499 ) ) ;
#3212 = CARTESIAN_POINT ( 'NONE',  ( -241.7250000000000512, 4.549999999999997158, -47.00000000000008527 ) ) ;
#3213 = ORIENTED_EDGE ( 'NONE', *, *, #3881, .F. ) ;
#3214 = CIRCLE ( 'NONE', #23, 1.700000000000007061 ) ;
#3215 = DIRECTION ( 'NONE',  ( 0.000000000000000000, 0.000000000000000000, 1.000000000000000000 ) ) ;
#3216 = LINE ( 'NONE', #2065, #3155 ) ;
#3217 = VECTOR ( 'NONE', #1704, 1000.000000000000000 ) ;
#3218 = FACE_BOUND ( 'NONE', #2753, .T. ) ;
#3219 = ORIENTED_EDGE ( 'NONE', *, *, #1228, .T. ) ;
#3220 = LINE ( 'NONE', #806, #3064 ) ;
#3221 = ORIENTED_EDGE ( 'NONE', *, *, #2313, .F. ) ;
#3222 = LINE ( 'NONE', #70, #411 ) ;
#3223 = ORIENTED_EDGE ( 'NONE', *, *, #1795, .F. ) ;
#3224 = CIRCLE ( 'NONE', #1753, 1.700000000000007061 ) ;
#3225 = ORIENTED_EDGE ( 'NONE', *, *, #4664, .T. ) ;
#3226 = AXIS2_PLACEMENT_3D ( 'NONE', #4876, #3415, #2940 ) ;
#3227 = CARTESIAN_POINT ( 'NONE',  ( 165.5250000000001194, 0.000000000000000000, 59.84999999999999432 ) ) ;
#3228 = ADVANCED_FACE ( 'NONE', ( #4116 ), #3149, .F. ) ;
#3229 = EDGE_CURVE ( 'NONE', #3077, #1397, #3560, .T. ) ;
#3230 = AXIS2_PLACEMENT_3D ( 'NONE', #4329, #1926, #3492 ) ;
#3231 = CIRCLE ( 'NONE', #3964, 3.150000000000013678 ) ;
#3232 = DIRECTION ( 'NONE',  ( 0.000000000000000000, 1.000000000000000000, 0.000000000000000000 ) ) ;
#3233 = CARTESIAN_POINT ( 'NONE',  ( 229.9750000000001364, 6.000000000000000000, 55.99999999999997158 ) ) ;
#3234 = EDGE_CURVE ( 'NONE', #1974, #788, #4452, .T. ) ;
#3235 = VERTEX_POINT ( 'NONE', #2201 ) ;
#3236 = LINE ( 'NONE', #2081, #1920 ) ;
#3237 = AXIS2_PLACEMENT_3D ( 'NONE', #64, #3290, #472 ) ;
#3238 = CARTESIAN_POINT ( 'NONE',  ( -244.4749999999999943, 6.000000000000000000, 64.00000000000002842 ) ) ;
#3239 = EDGE_CURVE ( 'NONE', #3681, #840, #689, .T. ) ;
#3240 = VECTOR ( 'NONE', #4409, 1000.000000000000000 ) ;
#3241 = CARTESIAN_POINT ( 'NONE',  ( 165.5250000000000625, 4.549999999999997158, -30.80000000000004334 ) ) ;
#3242 = EDGE_CURVE ( 'NONE', #349, #102, #4552, .T. ) ;
#3243 = EDGE_CURVE ( 'NONE', #1231, #1736, #2927, .T. ) ;
#3244 = FACE_OUTER_BOUND ( 'NONE', #319, .T. ) ;
#3245 = VERTEX_POINT ( 'NONE', #2152 ) ;
#3246 = ADVANCED_FACE ( 'NONE', ( #3709 ), #4455, .F. ) ;
#3247 = FACE_OUTER_BOUND ( 'NONE', #2032, .T. ) ;
#3248 = DIRECTION ( 'NONE',  ( 0.000000000000000000, 1.000000000000000000, 0.000000000000000000 ) ) ;
#3249 = AXIS2_PLACEMENT_3D ( 'NONE', #929, #1727, #2444 ) ;
#3250 = FACE_BOUND ( 'NONE', #1022, .T. ) ;
#3251 = VERTEX_POINT ( 'NONE', #660 ) ;
#3252 = LINE ( 'NONE', #4036, #2325 ) ;
#3253 = ORIENTED_EDGE ( 'NONE', *, *, #4598, .T. ) ;
#3254 = CARTESIAN_POINT ( 'NONE',  ( -215.3250000000000171, 0.000000000000000000, -17.89999999999998437 ) ) ;
#3255 = ORIENTED_EDGE ( 'NONE', *, *, #2197, .T. ) ;
#3256 = VERTEX_POINT ( 'NONE', #203 ) ;
#3257 = FACE_OUTER_BOUND ( 'NONE', #4089, .T. ) ;
#3258 = DIRECTION ( 'NONE',  ( -0.000000000000000000, 1.000000000000000000, -0.000000000000000000 ) ) ;
#3259 = FACE_BOUND ( 'NONE', #915, .T. ) ;
#3260 = ORIENTED_EDGE ( 'NONE', *, *, #155, .T. ) ;
#3261 = CARTESIAN_POINT ( 'NONE',  ( -174.4749999999999091, 0.000000000000000000, 59.85000000000003695 ) ) ;
#3262 = FACE_OUTER_BOUND ( 'NONE', #1042, .T. ) ;
#3263 = EDGE_CURVE ( 'NONE', #1651, #2005, #4249, .T. ) ;
#3264 = EDGE_CURVE ( 'NONE', #3731, #1049, #3759, .T. ) ;
#3265 = CARTESIAN_POINT ( 'NONE',  ( -4.474999999999944578, 0.000000000000000000, -59.85000000000005116 ) ) ;
#3266 = CARTESIAN_POINT ( 'NONE',  ( 241.9749999999999943, 0.000000000000000000, -61.49999999999997158 ) ) ;
#3267 = EDGE_LOOP ( 'NONE', ( #1662, #2001, #3739, #1224 ) ) ;
#3268 = EDGE_CURVE ( 'NONE', #4872, #4661, #2868, .T. ) ;
#3269 = CARTESIAN_POINT ( 'NONE',  ( 219.4749999999999943, 6.000000000000000000, -63.00000000000007105 ) ) ;
#3270 = ADVANCED_FACE ( 'NONE', ( #4904 ), #4899, .F. ) ;
#3271 = FACE_BOUND ( 'NONE', #1359, .T. ) ;
#3272 = EDGE_LOOP ( 'NONE', ( #2172, #967 ) ) ;
#3273 = CARTESIAN_POINT ( 'NONE',  ( 219.4749999999999943, 6.000000000000000000, -56.70000000000004547 ) ) ;
#3274 = ORIENTED_EDGE ( 'NONE', *, *, #2265, .T. ) ;
#3275 = DIRECTION ( 'NONE',  ( -0.000000000000000000, 1.000000000000000000, -0.000000000000000000 ) ) ;
#3276 = VECTOR ( 'NONE', #3835, 999.9999999999998863 ) ;
#3277 = ORIENTED_EDGE ( 'NONE', *, *, #386, .T. ) ;
#3278 = ORIENTED_EDGE ( 'NONE', *, *, #2315, .T. ) ;
#3279 = ORIENTED_EDGE ( 'NONE', *, *, #666, .T. ) ;
#3280 = DIRECTION ( 'NONE',  ( 0.000000000000000000, 0.000000000000000000, 1.000000000000000000 ) ) ;
#3281 = CONICAL_SURFACE ( 'NONE', #3524, 3.150000000000013678, 0.7853981633974495002 ) ;
#3282 = DIRECTION ( 'NONE',  ( 0.000000000000000000, 0.000000000000000000, 1.000000000000000000 ) ) ;
#3283 = FACE_BOUND ( 'NONE', #3022, .T. ) ;
#3284 = VERTEX_POINT ( 'NONE', #3351 ) ;
#3285 = CARTESIAN_POINT ( 'NONE',  ( -241.7250000000000512, 6.000000000000000000, -48.70000000000008811 ) ) ;
#3286 = FACE_OUTER_BOUND ( 'NONE', #3166, .T. ) ;
#3287 = DIRECTION ( 'NONE',  ( -0.000000000000000000, 1.000000000000000000, -0.000000000000000000 ) ) ;
#3288 = EDGE_LOOP ( 'NONE', ( #1582, #1089, #1673, #4188 ) ) ;
#3289 = EDGE_CURVE ( 'NONE', #3137, #416, #4884, .T. ) ;
#3290 = DIRECTION ( 'NONE',  ( 0.000000000000000000, 1.000000000000000000, 0.000000000000000000 ) ) ;
#3291 = FACE_BOUND ( 'NONE', #2816, .T. ) ;
#3292 = EDGE_LOOP ( 'NONE', ( #947, #2920 ) ) ;
#3293 = DIRECTION ( 'NONE',  ( 0.000000000000000000, 0.000000000000000000, 1.000000000000000000 ) ) ;
#3294 = EDGE_LOOP ( 'NONE', ( #4063, #1374 ) ) ;
#3295 = EDGE_LOOP ( 'NONE', ( #925, #1959 ) ) ;
#3296 = FACE_OUTER_BOUND ( 'NONE', #998, .T. ) ;
#3297 = CONICAL_SURFACE ( 'NONE', #3697, 3.150000000000013678, 0.7853981633974495002 ) ;
#3298 = EDGE_CURVE ( 'NONE', #137, #4526, #2541, .T. ) ;
#3299 = ORIENTED_EDGE ( 'NONE', *, *, #2950, .F. ) ;
#3300 = ORIENTED_EDGE ( 'NONE', *, *, #1228, .F. ) ;
#3301 = EDGE_LOOP ( 'NONE', ( #1276, #3371 ) ) ;
#3302 = DIRECTION ( 'NONE',  ( 0.000000000000000000, 0.000000000000000000, 1.000000000000000000 ) ) ;
#3304 = CARTESIAN_POINT ( 'NONE',  ( -239.4750000000000227, 6.000000000000000000, -61.24999999999998579 ) ) ;
#3303 = CIRCLE ( 'NONE', #3955, 1.700000000000007061 ) ;
#3305 = FACE_BOUND ( 'NONE', #159, .T. ) ;
#3306 = ORIENTED_EDGE ( 'NONE', *, *, #918, .T. ) ;
#3307 = DIRECTION ( 'NONE',  ( -0.000000000000000000, 1.000000000000000000, -0.000000000000000000 ) ) ;
#3308 = CIRCLE ( 'NONE', #1180, 3.149999999999993250 ) ;
#3309 = AXIS2_PLACEMENT_3D ( 'NONE', #481, #4379, #2793 ) ;
#3310 = AXIS2_PLACEMENT_3D ( 'NONE', #103, #2826, #4024 ) ;
#3311 = LINE ( 'NONE', #2933, #534 ) ;
#3312 = DIRECTION ( 'NONE',  ( 0.000000000000000000, 1.000000000000000000, 0.000000000000000000 ) ) ;
#3313 = CARTESIAN_POINT ( 'NONE',  ( -224.4749999999999659, 6.000000000000000000, -58.15000000000001990 ) ) ;
#3314 = ORIENTED_EDGE ( 'NONE', *, *, #4075, .F. ) ;
#3315 = CARTESIAN_POINT ( 'NONE',  ( -4.474999999999944578, 4.549999999999997158, 29.09999999999998721 ) ) ;
#3316 = AXIS2_PLACEMENT_3D ( 'NONE', #1322, #524, #910 ) ;
#3317 = VECTOR ( 'NONE', #3021, 1000.000000000000000 ) ;
#3318 = DIRECTION ( 'NONE',  ( 0.000000000000000000, 1.000000000000000000, 0.000000000000000000 ) ) ;
#3319 = VERTEX_POINT ( 'NONE', #2591 ) ;
#3320 = FACE_OUTER_BOUND ( 'NONE', #343, .T. ) ;
#3321 = CIRCLE ( 'NONE', #706, 3.150000000000013678 ) ;
#3322 = ORIENTED_EDGE ( 'NONE', *, *, #762, .T. ) ;
#3323 = CARTESIAN_POINT ( 'NONE',  ( 165.5250000000001194, 6.000000000000000000, 59.84999999999999432 ) ) ;
#3324 = ADVANCED_FACE ( 'NONE', ( #4145 ), #352, .F. ) ;
#3325 = EDGE_CURVE ( 'NONE', #4413, #2965, #82, .T. ) ;
#3326 = VERTEX_POINT ( 'NONE', #4221 ) ;
#3327 = ORIENTED_EDGE ( 'NONE', *, *, #2741, .F. ) ;
#3328 = ORIENTED_EDGE ( 'NONE', *, *, #3991, .F. ) ;
#3329 = CARTESIAN_POINT ( 'NONE',  ( 202.8250000000000739, 0.000000000000000000, 12.89999999999997371 ) ) ;
#3330 = ADVANCED_FACE ( 'NONE', ( #3096 ), #3434, .F. ) ;
#3331 = ADVANCED_FACE ( 'NONE', ( #1558 ), #4678, .F. ) ;
#3332 = EDGE_CURVE ( 'NONE', #2986, #1968, #985, .T. ) ;
#3333 = CARTESIAN_POINT ( 'NONE',  ( 191.1750000000000398, 4.549999999999997158, 59.85000000000003695 ) ) ;
#3334 = ORIENTED_EDGE ( 'NONE', *, *, #877, .T. ) ;
#3335 = DIRECTION ( 'NONE',  ( -0.000000000000000000, 1.000000000000000000, -0.000000000000000000 ) ) ;
#3336 = CARTESIAN_POINT ( 'NONE',  ( -4.474999999999944578, 6.000000000000000000, -3.150000000000047429 ) ) ;
#3337 = DIRECTION ( 'NONE',  ( 0.000000000000000000, 0.000000000000000000, 1.000000000000000000 ) ) ;
#3338 = DIRECTION ( 'NONE',  ( -0.000000000000000000, 1.000000000000000000, -0.000000000000000000 ) ) ;
#3339 = EDGE_LOOP ( 'NONE', ( #2356, #4245 ) ) ;
#3340 = FACE_OUTER_BOUND ( 'NONE', #792, .T. ) ;
#3341 = FACE_OUTER_BOUND ( 'NONE', #920, .T. ) ;
#3342 = ORIENTED_EDGE ( 'NONE', *, *, #4348, .T. ) ;
#3343 = ORIENTED_EDGE ( 'NONE', *, *, #1504, .T. ) ;
#3344 = ORIENTED_EDGE ( 'NONE', *, *, #1882, .F. ) ;
#3345 = CARTESIAN_POINT ( 'NONE',  ( 229.9750000000001364, 6.000000000000000000, -39.14999999999999147 ) ) ;
#3346 = VECTOR ( 'NONE', #441, 1000.000000000000000 ) ;
#3347 = ORIENTED_EDGE ( 'NONE', *, *, #3113, .T. ) ;
#3348 = ORIENTED_EDGE ( 'NONE', *, *, #3978, .F. ) ;
#3349 = AXIS2_PLACEMENT_3D ( 'NONE', #1280, #3559, #2480 ) ;
#3350 = CARTESIAN_POINT ( 'NONE',  ( 241.9749999999999943, 6.000000000000000000, 61.50000000000002842 ) ) ;
#3351 = CARTESIAN_POINT ( 'NONE',  ( -244.4749999999999943, 6.000000000000000000, 1.536229149573718589 ) ) ;
#3352 = AXIS2_PLACEMENT_3D ( 'NONE', #4328, #3512, #3867 ) ;
#3353 = EDGE_CURVE ( 'NONE', #962, #422, #3678, .T. ) ;
#3354 = AXIS2_PLACEMENT_3D ( 'NONE', #4628, #328, #3908 ) ;
#3355 = DIRECTION ( 'NONE',  ( 0.000000000000000000, 0.000000000000000000, 1.000000000000000000 ) ) ;
#3356 = ORIENTED_EDGE ( 'NONE', *, *, #2976, .F. ) ;
#3357 = DIRECTION ( 'NONE',  ( 0.000000000000000000, 0.000000000000000000, 1.000000000000000000 ) ) ;
#3358 = CIRCLE ( 'NONE', #4013, 3.150000000000013678 ) ;
#3359 = CARTESIAN_POINT ( 'NONE',  ( -4.474999999999888622, 0.000000000000000000, 58.15000000000001279 ) ) ;
#3360 = ADVANCED_BREP_SHAPE_REPRESENTATION ( 'COLD-CARRIER-COVER_v002', ( #322, #367 ), #4123 ) ;
#3361 = VECTOR ( 'NONE', #3883, 999.9999999999998863 ) ;
#3362 = FACE_OUTER_BOUND ( 'NONE', #551, .T. ) ;
#3363 = CYLINDRICAL_SURFACE ( 'NONE', #2743, 1.700000000000007061 ) ;
#3364 = DIRECTION ( 'NONE',  ( -0.000000000000000000, 1.000000000000000000, -0.000000000000000000 ) ) ;
#3365 = CARTESIAN_POINT ( 'NONE',  ( -241.9749999999999943, 0.000000000000000000, -61.49999999999997158 ) ) ;
#3366 = FACE_OUTER_BOUND ( 'NONE', #1074, .T. ) ;
#3367 = ORIENTED_EDGE ( 'NONE', *, *, #3167, .T. ) ;
#3368 = EDGE_LOOP ( 'NONE', ( #1741, #4400, #256, #92 ) ) ;
#3369 = ORIENTED_EDGE ( 'NONE', *, *, #2390, .F. ) ;
#3370 = DIRECTION ( 'NONE',  ( 0.000000000000000000, 0.000000000000000000, 1.000000000000000000 ) ) ;
#3371 = ORIENTED_EDGE ( 'NONE', *, *, #2030, .T. ) ;
#3372 = EDGE_LOOP ( 'NONE', ( #2936, #3621, #4578, #2279 ) ) ;
#3373 = DIRECTION ( 'NONE',  ( 0.000000000000000000, 1.000000000000000000, 0.000000000000000000 ) ) ;
#3374 = CARTESIAN_POINT ( 'NONE',  ( -244.4749999999999943, 6.000000000000000000, -63.99999999999997158 ) ) ;
#3375 = AXIS2_PLACEMENT_3D ( 'NONE', #1708, #1732, #2117 ) ;
#3376 = DIRECTION ( 'NONE',  ( -0.000000000000000000, 1.000000000000000000, -0.000000000000000000 ) ) ;
#3377 = DIRECTION ( 'NONE',  ( 0.000000000000000000, 0.000000000000000000, 1.000000000000000000 ) ) ;
#3378 = CIRCLE ( 'NONE', #2311, 1.700000000000007061 ) ;
#3379 = EDGE_CURVE ( 'NONE', #670, #1046, #2700, .T. ) ;
#3380 = ADVANCED_FACE ( 'NONE', ( #1914 ), #1062, .F. ) ;
#3381 = ORIENTED_EDGE ( 'NONE', *, *, #4518, .T. ) ;
#3382 = CYLINDRICAL_SURFACE ( 'NONE', #4039, 1.700000000000007061 ) ;
#3383 = AXIS2_PLACEMENT_3D ( 'NONE', #2233, #4988, #4914 ) ;
#3384 =( LENGTH_UNIT ( ) NAMED_UNIT ( * ) SI_UNIT ( .MILLI., .METRE. ) );
#3385 = ADVANCED_FACE ( 'NONE', ( #3124 ), #4951, .F. ) ;
#3386 = DIRECTION ( 'NONE',  ( 0.000000000000000000, 0.000000000000000000, 1.000000000000000000 ) ) ;
#3387 = LINE ( 'NONE', #4558, #1682 ) ;
#3388 = LINE ( 'NONE', #1853, #2488 ) ;
#3389 = AXIS2_PLACEMENT_3D ( 'NONE', #56, #1518, #4660 ) ;
#3390 = AXIS2_PLACEMENT_3D ( 'NONE', #1056, #639, #1793 ) ;
#3391 = AXIS2_PLACEMENT_3D ( 'NONE', #2433, #93, #1661 ) ;
#3392 = EDGE_CURVE ( 'NONE', #2058, #4175, #380, .T. ) ;
#3393 = CARTESIAN_POINT ( 'NONE',  ( -174.4749999999999659, 6.000000000000000000, 30.80000000000000782 ) ) ;
#3394 = AXIS2_PLACEMENT_3D ( 'NONE', #3823, #699, #2598 ) ;
#3395 = EDGE_CURVE ( 'NONE', #3764, #938, #1150, .T. ) ;
#3396 = EDGE_CURVE ( 'NONE', #2484, #377, #1145, .T. ) ;
#3397 = CARTESIAN_POINT ( 'NONE',  ( -244.4750000000000227, 5.640347563759672944, 48.16673999716167742 ) ) ;
#3398 = ORIENTED_EDGE ( 'NONE', *, *, #1761, .F. ) ;
#3399 = ORIENTED_EDGE ( 'NONE', *, *, #4458, .T. ) ;
#3400 = DIRECTION ( 'NONE',  ( 0.000000000000000000, 0.000000000000000000, 1.000000000000000000 ) ) ;
#3401 = AXIS2_PLACEMENT_3D ( 'NONE', #3888, #4599, #3836 ) ;
#3402 = ORIENTED_EDGE ( 'NONE', *, *, #1450, .F. ) ;
#3403 = CARTESIAN_POINT ( 'NONE',  ( -241.7250000000000512, 4.549999999999997158, 50.40000000000004121 ) ) ;
#3404 = VERTEX_POINT ( 'NONE', #4267 ) ;
#3405 = ORIENTED_EDGE ( 'NONE', *, *, #440, .F. ) ;
#3406 = CARTESIAN_POINT ( 'NONE',  ( 191.1750000000000398, 6.000000000000000000, 63.00000000000002842 ) ) ;
#3407 = DIRECTION ( 'NONE',  ( -0.000000000000000000, 1.000000000000000000, -0.000000000000000000 ) ) ;
#3408 = CARTESIAN_POINT ( 'NONE',  ( 219.4749999999999943, 4.549999999999997158, -59.85000000000005826 ) ) ;
#3409 = CIRCLE ( 'NONE', #3490, 1.700000000000007061 ) ;
#3410 = EDGE_LOOP ( 'NONE', ( #1324, #1543, #3016, #4645 ) ) ;
#3411 = DIRECTION ( 'NONE',  ( 0.000000000000000000, 0.000000000000000000, 1.000000000000000000 ) ) ;
#3412 = LINE ( 'NONE', #1463, #4547 ) ;
#3413 = DIRECTION ( 'NONE',  ( 8.659560562354942719E-17, 0.7071067811865466846, -0.7071067811865483499 ) ) ;
#3414 = DIRECTION ( 'NONE',  ( 0.000000000000000000, 0.000000000000000000, 1.000000000000000000 ) ) ;
#3415 = DIRECTION ( 'NONE',  ( 0.000000000000000000, -1.000000000000000000, 0.000000000000000000 ) ) ;
#3416 = EDGE_CURVE ( 'NONE', #4542, #1102, #1095, .T. ) ;
#3417 = EDGE_CURVE ( 'NONE', #1270, #991, #2947, .T. ) ;
#3418 = CARTESIAN_POINT ( 'NONE',  ( 202.8250000000000739, 6.000000000000000000, 50.39999999999998437 ) ) ;
#3419 = DIRECTION ( 'NONE',  ( -0.000000000000000000, 1.000000000000000000, -0.000000000000000000 ) ) ;
#3420 = ORIENTED_EDGE ( 'NONE', *, *, #3176, .T. ) ;
#3421 = ORIENTED_EDGE ( 'NONE', *, *, #410, .F. ) ;
#3422 = DIRECTION ( 'NONE',  ( -0.000000000000000000, 1.000000000000000000, -0.000000000000000000 ) ) ;
#3423 = EDGE_CURVE ( 'NONE', #3935, #931, #1393, .T. ) ;
#3424 = VERTEX_POINT ( 'NONE', #3406 ) ;
#3425 = CARTESIAN_POINT ( 'NONE',  ( 165.5250000000000625, 6.000000000000000000, 30.79999999999996518 ) ) ;
#3426 = EDGE_LOOP ( 'NONE', ( #1529, #560, #4223, #1104 ) ) ;
#3427 = DIRECTION ( 'NONE',  ( 0.000000000000000000, 0.000000000000000000, 1.000000000000000000 ) ) ;
#3428 = DIRECTION ( 'NONE',  ( -0.000000000000000000, 1.000000000000000000, -0.000000000000000000 ) ) ;
#3429 = DIRECTION ( 'NONE',  ( 8.659560562354942719E-17, 0.7071067811865466846, -0.7071067811865483499 ) ) ;
#3430 = ORIENTED_EDGE ( 'NONE', *, *, #4563, .F. ) ;
#3431 = ORIENTED_EDGE ( 'NONE', *, *, #4040, .T. ) ;
#3432 = AXIS2_PLACEMENT_3D ( 'NONE', #100, #4807, #3183 ) ;
#3433 = DIRECTION ( 'NONE',  ( -0.000000000000000000, 1.000000000000000000, -0.000000000000000000 ) ) ;
#3434 = CONICAL_SURFACE ( 'NONE', #3516, 3.150000000000013678, 0.7853981633974495002 ) ;
#3435 = PLANE ( 'NONE',  #980 ) ;
#3436 = LINE ( 'NONE', #4201, #1353 ) ;
#3437 = AXIS2_PLACEMENT_3D ( 'NONE', #865, #1204, #3989 ) ;
#3438 = DIRECTION ( 'NONE',  ( 0.000000000000000000, 0.000000000000000000, 1.000000000000000000 ) ) ;
#3439 = DIRECTION ( 'NONE',  ( 0.000000000000000000, 0.000000000000000000, 1.000000000000000000 ) ) ;
#3440 = CARTESIAN_POINT ( 'NONE',  ( -244.4749999999999943, 6.000000000000000000, -61.49999999999997158 ) ) ;
#3441 = AXIS2_PLACEMENT_3D ( 'NONE', #3903, #2038, #446 ) ;
#3442 = DIRECTION ( 'NONE',  ( 8.659560562354942719E-17, 0.7071067811865466846, -0.7071067811865483499 ) ) ;
#3443 = EDGE_LOOP ( 'NONE', ( #575, #2346, #3278, #2271 ) ) ;
#3444 = EDGE_CURVE ( 'NONE', #4721, #2387, #5051, .T. ) ;
#3445 = VERTEX_POINT ( 'NONE', #1124 ) ;
#3446 = EDGE_CURVE ( 'NONE', #144, #3115, #488, .T. ) ;
#3447 = CARTESIAN_POINT ( 'NONE',  ( -239.4749999999999943, 6.000000000000000000, 61.25000000000003553 ) ) ;
#3448 = VERTEX_POINT ( 'NONE', #2249 ) ;
#3449 = CARTESIAN_POINT ( 'NONE',  ( 165.5250000000000625, 6.000000000000000000, -27.65000000000002700 ) ) ;
#3450 = ORIENTED_EDGE ( 'NONE', *, *, #563, .F. ) ;
#3451 = DIRECTION ( 'NONE',  ( -0.000000000000000000, 1.000000000000000000, -0.000000000000000000 ) ) ;
#3452 = EDGE_CURVE ( 'NONE', #3731, #2792, #1309, .T. ) ;
#3453 = EDGE_CURVE ( 'NONE', #4270, #3907, #3200, .T. ) ;
#3454 = DIRECTION ( 'NONE',  ( -0.000000000000000000, 1.000000000000000000, -0.000000000000000000 ) ) ;
#3455 = ORIENTED_EDGE ( 'NONE', *, *, #471, .F. ) ;
#3456 = ORIENTED_EDGE ( 'NONE', *, *, #3423, .T. ) ;
#3457 = CONICAL_SURFACE ( 'NONE', #1252, 3.149999999999999911, 0.7853981633974477239 ) ;
#3458 = DIRECTION ( 'NONE',  ( -0.000000000000000000, 1.000000000000000000, -0.000000000000000000 ) ) ;
#3459 = CIRCLE ( 'NONE', #1495, 3.149999999999999911 ) ;
#3460 = ORIENTED_EDGE ( 'NONE', *, *, #703, .F. ) ;
#3461 = CARTESIAN_POINT ( 'NONE',  ( 191.1750000000000398, 0.000000000000000000, 61.55000000000003979 ) ) ;
#3462 = DIRECTION ( 'NONE',  ( -0.000000000000000000, 1.000000000000000000, -0.000000000000000000 ) ) ;
#3463 = LINE ( 'NONE', #3054, #4684 ) ;
#3464 = CYLINDRICAL_SURFACE ( 'NONE', #2162, 1.700000000000000178 ) ;
#3465 = CARTESIAN_POINT ( 'NONE',  ( -215.3250000000000171, 6.000000000000000000, -17.89999999999998437 ) ) ;
#3466 = CYLINDRICAL_SURFACE ( 'NONE', #3999, 1.700000000000007061 ) ;
#3467 = DIRECTION ( 'NONE',  ( 0.000000000000000000, 0.000000000000000000, 1.000000000000000000 ) ) ;
#3468 = CIRCLE ( 'NONE', #3390, 3.150000000000013678 ) ;
#3469 = VERTEX_POINT ( 'NONE', #2401 ) ;
#3470 = AXIS2_PLACEMENT_3D ( 'NONE', #3896, #1569, #4254 ) ;
#3471 = VERTEX_POINT ( 'NONE', #2866 ) ;
#3472 = DIRECTION ( 'NONE',  ( 0.000000000000000000, 0.000000000000000000, 1.000000000000000000 ) ) ;
#3473 = AXIS2_PLACEMENT_3D ( 'NONE', #2079, #564, #4462 ) ;
#3474 = CIRCLE ( 'NONE', #198, 3.149999999999993250 ) ;
#3475 = ORIENTED_EDGE ( 'NONE', *, *, #4016, .T. ) ;
#3476 = CARTESIAN_POINT ( 'NONE',  ( -215.3250000000000171, 6.000000000000000000, -16.19999999999997797 ) ) ;
#3477 = AXIS2_PLACEMENT_3D ( 'NONE', #110, #3248, #2191 ) ;
#3478 = VERTEX_POINT ( 'NONE', #3961 ) ;
#3479 = CARTESIAN_POINT ( 'NONE',  ( 229.9750000000001364, 6.000000000000000000, -55.99999999999997158 ) ) ;
#3480 = EDGE_CURVE ( 'NONE', #4932, #2590, #3175, .T. ) ;
#3481 = CIRCLE ( 'NONE', #1278, 3.150000000000013678 ) ;
#3482 = DIRECTION ( 'NONE',  ( 0.000000000000000000, 0.000000000000000000, -1.000000000000000000 ) ) ;
#3483 = AXIS2_PLACEMENT_3D ( 'NONE', #2938, #1300, #2066 ) ;
#3484 = VERTEX_POINT ( 'NONE', #2789 ) ;
#3485 = ORIENTED_EDGE ( 'NONE', *, *, #4285, .F. ) ;
#3486 = DIRECTION ( 'NONE',  ( -0.000000000000000000, -0.000000000000000000, -1.000000000000000000 ) ) ;
#3487 = EDGE_CURVE ( 'NONE', #1239, #3882, #4166, .T. ) ;
#3488 = EDGE_CURVE ( 'NONE', #3706, #1102, #1963, .T. ) ;
#3489 = EDGE_CURVE ( 'NONE', #4224, #1231, #158, .T. ) ;
#3490 = AXIS2_PLACEMENT_3D ( 'NONE', #641, #3719, #3337 ) ;
#3491 = DIRECTION ( 'NONE',  ( 0.000000000000000000, 1.000000000000000000, 0.000000000000000000 ) ) ;
#3492 = DIRECTION ( 'NONE',  ( 0.000000000000000000, 0.000000000000000000, 1.000000000000000000 ) ) ;
#3493 = VERTEX_POINT ( 'NONE', #4752 ) ;
#3494 = CARTESIAN_POINT ( 'NONE',  ( -241.7250000000000512, 6.000000000000000000, -51.85000000000010090 ) ) ;
#3495 = CARTESIAN_POINT ( 'NONE',  ( 165.5250000000000625, 4.549999999999997158, -6.675504130139742361E-14 ) ) ;
#3496 = CARTESIAN_POINT ( 'NONE',  ( 165.5250000000000625, 4.549999999999997158, -59.85000000000007248 ) ) ;
#3497 = DIRECTION ( 'NONE',  ( 0.000000000000000000, 0.000000000000000000, 1.000000000000000000 ) ) ;
#3498 = ORIENTED_EDGE ( 'NONE', *, *, #4936, .T. ) ;
#3499 = ORIENTED_EDGE ( 'NONE', *, *, #2112, .T. ) ;
#3500 = DIRECTION ( 'NONE',  ( 0.000000000000000000, 0.000000000000000000, 1.000000000000000000 ) ) ;
#3501 = CARTESIAN_POINT ( 'NONE',  ( -224.4749999999999659, 6.000000000000000000, -59.85000000000002984 ) ) ;
#3502 = AXIS2_PLACEMENT_3D ( 'NONE', #1572, #799, #4234 ) ;
#3503 = ORIENTED_EDGE ( 'NONE', *, *, #3918, .T. ) ;
#3504 = DIRECTION ( 'NONE',  ( -0.000000000000000000, 1.000000000000000000, -0.000000000000000000 ) ) ;
#3505 = EDGE_LOOP ( 'NONE', ( #2985, #1740, #2131, #397 ) ) ;
#3506 = CARTESIAN_POINT ( 'NONE',  ( -4.474999999999944578, 6.000000000000000000, -4.725530845851316856E-14 ) ) ;
#3507 = ORIENTED_EDGE ( 'NONE', *, *, #4936, .F. ) ;
#3508 = VERTEX_POINT ( 'NONE', #4401 ) ;
#3509 = LINE ( 'NONE', #4633, #438 ) ;
#3510 = EDGE_CURVE ( 'NONE', #1046, #670, #4650, .T. ) ;
#3511 = AXIS2_PLACEMENT_3D ( 'NONE', #2830, #4026, #4389 ) ;
#3512 = DIRECTION ( 'NONE',  ( -0.000000000000000000, 1.000000000000000000, -0.000000000000000000 ) ) ;
#3513 = DIRECTION ( 'NONE',  ( -0.000000000000000000, 1.000000000000000000, -0.000000000000000000 ) ) ;
#3514 = ORIENTED_EDGE ( 'NONE', *, *, #42, .F. ) ;
#3515 = DIRECTION ( 'NONE',  ( 0.000000000000000000, 0.000000000000000000, 1.000000000000000000 ) ) ;
#3516 = AXIS2_PLACEMENT_3D ( 'NONE', #3479, #1941, #2663 ) ;
#3517 = LINE ( 'NONE', #1086, #1364 ) ;
#3518 = AXIS2_PLACEMENT_3D ( 'NONE', #4523, #3751, #969 ) ;
#3519 = CARTESIAN_POINT ( 'NONE',  ( -174.4749999999999659, 6.000000000000000000, 1.699999999999979305 ) ) ;
#3520 = CYLINDRICAL_SURFACE ( 'NONE', #2075, 1.700000000000007061 ) ;
#3521 = ORIENTED_EDGE ( 'NONE', *, *, #4762, .T. ) ;
#3522 = ORIENTED_EDGE ( 'NONE', *, *, #2853, .F. ) ;
#3523 = CARTESIAN_POINT ( 'NONE',  ( 165.5250000000000625, 0.000000000000000000, -6.675504130139742361E-14 ) ) ;
#3524 = AXIS2_PLACEMENT_3D ( 'NONE', #1550, #4969, #267 ) ;
#3525 = FACE_OUTER_BOUND ( 'NONE', #4502, .T. ) ;
#3526 = VECTOR ( 'NONE', #1048, 1000.000000000000000 ) ;
#3527 = EDGE_LOOP ( 'NONE', ( #4097, #3503 ) ) ;
#3528 = DIRECTION ( 'NONE',  ( 0.000000000000000000, 0.000000000000000000, 1.000000000000000000 ) ) ;
#3529 = ORIENTED_EDGE ( 'NONE', *, *, #155, .F. ) ;
#3530 = DIRECTION ( 'NONE',  ( 0.000000000000000000, 0.000000000000000000, 1.000000000000000000 ) ) ;
#3531 = ORIENTED_EDGE ( 'NONE', *, *, #1564, .F. ) ;
#3532 = ORIENTED_EDGE ( 'NONE', *, *, #1134, .T. ) ;
#3533 = DIRECTION ( 'NONE',  ( 0.000000000000000000, 0.000000000000000000, 1.000000000000000000 ) ) ;
#3534 = ADVANCED_FACE ( 'NONE', ( #4321 ), #46, .F. ) ;
#3535 = CARTESIAN_POINT ( 'NONE',  ( 229.9750000000001364, 6.000000000000000000, -55.99999999999997158 ) ) ;
#3536 = EDGE_CURVE ( 'NONE', #843, #1519, #2435, .T. ) ;
#3537 = CARTESIAN_POINT ( 'NONE',  ( 202.8250000000000739, 6.000000000000000000, 48.69999999999998153 ) ) ;
#3538 = ORIENTED_EDGE ( 'NONE', *, *, #1047, .T. ) ;
#3539 = DIRECTION ( 'NONE',  ( -0.000000000000000000, 1.000000000000000000, -0.000000000000000000 ) ) ;
#3540 = AXIS2_PLACEMENT_3D ( 'NONE', #1063, #2984, #4541 ) ;
#3541 = CARTESIAN_POINT ( 'NONE',  ( -4.474999999999888622, 4.549999999999997158, 58.15000000000001279 ) ) ;
#3542 = EDGE_CURVE ( 'NONE', #2806, #4555, #239, .T. ) ;
#3543 = PRODUCT_DEFINITION ( 'UNKNOWN', '', #3065, #405 ) ;
#3544 =( LENGTH_UNIT ( ) NAMED_UNIT ( * ) SI_UNIT ( .MILLI., .METRE. ) );
#3545 = DIRECTION ( 'NONE',  ( 0.000000000000000000, 1.000000000000000000, 0.000000000000000000 ) ) ;
#3546 = ORIENTED_EDGE ( 'NONE', *, *, #4786, .T. ) ;
#3547 = DIRECTION ( 'NONE',  ( 0.000000000000000000, 0.000000000000000000, 1.000000000000000000 ) ) ;
#3549 = EDGE_CURVE ( 'NONE', #2437, #1091, #3108, .T. ) ;
#3548 = CIRCLE ( 'NONE', #1416, 2.500000000000002220 ) ;
#3550 = EDGE_CURVE ( 'NONE', #1519, #3424, #3222, .T. ) ;
#3551 = DIRECTION ( 'NONE',  ( -0.000000000000000000, 1.000000000000000000, -0.000000000000000000 ) ) ;
#3552 = EDGE_CURVE ( 'NONE', #2718, #2275, #329, .T. ) ;
#3553 = CIRCLE ( 'NONE', #4531, 1.700000000000007061 ) ;
#3554 = CIRCLE ( 'NONE', #687, 3.150000000000013678 ) ;
#3555 = ORIENTED_EDGE ( 'NONE', *, *, #1363, .T. ) ;
#3556 = FACE_OUTER_BOUND ( 'NONE', #1499, .T. ) ;
#3557 = EDGE_LOOP ( 'NONE', ( #1922, #4590 ) ) ;
#3558 = CONICAL_SURFACE ( 'NONE', #4529, 3.150000000000013678, 0.7853981633974495002 ) ;
#3559 = DIRECTION ( 'NONE',  ( -0.000000000000000000, 1.000000000000000000, -0.000000000000000000 ) ) ;
#3560 = CIRCLE ( 'NONE', #277, 1.700000000000000178 ) ;
#3561 = AXIS2_PLACEMENT_3D ( 'NONE', #3186, #2497, #4738 ) ;
#3562 = CIRCLE ( 'NONE', #4457, 1.700000000000000178 ) ;
#3563 = AXIS2_PLACEMENT_3D ( 'NONE', #4125, #959, #2208 ) ;
#3564 = ORIENTED_EDGE ( 'NONE', *, *, #4302, .F. ) ;
#3565 = ORIENTED_EDGE ( 'NONE', *, *, #354, .F. ) ;
#3566 = DIRECTION ( 'NONE',  ( 0.000000000000000000, 0.000000000000000000, 1.000000000000000000 ) ) ;
#3567 = CIRCLE ( 'NONE', #2827, 3.150000000000013678 ) ;
#3568 = CARTESIAN_POINT ( 'NONE',  ( -203.6750000000000114, 0.000000000000000000, 32.50000000000003553 ) ) ;
#3569 = DIRECTION ( 'NONE',  ( 0.000000000000000000, 1.000000000000000000, 0.000000000000000000 ) ) ;
#3570 = CIRCLE ( 'NONE', #2257, 1.700000000000007061 ) ;
#3571 = ORIENTED_EDGE ( 'NONE', *, *, #3699, .F. ) ;
#3572 = DIRECTION ( 'NONE',  ( 8.659560562354942719E-17, 0.7071067811865466846, -0.7071067811865483499 ) ) ;
#3573 = DIRECTION ( 'NONE',  ( -0.000000000000000000, 1.000000000000000000, -0.000000000000000000 ) ) ;
#3574 = FILL_AREA_STYLE ('',( #2288 ) ) ;
#3575 = DIRECTION ( 'NONE',  ( 0.000000000000000000, 1.000000000000000000, 0.000000000000000000 ) ) ;
#3576 = VERTEX_POINT ( 'NONE', #2815 ) ;
#3577 = EDGE_CURVE ( 'NONE', #3659, #3424, #2871, .T. ) ;
#3578 = DIRECTION ( 'NONE',  ( 0.000000000000000000, 1.000000000000000000, 0.000000000000000000 ) ) ;
#3579 = EDGE_CURVE ( 'NONE', #1473, #4675, #1475, .T. ) ;
#3580 = CARTESIAN_POINT ( 'NONE',  ( -174.4749999999999659, 6.000000000000000000, -56.70000000000001705 ) ) ;
#3581 = LINE ( 'NONE', #2639, #3317 ) ;
#3582 = EDGE_LOOP ( 'NONE', ( #2026, #3675, #412, #3650 ) ) ;
#3583 = PLANE ( 'NONE',  #2657 ) ;
#3584 = ORIENTED_EDGE ( 'NONE', *, *, #3841, .T. ) ;
#3585 = CARTESIAN_POINT ( 'NONE',  ( 165.5250000000000625, 6.000000000000000000, 27.64999999999995239 ) ) ;
#3586 = EDGE_LOOP ( 'NONE', ( #5004, #3130, #1121, #1868 ) ) ;
#3587 = ORIENTED_EDGE ( 'NONE', *, *, #2197, .F. ) ;
#3588 = VERTEX_POINT ( 'NONE', #1993 ) ;
#3589 = FACE_OUTER_BOUND ( 'NONE', #2217, .T. ) ;
#3590 = LINE ( 'NONE', #2876, #1965 ) ;
#3591 = FACE_BOUND ( 'NONE', #2147, .T. ) ;
#3592 = ORIENTED_EDGE ( 'NONE', *, *, #4482, .T. ) ;
#3593 = DIRECTION ( 'NONE',  ( 0.000000000000000000, 0.000000000000000000, 1.000000000000000000 ) ) ;
#3594 = DIRECTION ( 'NONE',  ( 0.000000000000000000, 0.000000000000000000, 1.000000000000000000 ) ) ;
#3595 = CARTESIAN_POINT ( 'NONE',  ( -215.3250000000000171, 6.000000000000000000, 16.20000000000001350 ) ) ;
#3596 = CYLINDRICAL_SURFACE ( 'NONE', #841, 1.700000000000007061 ) ;
#3597 = ORIENTED_EDGE ( 'NONE', *, *, #3789, .T. ) ;
#3598 = CIRCLE ( 'NONE', #4247, 1.700000000000007061 ) ;
#3599 = DIRECTION ( 'NONE',  ( 0.000000000000000000, 1.000000000000000000, 0.000000000000000000 ) ) ;
#3600 = CARTESIAN_POINT ( 'NONE',  ( 191.1750000000000398, 0.000000000000000000, 1.699999999999979305 ) ) ;
#3601 = AXIS2_PLACEMENT_3D ( 'NONE', #1076, #4296, #2686 ) ;
#3602 = ADVANCED_FACE ( 'NONE', ( #95 ), #4778, .F. ) ;
#3603 = FACE_BOUND ( 'NONE', #3294, .T. ) ;
#3604 = EDGE_CURVE ( 'NONE', #36, #2023, #429, .T. ) ;
#3605 = ORIENTED_EDGE ( 'NONE', *, *, #286, .F. ) ;
#3606 = LINE ( 'NONE', #4369, #4122 ) ;
#3607 = ORIENTED_EDGE ( 'NONE', *, *, #229, .T. ) ;
#3608 = CARTESIAN_POINT ( 'NONE',  ( 191.1750000000000398, 6.000000000000000000, 59.85000000000003695 ) ) ;
#3609 = VERTEX_POINT ( 'NONE', #4802 ) ;
#3610 = VERTEX_POINT ( 'NONE', #1304 ) ;
#3611 = DIRECTION ( 'NONE',  ( 0.000000000000000000, 0.000000000000000000, 1.000000000000000000 ) ) ;
#3612 = EDGE_CURVE ( 'NONE', #2023, #4269, #162, .T. ) ;
#3613 = EDGE_CURVE ( 'NONE', #559, #3445, #1315, .T. ) ;
#3614 = FACE_OUTER_BOUND ( 'NONE', #2369, .T. ) ;
#3615 = DIRECTION ( 'NONE',  ( -0.000000000000000000, 1.000000000000000000, -0.000000000000000000 ) ) ;
#3616 = VERTEX_POINT ( 'NONE', #3345 ) ;
#3617 = LINE ( 'NONE', #544, #2658 ) ;
#3618 = CARTESIAN_POINT ( 'NONE',  ( -241.7249999999999943, 6.000000000000000000, -2.743031496388326218E-14 ) ) ;
#3619 = CARTESIAN_POINT ( 'NONE',  ( -203.6750000000000114, 4.549999999999997158, -32.50000000000001421 ) ) ;
#3620 = CARTESIAN_POINT ( 'NONE',  ( -215.3250000000000171, 6.000000000000000000, 21.05000000000003268 ) ) ;
#3621 = ORIENTED_EDGE ( 'NONE', *, *, #2584, .F. ) ;
#3622 = DIRECTION ( 'NONE',  ( -0.000000000000000000, 1.000000000000000000, -0.000000000000000000 ) ) ;
#3623 = CARTESIAN_POINT ( 'NONE',  ( 219.4749999999999943, 4.549999999999997158, -32.50000000000002842 ) ) ;
#3624 = DIRECTION ( 'NONE',  ( -0.000000000000000000, 1.000000000000000000, -0.000000000000000000 ) ) ;
#3625 = ORIENTED_EDGE ( 'NONE', *, *, #1504, .F. ) ;
#3626 = VECTOR ( 'NONE', #2662, 1000.000000000000000 ) ;
#3627 = FACE_BOUND ( 'NONE', #3795, .T. ) ;
#3628 = ORIENTED_EDGE ( 'NONE', *, *, #1365, .T. ) ;
#3629 = DIRECTION ( 'NONE',  ( 0.000000000000000000, 0.000000000000000000, 1.000000000000000000 ) ) ;
#3630 = ORIENTED_EDGE ( 'NONE', *, *, #4966, .T. ) ;
#3631 = AXIS2_PLACEMENT_3D ( 'NONE', #1285, #1232, #1668 ) ;
#3632 = EDGE_LOOP ( 'NONE', ( #1531, #3219, #4057, #3485 ) ) ;
#3633 = AXIS2_PLACEMENT_3D ( 'NONE', #143, #4277, #1520 ) ;
#3634 = CARTESIAN_POINT ( 'NONE',  ( 165.5250000000001194, 6.000000000000000000, 56.69999999999998153 ) ) ;
#3635 = EDGE_CURVE ( 'NONE', #971, #3701, #245, .T. ) ;
#3636 = EDGE_CURVE ( 'NONE', #3484, #717, #1395, .T. ) ;
#3637 = CONICAL_SURFACE ( 'NONE', #4934, 3.150000000000013678, 0.7853981633974495002 ) ;
#3638 = CONICAL_SURFACE ( 'NONE', #3069, 3.149999999999993250, 0.7853981633974399523 ) ;
#3639 = CARTESIAN_POINT ( 'NONE',  ( 229.9750000000001364, 0.000000000000000000, -57.69999999999998153 ) ) ;
#3640 = CARTESIAN_POINT ( 'NONE',  ( -174.4749999999999659, 4.549999999999997158, 1.699999999999979305 ) ) ;
#3641 = EDGE_LOOP ( 'NONE', ( #4420, #2477, #2603, #3564 ) ) ;
#3642 = DIRECTION ( 'NONE',  ( 1.000000000000000000, 0.000000000000000000, 0.000000000000000000 ) ) ;
#3643 = EDGE_CURVE ( 'NONE', #4261, #2862, #1068, .T. ) ;
#3644 = EDGE_CURVE ( 'NONE', #786, #1928, #4575, .T. ) ;
#3645 = AXIS2_PLACEMENT_3D ( 'NONE', #2520, #1845, #3377 ) ;
#3646 = DIRECTION ( 'NONE',  ( 0.000000000000000000, 0.000000000000000000, 1.000000000000000000 ) ) ;
#3647 = AXIS2_PLACEMENT_3D ( 'NONE', #340, #2755, #1545 ) ;
#3648 = DIRECTION ( 'NONE',  ( 0.000000000000000000, 0.000000000000000000, 1.000000000000000000 ) ) ;
#3649 = CARTESIAN_POINT ( 'NONE',  ( 216.9750000000000227, 6.000000000000000000, 59.85000000000003695 ) ) ;
#3650 = ORIENTED_EDGE ( 'NONE', *, *, #447, .F. ) ;
#3651 = DIRECTION ( 'NONE',  ( -0.000000000000000000, 1.000000000000000000, -0.000000000000000000 ) ) ;
#3652 = CARTESIAN_POINT ( 'NONE',  ( 229.9750000000001364, 0.000000000000000000, -55.99999999999997158 ) ) ;
#3653 = FACE_BOUND ( 'NONE', #433, .T. ) ;
#3654 = EDGE_LOOP ( 'NONE', ( #2582, #3348 ) ) ;
#3655 = DIRECTION ( 'NONE',  ( 0.000000000000000000, 0.000000000000000000, 1.000000000000000000 ) ) ;
#3656 = ORIENTED_EDGE ( 'NONE', *, *, #4146, .F. ) ;
#3657 = CARTESIAN_POINT ( 'NONE',  ( -203.6750000000000114, 6.000000000000000000, -30.80000000000000782 ) ) ;
#3658 = ORIENTED_EDGE ( 'NONE', *, *, #222, .T. ) ;
#3659 = VERTEX_POINT ( 'NONE', #4138 ) ;
#3660 = CYLINDRICAL_SURFACE ( 'NONE', #610, 1.700000000000007061 ) ;
#3661 = DIRECTION ( 'NONE',  ( 0.000000000000000000, 0.000000000000000000, 1.000000000000000000 ) ) ;
#3662 = ADVANCED_FACE ( 'NONE', ( #1354 ), #2294, .F. ) ;
#3663 = CARTESIAN_POINT ( 'NONE',  ( -4.474999999999944578, 6.000000000000000000, -30.80000000000002203 ) ) ;
#3664 = VERTEX_POINT ( 'NONE', #4878 ) ;
#3665 = CARTESIAN_POINT ( 'NONE',  ( 219.4749999999999943, 0.000000000000000000, -32.50000000000002842 ) ) ;
#3666 = LINE ( 'NONE', #4025, #1931 ) ;
#3667 = DIRECTION ( 'NONE',  ( 0.000000000000000000, 0.000000000000000000, 1.000000000000000000 ) ) ;
#3668 = FACE_OUTER_BOUND ( 'NONE', #1883, .T. ) ;
#3669 = ORIENTED_EDGE ( 'NONE', *, *, #316, .F. ) ;
#3670 = EDGE_CURVE ( 'NONE', #2702, #670, #1015, .T. ) ;
#3671 = DIRECTION ( 'NONE',  ( -0.000000000000000000, 1.000000000000000000, -0.000000000000000000 ) ) ;
#3672 = FACE_OUTER_BOUND ( 'NONE', #3974, .T. ) ;
#3673 = EDGE_LOOP ( 'NONE', ( #3698, #2515, #242, #2198 ) ) ;
#3674 = DIRECTION ( 'NONE',  ( 0.000000000000000000, 0.000000000000000000, 1.000000000000000000 ) ) ;
#3675 = ORIENTED_EDGE ( 'NONE', *, *, #163, .T. ) ;
#3676 = ORIENTED_EDGE ( 'NONE', *, *, #1348, .F. ) ;
#3677 = FACE_OUTER_BOUND ( 'NONE', #4686, .T. ) ;
#3678 = CIRCLE ( 'NONE', #2784, 2.250000000000001776 ) ;
#3679 = CIRCLE ( 'NONE', #4572, 1.699999999999997957 ) ;
#3680 = AXIS2_PLACEMENT_3D ( 'NONE', #1585, #1637, #3148 ) ;
#3681 = VERTEX_POINT ( 'NONE', #4498 ) ;
#3682 = ORIENTED_EDGE ( 'NONE', *, *, #758, .F. ) ;
#3683 = VERTEX_POINT ( 'NONE', #2098 ) ;
#3684 = CARTESIAN_POINT ( 'NONE',  ( 202.8250000000000739, 6.000000000000000000, 48.69999999999998153 ) ) ;
#3685 = LINE ( 'NONE', #562, #5020 ) ;
#3686 = CARTESIAN_POINT ( 'NONE',  ( 219.4749999999999943, 0.000000000000000000, -29.10000000000001918 ) ) ;
#3687 = ORIENTED_EDGE ( 'NONE', *, *, #4831, .F. ) ;
#3688 = CARTESIAN_POINT ( 'NONE',  ( -244.4749999999999943, 5.782023406316298519, -49.74646450452676305 ) ) ;
#3689 = DIRECTION ( 'NONE',  ( 0.000000000000000000, 0.000000000000000000, 1.000000000000000000 ) ) ;
#3690 = LINE ( 'NONE', #2647, #1284 ) ;
#3691 = DIRECTION ( 'NONE',  ( 0.000000000000000000, 0.000000000000000000, 1.000000000000000000 ) ) ;
#3692 = ORIENTED_EDGE ( 'NONE', *, *, #449, .F. ) ;
#3693 = EDGE_CURVE ( 'NONE', #3664, #428, #2706, .T. ) ;
#3694 = EDGE_CURVE ( 'NONE', #2199, #2806, #2535, .T. ) ;
#3695 = DIRECTION ( 'NONE',  ( 0.000000000000000000, 1.000000000000000000, 0.000000000000000000 ) ) ;
#3696 = CARTESIAN_POINT ( 'NONE',  ( -203.6750000000000114, 6.000000000000000000, 30.80000000000002913 ) ) ;
#3697 = AXIS2_PLACEMENT_3D ( 'NONE', #1932, #800, #4743 ) ;
#3698 = ORIENTED_EDGE ( 'NONE', *, *, #1823, .F. ) ;
#3699 = EDGE_CURVE ( 'NONE', #2437, #1526, #2173, .T. ) ;
#3700 = CYLINDRICAL_SURFACE ( 'NONE', #1426, 1.700000000000007061 ) ;
#3701 = VERTEX_POINT ( 'NONE', #996 ) ;
#3702 = CARTESIAN_POINT ( 'NONE',  ( 165.5250000000000625, 6.000000000000000000, -59.85000000000007248 ) ) ;
#3703 = EDGE_CURVE ( 'NONE', #1781, #36, #3762, .T. ) ;
#3704 = ADVANCED_FACE ( 'NONE', ( #2121 ), #2953, .F. ) ;
#3705 = CIRCLE ( 'NONE', #4922, 1.700000000000007061 ) ;
#3706 = VERTEX_POINT ( 'NONE', #1424 ) ;
#3707 = ORIENTED_EDGE ( 'NONE', *, *, #3604, .F. ) ;
#3708 = CARTESIAN_POINT ( 'NONE',  ( 241.9749999999999943, 0.000000000000000000, -63.99999999999997158 ) ) ;
#3709 = FACE_OUTER_BOUND ( 'NONE', #4999, .T. ) ;
#3711 = CARTESIAN_POINT ( 'NONE',  ( -174.4749999999999659, 6.000000000000000000, -58.15000000000001990 ) ) ;
#3710 = CIRCLE ( 'NONE', #1915, 1.700000000000007061 ) ;
#3712 = CONICAL_SURFACE ( 'NONE', #3143, 3.150000000000013678, 0.7853981633974495002 ) ;
#3713 = FACE_BOUND ( 'NONE', #3048, .T. ) ;
#3714 = VERTEX_POINT ( 'NONE', #1400 ) ;
#3715 = CARTESIAN_POINT ( 'NONE',  ( -244.4750000000000227, 5.599993511718791339, -48.43013995424356466 ) ) ;
#3716 = AXIS2_PLACEMENT_3D ( 'NONE', #851, #3573, #3646 ) ;
#3717 = AXIS2_PLACEMENT_3D ( 'NONE', #3227, #2407, #3994 ) ;
#3718 = DIRECTION ( 'NONE',  ( 0.000000000000000000, 0.000000000000000000, 1.000000000000000000 ) ) ;
#3719 = DIRECTION ( 'NONE',  ( -0.000000000000000000, 1.000000000000000000, -0.000000000000000000 ) ) ;
#3720 = CARTESIAN_POINT ( 'NONE',  ( -215.3250000000000171, 0.000000000000000000, 16.20000000000001350 ) ) ;
#3721 = AXIS2_PLACEMENT_3D ( 'NONE', #4290, #804, #4339 ) ;
#3722 = ORIENTED_EDGE ( 'NONE', *, *, #3536, .F. ) ;
#3723 = FACE_OUTER_BOUND ( 'NONE', #309, .T. ) ;
#3724 = AXIS2_PLACEMENT_3D ( 'NONE', #4364, #1686, #859 ) ;
#3725 = AXIS2_PLACEMENT_3D ( 'NONE', #953, #4095, #1791 ) ;
#3726 = LINE ( 'NONE', #186, #4995 ) ;
#3727 = EDGE_LOOP ( 'NONE', ( #4134, #2528, #5044, #3253 ) ) ;
#3728 = ADVANCED_FACE ( 'NONE', ( #3677 ), #1557, .F. ) ;
#3729 = CARTESIAN_POINT ( 'NONE',  ( -4.474999999999944578, 0.000000000000000000, -29.10000000000002629 ) ) ;
#3730 = CIRCLE ( 'NONE', #540, 1.700000000000007061 ) ;
#3731 = VERTEX_POINT ( 'NONE', #4544 ) ;
#3732 = CARTESIAN_POINT ( 'NONE',  ( -241.7249999999999943, 4.549999999999997158, -2.743031496388326218E-14 ) ) ;
#3733 = VECTOR ( 'NONE', #4101, 1000.000000000000000 ) ;
#3734 = ORIENTED_EDGE ( 'NONE', *, *, #4394, .T. ) ;
#3735 = ORIENTED_EDGE ( 'NONE', *, *, #4888, .T. ) ;
#3736 = FACE_OUTER_BOUND ( 'NONE', #2814, .T. ) ;
#3737 = DIRECTION ( 'NONE',  ( 0.000000000000000000, 0.000000000000000000, 1.000000000000000000 ) ) ;
#3738 = DIRECTION ( 'NONE',  ( 8.659560562354942719E-17, 0.7071067811865466846, -0.7071067811865483499 ) ) ;
#3739 = ORIENTED_EDGE ( 'NONE', *, *, #1297, .T. ) ;
#3740 = CARTESIAN_POINT ( 'NONE',  ( -244.4750000000000227, 5.883681800026460351, -49.99772154801065227 ) ) ;
#3741 = CARTESIAN_POINT ( 'NONE',  ( -174.4749999999999659, 4.549999999999997158, -1.700000000000034817 ) ) ;
#3742 = VECTOR ( 'NONE', #960, 1000.000000000000000 ) ;
#3743 = DIRECTION ( 'NONE',  ( 0.000000000000000000, 0.7071067811865466846, 0.7071067811865483499 ) ) ;
#3744 = CARTESIAN_POINT ( 'NONE',  ( -215.3250000000000171, 6.000000000000000000, -17.89999999999998437 ) ) ;
#3745 = CARTESIAN_POINT ( 'NONE',  ( -241.9749999999999943, 6.000000000000000000, -61.49999999999997158 ) ) ;
#3746 = PRODUCT_DEFINITION_SHAPE ( 'NONE', 'NONE',  #3543 ) ;
#3747 = CYLINDRICAL_SURFACE ( 'NONE', #2587, 1.700000000000007061 ) ;
#3748 = DIRECTION ( 'NONE',  ( -0.000000000000000000, 1.000000000000000000, -0.000000000000000000 ) ) ;
#3749 = VERTEX_POINT ( 'NONE', #1044 ) ;
#3750 = VERTEX_POINT ( 'NONE', #4038 ) ;
#3751 = DIRECTION ( 'NONE',  ( 0.000000000000000000, 1.000000000000000000, 0.000000000000000000 ) ) ;
#3752 = AXIS2_PLACEMENT_3D ( 'NONE', #2061, #134, #3188 ) ;
#3753 = EDGE_CURVE ( 'NONE', #3877, #791, #2377, .T. ) ;
#3754 = ADVANCED_FACE ( 'NONE', ( #3296 ), #2892, .F. ) ;
#3755 = ORIENTED_EDGE ( 'NONE', *, *, #2707, .T. ) ;
#3756 = ORIENTED_EDGE ( 'NONE', *, *, #2763, .F. ) ;
#3757 = VECTOR ( 'NONE', #1173, 1000.000000000000000 ) ;
#3758 = CYLINDRICAL_SURFACE ( 'NONE', #988, 1.700000000000007061 ) ;
#3759 = LINE ( 'NONE', #2565, #4739 ) ;
#3760 = VECTOR ( 'NONE', #2411, 1000.000000000000000 ) ;
#3761 = EDGE_CURVE ( 'NONE', #4781, #1806, #84, .T. ) ;
#3762 = CIRCLE ( 'NONE', #4823, 1.700000000000007061 ) ;
#3763 = LINE ( 'NONE', #255, #1362 ) ;
#3764 = VERTEX_POINT ( 'NONE', #3878 ) ;
#3765 = CARTESIAN_POINT ( 'NONE',  ( 165.5250000000000625, 6.000000000000000000, -56.70000000000005258 ) ) ;
#3766 = EDGE_CURVE ( 'NONE', #384, #1065, #573, .T. ) ;
#3767 = AXIS2_PLACEMENT_3D ( 'NONE', #3982, #470, #2447 ) ;
#3768 = EDGE_CURVE ( 'NONE', #4320, #4932, #3029, .T. ) ;
#3769 = CARTESIAN_POINT ( 'NONE',  ( 239.4750000000000227, 6.000000000000000000, 56.75000000000002842 ) ) ;
#3770 = ADVANCED_FACE ( 'NONE', ( #1530 ), #1860, .F. ) ;
#3771 = CIRCLE ( 'NONE', #2218, 1.700000000000007061 ) ;
#3772 = DIRECTION ( 'NONE',  ( 0.000000000000000000, 0.000000000000000000, 1.000000000000000000 ) ) ;
#3773 = DIRECTION ( 'NONE',  ( 0.000000000000000000, 0.000000000000000000, 1.000000000000000000 ) ) ;
#3774 = LINE ( 'NONE', #261, #2040 ) ;
#3775 = VERTEX_POINT ( 'NONE', #2219 ) ;
#3776 = DIRECTION ( 'NONE',  ( 0.000000000000000000, 0.000000000000000000, 1.000000000000000000 ) ) ;
#3777 = CARTESIAN_POINT ( 'NONE',  ( -4.474999999999944578, 6.000000000000000000, -30.80000000000002203 ) ) ;
#3778 = ORIENTED_EDGE ( 'NONE', *, *, #128, .T. ) ;
#3779 = ORIENTED_EDGE ( 'NONE', *, *, #2164, .T. ) ;
#3780 = CARTESIAN_POINT ( 'NONE',  ( -224.4749999999999659, 6.000000000000000000, -59.85000000000002984 ) ) ;
#3781 = EDGE_LOOP ( 'NONE', ( #2795, #907, #2185, #3314 ) ) ;
#3782 = CYLINDRICAL_SURFACE ( 'NONE', #4905, 1.700000000000007061 ) ;
#3783 = VERTEX_POINT ( 'NONE', #1119 ) ;
#3784 = CARTESIAN_POINT ( 'NONE',  ( -241.7249999999999943, 0.000000000000000000, -1.700000000000034373 ) ) ;
#3785 = DIRECTION ( 'NONE',  ( 0.000000000000000000, 0.000000000000000000, 1.000000000000000000 ) ) ;
#3786 = AXIS2_PLACEMENT_3D ( 'NONE', #3927, #2310, #3165 ) ;
#3787 = FACE_OUTER_BOUND ( 'NONE', #2812, .T. ) ;
#3788 = CARTESIAN_POINT ( 'NONE',  ( -224.4749999999999659, 0.000000000000000000, -61.55000000000003268 ) ) ;
#3789 = EDGE_CURVE ( 'NONE', #968, #1101, #2458, .T. ) ;
#3790 = VERTEX_POINT ( 'NONE', #300 ) ;
#3791 = DIRECTION ( 'NONE',  ( 0.000000000000000000, 0.000000000000000000, 1.000000000000000000 ) ) ;
#3792 = AXIS2_PLACEMENT_3D ( 'NONE', #236, #1875, #4180 ) ;
#3793 = EDGE_CURVE ( 'NONE', #4661, #4320, #651, .T. ) ;
#3794 = AXIS2_PLACEMENT_3D ( 'NONE', #3181, #2845, #2382 ) ;
#3795 = EDGE_LOOP ( 'NONE', ( #4336, #4601 ) ) ;
#3796 = CIRCLE ( 'NONE', #2499, 1.700000000000007061 ) ;
#3797 = FACE_OUTER_BOUND ( 'NONE', #4882, .T. ) ;
#3798 = CARTESIAN_POINT ( 'NONE',  ( -203.6750000000000114, 4.549999999999997158, -30.80000000000000782 ) ) ;
#3799 = DIRECTION ( 'NONE',  ( 0.000000000000000000, 0.000000000000000000, 1.000000000000000000 ) ) ;
#3800 = VECTOR ( 'NONE', #3615, 1000.000000000000000 ) ;
#3801 = ADVANCED_FACE ( 'NONE', ( #4945 ), #2054, .F. ) ;
#3802 = CONICAL_SURFACE ( 'NONE', #2243, 3.149999999999999911, 0.7853981633974477239 ) ;
#3803 = DIRECTION ( 'NONE',  ( 0.000000000000000000, 0.000000000000000000, 1.000000000000000000 ) ) ;
#3804 = CARTESIAN_POINT ( 'NONE',  ( -174.4749999999999659, 6.000000000000000000, -63.00000000000004263 ) ) ;
#3805 = ORIENTED_EDGE ( 'NONE', *, *, #2225, .T. ) ;
#3806 = ORIENTED_EDGE ( 'NONE', *, *, #280, .F. ) ;
#3807 = DIRECTION ( 'NONE',  ( 0.000000000000000000, 0.000000000000000000, 1.000000000000000000 ) ) ;
#3808 = CONICAL_SURFACE ( 'NONE', #2748, 3.149999999999986144, 0.7853981633974399523 ) ;
#3809 = CIRCLE ( 'NONE', #123, 1.700000000000007061 ) ;
#3810 = CONICAL_SURFACE ( 'NONE', #2510, 3.150000000000013678, 0.7853981633974495002 ) ;
#3811 = ORIENTED_EDGE ( 'NONE', *, *, #1472, .F. ) ;
#3812 = CARTESIAN_POINT ( 'NONE',  ( 229.9750000000001364, 6.000000000000000000, -34.29999999999996874 ) ) ;
#3813 = VERTEX_POINT ( 'NONE', #2682 ) ;
#3814 = ORIENTED_EDGE ( 'NONE', *, *, #2632, .F. ) ;
#3815 = CARTESIAN_POINT ( 'NONE',  ( 202.8250000000000739, 4.549999999999997158, 12.89999999999997371 ) ) ;
#3816 = FACE_BOUND ( 'NONE', #1260, .T. ) ;
#3817 = CIRCLE ( 'NONE', #381, 2.500000000000002220 ) ;
#3818 = ORIENTED_EDGE ( 'NONE', *, *, #96, .T. ) ;
#3819 = ORIENTED_EDGE ( 'NONE', *, *, #509, .F. ) ;
#3820 = CARTESIAN_POINT ( 'NONE',  ( 216.9750000000000227, 4.549999999999997158, 59.85000000000003695 ) ) ;
#3821 = EDGE_CURVE ( 'NONE', #5049, #2141, #1151, .T. ) ;
#3822 = LINE ( 'NONE', #1130, #1934 ) ;
#3823 = CARTESIAN_POINT ( 'NONE',  ( -203.6750000000000114, 6.000000000000000000, 30.80000000000002913 ) ) ;
#3824 = CARTESIAN_POINT ( 'NONE',  ( -241.7250000000000512, 6.000000000000000000, -45.55000000000007532 ) ) ;
#3825 = CARTESIAN_POINT ( 'NONE',  ( -174.4749999999999659, 6.000000000000000000, -33.95000000000001705 ) ) ;
#3826 = DIRECTION ( 'NONE',  ( -0.000000000000000000, 1.000000000000000000, -0.000000000000000000 ) ) ;
#3827 = DIRECTION ( 'NONE',  ( 0.000000000000000000, 0.000000000000000000, 1.000000000000000000 ) ) ;
#3828 = VERTEX_POINT ( 'NONE', #4591 ) ;
#3829 = ORIENTED_EDGE ( 'NONE', *, *, #3073, .F. ) ;
#3830 = CARTESIAN_POINT ( 'NONE',  ( -4.474999999999944578, 0.000000000000000000, -30.80000000000002203 ) ) ;
#3831 = EDGE_CURVE ( 'NONE', #4713, #2590, #4252, .T. ) ;
#3832 = EDGE_LOOP ( 'NONE', ( #2255, #2400, #501, #1141 ) ) ;
#3833 = LINE ( 'NONE', #1073, #2057 ) ;
#3834 = ORIENTED_EDGE ( 'NONE', *, *, #703, .T. ) ;
#3835 = DIRECTION ( 'NONE',  ( 0.000000000000000000, 0.7071067811865535679, 0.7071067811865415775 ) ) ;
#3836 = DIRECTION ( 'NONE',  ( 0.000000000000000000, 0.000000000000000000, 1.000000000000000000 ) ) ;
#3837 = EDGE_LOOP ( 'NONE', ( #1288, #494, #400, #4983 ) ) ;
#3838 = ORIENTED_EDGE ( 'NONE', *, *, #4814, .T. ) ;
#3839 = AXIS2_PLACEMENT_3D ( 'NONE', #3081, #721, #3893 ) ;
#3840 = FACE_OUTER_BOUND ( 'NONE', #2685, .T. ) ;
#3841 = EDGE_CURVE ( 'NONE', #3957, #3060, #3358, .T. ) ;
#3842 = AXIS2_PLACEMENT_3D ( 'NONE', #1842, #5024, #3886 ) ;
#3843 = CARTESIAN_POINT ( 'NONE',  ( -174.4749999999999659, 4.549999999999997158, 30.80000000000000782 ) ) ;
#3844 = CYLINDRICAL_SURFACE ( 'NONE', #365, 1.700000000000007061 ) ;
#3845 = AXIS2_PLACEMENT_3D ( 'NONE', #1834, #2704, #3400 ) ;
#3846 = CARTESIAN_POINT ( 'NONE',  ( -244.4749999999999943, 6.000000000000000000, 1.536229149573718589 ) ) ;
#3847 = LINE ( 'NONE', #5011, #3150 ) ;
#3848 = CARTESIAN_POINT ( 'NONE',  ( 219.4749999999999943, 4.549999999999997158, -30.80000000000002558 ) ) ;
#3849 = CONICAL_SURFACE ( 'NONE', #4506, 3.150000000000013678, 0.7853981633974495002 ) ;
#3850 = CARTESIAN_POINT ( 'NONE',  ( -4.474999999999888622, 6.000000000000000000, 56.70000000000001705 ) ) ;
#3851 = ORIENTED_EDGE ( 'NONE', *, *, #957, .F. ) ;
#3852 = ADVANCED_FACE ( 'NONE', ( #2656 ), #3281, .F. ) ;
#3853 = VERTEX_POINT ( 'NONE', #4213 ) ;
#3854 = DIRECTION ( 'NONE',  ( -0.000000000000000000, 1.000000000000000000, -0.000000000000000000 ) ) ;
#3855 = ADVANCED_FACE ( 'NONE', ( #2316 ), #3037, .F. ) ;
#3856 = ORIENTED_EDGE ( 'NONE', *, *, #2518, .F. ) ;
#3857 = ADVANCED_FACE ( 'NONE', ( #3063 ), #4565, .F. ) ;
#3858 = LINE ( 'NONE', #2713, #1563 ) ;
#3859 = VERTEX_POINT ( 'NONE', #2630 ) ;
#3860 = DIRECTION ( 'NONE',  ( -0.000000000000000000, 1.000000000000000000, -0.000000000000000000 ) ) ;
#3861 = EDGE_CURVE ( 'NONE', #2321, #2314, #1476, .T. ) ;
#3862 = LINE ( 'NONE', #1100, #1521 ) ;
#3863 = ORIENTED_EDGE ( 'NONE', *, *, #2328, .F. ) ;
#3864 = ORIENTED_EDGE ( 'NONE', *, *, #594, .F. ) ;
#3865 = CIRCLE ( 'NONE', #4106, 1.700000000000000178 ) ;
#3866 = LINE ( 'NONE', #1923, #2324 ) ;
#3867 = DIRECTION ( 'NONE',  ( 0.000000000000000000, 0.000000000000000000, 1.000000000000000000 ) ) ;
#3868 = DIRECTION ( 'NONE',  ( -0.000000000000000000, 1.000000000000000000, -0.000000000000000000 ) ) ;
#3869 = ORIENTED_EDGE ( 'NONE', *, *, #4460, .T. ) ;
#3870 = CYLINDRICAL_SURFACE ( 'NONE', #193, 1.700000000000007061 ) ;
#3871 = FACE_OUTER_BOUND ( 'NONE', #2278, .T. ) ;
#3872 = DIRECTION ( 'NONE',  ( -0.000000000000000000, 1.000000000000000000, -0.000000000000000000 ) ) ;
#3873 = CARTESIAN_POINT ( 'NONE',  ( 165.5250000000000625, 6.000000000000000000, -32.50000000000004974 ) ) ;
#3874 = CONICAL_SURFACE ( 'NONE', #360, 3.150000000000013678, 0.7853981633974495002 ) ;
#3875 = EDGE_LOOP ( 'NONE', ( #1611, #2436, #543, #2398 ) ) ;
#3876 = VECTOR ( 'NONE', #599, 1000.000000000000000 ) ;
#3877 = VERTEX_POINT ( 'NONE', #2272 ) ;
#3878 = CARTESIAN_POINT ( 'NONE',  ( -4.474999999999944578, 0.000000000000000000, -1.700000000000045253 ) ) ;
#3879 = VECTOR ( 'NONE', #4787, 999.9999999999998863 ) ;
#3880 = DIRECTION ( 'NONE',  ( 0.000000000000000000, 0.000000000000000000, 1.000000000000000000 ) ) ;
#3881 = EDGE_CURVE ( 'NONE', #3683, #2471, #168, .T. ) ;
#3882 = VERTEX_POINT ( 'NONE', #3447 ) ;
#3883 = DIRECTION ( 'NONE',  ( 8.659560562354860135E-17, 0.7071067811865535679, -0.7071067811865415775 ) ) ;
#3884 = AXIS2_PLACEMENT_3D ( 'NONE', #4673, #1168, #4770 ) ;
#3885 = ORIENTED_EDGE ( 'NONE', *, *, #315, .T. ) ;
#3886 = DIRECTION ( 'NONE',  ( 0.000000000000000000, 0.000000000000000000, 1.000000000000000000 ) ) ;
#3887 = VECTOR ( 'NONE', #989, 1000.000000000000000 ) ;
#3888 = CARTESIAN_POINT ( 'NONE',  ( 229.9750000000001364, 0.000000000000000000, -35.99999999999997868 ) ) ;
#3889 = ORIENTED_EDGE ( 'NONE', *, *, #440, .T. ) ;
#3890 = ORIENTED_EDGE ( 'NONE', *, *, #2694, .T. ) ;
#3891 = CARTESIAN_POINT ( 'NONE',  ( 191.1750000000000398, 0.000000000000000000, 59.85000000000003695 ) ) ;
#3892 = VECTOR ( 'NONE', #549, 1000.000000000000000 ) ;
#3893 = DIRECTION ( 'NONE',  ( 0.000000000000000000, 0.000000000000000000, 1.000000000000000000 ) ) ;
#3894 = CARTESIAN_POINT ( 'NONE',  ( -4.474999999999944578, 0.000000000000000000, 30.79999999999998650 ) ) ;
#3895 = ORIENTED_EDGE ( 'NONE', *, *, #344, .T. ) ;
#3896 = CARTESIAN_POINT ( 'NONE',  ( 229.9750000000001364, 4.549999999999997158, -55.99999999999997158 ) ) ;
#3897 = FACE_OUTER_BOUND ( 'NONE', #2746, .T. ) ;
#3898 = PRESENTATION_STYLE_ASSIGNMENT (( #4312 ) ) ;
#3899 = CARTESIAN_POINT ( 'NONE',  ( 202.8250000000000739, 0.000000000000000000, 11.19999999999996732 ) ) ;
#3900 = EDGE_LOOP ( 'NONE', ( #1847, #2460 ) ) ;
#3901 = EDGE_LOOP ( 'NONE', ( #1282, #1360, #2107, #4694 ) ) ;
#3902 = VERTEX_POINT ( 'NONE', #4621 ) ;
#3903 = CARTESIAN_POINT ( 'NONE',  ( 165.5250000000000625, 0.000000000000000000, -30.80000000000004334 ) ) ;
#3904 = DIRECTION ( 'NONE',  ( -0.000000000000000000, 1.000000000000000000, -0.000000000000000000 ) ) ;
#3905 = ORIENTED_EDGE ( 'NONE', *, *, #3487, .F. ) ;
#3906 = FACE_BOUND ( 'NONE', #2791, .T. ) ;
#3907 = VERTEX_POINT ( 'NONE', #1167 ) ;
#3908 = DIRECTION ( 'NONE',  ( 0.000000000000000000, 0.000000000000000000, 1.000000000000000000 ) ) ;
#3909 = ADVANCED_FACE ( 'NONE', ( #3247 ), #1272, .F. ) ;
#3910 = ADVANCED_FACE ( 'NONE', ( #1197 ), #995, .F. ) ;
#3911 = EDGE_LOOP ( 'NONE', ( #4403, #2393, #4632, #5035 ) ) ;
#3912 = ORIENTED_EDGE ( 'NONE', *, *, #3488, .F. ) ;
#3913 = DIRECTION ( 'NONE',  ( 0.000000000000000000, 1.000000000000000000, 0.000000000000000000 ) ) ;
#3914 = EDGE_CURVE ( 'NONE', #3137, #1747, #1650, .T. ) ;
#3915 = EDGE_CURVE ( 'NONE', #1088, #1896, #3931, .T. ) ;
#3916 = EDGE_LOOP ( 'NONE', ( #4237, #2043, #2839, #1642 ) ) ;
#3917 = CARTESIAN_POINT ( 'NONE',  ( 202.8250000000000739, 6.000000000000000000, 45.54999999999996874 ) ) ;
#3918 = EDGE_CURVE ( 'NONE', #3251, #21, #4177, .T. ) ;
#3919 = DIRECTION ( 'NONE',  ( 0.000000000000000000, 0.000000000000000000, 1.000000000000000000 ) ) ;
#3920 = VERTEX_POINT ( 'NONE', #1987 ) ;
#3921 = CYLINDRICAL_SURFACE ( 'NONE', #4772, 1.700000000000007061 ) ;
#3922 = EDGE_CURVE ( 'NONE', #4495, #1767, #882, .T. ) ;
#3923 = AXIS2_PLACEMENT_3D ( 'NONE', #1892, #3428, #2740 ) ;
#3924 = EDGE_CURVE ( 'NONE', #3235, #4668, #2790, .T. ) ;
#3925 = DIRECTION ( 'NONE',  ( 0.000000000000000000, 0.000000000000000000, 1.000000000000000000 ) ) ;
#3926 = DIRECTION ( 'NONE',  ( -0.000000000000000000, 1.000000000000000000, -0.000000000000000000 ) ) ;
#3927 = CARTESIAN_POINT ( 'NONE',  ( -4.474999999999944578, 6.000000000000000000, 30.79999999999998650 ) ) ;
#3928 = ORIENTED_EDGE ( 'NONE', *, *, #1516, .F. ) ;
#3929 = ORIENTED_EDGE ( 'NONE', *, *, #3176, .F. ) ;
#3930 = LINE ( 'NONE', #3192, #3033 ) ;
#3931 = CIRCLE ( 'NONE', #2379, 2.250000000000001776 ) ;
#3932 = DIRECTION ( 'NONE',  ( 0.000000000000000000, 0.000000000000000000, 1.000000000000000000 ) ) ;
#3933 = ORIENTED_EDGE ( 'NONE', *, *, #1976, .F. ) ;
#3934 = DIRECTION ( 'NONE',  ( -0.000000000000000000, 1.000000000000000000, -0.000000000000000000 ) ) ;
#3935 = VERTEX_POINT ( 'NONE', #2424 ) ;
#3936 = DIRECTION ( 'NONE',  ( 0.000000000000000000, 0.000000000000000000, 1.000000000000000000 ) ) ;
#3937 = VERTEX_POINT ( 'NONE', #4722 ) ;
#3938 = ORIENTED_EDGE ( 'NONE', *, *, #1947, .F. ) ;
#3939 = CARTESIAN_POINT ( 'NONE',  ( 239.4749999999999943, 6.000000000000000000, -61.25000000000003553 ) ) ;
#3940 = ORIENTED_EDGE ( 'NONE', *, *, #654, .F. ) ;
#3941 = ADVANCED_FACE ( 'NONE', ( #4392 ), #4015, .F. ) ;
#3942 = DIRECTION ( 'NONE',  ( 8.659560562354942719E-17, 0.7071067811865466846, -0.7071067811865483499 ) ) ;
#3943 = EDGE_CURVE ( 'NONE', #456, #2360, #4745, .T. ) ;
#3944 = CARTESIAN_POINT ( 'NONE',  ( 202.8250000000000739, 0.000000000000000000, 14.59999999999998188 ) ) ;
#3945 = ORIENTED_EDGE ( 'NONE', *, *, #1070, .T. ) ;
#3946 = FACE_OUTER_BOUND ( 'NONE', #4073, .T. ) ;
#3947 = AXIS2_PLACEMENT_3D ( 'NONE', #1191, #3545, #35 ) ;
#3948 = FACE_OUTER_BOUND ( 'NONE', #1448, .T. ) ;
#3949 = LINE ( 'NONE', #5015, #3346 ) ;
#3950 = EDGE_CURVE ( 'NONE', #4703, #3180, #2295, .T. ) ;
#3951 = DIRECTION ( 'NONE',  ( -0.000000000000000000, 1.000000000000000000, -0.000000000000000000 ) ) ;
#3952 = ORIENTED_EDGE ( 'NONE', *, *, #3821, .T. ) ;
#3953 = DIRECTION ( 'NONE',  ( 0.000000000000000000, 0.000000000000000000, 1.000000000000000000 ) ) ;
#3954 = DIRECTION ( 'NONE',  ( 8.659560562354942719E-17, 0.7071067811865466846, -0.7071067811865483499 ) ) ;
#3955 = AXIS2_PLACEMENT_3D ( 'NONE', #2523, #3307, #4534 ) ;
#3956 = CIRCLE ( 'NONE', #274, 3.149999999999999911 ) ;
#3957 = VERTEX_POINT ( 'NONE', #2761 ) ;
#3958 = CARTESIAN_POINT ( 'NONE',  ( -224.4749999999999659, 4.549999999999997158, -58.15000000000001990 ) ) ;
#3959 = ORIENTED_EDGE ( 'NONE', *, *, #1257, .F. ) ;
#3960 = CIRCLE ( 'NONE', #195, 1.700000000000007061 ) ;
#3961 = CARTESIAN_POINT ( 'NONE',  ( -224.4749999999999659, 0.000000000000000000, 58.15000000000002700 ) ) ;
#3962 = AXIS2_PLACEMENT_3D ( 'NONE', #2995, #583, #1743 ) ;
#3963 = CIRCLE ( 'NONE', #3310, 1.700000000000007061 ) ;
#3964 = AXIS2_PLACEMENT_3D ( 'NONE', #3618, #105, #1680 ) ;
#3965 = ORIENTED_EDGE ( 'NONE', *, *, #3379, .F. ) ;
#3966 = ORIENTED_EDGE ( 'NONE', *, *, #2009, .F. ) ;
#3967 = ORIENTED_EDGE ( 'NONE', *, *, #2048, .T. ) ;
#3968 = DIRECTION ( 'NONE',  ( -0.000000000000000000, 1.000000000000000000, -0.000000000000000000 ) ) ;
#3969 = CONICAL_SURFACE ( 'NONE', #3724, 3.150000000000013678, 0.7853981633974495002 ) ;
#3970 = VECTOR ( 'NONE', #1054, 1000.000000000000000 ) ;
#3971 = LINE ( 'NONE', #4350, #2047 ) ;
#3972 = DIRECTION ( 'NONE',  ( 0.000000000000000000, 0.000000000000000000, 1.000000000000000000 ) ) ;
#3973 = CIRCLE ( 'NONE', #2017, 3.150000000000013678 ) ;
#3974 = EDGE_LOOP ( 'NONE', ( #1760, #658, #608, #1811 ) ) ;
#3975 = DIRECTION ( 'NONE',  ( -0.000000000000000000, 1.000000000000000000, -0.000000000000000000 ) ) ;
#3976 = EDGE_CURVE ( 'NONE', #1140, #2610, #3202, .T. ) ;
#3977 = CARTESIAN_POINT ( 'NONE',  ( -174.4749999999999659, 6.000000000000000000, -59.85000000000002984 ) ) ;
#3978 = EDGE_CURVE ( 'NONE', #2849, #3902, #1972, .T. ) ;
#3979 = DIRECTION ( 'NONE',  ( 0.000000000000000000, 0.000000000000000000, 1.000000000000000000 ) ) ;
#3980 = DIRECTION ( 'NONE',  ( -0.000000000000000000, 1.000000000000000000, -0.000000000000000000 ) ) ;
#3981 = ORIENTED_EDGE ( 'NONE', *, *, #886, .F. ) ;
#3982 = CARTESIAN_POINT ( 'NONE',  ( -174.4749999999999091, 4.549999999999997158, 59.85000000000003695 ) ) ;
#3983 = CARTESIAN_POINT ( 'NONE',  ( 229.9750000000001364, 6.000000000000000000, -21.05000000000004334 ) ) ;
#3984 = DIRECTION ( 'NONE',  ( -0.000000000000000000, 1.000000000000000000, -0.000000000000000000 ) ) ;
#3985 = ORIENTED_EDGE ( 'NONE', *, *, #4847, .T. ) ;
#3986 = EDGE_CURVE ( 'NONE', #4543, #1736, #2875, .T. ) ;
#3987 = FACE_BOUND ( 'NONE', #2454, .T. ) ;
#3988 = ORIENTED_EDGE ( 'NONE', *, *, #3694, .T. ) ;
#3989 = DIRECTION ( 'NONE',  ( 0.000000000000000000, 0.000000000000000000, 1.000000000000000000 ) ) ;
#3990 = EDGE_CURVE ( 'NONE', #4525, #299, #2462, .T. ) ;
#3991 = EDGE_CURVE ( 'NONE', #1613, #580, #89, .T. ) ;
#3992 = ORIENTED_EDGE ( 'NONE', *, *, #4973, .F. ) ;
#3993 = EDGE_LOOP ( 'NONE', ( #3676, #3260, #4044, #2943 ) ) ;
#3994 = DIRECTION ( 'NONE',  ( 0.000000000000000000, 0.000000000000000000, 1.000000000000000000 ) ) ;
#3995 = DIRECTION ( 'NONE',  ( 0.000000000000000000, 1.000000000000000000, 0.000000000000000000 ) ) ;
#3996 = LINE ( 'NONE', #4430, #2241 ) ;
#3997 = ORIENTED_EDGE ( 'NONE', *, *, #4604, .F. ) ;
#3998 = CARTESIAN_POINT ( 'NONE',  ( 219.4749999999999943, 0.000000000000000000, -58.15000000000004832 ) ) ;
#3999 = AXIS2_PLACEMENT_3D ( 'NONE', #2012, #1602, #4666 ) ;
#4000 = CARTESIAN_POINT ( 'NONE',  ( 219.4749999999999943, 6.000000000000000000, -30.80000000000002558 ) ) ;
#4001 = DIRECTION ( 'NONE',  ( -0.000000000000000000, 1.000000000000000000, -0.000000000000000000 ) ) ;
#4002 = CARTESIAN_POINT ( 'NONE',  ( -241.7249999999999943, 0.000000000000000000, 1.699999999999979750 ) ) ;
#4003 = AXIS2_PLACEMENT_3D ( 'NONE', #2046, #4424, #2767 ) ;
#4004 = EDGE_LOOP ( 'NONE', ( #1172, #1973, #379, #2731 ) ) ;
#4005 = VECTOR ( 'NONE', #3942, 1000.000000000000000 ) ;
#4006 = CARTESIAN_POINT ( 'NONE',  ( -215.3250000000000171, 6.000000000000000000, -17.89999999999998437 ) ) ;
#4007 = LINE ( 'NONE', #90, #4866 ) ;
#4008 = EDGE_CURVE ( 'NONE', #2965, #4413, #1726, .T. ) ;
#4009 = DIRECTION ( 'NONE',  ( -0.000000000000000000, 1.000000000000000000, -0.000000000000000000 ) ) ;
#4010 = ORIENTED_EDGE ( 'NONE', *, *, #2313, .T. ) ;
#4011 = CARTESIAN_POINT ( 'NONE',  ( -174.4749999999999659, 4.549999999999997158, -29.09999999999999432 ) ) ;
#4012 = ORIENTED_EDGE ( 'NONE', *, *, #1041, .T. ) ;
#4013 = AXIS2_PLACEMENT_3D ( 'NONE', #2293, #1449, #3500 ) ;
#4014 = CARTESIAN_POINT ( 'NONE',  ( -241.7249999999999943, 6.000000000000000000, -1.700000000000034373 ) ) ;
#4015 = CONICAL_SURFACE ( 'NONE', #334, 3.149999999999986144, 0.7853981633974399523 ) ;
#4016 = EDGE_CURVE ( 'NONE', #1043, #2628, #3930, .T. ) ;
#4017 = EDGE_CURVE ( 'NONE', #3750, #1381, #2550, .T. ) ;
#4018 = ORIENTED_EDGE ( 'NONE', *, *, #296, .F. ) ;
#4019 = ORIENTED_EDGE ( 'NONE', *, *, #4973, .T. ) ;
#4020 = CARTESIAN_POINT ( 'NONE',  ( 202.8250000000000739, 6.000000000000000000, 12.89999999999997371 ) ) ;
#4021 = DIRECTION ( 'NONE',  ( -0.000000000000000000, 1.000000000000000000, -0.000000000000000000 ) ) ;
#4022 = DIRECTION ( 'NONE',  ( -0.000000000000000000, 1.000000000000000000, -0.000000000000000000 ) ) ;
#4023 = ORIENTED_EDGE ( 'NONE', *, *, #571, .T. ) ;
#4024 = DIRECTION ( 'NONE',  ( 0.000000000000000000, 0.000000000000000000, 1.000000000000000000 ) ) ;
#4025 = CARTESIAN_POINT ( 'NONE',  ( -241.7249999999999943, 6.000000000000000000, -3.150000000000041211 ) ) ;
#4026 = DIRECTION ( 'NONE',  ( 0.000000000000000000, 1.000000000000000000, 0.000000000000000000 ) ) ;
#4027 = CARTESIAN_POINT ( 'NONE',  ( -224.4749999999999659, 4.549999999999997158, -59.85000000000002984 ) ) ;
#4028 = EDGE_LOOP ( 'NONE', ( #4422, #4697, #1013, #2150 ) ) ;
#4029 = CIRCLE ( 'NONE', #1821, 2.250000000000001776 ) ;
#4030 = CARTESIAN_POINT ( 'NONE',  ( -224.4749999999999659, 6.000000000000000000, 61.55000000000003979 ) ) ;
#4031 = DIRECTION ( 'NONE',  ( 8.659560562354942719E-17, 0.7071067811865466846, -0.7071067811865483499 ) ) ;
#4032 = CIRCLE ( 'NONE', #104, 1.700000000000007061 ) ;
#4033 = FACE_BOUND ( 'NONE', #4309, .T. ) ;
#4034 = ORIENTED_EDGE ( 'NONE', *, *, #2518, .T. ) ;
#4035 = CIRCLE ( 'NONE', #1828, 1.700000000000007061 ) ;
#4036 = CARTESIAN_POINT ( 'NONE',  ( 229.9750000000001364, 6.000000000000000000, -52.84999999999995879 ) ) ;
#4037 = ORIENTED_EDGE ( 'NONE', *, *, #911, .T. ) ;
#4038 = CARTESIAN_POINT ( 'NONE',  ( 165.5250000000000625, 0.000000000000000000, 1.699999999999940226 ) ) ;
#4039 = AXIS2_PLACEMENT_3D ( 'NONE', #4176, #665, #3791 ) ;
#4040 = EDGE_CURVE ( 'NONE', #4269, #2023, #1071, .T. ) ;
#4041 = CIRCLE ( 'NONE', #111, 1.700000000000000178 ) ;
#4042 = VERTEX_POINT ( 'NONE', #139 ) ;
#4043 = VECTOR ( 'NONE', #4783, 999.9999999999998863 ) ;
#4044 = ORIENTED_EDGE ( 'NONE', *, *, #1861, .T. ) ;
#4045 = DIRECTION ( 'NONE',  ( 0.000000000000000000, 1.000000000000000000, 0.000000000000000000 ) ) ;
#4046 = AXIS2_PLACEMENT_3D ( 'NONE', #2572, #4958, #3773 ) ;
#4047 = VECTOR ( 'NONE', #2230, 1000.000000000000000 ) ;
#4048 = DIRECTION ( 'NONE',  ( -0.000000000000000000, 1.000000000000000000, -0.000000000000000000 ) ) ;
#4049 = DIRECTION ( 'NONE',  ( 0.000000000000000000, -1.000000000000000000, 0.000000000000000000 ) ) ;
#4050 = VERTEX_POINT ( 'NONE', #523 ) ;
#4051 = CARTESIAN_POINT ( 'NONE',  ( 229.9750000000001364, 6.000000000000000000, -21.05000000000004334 ) ) ;
#4052 = CIRCLE ( 'NONE', #1357, 1.700000000000007061 ) ;
#4053 = CARTESIAN_POINT ( 'NONE',  ( 229.9750000000001364, 6.000000000000000000, -35.99999999999997868 ) ) ;
#4054 = CIRCLE ( 'NONE', #1029, 1.700000000000007061 ) ;
#4055 = DIRECTION ( 'NONE',  ( -0.000000000000000000, 1.000000000000000000, -0.000000000000000000 ) ) ;
#4056 = LINE ( 'NONE', #2911, #4764 ) ;
#4057 = ORIENTED_EDGE ( 'NONE', *, *, #2519, .T. ) ;
#4058 = CARTESIAN_POINT ( 'NONE',  ( 191.1750000000000398, 6.000000000000000000, -2.775557561562891351E-14 ) ) ;
#4059 = CIRCLE ( 'NONE', #2926, 1.700000000000007061 ) ;
#4060 = DIRECTION ( 'NONE',  ( -0.000000000000000000, 1.000000000000000000, -0.000000000000000000 ) ) ;
#4061 = ORIENTED_EDGE ( 'NONE', *, *, #1943, .F. ) ;
#4062 = LINE ( 'NONE', #2919, #4608 ) ;
#4063 = ORIENTED_EDGE ( 'NONE', *, *, #1035, .F. ) ;
#4064 = DIRECTION ( 'NONE',  ( 0.000000000000000000, 0.000000000000000000, 1.000000000000000000 ) ) ;
#4065 = EDGE_LOOP ( 'NONE', ( #5030, #709 ) ) ;
#4066 = ORIENTED_EDGE ( 'NONE', *, *, #3452, .T. ) ;
#4067 = ORIENTED_EDGE ( 'NONE', *, *, #733, .T. ) ;
#4068 = DIRECTION ( 'NONE',  ( -0.000000000000000000, 1.000000000000000000, -0.000000000000000000 ) ) ;
#4069 = EDGE_CURVE ( 'NONE', #2067, #456, #821, .T. ) ;
#4070 = CARTESIAN_POINT ( 'NONE',  ( 229.9750000000001364, 6.000000000000000000, 52.84999999999995879 ) ) ;
#4071 = FACE_OUTER_BOUND ( 'NONE', #3267, .T. ) ;
#4072 = EDGE_CURVE ( 'NONE', #1397, #2608, #2472, .T. ) ;
#4073 = EDGE_LOOP ( 'NONE', ( #2968, #3985, #1618, #1279, #1408, #2923 ) ) ;
#4074 = CARTESIAN_POINT ( 'NONE',  ( -174.4749999999999091, 6.000000000000000000, 56.70000000000002416 ) ) ;
#4075 = EDGE_CURVE ( 'NONE', #832, #2967, #1296, .T. ) ;
#4076 = DIRECTION ( 'NONE',  ( -0.000000000000000000, 1.000000000000000000, -0.000000000000000000 ) ) ;
#4077 = EDGE_CURVE ( 'NONE', #1091, #3404, #3041, .T. ) ;
#4078 = CARTESIAN_POINT ( 'NONE',  ( 165.5250000000000625, 6.000000000000000000, -61.55000000000007532 ) ) ;
#4079 = ORIENTED_EDGE ( 'NONE', *, *, #4888, .F. ) ;
#4080 = EDGE_CURVE ( 'NONE', #994, #4781, #1939, .T. ) ;
#4081 = DIRECTION ( 'NONE',  ( 0.000000000000000000, 0.000000000000000000, 1.000000000000000000 ) ) ;
#4082 = LINE ( 'NONE', #2451, #2071 ) ;
#4083 = ORIENTED_EDGE ( 'NONE', *, *, #230, .F. ) ;
#4084 = FACE_OUTER_BOUND ( 'NONE', #270, .T. ) ;
#4085 = ORIENTED_EDGE ( 'NONE', *, *, #3268, .T. ) ;
#4086 = DIRECTION ( 'NONE',  ( 0.000000000000000000, 0.000000000000000000, 1.000000000000000000 ) ) ;
#4087 = AXIS2_PLACEMENT_3D ( 'NONE', #4596, #3451, #4978 ) ;
#4088 = AXIS2_PLACEMENT_3D ( 'NONE', #3608, #1692, #1663 ) ;
#4089 = EDGE_LOOP ( 'NONE', ( #373, #3334, #4067, #3656 ) ) ;
#4090 = AXIS2_PLACEMENT_3D ( 'NONE', #4883, #4092, #2636 ) ;
#4091 = VERTEX_POINT ( 'NONE', #2660 ) ;
#4092 = DIRECTION ( 'NONE',  ( 0.000000000000000000, 1.000000000000000000, 0.000000000000000000 ) ) ;
#4093 = DIRECTION ( 'NONE',  ( 0.000000000000000000, 0.000000000000000000, 1.000000000000000000 ) ) ;
#4094 = AXIS2_PLACEMENT_3D ( 'NONE', #350, #5022, #4241 ) ;
#4095 = DIRECTION ( 'NONE',  ( -0.000000000000000000, 1.000000000000000000, -0.000000000000000000 ) ) ;
#4096 = FACE_BOUND ( 'NONE', #2120, .T. ) ;
#4097 = ORIENTED_EDGE ( 'NONE', *, *, #2267, .T. ) ;
#4098 = CARTESIAN_POINT ( 'NONE',  ( -244.4749999999999091, 5.640167089840711689, -48.16742367625140986 ) ) ;
#4099 = LINE ( 'NONE', #4935, #4373 ) ;
#4100 = ADVANCED_FACE ( 'NONE', ( #682 ), #1238, .F. ) ;
#4101 = DIRECTION ( 'NONE',  ( -0.000000000000000000, 1.000000000000000000, -0.000000000000000000 ) ) ;
#4102 = CARTESIAN_POINT ( 'NONE',  ( -239.4750000000000227, 6.000000000000000000, -56.74999999999997868 ) ) ;
#4103 = ORIENTED_EDGE ( 'NONE', *, *, #2705, .T. ) ;
#4104 = CARTESIAN_POINT ( 'NONE',  ( -241.7250000000000512, 6.000000000000000000, -51.85000000000010090 ) ) ;
#4105 = DIRECTION ( 'NONE',  ( 0.000000000000000000, 0.000000000000000000, 1.000000000000000000 ) ) ;
#4106 = AXIS2_PLACEMENT_3D ( 'NONE', #1659, #3318, #1780 ) ;
#4107 = VERTEX_POINT ( 'NONE', #5048 ) ;
#4108 = CARTESIAN_POINT ( 'NONE',  ( -4.474999999999944578, 6.000000000000000000, -56.70000000000004547 ) ) ;
#4109 = ORIENTED_EDGE ( 'NONE', *, *, #197, .T. ) ;
#4110 = ORIENTED_EDGE ( 'NONE', *, *, #4448, .F. ) ;
#4111 = DIRECTION ( 'NONE',  ( 0.000000000000000000, 0.000000000000000000, 1.000000000000000000 ) ) ;
#4112 = CIRCLE ( 'NONE', #1667, 2.250000000000001776 ) ;
#4113 = ORIENTED_EDGE ( 'NONE', *, *, #1348, .T. ) ;
#4114 = ORIENTED_EDGE ( 'NONE', *, *, #3510, .F. ) ;
#4115 = CARTESIAN_POINT ( 'NONE',  ( 229.9750000000001364, 6.000000000000000000, 54.29999999999996874 ) ) ;
#4116 = FACE_OUTER_BOUND ( 'NONE', #2659, .T. ) ;
#4118 = DIRECTION ( 'NONE',  ( 0.000000000000000000, 0.000000000000000000, 1.000000000000000000 ) ) ;
#4117 = AXIS2_PLACEMENT_3D ( 'NONE', #5055, #4196, #3533 ) ;
#4119 = CONICAL_SURFACE ( 'NONE', #3061, 3.150000000000013678, 0.7853981633974495002 ) ;
#4120 = ORIENTED_EDGE ( 'NONE', *, *, #4508, .F. ) ;
#4121 = DIRECTION ( 'NONE',  ( -0.000000000000000000, 1.000000000000000000, -0.000000000000000000 ) ) ;
#4122 = VECTOR ( 'NONE', #862, 1000.000000000000000 ) ;
#4123 =( GEOMETRIC_REPRESENTATION_CONTEXT ( 3 ) GLOBAL_UNCERTAINTY_ASSIGNED_CONTEXT ( ( #2354 ) ) GLOBAL_UNIT_ASSIGNED_CONTEXT ( ( #3384, #1389, #1410 ) ) REPRESENTATION_CONTEXT ( 'NONE', 'WORKASPACE' ) );
#4124 = CIRCLE ( 'NONE', #37, 1.700000000000007061 ) ;
#4125 = CARTESIAN_POINT ( 'NONE',  ( -4.474999999999888622, 6.000000000000000000, 59.85000000000001563 ) ) ;
#4126 = FACE_OUTER_BOUND ( 'NONE', #3641, .T. ) ;
#4127 = DIRECTION ( 'NONE',  ( -0.000000000000000000, 1.000000000000000000, -0.000000000000000000 ) ) ;
#4128 = DIRECTION ( 'NONE',  ( -0.000000000000000000, 1.000000000000000000, -0.000000000000000000 ) ) ;
#4129 = ADVANCED_FACE ( 'NONE', ( #3094 ), #3849, .F. ) ;
#4130 = ADVANCED_FACE ( 'NONE', ( #2274 ), #3782, .F. ) ;
#4131 = LINE ( 'NONE', #1468, #3887 ) ;
#4132 = AXIS2_PLACEMENT_3D ( 'NONE', #3465, #726, #2309 ) ;
#4133 = CARTESIAN_POINT ( 'NONE',  ( 165.5250000000001194, 6.000000000000000000, 56.69999999999998153 ) ) ;
#4134 = ORIENTED_EDGE ( 'NONE', *, *, #3009, .F. ) ;
#4135 = EDGE_CURVE ( 'NONE', #3180, #2768, #3833, .T. ) ;
#4136 = AXIS2_PLACEMENT_3D ( 'NONE', #4000, #2416, #1316 ) ;
#4137 = EDGE_LOOP ( 'NONE', ( #167, #616, #1154, #1079 ) ) ;
#4138 = CARTESIAN_POINT ( 'NONE',  ( 191.1750000000000398, 6.000000000000000000, 56.70000000000004547 ) ) ;
#4139 = AXIS2_PLACEMENT_3D ( 'NONE', #2086, #2804, #2882 ) ;
#4140 = EDGE_CURVE ( 'NONE', #4413, #2504, #4974, .T. ) ;
#4141 = ORIENTED_EDGE ( 'NONE', *, *, #3789, .F. ) ;
#4142 = EDGE_CURVE ( 'NONE', #1178, #3659, #2634, .T. ) ;
#4143 = EDGE_LOOP ( 'NONE', ( #170, #570, #3532, #4436 ) ) ;
#4144 = DIRECTION ( 'NONE',  ( 0.000000000000000000, 0.000000000000000000, 1.000000000000000000 ) ) ;
#4145 = FACE_OUTER_BOUND ( 'NONE', #2769, .T. ) ;
#4146 = EDGE_CURVE ( 'NONE', #717, #765, #1555, .T. ) ;
#4147 = CARTESIAN_POINT ( 'NONE',  ( 229.9750000000001364, 6.000000000000000000, -59.14999999999998437 ) ) ;
#4148 = EDGE_LOOP ( 'NONE', ( #1326, #558, #1040, #3221 ) ) ;
#4149 = CARTESIAN_POINT ( 'NONE',  ( 216.9750000000000227, 6.000000000000000000, 59.85000000000003695 ) ) ;
#4150 = CARTESIAN_POINT ( 'NONE',  ( -224.4749999999999659, 0.000000000000000000, 59.85000000000003695 ) ) ;
#4151 = CIRCLE ( 'NONE', #2367, 3.149999999999999911 ) ;
#4152 = CARTESIAN_POINT ( 'NONE',  ( -174.4749999999999659, 6.000000000000000000, -2.775557561562891351E-14 ) ) ;
#4153 = DIRECTION ( 'NONE',  ( -0.000000000000000000, 1.000000000000000000, -0.000000000000000000 ) ) ;
#4154 = CARTESIAN_POINT ( 'NONE',  ( -244.4749999999999943, 5.782023406316325165, -1.046464504526625650 ) ) ;
#4155 = DIRECTION ( 'NONE',  ( -0.000000000000000000, 1.000000000000000000, -0.000000000000000000 ) ) ;
#4156 = CARTESIAN_POINT ( 'NONE',  ( 165.5250000000000625, 6.000000000000000000, -3.150000000000080735 ) ) ;
#4157 = EDGE_LOOP ( 'NONE', ( #4184, #3144, #3067, #4066 ) ) ;
#4158 = ORIENTED_EDGE ( 'NONE', *, *, #3444, .F. ) ;
#4159 = CARTESIAN_POINT ( 'NONE',  ( 229.9750000000001364, 6.000000000000000000, 55.99999999999997158 ) ) ;
#4160 = AXIS2_PLACEMENT_3D ( 'NONE', #3057, #4690, #749 ) ;
#4161 = ADVANCED_FACE ( 'NONE', ( #712 ), #378, .F. ) ;
#4162 = EDGE_CURVE ( 'NONE', #3478, #832, #3771, .T. ) ;
#4163 = EDGE_LOOP ( 'NONE', ( #1219, #4896, #2993, #3940 ) ) ;
#4164 = CARTESIAN_POINT ( 'NONE',  ( 191.1750000000000398, 6.000000000000000000, 1.699999999999979305 ) ) ;
#4165 = ORIENTED_EDGE ( 'NONE', *, *, #3243, .T. ) ;
#4166 = CIRCLE ( 'NONE', #3349, 2.250000000000001776 ) ;
#4167 = FACE_OUTER_BOUND ( 'NONE', #4730, .T. ) ;
#4168 = DIRECTION ( 'NONE',  ( -0.000000000000000000, 1.000000000000000000, -0.000000000000000000 ) ) ;
#4169 = CIRCLE ( 'NONE', #2870, 2.250000000000001776 ) ;
#4170 = LINE ( 'NONE', #662, #4294 ) ;
#4171 = EDGE_CURVE ( 'NONE', #1140, #4567, #4549, .T. ) ;
#4172 = VECTOR ( 'NONE', #557, 1000.000000000000000 ) ;
#4173 = EDGE_CURVE ( 'NONE', #4391, #1369, #2465, .T. ) ;
#4174 = CARTESIAN_POINT ( 'NONE',  ( -4.474999999999888622, 0.000000000000000000, 59.85000000000001563 ) ) ;
#4175 = VERTEX_POINT ( 'NONE', #3403 ) ;
#4176 = CARTESIAN_POINT ( 'NONE',  ( -174.4749999999999659, 6.000000000000000000, -30.80000000000000071 ) ) ;
#4177 = CIRCLE ( 'NONE', #655, 2.250000000000001776 ) ;
#4178 = CARTESIAN_POINT ( 'NONE',  ( -4.474999999999944578, 6.000000000000000000, -33.95000000000002416 ) ) ;
#4179 = DIRECTION ( 'NONE',  ( 0.000000000000000000, 0.000000000000000000, 1.000000000000000000 ) ) ;
#4180 = DIRECTION ( 'NONE',  ( 0.000000000000000000, 0.000000000000000000, 1.000000000000000000 ) ) ;
#4181 = FACE_OUTER_BOUND ( 'NONE', #383, .T. ) ;
#4182 = CARTESIAN_POINT ( 'NONE',  ( -244.4749999999999943, 5.782023406316298519, 47.65353549547337764 ) ) ;
#4183 = ORIENTED_EDGE ( 'NONE', *, *, #1070, .F. ) ;
#4184 = ORIENTED_EDGE ( 'NONE', *, *, #2604, .F. ) ;
#4185 = CARTESIAN_POINT ( 'NONE',  ( 165.5250000000000625, 4.549999999999997158, 30.79999999999996518 ) ) ;
#4186 = ORIENTED_EDGE ( 'NONE', *, *, #2164, .F. ) ;
#4187 = DIRECTION ( 'NONE',  ( 0.000000000000000000, 0.000000000000000000, 1.000000000000000000 ) ) ;
#4188 = ORIENTED_EDGE ( 'NONE', *, *, #4440, .F. ) ;
#4189 = DIRECTION ( 'NONE',  ( -0.000000000000000000, 1.000000000000000000, -0.000000000000000000 ) ) ;
#4190 = DIRECTION ( 'NONE',  ( 0.000000000000000000, 1.000000000000000000, 0.000000000000000000 ) ) ;
#4191 = VECTOR ( 'NONE', #3442, 1000.000000000000000 ) ;
#4192 = EDGE_CURVE ( 'NONE', #5043, #2332, #254, .T. ) ;
#4193 = FACE_BOUND ( 'NONE', #1320, .T. ) ;
#4194 = VERTEX_POINT ( 'NONE', #2297 ) ;
#4195 = ORIENTED_EDGE ( 'NONE', *, *, #498, .F. ) ;
#4196 = DIRECTION ( 'NONE',  ( -0.000000000000000000, 1.000000000000000000, -0.000000000000000000 ) ) ;
#4197 = AXIS2_PLACEMENT_3D ( 'NONE', #1370, #2617, #3357 ) ;
#4198 = VECTOR ( 'NONE', #914, 1000.000000000000000 ) ;
#4199 = DIRECTION ( 'NONE',  ( 0.000000000000000000, 0.000000000000000000, 1.000000000000000000 ) ) ;
#4200 = EDGE_CURVE ( 'NONE', #98, #3882, #3858, .T. ) ;
#4201 = CARTESIAN_POINT ( 'NONE',  ( 241.9749999999999943, 6.000000000000000000, 64.00000000000002842 ) ) ;
#4202 = FACE_OUTER_BOUND ( 'NONE', #3410, .T. ) ;
#4203 = CIRCLE ( 'NONE', #3389, 2.500000000000002220 ) ;
#4204 = DIRECTION ( 'NONE',  ( 0.000000000000000000, 0.000000000000000000, 1.000000000000000000 ) ) ;
#4205 = AXIS2_PLACEMENT_3D ( 'NONE', #973, #4927, #3737 ) ;
#4206 = CONICAL_SURFACE ( 'NONE', #612, 3.150000000000013678, 0.7853981633974495002 ) ;
#4207 = CARTESIAN_POINT ( 'NONE',  ( 216.9750000000000227, 6.000000000000000000, 59.85000000000003695 ) ) ;
#4208 = AXIS2_PLACEMENT_3D ( 'NONE', #3744, #591, #4179 ) ;
#4209 = CIRCLE ( 'NONE', #1355, 3.149999999999986144 ) ;
#4210 = DIRECTION ( 'NONE',  ( 0.000000000000000000, 0.000000000000000000, 1.000000000000000000 ) ) ;
#4211 = ORIENTED_EDGE ( 'NONE', *, *, #5037, .F. ) ;
#4212 = ORIENTED_EDGE ( 'NONE', *, *, #1161, .T. ) ;
#4213 = CARTESIAN_POINT ( 'NONE',  ( 229.9750000000001364, 4.549999999999997158, -19.60000000000003695 ) ) ;
#4214 = CONICAL_SURFACE ( 'NONE', #2174, 3.149999999999986144, 0.7853981633974399523 ) ;
#4215 = AXIS2_PLACEMENT_3D ( 'NONE', #4630, #3097, #356 ) ;
#4216 = AXIS2_PLACEMENT_3D ( 'NONE', #1903, #4311, #1162 ) ;
#4217 = ORIENTED_EDGE ( 'NONE', *, *, #2545, .F. ) ;
#4218 = LINE ( 'NONE', #1478, #4425 ) ;
#4219 = EDGE_LOOP ( 'NONE', ( #1966, #888 ) ) ;
#4220 = LINE ( 'NONE', #4595, #2899 ) ;
#4221 = CARTESIAN_POINT ( 'NONE',  ( 191.1750000000000398, 6.000000000000000000, 3.149999999999958611 ) ) ;
#4222 = CARTESIAN_POINT ( 'NONE',  ( -4.474999999999888622, 6.000000000000000000, 59.85000000000001563 ) ) ;
#4223 = ORIENTED_EDGE ( 'NONE', *, *, #4756, .T. ) ;
#4224 = VERTEX_POINT ( 'NONE', #1912 ) ;
#4225 = CARTESIAN_POINT ( 'NONE',  ( 202.8250000000000739, 6.000000000000000000, 9.749999999999960920 ) ) ;
#4226 = EDGE_CURVE ( 'NONE', #2314, #3813, #4218, .T. ) ;
#4227 = DIRECTION ( 'NONE',  ( -0.000000000000000000, 1.000000000000000000, -0.000000000000000000 ) ) ;
#4228 = DIRECTION ( 'NONE',  ( 0.000000000000000000, 0.000000000000000000, 1.000000000000000000 ) ) ;
#4229 = CARTESIAN_POINT ( 'NONE',  ( -244.4749999999999943, 6.000000000000000000, -1.536229149573773878 ) ) ;
#4230 = LINE ( 'NONE', #1929, #279 ) ;
#4231 = ADVANCED_FACE ( 'NONE', ( #4265 ), #3808, .F. ) ;
#4232 = DIRECTION ( 'NONE',  ( 0.000000000000000000, 0.000000000000000000, 1.000000000000000000 ) ) ;
#4233 = EDGE_CURVE ( 'NONE', #3750, #638, #1433, .T. ) ;
#4234 = DIRECTION ( 'NONE',  ( 0.000000000000000000, 0.000000000000000000, 1.000000000000000000 ) ) ;
#4235 = EDGE_CURVE ( 'NONE', #2122, #2654, #2585, .T. ) ;
#4236 = CARTESIAN_POINT ( 'NONE',  ( -244.4749999999999659, 5.600006489870385629, 48.43000773320427044 ) ) ;
#4237 = ORIENTED_EDGE ( 'NONE', *, *, #344, .F. ) ;
#4238 = ORIENTED_EDGE ( 'NONE', *, *, #3761, .F. ) ;
#4239 = DIRECTION ( 'NONE',  ( 0.000000000000000000, 0.000000000000000000, 1.000000000000000000 ) ) ;
#4240 = EDGE_LOOP ( 'NONE', ( #1452, #2688 ) ) ;
#4241 = DIRECTION ( 'NONE',  ( 0.000000000000000000, 0.000000000000000000, 1.000000000000000000 ) ) ;
#4242 = EDGE_LOOP ( 'NONE', ( #4238, #2546, #2051, #1401 ) ) ;
#4243 = CARTESIAN_POINT ( 'NONE',  ( 216.9750000000000227, 6.000000000000000000, 63.00000000000002842 ) ) ;
#4244 = CARTESIAN_POINT ( 'NONE',  ( 202.8250000000000739, 6.000000000000000000, 51.84999999999999432 ) ) ;
#4245 = ORIENTED_EDGE ( 'NONE', *, *, #4192, .T. ) ;
#4246 = ORIENTED_EDGE ( 'NONE', *, *, #3453, .T. ) ;
#4247 = AXIS2_PLACEMENT_3D ( 'NONE', #3843, #770, #3128 ) ;
#4248 = DIRECTION ( 'NONE',  ( -0.000000000000000000, 1.000000000000000000, -0.000000000000000000 ) ) ;
#4249 = CIRCLE ( 'NONE', #811, 1.700000000000007061 ) ;
#4250 = DIRECTION ( 'NONE',  ( 8.659560562354860135E-17, 0.7071067811865535679, -0.7071067811865415775 ) ) ;
#4251 = CARTESIAN_POINT ( 'NONE',  ( -241.9749999999999943, 0.000000000000000000, 61.50000000000002842 ) ) ;
#4252 = CIRCLE ( 'NONE', #491, 3.150000000000013678 ) ;
#4253 = VERTEX_POINT ( 'NONE', #2709 ) ;
#4254 = DIRECTION ( 'NONE',  ( 0.000000000000000000, 0.000000000000000000, 1.000000000000000000 ) ) ;
#4255 = EDGE_CURVE ( 'NONE', #2005, #3731, #4553, .T. ) ;
#4256 = DIRECTION ( 'NONE',  ( 0.000000000000000000, 0.000000000000000000, 1.000000000000000000 ) ) ;
#4257 = VECTOR ( 'NONE', #2090, 1000.000000000000000 ) ;
#4258 = LINE ( 'NONE', #420, #3092 ) ;
#4259 = CARTESIAN_POINT ( 'NONE',  ( 202.8250000000000739, 4.549999999999997158, 50.39999999999998437 ) ) ;
#4260 = ORIENTED_EDGE ( 'NONE', *, *, #3104, .T. ) ;
#4261 = VERTEX_POINT ( 'NONE', #2783 ) ;
#4262 = CARTESIAN_POINT ( 'NONE',  ( 165.5250000000000625, 6.000000000000000000, 32.49999999999997158 ) ) ;
#4263 = DIRECTION ( 'NONE',  ( 0.000000000000000000, 1.000000000000000000, 0.000000000000000000 ) ) ;
#4264 = ORIENTED_EDGE ( 'NONE', *, *, #2050, .T. ) ;
#4265 = FACE_OUTER_BOUND ( 'NONE', #772, .T. ) ;
#4266 = ORIENTED_EDGE ( 'NONE', *, *, #5037, .T. ) ;
#4267 = CARTESIAN_POINT ( 'NONE',  ( -215.3250000000000171, 4.549999999999997158, -16.19999999999997797 ) ) ;
#4268 = DIRECTION ( 'NONE',  ( 0.000000000000000000, 0.000000000000000000, 1.000000000000000000 ) ) ;
#4269 = VERTEX_POINT ( 'NONE', #4952 ) ;
#4270 = VERTEX_POINT ( 'NONE', #4723 ) ;
#4271 = CONICAL_SURFACE ( 'NONE', #3786, 3.149999999999999911, 0.7853981633974477239 ) ;
#4272 = CYLINDRICAL_SURFACE ( 'NONE', #4117, 1.700000000000007061 ) ;
#4273 = AXIS2_PLACEMENT_3D ( 'NONE', #3114, #442, #4667 ) ;
#4274 = LINE ( 'NONE', #744, #2126 ) ;
#4275 = DIRECTION ( 'NONE',  ( -0.000000000000000000, 1.000000000000000000, -0.000000000000000000 ) ) ;
#4276 = ORIENTED_EDGE ( 'NONE', *, *, #3643, .F. ) ;
#4277 = DIRECTION ( 'NONE',  ( 0.000000000000000000, 1.000000000000000000, 0.000000000000000000 ) ) ;
#4278 = DIRECTION ( 'NONE',  ( -0.000000000000000000, 1.000000000000000000, -0.000000000000000000 ) ) ;
#4279 = B_SPLINE_CURVE_WITH_KNOTS ( 'NONE', 3,
 ( #1830, #707, #2963, #728, #4519, #4236, #3397, #4182, #2679, #627 ),
 .UNSPECIFIED., .F., .F.,
 ( 4, 2, 2, 2, 4 ),
 ( 0.01209308537389531917, 0.01288806592005884918, 0.01368304646622237920, 0.01447802701238590922, 0.01527300755854943924 ),
 .UNSPECIFIED. ) ;
#4280 = LINE ( 'NONE', #3519, #4803 ) ;
#4281 = DIRECTION ( 'NONE',  ( 0.000000000000000000, 1.000000000000000000, 0.000000000000000000 ) ) ;
#4282 = AXIS2_PLACEMENT_3D ( 'NONE', #409, #2280, #359 ) ;
#4283 = ORIENTED_EDGE ( 'NONE', *, *, #1450, .T. ) ;
#4284 = AXIS2_PLACEMENT_3D ( 'NONE', #1466, #4421, #1689 ) ;
#4285 = EDGE_CURVE ( 'NONE', #2332, #3235, #1579, .T. ) ;
#4286 = ORIENTED_EDGE ( 'NONE', *, *, #3976, .F. ) ;
#4287 = EDGE_CURVE ( 'NONE', #4542, #3493, #2250, .T. ) ;
#4288 = CARTESIAN_POINT ( 'NONE',  ( 219.4749999999999943, 6.000000000000000000, -59.85000000000005826 ) ) ;
#4289 = AXIS2_PLACEMENT_3D ( 'NONE', #2959, #1008, #1032 ) ;
#4290 = CARTESIAN_POINT ( 'NONE',  ( -215.3250000000000171, 6.000000000000000000, 17.90000000000001990 ) ) ;
#4291 = ADVANCED_FACE ( 'NONE', ( #1937 ), #425, .F. ) ;
#4292 = ORIENTED_EDGE ( 'NONE', *, *, #4393, .F. ) ;
#4293 = CARTESIAN_POINT ( 'NONE',  ( -224.4749999999999659, 0.000000000000000000, -59.85000000000002984 ) ) ;
#4294 = VECTOR ( 'NONE', #2996, 1000.000000000000000 ) ;
#4295 = ORIENTED_EDGE ( 'NONE', *, *, #386, .F. ) ;
#4296 = DIRECTION ( 'NONE',  ( -0.000000000000000000, 1.000000000000000000, -0.000000000000000000 ) ) ;
#4297 = CIRCLE ( 'NONE', #1846, 1.700000000000007061 ) ;
#4298 = ADVANCED_FACE ( 'NONE', ( #3787 ), #535, .F. ) ;
#4299 = AXIS2_PLACEMENT_3D ( 'NONE', #1011, #1856, #4516 ) ;
#4300 = ADVANCED_FACE ( 'NONE', ( #2613 ), #1457, .F. ) ;
#4301 = UNCERTAINTY_MEASURE_WITH_UNIT (LENGTH_MEASURE( 1.000000000000000082E-05 ), #3544, 'distance_accuracy_value', 'NONE');
#4302 = EDGE_CURVE ( 'NONE', #21, #1149, #4170, .T. ) ;
#4303 = ORIENTED_EDGE ( 'NONE', *, *, #2576, .F. ) ;
#4304 = ORIENTED_EDGE ( 'NONE', *, *, #3978, .T. ) ;
#4305 = DIRECTION ( 'NONE',  ( 0.000000000000000000, 0.000000000000000000, 1.000000000000000000 ) ) ;
#4306 = VECTOR ( 'NONE', #156, 1000.000000000000000 ) ;
#4307 = CARTESIAN_POINT ( 'NONE',  ( -239.4749999999999943, 6.000000000000000000, 59.00000000000002842 ) ) ;
#4308 = DIRECTION ( 'NONE',  ( -0.000000000000000000, 1.000000000000000000, -0.000000000000000000 ) ) ;
#4309 = EDGE_LOOP ( 'NONE', ( #802, #4276 ) ) ;
#4310 = DIRECTION ( 'NONE',  ( -0.000000000000000000, 1.000000000000000000, -0.000000000000000000 ) ) ;
#4311 = DIRECTION ( 'NONE',  ( -0.000000000000000000, 1.000000000000000000, -0.000000000000000000 ) ) ;
#4312 = SURFACE_STYLE_USAGE ( .BOTH. , #2342 ) ;
#4313 = CARTESIAN_POINT ( 'NONE',  ( -4.474999999999944578, 6.000000000000000000, -4.725530845851316856E-14 ) ) ;
#4314 = ORIENTED_EDGE ( 'NONE', *, *, #911, .F. ) ;
#4315 = VERTEX_POINT ( 'NONE', #2348 ) ;
#4316 = DIRECTION ( 'NONE',  ( 0.000000000000000000, 0.000000000000000000, 1.000000000000000000 ) ) ;
#4317 = DIRECTION ( 'NONE',  ( -0.000000000000000000, 1.000000000000000000, -0.000000000000000000 ) ) ;
#4318 = ORIENTED_EDGE ( 'NONE', *, *, #691, .F. ) ;
#4319 = DIRECTION ( 'NONE',  ( 0.000000000000000000, 0.7071067811865466846, 0.7071067811865483499 ) ) ;
#4320 = VERTEX_POINT ( 'NONE', #40 ) ;
#4321 = FACE_OUTER_BOUND ( 'NONE', #4729, .T. ) ;
#4322 = ADVANCED_FACE ( 'NONE', ( #3141 ), #1962, .F. ) ;
#4323 = ADVANCED_FACE ( 'NONE', ( #2762 ), #3020, .F. ) ;
#4324 = ORIENTED_EDGE ( 'NONE', *, *, #4415, .F. ) ;
#4325 = ORIENTED_EDGE ( 'NONE', *, *, #4483, .F. ) ;
#4326 = LINE ( 'NONE', #3939, #1503 ) ;
#4327 = ADVANCED_FACE ( 'NONE', ( #3525 ), #2396, .F. ) ;
#4328 = CARTESIAN_POINT ( 'NONE',  ( 229.9750000000001364, 6.000000000000000000, -35.99999999999997868 ) ) ;
#4329 = CARTESIAN_POINT ( 'NONE',  ( 191.1750000000000398, 4.549999999999997158, -2.775557561562891351E-14 ) ) ;
#4330 = ORIENTED_EDGE ( 'NONE', *, *, #2586, .T. ) ;
#4331 = DIRECTION ( 'NONE',  ( 0.000000000000000000, 0.000000000000000000, 1.000000000000000000 ) ) ;
#4332 = DIRECTION ( 'NONE',  ( 8.659560562354942719E-17, 0.7071067811865466846, -0.7071067811865483499 ) ) ;
#4333 = AXIS2_PLACEMENT_3D ( 'NONE', #1474, #1143, #4239 ) ;
#4334 = DIRECTION ( 'NONE',  ( 0.000000000000000000, 0.7071067811865466846, 0.7071067811865483499 ) ) ;
#4335 = CARTESIAN_POINT ( 'NONE',  ( -174.4749999999999659, 6.000000000000000000, -30.80000000000000071 ) ) ;
#4336 = ORIENTED_EDGE ( 'NONE', *, *, #1540, .T. ) ;
#4337 = DIRECTION ( 'NONE',  ( -0.000000000000000000, 1.000000000000000000, -0.000000000000000000 ) ) ;
#4338 = AXIS2_PLACEMENT_3D ( 'NONE', #38, #4769, #858 ) ;
#4339 = DIRECTION ( 'NONE',  ( 0.000000000000000000, 0.000000000000000000, 1.000000000000000000 ) ) ;
#4340 = VERTEX_POINT ( 'NONE', #5046 ) ;
#4341 = DIRECTION ( 'NONE',  ( 0.000000000000000000, 0.000000000000000000, 1.000000000000000000 ) ) ;
#4342 = EDGE_LOOP ( 'NONE', ( #3514, #94, #4982, #2205 ) ) ;
#4343 = CARTESIAN_POINT ( 'NONE',  ( 244.4749999999999943, 6.000000000000000000, -61.49999999999997158 ) ) ;
#4344 = VERTEX_POINT ( 'NONE', #1551 ) ;
#4345 = ORIENTED_EDGE ( 'NONE', *, *, #2823, .T. ) ;
#4346 = DIRECTION ( 'NONE',  ( 0.000000000000000000, 1.000000000000000000, 0.000000000000000000 ) ) ;
#4347 = EDGE_CURVE ( 'NONE', #3664, #3137, #2226, .T. ) ;
#4348 = EDGE_CURVE ( 'NONE', #2123, #3828, #4052, .T. ) ;
#4349 = VERTEX_POINT ( 'NONE', #376 ) ;
#4350 = CARTESIAN_POINT ( 'NONE',  ( -244.4749999999999943, 6.000000000000000000, 61.50000000000002842 ) ) ;
#4351 = AXIS2_PLACEMENT_3D ( 'NONE', #4895, #675, #4561 ) ;
#4352 = CYLINDRICAL_SURFACE ( 'NONE', #4691, 1.700000000000000178 ) ;
#4353 = EDGE_LOOP ( 'NONE', ( #2879, #1230 ) ) ;
#4354 = DIRECTION ( 'NONE',  ( 0.000000000000000000, 0.000000000000000000, 1.000000000000000000 ) ) ;
#4355 = CIRCLE ( 'NONE', #2154, 1.700000000000007061 ) ;
#4356 = PLANE ( 'NONE',  #1429 ) ;
#4357 = EDGE_CURVE ( 'NONE', #3609, #1049, #1515, .T. ) ;
#4358 = DIRECTION ( 'NONE',  ( 0.000000000000000000, 0.000000000000000000, 1.000000000000000000 ) ) ;
#4359 = EDGE_CURVE ( 'NONE', #1928, #786, #4622, .T. ) ;
#4360 = EDGE_CURVE ( 'NONE', #5049, #3935, #4747, .T. ) ;
#4361 = DIRECTION ( 'NONE',  ( -0.000000000000000000, 1.000000000000000000, -0.000000000000000000 ) ) ;
#4362 = ORIENTED_EDGE ( 'NONE', *, *, #509, .T. ) ;
#4363 = DIRECTION ( 'NONE',  ( -0.000000000000000000, 1.000000000000000000, -0.000000000000000000 ) ) ;
#4364 = CARTESIAN_POINT ( 'NONE',  ( -174.4749999999999659, 6.000000000000000000, -30.80000000000000071 ) ) ;
#4365 = CIRCLE ( 'NONE', #1262, 1.700000000000007061 ) ;
#4366 = CIRCLE ( 'NONE', #4859, 1.700000000000007061 ) ;
#4367 = DIRECTION ( 'NONE',  ( -0.000000000000000000, -0.000000000000000000, -1.000000000000000000 ) ) ;
#4368 = ORIENTED_EDGE ( 'NONE', *, *, #4515, .F. ) ;
#4369 = CARTESIAN_POINT ( 'NONE',  ( -241.7249999999999943, 6.000000000000000000, 1.699999999999979750 ) ) ;
#4370 = EDGE_LOOP ( 'NONE', ( #1752, #3778, #2312, #2884 ) ) ;
#4371 = AXIS2_PLACEMENT_3D ( 'NONE', #401, #2044, #4341 ) ;
#4372 = DIRECTION ( 'NONE',  ( -0.000000000000000000, 1.000000000000000000, -0.000000000000000000 ) ) ;
#4373 = VECTOR ( 'NONE', #2975, 1000.000000000000000 ) ;
#4374 = CIRCLE ( 'NONE', #2166, 1.700000000000007061 ) ;
#4375 = CIRCLE ( 'NONE', #2002, 1.700000000000007061 ) ;
#4376 = AXIS2_PLACEMENT_3D ( 'NONE', #4846, #4797, #1344 ) ;
#4377 = EDGE_LOOP ( 'NONE', ( #4318, #2306, #2891, #2349 ) ) ;
#4378 = ORIENTED_EDGE ( 'NONE', *, *, #1540, .F. ) ;
#4379 = DIRECTION ( 'NONE',  ( -0.000000000000000000, 1.000000000000000000, -0.000000000000000000 ) ) ;
#4380 = VECTOR ( 'NONE', #1113, 1000.000000000000000 ) ;
#4381 = DIRECTION ( 'NONE',  ( -0.000000000000000000, 1.000000000000000000, -0.000000000000000000 ) ) ;
#4382 = DIRECTION ( 'NONE',  ( -0.000000000000000000, 1.000000000000000000, -0.000000000000000000 ) ) ;
#4383 = AXIS2_PLACEMENT_3D ( 'NONE', #1492, #5013, #1982 ) ;
#4384 = EDGE_LOOP ( 'NONE', ( #2216, #4834, #1935, #2825 ) ) ;
#4385 = FACE_OUTER_BOUND ( 'NONE', #2140, .T. ) ;
#4386 = AXIS2_PLACEMENT_3D ( 'NONE', #4581, #5032, #794 ) ;
#4387 = CARTESIAN_POINT ( 'NONE',  ( 202.8250000000000739, 6.000000000000000000, 48.69999999999998153 ) ) ;
#4388 = ADVANCED_FACE ( 'NONE', ( #4437 ), #2419, .F. ) ;
#4389 = DIRECTION ( 'NONE',  ( 0.000000000000000000, 0.000000000000000000, 1.000000000000000000 ) ) ;
#4390 = CARTESIAN_POINT ( 'NONE',  ( 165.5250000000000625, 0.000000000000000000, 30.79999999999996518 ) ) ;
#4391 = VERTEX_POINT ( 'NONE', #3580 ) ;
#4392 = FACE_OUTER_BOUND ( 'NONE', #3875, .T. ) ;
#4393 = EDGE_CURVE ( 'NONE', #3576, #2533, #1601, .T. ) ;
#4394 = EDGE_CURVE ( 'NONE', #1792, #4919, #2335, .T. ) ;
#4395 = DIRECTION ( 'NONE',  ( -0.000000000000000000, 1.000000000000000000, -0.000000000000000000 ) ) ;
#4396 = ADVANCED_FACE ( 'NONE', ( #1246 ), #2091, .F. ) ;
#4397 = FACE_BOUND ( 'NONE', #2633, .T. ) ;
#4398 = ORIENTED_EDGE ( 'NONE', *, *, #629, .T. ) ;
#4399 = DIRECTION ( 'NONE',  ( 0.000000000000000000, 0.000000000000000000, 1.000000000000000000 ) ) ;
#4400 = ORIENTED_EDGE ( 'NONE', *, *, #2869, .F. ) ;
#4401 = CARTESIAN_POINT ( 'NONE',  ( -203.6750000000000114, 0.000000000000000000, -32.50000000000001421 ) ) ;
#4402 = VERTEX_POINT ( 'NONE', #2428 ) ;
#4403 = ORIENTED_EDGE ( 'NONE', *, *, #4746, .T. ) ;
#4404 = LINE ( 'NONE', #99, #1588 ) ;
#4405 = DIRECTION ( 'NONE',  ( 0.000000000000000000, 0.000000000000000000, 1.000000000000000000 ) ) ;
#4406 = CARTESIAN_POINT ( 'NONE',  ( -241.9749999999999943, 6.000000000000000000, -61.49999999999997158 ) ) ;
#4407 = ORIENTED_EDGE ( 'NONE', *, *, #3542, .F. ) ;
#4408 = CARTESIAN_POINT ( 'NONE',  ( -241.7249999999999943, 6.000000000000000000, -2.743031496388326218E-14 ) ) ;
#4409 = DIRECTION ( 'NONE',  ( -0.000000000000000000, 1.000000000000000000, -0.000000000000000000 ) ) ;
#4410 = DIRECTION ( 'NONE',  ( -0.000000000000000000, 1.000000000000000000, -0.000000000000000000 ) ) ;
#4411 = CARTESIAN_POINT ( 'NONE',  ( -4.474999999999944578, 4.549999999999997158, -4.725530845851316856E-14 ) ) ;
#4412 = AXIS2_PLACEMENT_3D ( 'NONE', #4505, #4168, #1051 ) ;
#4413 = VERTEX_POINT ( 'NONE', #3600 ) ;
#4414 = DIRECTION ( 'NONE',  ( -0.000000000000000000, 1.000000000000000000, -0.000000000000000000 ) ) ;
#4415 = EDGE_CURVE ( 'NONE', #1479, #994, #119, .T. ) ;
#4416 = DIRECTION ( 'NONE',  ( 0.000000000000000000, 0.000000000000000000, 1.000000000000000000 ) ) ;
#4417 = AXIS2_PLACEMENT_3D ( 'NONE', #4706, #2378, #2842 ) ;
#4418 = AXIS2_PLACEMENT_3D ( 'NONE', #1383, #4504, #4144 ) ;
#4419 = FACE_BOUND ( 'NONE', #2589, .T. ) ;
#4420 = ORIENTED_EDGE ( 'NONE', *, *, #3918, .F. ) ;
#4421 = DIRECTION ( 'NONE',  ( -0.000000000000000000, 1.000000000000000000, -0.000000000000000000 ) ) ;
#4422 = ORIENTED_EDGE ( 'NONE', *, *, #3861, .F. ) ;
#4423 = AXIS2_PLACEMENT_3D ( 'NONE', #3523, #15, #1576 ) ;
#4424 = DIRECTION ( 'NONE',  ( -0.000000000000000000, 1.000000000000000000, -0.000000000000000000 ) ) ;
#4425 = VECTOR ( 'NONE', #3015, 1000.000000000000000 ) ;
#4426 = ORIENTED_EDGE ( 'NONE', *, *, #281, .T. ) ;
#4427 = ORIENTED_EDGE ( 'NONE', *, *, #3550, .T. ) ;
#4428 = DIRECTION ( 'NONE',  ( -0.000000000000000000, 1.000000000000000000, -0.000000000000000000 ) ) ;
#4429 = CYLINDRICAL_SURFACE ( 'NONE', #1146, 1.700000000000007061 ) ;
#4430 = CARTESIAN_POINT ( 'NONE',  ( -215.3250000000000171, 6.000000000000000000, 21.05000000000003268 ) ) ;
#4431 = ORIENTED_EDGE ( 'NONE', *, *, #3489, .T. ) ;
#4432 = DIRECTION ( 'NONE',  ( -0.000000000000000000, 1.000000000000000000, -0.000000000000000000 ) ) ;
#4433 = DIRECTION ( 'NONE',  ( -0.000000000000000000, 1.000000000000000000, -0.000000000000000000 ) ) ;
#4434 = DIRECTION ( 'NONE',  ( 0.000000000000000000, 0.000000000000000000, 1.000000000000000000 ) ) ;
#4435 = LINE ( 'NONE', #521, #2810 ) ;
#4436 = ORIENTED_EDGE ( 'NONE', *, *, #4448, .T. ) ;
#4437 = FACE_OUTER_BOUND ( 'NONE', #1709, .T. ) ;
#4438 = ADVANCED_FACE ( 'NONE', ( #2885 ), #4214, .F. ) ;
#4439 = FACE_BOUND ( 'NONE', #885, .T. ) ;
#4440 = EDGE_CURVE ( 'NONE', #4751, #349, #3216, .T. ) ;
#4441 = ORIENTED_EDGE ( 'NONE', *, *, #3550, .F. ) ;
#4442 = VECTOR ( 'NONE', #2624, 1000.000000000000000 ) ;
#4443 = CARTESIAN_POINT ( 'NONE',  ( -224.4749999999999659, 6.000000000000000000, 59.85000000000003695 ) ) ;
#4444 = EDGE_LOOP ( 'NONE', ( #4592, #1933, #3966, #3299 ) ) ;
#4445 = CARTESIAN_POINT ( 'NONE',  ( 165.5250000000001194, 6.000000000000000000, 59.84999999999999432 ) ) ;
#4446 = CIRCLE ( 'NONE', #1177, 1.700000000000000178 ) ;
#4447 = CIRCLE ( 'NONE', #1097, 1.700000000000007061 ) ;
#4448 = EDGE_CURVE ( 'NONE', #2314, #2321, #5014, .T. ) ;
#4449 = AXIS2_PLACEMENT_3D ( 'NONE', #337, #2721, #1158 ) ;
#4450 = ORIENTED_EDGE ( 'NONE', *, *, #3004, .F. ) ;
#4451 = ORIENTED_EDGE ( 'NONE', *, *, #752, .T. ) ;
#4452 = CIRCLE ( 'NONE', #2906, 3.150000000000013678 ) ;
#4453 = EDGE_LOOP ( 'NONE', ( #4943, #3174, #3805, #2669 ) ) ;
#4454 = AXIS2_PLACEMENT_3D ( 'NONE', #926, #1289, #1674 ) ;
#4455 = CYLINDRICAL_SURFACE ( 'NONE', #4412, 1.700000000000007061 ) ;
#4456 = EDGE_CURVE ( 'NONE', #3404, #2553, #4007, .T. ) ;
#4457 = AXIS2_PLACEMENT_3D ( 'NONE', #1622, #5008, #4228 ) ;
#4458 = EDGE_CURVE ( 'NONE', #1176, #2849, #933, .T. ) ;
#4459 = AXIS2_PLACEMENT_3D ( 'NONE', #2034, #826, #2803 ) ;
#4460 = EDGE_CURVE ( 'NONE', #165, #4194, #3567, .T. ) ;
#4461 = CARTESIAN_POINT ( 'NONE',  ( 244.4749999999999943, 6.000000000000000000, 61.50000000000002842 ) ) ;
#4462 = DIRECTION ( 'NONE',  ( 0.000000000000000000, 0.000000000000000000, 1.000000000000000000 ) ) ;
#4463 = ORIENTED_EDGE ( 'NONE', *, *, #2049, .T. ) ;
#4464 = CARTESIAN_POINT ( 'NONE',  ( -244.4749999999999943, 6.000000000000000000, -63.99999999999997158 ) ) ;
#4465 = AXIS2_PLACEMENT_3D ( 'NONE', #1610, #1199, #3169 ) ;
#4466 = DIRECTION ( 'NONE',  ( -0.000000000000000000, 1.000000000000000000, -0.000000000000000000 ) ) ;
#4467 = AXIS2_PLACEMENT_3D ( 'NONE', #4615, #2651, #4256 ) ;
#4468 = CARTESIAN_POINT ( 'NONE',  ( 229.9750000000001364, 6.000000000000000000, -32.84999999999996589 ) ) ;
#4469 = CYLINDRICAL_SURFACE ( 'NONE', #117, 1.700000000000007061 ) ;
#4470 = ORIENTED_EDGE ( 'NONE', *, *, #73, .T. ) ;
#4471 = DIRECTION ( 'NONE',  ( 0.000000000000000000, 0.000000000000000000, 1.000000000000000000 ) ) ;
#4472 = CIRCLE ( 'NONE', #131, 1.700000000000007061 ) ;
#4473 = PLANE ( 'NONE',  #3483 ) ;
#4474 = EDGE_LOOP ( 'NONE', ( #3597, #1437 ) ) ;
#4475 = DIRECTION ( 'NONE',  ( 8.659560562354942719E-17, 0.7071067811865466846, -0.7071067811865483499 ) ) ;
#4476 = ORIENTED_EDGE ( 'NONE', *, *, #2730, .F. ) ;
#4477 = DIRECTION ( 'NONE',  ( 0.000000000000000000, 1.000000000000000000, 0.000000000000000000 ) ) ;
#4478 = ORIENTED_EDGE ( 'NONE', *, *, #3332, .F. ) ;
#4479 = ORIENTED_EDGE ( 'NONE', *, *, #1942, .T. ) ;
#4480 = DIRECTION ( 'NONE',  ( 0.000000000000000000, 1.000000000000000000, 0.000000000000000000 ) ) ;
#4481 = DIRECTION ( 'NONE',  ( 0.000000000000000000, 0.000000000000000000, 1.000000000000000000 ) ) ;
#4482 = EDGE_CURVE ( 'NONE', #1736, #4543, #2915, .T. ) ;
#4483 = EDGE_CURVE ( 'NONE', #791, #3877, #614, .T. ) ;
#4484 = CARTESIAN_POINT ( 'NONE',  ( 165.5250000000000625, 6.000000000000000000, -6.675504130139742361E-14 ) ) ;
#4485 = FACE_BOUND ( 'NONE', #2171, .T. ) ;
#4486 = ORIENTED_EDGE ( 'NONE', *, *, #387, .F. ) ;
#4487 = DIRECTION ( 'NONE',  ( 0.000000000000000000, 0.7071067811865466846, 0.7071067811865483499 ) ) ;
#4488 = CARTESIAN_POINT ( 'NONE',  ( -4.474999999999944578, 6.000000000000000000, 29.09999999999999076 ) ) ;
#4489 = DIRECTION ( 'NONE',  ( -0.000000000000000000, 1.000000000000000000, -0.000000000000000000 ) ) ;
#4490 = CARTESIAN_POINT ( 'NONE',  ( -174.4749999999999091, 6.000000000000000000, 59.85000000000003695 ) ) ;
#4491 = VERTEX_POINT ( 'NONE', #963 ) ;
#4492 = FACE_OUTER_BOUND ( 'NONE', #1430, .T. ) ;
#4493 = FACE_OUTER_BOUND ( 'NONE', #220, .T. ) ;
#4494 = AXIS2_PLACEMENT_3D ( 'NONE', #2772, #1487, #3052 ) ;
#4495 = VERTEX_POINT ( 'NONE', #3623 ) ;
#4496 = DIRECTION ( 'NONE',  ( 0.000000000000000000, 0.000000000000000000, 1.000000000000000000 ) ) ;
#4497 = EDGE_LOOP ( 'NONE', ( #3208, #4019, #4113, #453 ) ) ;
#4498 = CARTESIAN_POINT ( 'NONE',  ( -174.4749999999999659, 4.549999999999997158, -58.15000000000001990 ) ) ;
#4499 = VECTOR ( 'NONE', #1404, 1000.000000000000000 ) ;
#4500 = AXIS2_PLACEMENT_3D ( 'NONE', #271, #1023, #3427 ) ;
#4501 = AXIS2_PLACEMENT_3D ( 'NONE', #3702, #2196, #4830 ) ;
#4502 = EDGE_LOOP ( 'NONE', ( #4158, #2432, #268, #2496 ) ) ;
#4503 = ORIENTED_EDGE ( 'NONE', *, *, #2427, .F. ) ;
#4504 = DIRECTION ( 'NONE',  ( -0.000000000000000000, 1.000000000000000000, -0.000000000000000000 ) ) ;
#4505 = CARTESIAN_POINT ( 'NONE',  ( 165.5250000000000625, 6.000000000000000000, 30.79999999999996518 ) ) ;
#4506 = AXIS2_PLACEMENT_3D ( 'NONE', #3425, #4646, #2684 ) ;
#4507 = DIRECTION ( 'NONE',  ( -0.000000000000000000, 1.000000000000000000, -0.000000000000000000 ) ) ;
#4508 = EDGE_CURVE ( 'NONE', #3853, #2640, #1630, .T. ) ;
#4509 = ADVANCED_FACE ( 'NONE', ( #450 ), #3969, .F. ) ;
#4510 = ORIENTED_EDGE ( 'NONE', *, *, #1947, .T. ) ;
#4511 = CARTESIAN_POINT ( 'NONE',  ( -4.474999999999944578, 4.549999999999997158, 32.49999999999998579 ) ) ;
#4512 = DIRECTION ( 'NONE',  ( -0.000000000000000000, 1.000000000000000000, -0.000000000000000000 ) ) ;
#4513 = DIRECTION ( 'NONE',  ( 0.000000000000000000, 0.000000000000000000, 1.000000000000000000 ) ) ;
#4514 = CARTESIAN_POINT ( 'NONE',  ( -241.7249999999999943, 0.000000000000000000, -2.743031496388326218E-14 ) ) ;
#4515 = EDGE_CURVE ( 'NONE', #3508, #4050, #1108, .T. ) ;
#4516 = DIRECTION ( 'NONE',  ( 0.000000000000000000, 0.000000000000000000, 1.000000000000000000 ) ) ;
#4517 = EDGE_CURVE ( 'NONE', #349, #2441, #1274, .T. ) ;
#4518 = EDGE_CURVE ( 'NONE', #2973, #1960, #4131, .T. ) ;
#4519 = CARTESIAN_POINT ( 'NONE',  ( -244.4750000000000227, 5.599993511718791339, 48.96986004575657603 ) ) ;
#4520 = AXIS2_PLACEMENT_3D ( 'NONE', #1396, #3419, #4210 ) ;
#4521 = ORIENTED_EDGE ( 'NONE', *, *, #387, .T. ) ;
#4522 = ORIENTED_EDGE ( 'NONE', *, *, #3831, .T. ) ;
#4523 = CARTESIAN_POINT ( 'NONE',  ( -174.4749999999999659, 0.000000000000000000, 30.80000000000000782 ) ) ;
#4524 = AXIS2_PLACEMENT_3D ( 'NONE', #3266, #1319, #1728 ) ;
#4525 = VERTEX_POINT ( 'NONE', #293 ) ;
#4526 = VERTEX_POINT ( 'NONE', #4104 ) ;
#4527 = ORIENTED_EDGE ( 'NONE', *, *, #355, .T. ) ;
#4528 = LINE ( 'NONE', #635, #2242 ) ;
#4529 = AXIS2_PLACEMENT_3D ( 'NONE', #1595, #3462, #5034 ) ;
#4530 = EDGE_LOOP ( 'NONE', ( #2616, #2531, #3456, #4083 ) ) ;
#4532 = CARTESIAN_POINT ( 'NONE',  ( -174.4749999999999091, 6.000000000000000000, 59.85000000000003695 ) ) ;
#4531 = AXIS2_PLACEMENT_3D ( 'NONE', #566, #2952, #283 ) ;
#4533 = ORIENTED_EDGE ( 'NONE', *, *, #2106, .F. ) ;
#4534 = DIRECTION ( 'NONE',  ( 0.000000000000000000, 0.000000000000000000, 1.000000000000000000 ) ) ;
#4535 = CIRCLE ( 'NONE', #3151, 2.250000000000001776 ) ;
#4536 = DIRECTION ( 'NONE',  ( -0.000000000000000000, 1.000000000000000000, -0.000000000000000000 ) ) ;
#4537 = LINE ( 'NONE', #984, #2244 ) ;
#4538 = CARTESIAN_POINT ( 'NONE',  ( 165.5250000000000625, 6.000000000000000000, -33.95000000000005969 ) ) ;
#4539 = EDGE_CURVE ( 'NONE', #3404, #1526, #294, .T. ) ;
#4540 = DIRECTION ( 'NONE',  ( -0.000000000000000000, 1.000000000000000000, -0.000000000000000000 ) ) ;
#4541 = DIRECTION ( 'NONE',  ( 0.000000000000000000, 0.000000000000000000, 1.000000000000000000 ) ) ;
#4542 = VERTEX_POINT ( 'NONE', #2600 ) ;
#4543 = VERTEX_POINT ( 'NONE', #1418 ) ;
#4544 = CARTESIAN_POINT ( 'NONE',  ( 202.8250000000000739, 4.549999999999997158, 14.59999999999998188 ) ) ;
#4545 = ADVANCED_FACE ( 'NONE', ( #3723 ), #3810, .F. ) ;
#4546 = ADVANCED_FACE ( 'NONE', ( #2142 ), #2577, .F. ) ;
#4547 = VECTOR ( 'NONE', #3027, 1000.000000000000000 ) ;
#4548 = ORIENTED_EDGE ( 'NONE', *, *, #3353, .T. ) ;
#4549 = LINE ( 'NONE', #3449, #3526 ) ;
#4550 = ORIENTED_EDGE ( 'NONE', *, *, #3914, .T. ) ;
#4551 = CARTESIAN_POINT ( 'NONE',  ( 216.9750000000000227, 6.000000000000000000, 61.55000000000003979 ) ) ;
#4552 = LINE ( 'NONE', #1332, #2000 ) ;
#4553 = LINE ( 'NONE', #1053, #2092 ) ;
#4554 = CARTESIAN_POINT ( 'NONE',  ( -174.4749999999999659, 6.000000000000000000, -29.09999999999999432 ) ) ;
#4555 = VERTEX_POINT ( 'NONE', #3315 ) ;
#4556 = CARTESIAN_POINT ( 'NONE',  ( 202.8250000000000739, 0.000000000000000000, 12.89999999999997371 ) ) ;
#4557 = LINE ( 'NONE', #259, #1695 ) ;
#4558 = CARTESIAN_POINT ( 'NONE',  ( -4.474999999999888622, 6.000000000000000000, 56.70000000000001705 ) ) ;
#4559 = CARTESIAN_POINT ( 'NONE',  ( -174.4749999999999659, 6.000000000000000000, 3.149999999999986144 ) ) ;
#4560 = CARTESIAN_POINT ( 'NONE',  ( 191.1750000000000398, 0.000000000000000000, 59.85000000000003695 ) ) ;
#4561 = DIRECTION ( 'NONE',  ( 0.000000000000000000, 0.000000000000000000, 1.000000000000000000 ) ) ;
#4562 = ORIENTED_EDGE ( 'NONE', *, *, #4831, .T. ) ;
#4563 = EDGE_CURVE ( 'NONE', #2702, #4844, #4054, .T. ) ;
#4564 = EDGE_LOOP ( 'NONE', ( #4804, #586, #2629, #248 ) ) ;
#4565 = CYLINDRICAL_SURFACE ( 'NONE', #1808, 1.700000000000007061 ) ;
#4566 = CIRCLE ( 'NONE', #2691, 1.700000000000007061 ) ;
#4567 = VERTEX_POINT ( 'NONE', #595 ) ;
#4568 = DIRECTION ( 'NONE',  ( 0.000000000000000000, 0.000000000000000000, 1.000000000000000000 ) ) ;
#4569 = ORIENTED_EDGE ( 'NONE', *, *, #2178, .F. ) ;
#4570 = DIRECTION ( 'NONE',  ( -0.000000000000000000, 1.000000000000000000, -0.000000000000000000 ) ) ;
#4571 = CARTESIAN_POINT ( 'NONE',  ( 239.4749999999999943, 6.000000000000000000, -59.00000000000002842 ) ) ;
#4572 = AXIS2_PLACEMENT_3D ( 'NONE', #305, #4480, #659 ) ;
#4573 = DIRECTION ( 'NONE',  ( -0.000000000000000000, 1.000000000000000000, -0.000000000000000000 ) ) ;
#4574 = ADVANCED_FACE ( 'NONE', ( #4181 ), #1394, .F. ) ;
#4575 = CIRCLE ( 'NONE', #652, 1.700000000000007061 ) ;
#4576 = LINE ( 'NONE', #473, #1193 ) ;
#4577 = ORIENTED_EDGE ( 'NONE', *, *, #976, .T. ) ;
#4578 = ORIENTED_EDGE ( 'NONE', *, *, #1234, .T. ) ;
#4579 = CARTESIAN_POINT ( 'NONE',  ( 219.4749999999999943, 6.000000000000000000, -63.00000000000007105 ) ) ;
#4580 = AXIS2_PLACEMENT_3D ( 'NONE', #4006, #1607, #830 ) ;
#4581 = CARTESIAN_POINT ( 'NONE',  ( 229.9750000000001364, 4.549999999999997158, -35.99999999999997868 ) ) ;
#4582 = CARTESIAN_POINT ( 'NONE',  ( -241.7250000000000512, 6.000000000000000000, 48.70000000000003837 ) ) ;
#4583 = DIRECTION ( 'NONE',  ( -0.000000000000000000, 1.000000000000000000, -0.000000000000000000 ) ) ;
#4584 = DIRECTION ( 'NONE',  ( -0.000000000000000000, 1.000000000000000000, -0.000000000000000000 ) ) ;
#4585 = EDGE_CURVE ( 'NONE', #3204, #2897, #3079, .T. ) ;
#4586 = CARTESIAN_POINT ( 'NONE',  ( -215.3250000000000171, 4.549999999999997158, 19.60000000000002629 ) ) ;
#4587 = LINE ( 'NONE', #1494, #1334 ) ;
#4588 = VERTEX_POINT ( 'NONE', #4586 ) ;
#4589 = ORIENTED_EDGE ( 'NONE', *, *, #2802, .T. ) ;
#4590 = ORIENTED_EDGE ( 'NONE', *, *, #4515, .T. ) ;
#4591 = CARTESIAN_POINT ( 'NONE',  ( 165.5250000000000625, 0.000000000000000000, -61.55000000000007532 ) ) ;
#4592 = ORIENTED_EDGE ( 'NONE', *, *, #661, .F. ) ;
#4593 = DIRECTION ( 'NONE',  ( -0.000000000000000000, 1.000000000000000000, -0.000000000000000000 ) ) ;
#4594 = EDGE_LOOP ( 'NONE', ( #431, #1159, #1501, #80 ) ) ;
#4595 = CARTESIAN_POINT ( 'NONE',  ( -224.4749999999999659, 6.000000000000000000, -61.55000000000003268 ) ) ;
#4596 = CARTESIAN_POINT ( 'NONE',  ( 229.9750000000001364, 6.000000000000000000, 55.99999999999997158 ) ) ;
#4597 = CONICAL_SURFACE ( 'NONE', #1581, 3.150000000000013678, 0.7853981633974495002 ) ;
#4598 = EDGE_CURVE ( 'NONE', #1049, #3609, #3973, .T. ) ;
#4599 = DIRECTION ( 'NONE',  ( 0.000000000000000000, 1.000000000000000000, 0.000000000000000000 ) ) ;
#4600 = ORIENTED_EDGE ( 'NONE', *, *, #4907, .T. ) ;
#4601 = ORIENTED_EDGE ( 'NONE', *, *, #3881, .T. ) ;
#4602 = DIRECTION ( 'NONE',  ( -0.000000000000000000, 1.000000000000000000, -0.000000000000000000 ) ) ;
#4603 = EDGE_CURVE ( 'NONE', #834, #1575, #626, .T. ) ;
#4604 = EDGE_CURVE ( 'NONE', #4710, #843, #3570, .T. ) ;
#4605 = EDGE_CURVE ( 'NONE', #416, #3783, #3321, .T. ) ;
#4606 = VECTOR ( 'NONE', #2303, 1000.000000000000000 ) ;
#4607 = ORIENTED_EDGE ( 'NONE', *, *, #2638, .T. ) ;
#4608 = VECTOR ( 'NONE', #4475, 1000.000000000000000 ) ;
#4609 = CARTESIAN_POINT ( 'NONE',  ( 241.9749999999999943, 6.000000000000000000, -63.99999999999997158 ) ) ;
#4610 = DIRECTION ( 'NONE',  ( 0.000000000000000000, 0.000000000000000000, 1.000000000000000000 ) ) ;
#4611 = CARTESIAN_POINT ( 'NONE',  ( -244.4750000000000227, 5.883724473944306865, 1.297809049826837091 ) ) ;
#4612 = CONICAL_SURFACE ( 'NONE', #2408, 3.150000000000013678, 0.7853981633974495002 ) ;
#4613 = DIRECTION ( 'NONE',  ( -0.000000000000000000, 1.000000000000000000, -0.000000000000000000 ) ) ;
#4614 = CIRCLE ( 'NONE', #200, 1.700000000000007061 ) ;
#4615 = CARTESIAN_POINT ( 'NONE',  ( 219.4749999999999943, 6.000000000000000000, -59.85000000000005826 ) ) ;
#4616 = CONICAL_SURFACE ( 'NONE', #3563, 3.149999999999999911, 0.7853981633974477239 ) ;
#4617 = SURFACE_STYLE_FILL_AREA ( #3574 ) ;
#4618 = CYLINDRICAL_SURFACE ( 'NONE', #4918, 1.700000000000007061 ) ;
#4619 = EDGE_LOOP ( 'NONE', ( #3856, #839, #5053, #3546 ) ) ;
#4620 = ORIENTED_EDGE ( 'NONE', *, *, #3289, .T. ) ;
#4621 = CARTESIAN_POINT ( 'NONE',  ( 219.4749999999999943, 6.000000000000000000, -56.70000000000004547 ) ) ;
#4622 = CIRCLE ( 'NONE', #3237, 1.700000000000007061 ) ;
#4623 = VECTOR ( 'NONE', #4507, 1000.000000000000000 ) ;
#4624 = AXIS2_PLACEMENT_3D ( 'NONE', #3109, #2287, #1878 ) ;
#4625 = ORIENTED_EDGE ( 'NONE', *, *, #2106, .T. ) ;
#4626 = CARTESIAN_POINT ( 'NONE',  ( -241.7250000000000512, 6.000000000000000000, -48.70000000000008811 ) ) ;
#4627 = ORIENTED_EDGE ( 'NONE', *, *, #2604, .T. ) ;
#4628 = CARTESIAN_POINT ( 'NONE',  ( 165.5250000000001194, 4.549999999999997158, 59.84999999999999432 ) ) ;
#4629 = AXIS2_PLACEMENT_3D ( 'NONE', #1082, #3312, #4199 ) ;
#4630 = CARTESIAN_POINT ( 'NONE',  ( -241.7250000000000512, 6.000000000000000000, -48.70000000000008811 ) ) ;
#4631 = EDGE_LOOP ( 'NONE', ( #2319, #3607, #3179, #1510, #4018, #3190, #4782, #2668, #116, #3089 ) ) ;
#4632 = ORIENTED_EDGE ( 'NONE', *, *, #2708, .F. ) ;
#4633 = CARTESIAN_POINT ( 'NONE',  ( -241.9749999999999943, 6.000000000000000000, 64.00000000000002842 ) ) ;
#4634 = ADVANCED_FACE ( 'NONE', ( #2165 ), #952, .F. ) ;
#4635 = DIRECTION ( 'NONE',  ( -0.000000000000000000, 1.000000000000000000, -0.000000000000000000 ) ) ;
#4636 = CARTESIAN_POINT ( 'NONE',  ( 191.1750000000000398, 6.000000000000000000, 59.85000000000003695 ) ) ;
#4637 = ORIENTED_EDGE ( 'NONE', *, *, #3289, .F. ) ;
#4638 = DIRECTION ( 'NONE',  ( 0.000000000000000000, 0.000000000000000000, 1.000000000000000000 ) ) ;
#4639 = DIRECTION ( 'NONE',  ( -0.000000000000000000, 1.000000000000000000, -0.000000000000000000 ) ) ;
#4640 = DIRECTION ( 'NONE',  ( 0.000000000000000000, -1.000000000000000000, 0.000000000000000000 ) ) ;
#4641 = CARTESIAN_POINT ( 'NONE',  ( 219.4749999999999943, 0.000000000000000000, -59.85000000000005826 ) ) ;
#4642 = ORIENTED_EDGE ( 'NONE', *, *, #3242, .F. ) ;
#4643 = ORIENTED_EDGE ( 'NONE', *, *, #1297, .F. ) ;
#4644 = CARTESIAN_POINT ( 'NONE',  ( -174.4749999999999659, 4.549999999999997158, -30.80000000000000071 ) ) ;
#4645 = ORIENTED_EDGE ( 'NONE', *, *, #1580, .T. ) ;
#4646 = DIRECTION ( 'NONE',  ( -0.000000000000000000, 1.000000000000000000, -0.000000000000000000 ) ) ;
#4647 = ORIENTED_EDGE ( 'NONE', *, *, #2961, .F. ) ;
#4648 = CARTESIAN_POINT ( 'NONE',  ( 191.1750000000000398, 0.000000000000000000, -2.775557561562891351E-14 ) ) ;
#4649 = AXIS2_PLACEMENT_3D ( 'NONE', #904, #4410, #3667 ) ;
#4651 = CARTESIAN_POINT ( 'NONE',  ( -239.4749999999999943, 6.000000000000000000, 56.75000000000002842 ) ) ;
#4650 = CIRCLE ( 'NONE', #1469, 3.150000000000013678 ) ;
#4652 = EDGE_LOOP ( 'NONE', ( #4368, #146, #1992, #4183 ) ) ;
#4653 = ORIENTED_EDGE ( 'NONE', *, *, #1739, .F. ) ;
#4654 = AXIS2_PLACEMENT_3D ( 'NONE', #126, #3258, #3661 ) ;
#4655 = CARTESIAN_POINT ( 'NONE',  ( 165.5250000000000625, 6.000000000000000000, 30.79999999999996518 ) ) ;
#4656 = AXIS2_PLACEMENT_3D ( 'NONE', #2988, #3275, #4064 ) ;
#4657 = ADVANCED_FACE ( 'NONE', ( #3340 ), #3747, .F. ) ;
#4658 = CARTESIAN_POINT ( 'NONE',  ( 229.9750000000001364, 4.549999999999997158, -34.29999999999996874 ) ) ;
#4659 = ADVANCED_FACE ( 'NONE', ( #4492 ), #4894, .F. ) ;
#4660 = DIRECTION ( 'NONE',  ( 0.000000000000000000, 0.000000000000000000, 1.000000000000000000 ) ) ;
#4661 = VERTEX_POINT ( 'NONE', #2529 ) ;
#4662 = DIRECTION ( 'NONE',  ( -0.000000000000000000, 1.000000000000000000, -0.000000000000000000 ) ) ;
#4663 = LINE ( 'NONE', #317, #4869 ) ;
#4664 = EDGE_CURVE ( 'NONE', #49, #2441, #418, .T. ) ;
#4665 = AXIS2_PLACEMENT_3D ( 'NONE', #1629, #4698, #398 ) ;
#4666 = DIRECTION ( 'NONE',  ( 0.000000000000000000, 0.000000000000000000, 1.000000000000000000 ) ) ;
#4667 = DIRECTION ( 'NONE',  ( 0.000000000000000000, 0.000000000000000000, 1.000000000000000000 ) ) ;
#4668 = VERTEX_POINT ( 'NONE', #3541 ) ;
#4669 = ORIENTED_EDGE ( 'NONE', *, *, #3453, .F. ) ;
#4670 = CARTESIAN_POINT ( 'NONE',  ( 165.5250000000000625, 6.000000000000000000, -59.85000000000007248 ) ) ;
#4671 = EDGE_CURVE ( 'NONE', #5021, #4495, #3730, .T. ) ;
#4672 = ADVANCED_FACE ( 'NONE', ( #3871 ), #2672, .F. ) ;
#4673 = CARTESIAN_POINT ( 'NONE',  ( 202.8250000000000739, 6.000000000000000000, 12.89999999999997371 ) ) ;
#4674 = EDGE_CURVE ( 'NONE', #1995, #4253, #1849, .T. ) ;
#4675 = VERTEX_POINT ( 'NONE', #1570 ) ;
#4676 = CARTESIAN_POINT ( 'NONE',  ( -4.474999999999888622, 6.000000000000000000, 59.85000000000001563 ) ) ;
#4677 = ORIENTED_EDGE ( 'NONE', *, *, #1265, .T. ) ;
#4678 = CYLINDRICAL_SURFACE ( 'NONE', #2618, 1.700000000000007061 ) ;
#4679 = EDGE_LOOP ( 'NONE', ( #3344, #4378, #601, #741 ) ) ;
#4680 = EDGE_LOOP ( 'NONE', ( #3070, #2380 ) ) ;
#4681 = CIRCLE ( 'NONE', #2481, 1.700000000000007061 ) ;
#4682 = CARTESIAN_POINT ( 'NONE',  ( -224.4749999999999659, 6.000000000000000000, -56.70000000000004547 ) ) ;
#4683 = DIRECTION ( 'NONE',  ( -0.000000000000000000, 1.000000000000000000, -0.000000000000000000 ) ) ;
#4684 = VECTOR ( 'NONE', #4959, 1000.000000000000000 ) ;
#4685 = DIRECTION ( 'NONE',  ( 0.000000000000000000, 0.000000000000000000, 1.000000000000000000 ) ) ;
#4686 = EDGE_LOOP ( 'NONE', ( #1684, #74, #3274, #4109 ) ) ;
#4687 = DIRECTION ( 'NONE',  ( 0.000000000000000000, 0.000000000000000000, 1.000000000000000000 ) ) ;
#4688 = AXIS2_PLACEMENT_3D ( 'NONE', #1155, #3968, #2076 ) ;
#4689 = CARTESIAN_POINT ( 'NONE',  ( 191.1750000000000398, 0.000000000000000000, 58.15000000000002700 ) ) ;
#4690 = DIRECTION ( 'NONE',  ( -0.000000000000000000, 1.000000000000000000, -0.000000000000000000 ) ) ;
#4691 = AXIS2_PLACEMENT_3D ( 'NONE', #2877, #1719, #3972 ) ;
#4692 = CARTESIAN_POINT ( 'NONE',  ( 219.4749999999999943, 4.549999999999997158, -59.85000000000005826 ) ) ;
#4693 = VECTOR ( 'NONE', #4481, 1000.000000000000000 ) ;
#4694 = ORIENTED_EDGE ( 'NONE', *, *, #2863, .F. ) ;
#4695 = CONICAL_SURFACE ( 'NONE', #2494, 3.150000000000013678, 0.7853981633974495002 ) ;
#4696 = ADVANCED_FACE ( 'NONE', ( #776 ), #1198, .F. ) ;
#4697 = ORIENTED_EDGE ( 'NONE', *, *, #2390, .T. ) ;
#4698 = DIRECTION ( 'NONE',  ( -0.000000000000000000, 1.000000000000000000, -0.000000000000000000 ) ) ;
#4699 = PRODUCT_RELATED_PRODUCT_CATEGORY ( 'part', '', ( #835 ) ) ;
#4700 = AXIS2_PLACEMENT_3D ( 'NONE', #4913, #2978, #2189 ) ;
#4701 = CARTESIAN_POINT ( 'NONE',  ( -4.474999999999888622, 6.000000000000000000, 61.55000000000001137 ) ) ;
#4702 = AXIS2_PLACEMENT_3D ( 'NONE', #3977, #490, #3594 ) ;
#4703 = VERTEX_POINT ( 'NONE', #1188 ) ;
#4704 = FACE_BOUND ( 'NONE', #4065, .T. ) ;
#4705 = VERTEX_POINT ( 'NONE', #8 ) ;
#4706 = CARTESIAN_POINT ( 'NONE',  ( 165.5250000000000625, 6.000000000000000000, -59.85000000000007248 ) ) ;
#4707 = ADVANCED_FACE ( 'NONE', ( #705 ), #1523, .F. ) ;
#4708 = AXIS2_PLACEMENT_3D ( 'NONE', #4885, #2593, #3355 ) ;
#4709 = AXIS2_PLACEMENT_3D ( 'NONE', #5040, #4639, #3925 ) ;
#4710 = VERTEX_POINT ( 'NONE', #4689 ) ;
#4711 = EDGE_LOOP ( 'NONE', ( #2635, #2069 ) ) ;
#4712 = DIRECTION ( 'NONE',  ( 0.000000000000000000, 0.000000000000000000, 1.000000000000000000 ) ) ;
#4713 = VERTEX_POINT ( 'NONE', #1930 ) ;
#4714 = DIRECTION ( 'NONE',  ( 1.000000000000000000, 0.000000000000000000, 0.000000000000000000 ) ) ;
#4715 = CARTESIAN_POINT ( 'NONE',  ( -174.4749999999999659, 0.000000000000000000, -59.85000000000002984 ) ) ;
#4716 = EDGE_LOOP ( 'NONE', ( #1872, #479, #1895, #3197 ) ) ;
#4717 = DIRECTION ( 'NONE',  ( -0.000000000000000000, 1.000000000000000000, -0.000000000000000000 ) ) ;
#4718 = CARTESIAN_POINT ( 'NONE',  ( -4.474999999999944578, 6.000000000000000000, -63.00000000000005684 ) ) ;
#4719 = FACE_OUTER_BOUND ( 'NONE', #2779, .T. ) ;
#4720 = DIRECTION ( 'NONE',  ( 0.000000000000000000, 0.000000000000000000, 1.000000000000000000 ) ) ;
#4721 = VERTEX_POINT ( 'NONE', #2266 ) ;
#4722 = CARTESIAN_POINT ( 'NONE',  ( -203.6750000000000114, 6.000000000000000000, 27.65000000000001634 ) ) ;
#4723 = CARTESIAN_POINT ( 'NONE',  ( 244.4749999999999943, 0.000000000000000000, -61.49999999999997158 ) ) ;
#4724 = EDGE_CURVE ( 'NONE', #2718, #1254, #4663, .T. ) ;
#4725 = ORIENTED_EDGE ( 'NONE', *, *, #133, .F. ) ;
#4726 = DIRECTION ( 'NONE',  ( 0.000000000000000000, 0.000000000000000000, 1.000000000000000000 ) ) ;
#4727 = EDGE_LOOP ( 'NONE', ( #4897, #1568 ) ) ;
#4728 = DIRECTION ( 'NONE',  ( 8.659560562354942719E-17, 0.7071067811865466846, -0.7071067811865483499 ) ) ;
#4729 = EDGE_LOOP ( 'NONE', ( #4733, #4577, #2689, #2913 ) ) ;
#4730 = EDGE_LOOP ( 'NONE', ( #565, #3981, #4427, #1640 ) ) ;
#4731 = DIRECTION ( 'NONE',  ( -0.000000000000000000, 1.000000000000000000, -0.000000000000000000 ) ) ;
#4732 = EDGE_CURVE ( 'NONE', #2640, #1352, #2991, .T. ) ;
#4733 = ORIENTED_EDGE ( 'NONE', *, *, #918, .F. ) ;
#4734 = DIRECTION ( 'NONE',  ( -0.000000000000000000, 1.000000000000000000, -0.000000000000000000 ) ) ;
#4735 = AXIS2_PLACEMENT_3D ( 'NONE', #871, #3995, #3206 ) ;
#4736 = LINE ( 'NONE', #1699, #4854 ) ;
#4737 = ORIENTED_EDGE ( 'NONE', *, *, #4080, .F. ) ;
#4738 = DIRECTION ( 'NONE',  ( 0.000000000000000000, 0.000000000000000000, 1.000000000000000000 ) ) ;
#4739 = VECTOR ( 'NONE', #613, 1000.000000000000000 ) ;
#4740 = FACE_OUTER_BOUND ( 'NONE', #506, .T. ) ;
#4741 = AXIS2_PLACEMENT_3D ( 'NONE', #3323, #1380, #2583 ) ;
#4742 = LINE ( 'NONE', #3595, #3101 ) ;
#4743 = DIRECTION ( 'NONE',  ( 0.000000000000000000, 0.000000000000000000, 1.000000000000000000 ) ) ;
#4744 = ORIENTED_EDGE ( 'NONE', *, *, #4008, .F. ) ;
#4745 = LINE ( 'NONE', #803, #5 ) ;
#4746 = EDGE_CURVE ( 'NONE', #894, #965, #3517, .T. ) ;
#4747 = LINE ( 'NONE', #2116, #1844 ) ;
#4748 = DIRECTION ( 'NONE',  ( 0.000000000000000000, -1.000000000000000000, 0.000000000000000000 ) ) ;
#4749 = ORIENTED_EDGE ( 'NONE', *, *, #2359, .T. ) ;
#4750 = CARTESIAN_POINT ( 'NONE',  ( 0.000000000000000000, 0.000000000000000000, 0.000000000000000000 ) ) ;
#4751 = VERTEX_POINT ( 'NONE', #3440 ) ;
#4752 = CARTESIAN_POINT ( 'NONE',  ( 216.9750000000000227, 4.549999999999997158, 58.15000000000002700 ) ) ;
#4753 = EDGE_LOOP ( 'NONE', ( #3421, #1643, #464, #4992 ) ) ;
#4754 = ORIENTED_EDGE ( 'NONE', *, *, #3793, .T. ) ;
#4755 = CARTESIAN_POINT ( 'NONE',  ( 239.4749999999999943, 0.000000000000000000, -56.75000000000002842 ) ) ;
#4756 = EDGE_CURVE ( 'NONE', #2080, #638, #2829, .T. ) ;
#4757 = CARTESIAN_POINT ( 'NONE',  ( -174.4749999999999659, 6.000000000000000000, -59.85000000000002984 ) ) ;
#4758 = ADVANCED_FACE ( 'NONE', ( #3897 ), #1609, .F. ) ;
#4759 = DIRECTION ( 'NONE',  ( -0.000000000000000000, 1.000000000000000000, -0.000000000000000000 ) ) ;
#4760 = EDGE_LOOP ( 'NONE', ( #4533, #856, #108, #2124 ) ) ;
#4761 = CARTESIAN_POINT ( 'NONE',  ( -224.4749999999999659, 6.000000000000000000, -59.85000000000002984 ) ) ;
#4762 = EDGE_CURVE ( 'NONE', #4567, #206, #783, .T. ) ;
#4763 = EDGE_CURVE ( 'NONE', #2275, #1176, #798, .T. ) ;
#4764 = VECTOR ( 'NONE', #4843, 1000.000000000000000 ) ;
#4765 = DIRECTION ( 'NONE',  ( -0.000000000000000000, 1.000000000000000000, -0.000000000000000000 ) ) ;
#4766 = FACE_OUTER_BOUND ( 'NONE', #3916, .T. ) ;
#4767 = CARTESIAN_POINT ( 'NONE',  ( -174.4749999999999659, 4.549999999999997158, 29.10000000000000142 ) ) ;
#4768 = ORIENTED_EDGE ( 'NONE', *, *, #987, .F. ) ;
#4769 = DIRECTION ( 'NONE',  ( -0.000000000000000000, 1.000000000000000000, -0.000000000000000000 ) ) ;
#4770 = DIRECTION ( 'NONE',  ( 0.000000000000000000, 0.000000000000000000, 1.000000000000000000 ) ) ;
#4771 = CIRCLE ( 'NONE', #4282, 1.699999999999998401 ) ;
#4772 = AXIS2_PLACEMENT_3D ( 'NONE', #2676, #1187, #797 ) ;
#4773 = FACE_BOUND ( 'NONE', #2370, .T. ) ;
#4774 = ORIENTED_EDGE ( 'NONE', *, *, #2072, .F. ) ;
#4775 = FACE_BOUND ( 'NONE', #2832, .T. ) ;
#4776 = ORIENTED_EDGE ( 'NONE', *, *, #3976, .T. ) ;
#4777 = CIRCLE ( 'NONE', #4449, 1.700000000000007061 ) ;
#4778 = CYLINDRICAL_SURFACE ( 'NONE', #4417, 1.700000000000007061 ) ;
#4779 = AXIS2_PLACEMENT_3D ( 'NONE', #4810, #2033, #956 ) ;
#4780 = AXIS2_PLACEMENT_3D ( 'NONE', #3365, #185, #1445 ) ;
#4781 = VERTEX_POINT ( 'NONE', #2677 ) ;
#4782 = ORIENTED_EDGE ( 'NONE', *, *, #3242, .T. ) ;
#4783 = DIRECTION ( 'NONE',  ( 8.659560562354860135E-17, 0.7071067811865535679, -0.7071067811865415775 ) ) ;
#4784 = CIRCLE ( 'NONE', #375, 3.150000000000013678 ) ;
#4785 = DIRECTION ( 'NONE',  ( -0.000000000000000000, 1.000000000000000000, -0.000000000000000000 ) ) ;
#4786 = EDGE_CURVE ( 'NONE', #2553, #1938, #3160, .T. ) ;
#4787 = DIRECTION ( 'NONE',  ( 8.659560562354860135E-17, 0.7071067811865535679, -0.7071067811865415775 ) ) ;
#4788 = CONICAL_SURFACE ( 'NONE', #1281, 3.149999999999999911, 0.7853981633974477239 ) ;
#4789 = ORIENTED_EDGE ( 'NONE', *, *, #4585, .F. ) ;
#4790 = FACE_OUTER_BOUND ( 'NONE', #2486, .T. ) ;
#4791 = AXIS2_PLACEMENT_3D ( 'NONE', #1441, #4536, #4911 ) ;
#4792 = DIRECTION ( 'NONE',  ( 0.000000000000000000, 0.000000000000000000, -1.000000000000000000 ) ) ;
#4793 = LINE ( 'NONE', #1654, #4306 ) ;
#4794 = CARTESIAN_POINT ( 'NONE',  ( -239.4750000000000227, 0.000000000000000000, -58.99999999999998579 ) ) ;
#4795 = ORIENTED_EDGE ( 'NONE', *, *, #4287, .T. ) ;
#4796 = DIRECTION ( 'NONE',  ( 0.000000000000000000, 0.000000000000000000, 1.000000000000000000 ) ) ;
#4797 = DIRECTION ( 'NONE',  ( -0.000000000000000000, 1.000000000000000000, -0.000000000000000000 ) ) ;
#4798 = LINE ( 'NONE', #2144, #2990 ) ;
#4799 = ORIENTED_EDGE ( 'NONE', *, *, #983, .F. ) ;
#4800 = DIRECTION ( 'NONE',  ( 0.000000000000000000, 0.7071067811865466846, 0.7071067811865483499 ) ) ;
#4801 = EDGE_LOOP ( 'NONE', ( #304, #3806 ) ) ;
#4802 = CARTESIAN_POINT ( 'NONE',  ( 202.8250000000000739, 6.000000000000000000, 9.749999999999960920 ) ) ;
#4803 = VECTOR ( 'NONE', #778, 1000.000000000000000 ) ;
#4804 = ORIENTED_EDGE ( 'NONE', *, *, #2858, .F. ) ;
#4805 = ORIENTED_EDGE ( 'NONE', *, *, #4456, .F. ) ;
#4806 = CARTESIAN_POINT ( 'NONE',  ( -4.474999999999944578, 4.549999999999997158, -32.50000000000002132 ) ) ;
#4807 = DIRECTION ( 'NONE',  ( -0.000000000000000000, 1.000000000000000000, -0.000000000000000000 ) ) ;
#4808 = FACE_BOUND ( 'NONE', #2562, .T. ) ;
#4809 = EDGE_LOOP ( 'NONE', ( #1117, #4627, #1170, #87 ) ) ;
#4810 = CARTESIAN_POINT ( 'NONE',  ( -4.474999999999944578, 6.000000000000000000, -4.725530845851316856E-14 ) ) ;
#4811 = VECTOR ( 'NONE', #4334, 1000.000000000000000 ) ;
#4812 = EDGE_CURVE ( 'NONE', #2254, #2785, #618, .T. ) ;
#4813 = CARTESIAN_POINT ( 'NONE',  ( 165.5250000000000625, 4.549999999999997158, 29.09999999999995879 ) ) ;
#4814 = EDGE_CURVE ( 'NONE', #3813, #2774, #3481, .T. ) ;
#4815 = CARTESIAN_POINT ( 'NONE',  ( 191.1750000000000398, 6.000000000000000000, -2.775557561562891351E-14 ) ) ;
#4816 = B_SPLINE_CURVE_WITH_KNOTS ( 'NONE', 3,
 ( #3846, #4611, #1033, #1465, #338, #2599, #1109, #4154, #2675, #4229 ),
 .UNSPECIFIED., .F., .F.,
 ( 4, 2, 2, 2, 4 ),
 ( 0.01209308537389585346, 0.01288806592005932797, 0.01368304646622280074, 0.01447802701238627525, 0.01527300755854974976 ),
 .UNSPECIFIED. ) ;
#4817 = DIRECTION ( 'NONE',  ( -0.000000000000000000, 1.000000000000000000, -0.000000000000000000 ) ) ;
#4818 = AXIS2_PLACEMENT_3D ( 'NONE', #2970, #4068, #1024 ) ;
#4819 = ORIENTED_EDGE ( 'NONE', *, *, #449, .T. ) ;
#4820 = CONICAL_SURFACE ( 'NONE', #3432, 3.150000000000013678, 0.7853981633974495002 ) ;
#4821 = EDGE_CURVE ( 'NONE', #1479, #1806, #748, .T. ) ;
#4822 = DIRECTION ( 'NONE',  ( -0.000000000000000000, 1.000000000000000000, -0.000000000000000000 ) ) ;
#4823 = AXIS2_PLACEMENT_3D ( 'NONE', #4898, #244, #221 ) ;
#4824 = DIRECTION ( 'NONE',  ( 0.000000000000000000, 0.000000000000000000, 1.000000000000000000 ) ) ;
#4825 = ORIENTED_EDGE ( 'NONE', *, *, #4415, .T. ) ;
#4826 = EDGE_CURVE ( 'NONE', #3902, #2849, #4784, .T. ) ;
#4827 = DIRECTION ( 'NONE',  ( 0.000000000000000000, 1.000000000000000000, 0.000000000000000000 ) ) ;
#4828 = ORIENTED_EDGE ( 'NONE', *, *, #4674, .T. ) ;
#4829 = AXIS2_PLACEMENT_3D ( 'NONE', #1220, #1685, #3215 ) ;
#4830 = DIRECTION ( 'NONE',  ( 0.000000000000000000, 0.000000000000000000, 1.000000000000000000 ) ) ;
#4831 = EDGE_CURVE ( 'NONE', #4224, #4543, #2881, .T. ) ;
#4832 = ADVANCED_FACE ( 'NONE', ( #903 ), #621, .F. ) ;
#4833 = ORIENTED_EDGE ( 'NONE', *, *, #4135, .T. ) ;
#4834 = ORIENTED_EDGE ( 'NONE', *, *, #1734, .F. ) ;
#4835 = EDGE_LOOP ( 'NONE', ( #3455, #1763, #2344, #3123 ) ) ;
#4836 = CARTESIAN_POINT ( 'NONE',  ( 165.5250000000000625, 0.000000000000000000, 30.79999999999996518 ) ) ;
#4837 = CARTESIAN_POINT ( 'NONE',  ( -224.4749999999999659, 6.000000000000000000, 63.00000000000002842 ) ) ;
#4838 = DIRECTION ( 'NONE',  ( 0.000000000000000000, 0.000000000000000000, 1.000000000000000000 ) ) ;
#4839 = EDGE_LOOP ( 'NONE', ( #298, #1908, #1428, #1331 ) ) ;
#4840 = DIRECTION ( 'NONE',  ( -0.000000000000000000, 1.000000000000000000, -0.000000000000000000 ) ) ;
#4841 = CARTESIAN_POINT ( 'NONE',  ( -224.4749999999999659, 6.000000000000000000, 56.70000000000004547 ) ) ;
#4842 = CYLINDRICAL_SURFACE ( 'NONE', #2516, 2.250000000000001776 ) ;
#4843 = DIRECTION ( 'NONE',  ( 8.659560562354942719E-17, 0.7071067811865466846, -0.7071067811865483499 ) ) ;
#4844 = VERTEX_POINT ( 'NONE', #2468 ) ;
#4845 = AXIS2_PLACEMENT_3D ( 'NONE', #164, #4009, #4105 ) ;
#4846 = CARTESIAN_POINT ( 'NONE',  ( -4.474999999999944578, 6.000000000000000000, -4.725530845851316856E-14 ) ) ;
#4847 = EDGE_CURVE ( 'NONE', #2023, #3060, #3666, .T. ) ;
#4848 = FACE_BOUND ( 'NONE', #2045, .T. ) ;
#4849 = ORIENTED_EDGE ( 'NONE', *, *, #1420, .F. ) ;
#4850 = EDGE_CURVE ( 'NONE', #801, #3576, #1264, .T. ) ;
#4851 = LINE ( 'NONE', #3825, #3876 ) ;
#4852 = ORIENTED_EDGE ( 'NONE', *, *, #354, .T. ) ;
#4853 = CARTESIAN_POINT ( 'NONE',  ( 229.9750000000001364, 0.000000000000000000, -35.99999999999997868 ) ) ;
#4854 = VECTOR ( 'NONE', #2495, 1000.000000000000000 ) ;
#4855 = ORIENTED_EDGE ( 'NONE', *, *, #1268, .F. ) ;
#4856 = ADVANCED_FACE ( 'NONE', ( #466 ), #83, .F. ) ;
#4857 = ORIENTED_EDGE ( 'NONE', *, *, #3416, .F. ) ;
#4858 = VERTEX_POINT ( 'NONE', #518 ) ;
#4859 = AXIS2_PLACEMENT_3D ( 'NONE', #1981, #3539, #3439 ) ;
#4860 = CARTESIAN_POINT ( 'NONE',  ( -174.4749999999999091, 4.549999999999997158, 58.15000000000002700 ) ) ;
#4861 = VECTOR ( 'NONE', #260, 1000.000000000000000 ) ;
#4862 = DIRECTION ( 'NONE',  ( 0.000000000000000000, 0.000000000000000000, 1.000000000000000000 ) ) ;
#4863 = FACE_BOUND ( 'NONE', #1214, .T. ) ;
#4864 = ORIENTED_EDGE ( 'NONE', *, *, #5038, .F. ) ;
#4865 = LINE ( 'NONE', #2931, #31 ) ;
#4866 = VECTOR ( 'NONE', #2836, 1000.000000000000000 ) ;
#4867 = AXIS2_PLACEMENT_3D ( 'NONE', #4484, #2997, #4118 ) ;
#4868 = FACE_OUTER_BOUND ( 'NONE', #1203, .T. ) ;
#4869 = VECTOR ( 'NONE', #2341, 1000.000000000000000 ) ;
#4870 = LINE ( 'NONE', #698, #4946 ) ;
#4871 = DIRECTION ( 'NONE',  ( 0.000000000000000000, 1.000000000000000000, 0.000000000000000000 ) ) ;
#4872 = VERTEX_POINT ( 'NONE', #2389 ) ;
#4873 = DIRECTION ( 'NONE',  ( 0.000000000000000000, 0.000000000000000000, 1.000000000000000000 ) ) ;
#4874 = FACE_BOUND ( 'NONE', #182, .T. ) ;
#4875 = EDGE_LOOP ( 'NONE', ( #3959, #838, #3735, #1066 ) ) ;
#4876 = CARTESIAN_POINT ( 'NONE',  ( 241.9749999999999943, 6.000000000000000000, -61.49999999999997158 ) ) ;
#4877 = ORIENTED_EDGE ( 'NONE', *, *, #2955, .T. ) ;
#4878 = CARTESIAN_POINT ( 'NONE',  ( -174.4749999999999659, 0.000000000000000000, 32.50000000000001421 ) ) ;
#4879 = ADVANCED_FACE ( 'NONE', ( #4740 ), #4788, .F. ) ;
#4880 = ADVANCED_FACE ( 'NONE', ( #3948 ), #1724, .F. ) ;
#4881 = ORIENTED_EDGE ( 'NONE', *, *, #510, .T. ) ;
#4882 = EDGE_LOOP ( 'NONE', ( #880, #331, #955, #3042 ) ) ;
#4883 = CARTESIAN_POINT ( 'NONE',  ( -4.474999999999944578, 0.000000000000000000, -4.725530845851316856E-14 ) ) ;
#4884 = LINE ( 'NONE', #2517, #4499 ) ;
#4885 = CARTESIAN_POINT ( 'NONE',  ( 229.9750000000001364, 6.000000000000000000, -55.99999999999997158 ) ) ;
#4886 = ORIENTED_EDGE ( 'NONE', *, *, #3542, .T. ) ;
#4887 = CARTESIAN_POINT ( 'NONE',  ( -244.4749999999999943, 6.000000000000000000, -47.16377085042624628 ) ) ;
#4888 = EDGE_CURVE ( 'NONE', #3121, #3245, #2183, .T. ) ;
#4889 = EDGE_CURVE ( 'NONE', #1369, #4391, #2744, .T. ) ;
#4890 = ORIENTED_EDGE ( 'NONE', *, *, #1138, .F. ) ;
#4891 = DIRECTION ( 'NONE',  ( 0.000000000000000000, 0.000000000000000000, 1.000000000000000000 ) ) ;
#4892 = DIRECTION ( 'NONE',  ( -0.000000000000000000, 1.000000000000000000, -0.000000000000000000 ) ) ;
#4893 = CIRCLE ( 'NONE', #404, 1.700000000000007061 ) ;
#4894 = CYLINDRICAL_SURFACE ( 'NONE', #2752, 1.700000000000007061 ) ;
#4895 = CARTESIAN_POINT ( 'NONE',  ( -4.474999999999944578, 6.000000000000000000, -30.80000000000002203 ) ) ;
#4896 = ORIENTED_EDGE ( 'NONE', *, *, #42, .T. ) ;
#4897 = ORIENTED_EDGE ( 'NONE', *, *, #4598, .F. ) ;
#4898 = CARTESIAN_POINT ( 'NONE',  ( -241.7249999999999943, 0.000000000000000000, -2.743031496388326218E-14 ) ) ;
#4899 = CONICAL_SURFACE ( 'NONE', #3194, 3.150000000000013678, 0.7853981633974495002 ) ;
#4900 = AXIS2_PLACEMENT_3D ( 'NONE', #4994, #3422, #1090 ) ;
#4901 = ORIENTED_EDGE ( 'NONE', *, *, #3082, .T. ) ;
#4902 = EDGE_LOOP ( 'NONE', ( #460, #2758, #4521, #1766 ) ) ;
#4903 = CARTESIAN_POINT ( 'NONE',  ( 191.1750000000000398, 6.000000000000000000, 59.85000000000003695 ) ) ;
#4904 = FACE_OUTER_BOUND ( 'NONE', #4902, .T. ) ;
#4905 = AXIS2_PLACEMENT_3D ( 'NONE', #4626, #3068, #1839 ) ;
#4906 = DIRECTION ( 'NONE',  ( 0.000000000000000000, 0.000000000000000000, 1.000000000000000000 ) ) ;
#4907 = EDGE_CURVE ( 'NONE', #2067, #780, #2085, .T. ) ;
#4908 = ORIENTED_EDGE ( 'NONE', *, *, #4724, .F. ) ;
#4909 = CARTESIAN_POINT ( 'NONE',  ( -174.4749999999999659, 4.549999999999997158, -2.775557561562891351E-14 ) ) ;
#4910 = ADVANCED_FACE ( 'NONE', ( #132 ), #2776, .F. ) ;
#4911 = DIRECTION ( 'NONE',  ( 0.000000000000000000, 0.000000000000000000, 1.000000000000000000 ) ) ;
#4912 = ADVANCED_FACE ( 'NONE', ( #3262 ), #3210, .F. ) ;
#4913 = CARTESIAN_POINT ( 'NONE',  ( 216.9750000000000227, 0.000000000000000000, 59.85000000000003695 ) ) ;
#4914 = DIRECTION ( 'NONE',  ( 0.000000000000000000, 0.000000000000000000, 1.000000000000000000 ) ) ;
#4915 = EDGE_CURVE ( 'NONE', #3060, #4042, #3231, .T. ) ;
#4916 = CARTESIAN_POINT ( 'NONE',  ( -241.7250000000000512, 6.000000000000000000, 48.70000000000003837 ) ) ;
#4917 = LINE ( 'NONE', #1857, #923 ) ;
#4918 = AXIS2_PLACEMENT_3D ( 'NONE', #1805, #2269, #2289 ) ;
#4919 = VERTEX_POINT ( 'NONE', #59 ) ;
#4920 = EDGE_LOOP ( 'NONE', ( #2355, #1210 ) ) ;
#4921 = DIRECTION ( 'NONE',  ( 0.000000000000000000, 0.000000000000000000, 1.000000000000000000 ) ) ;
#4922 = AXIS2_PLACEMENT_3D ( 'NONE', #4641, #4281, #779 ) ;
#4923 = AXIS2_PLACEMENT_3D ( 'NONE', #1443, #624, #3414 ) ;
#4924 = ORIENTED_EDGE ( 'NONE', *, *, #3229, .F. ) ;
#4925 = EDGE_LOOP ( 'NONE', ( #2014, #873, #1560, #4643 ) ) ;
#4926 = LINE ( 'NONE', #2994, #27 ) ;
#4927 = DIRECTION ( 'NONE',  ( -0.000000000000000000, 1.000000000000000000, -0.000000000000000000 ) ) ;
#4928 = DIRECTION ( 'NONE',  ( 0.000000000000000000, 0.000000000000000000, 1.000000000000000000 ) ) ;
#4929 = AXIS2_PLACEMENT_3D ( 'NONE', #2031, #4759, #2824 ) ;
#4930 = DIRECTION ( 'NONE',  ( -0.000000000000000000, 1.000000000000000000, -0.000000000000000000 ) ) ;
#4931 = CIRCLE ( 'NONE', #527, 1.700000000000000178 ) ;
#4932 = VERTEX_POINT ( 'NONE', #4813 ) ;
#4933 = CARTESIAN_POINT ( 'NONE',  ( 165.5250000000000625, 6.000000000000000000, -6.675504130139742361E-14 ) ) ;
#4934 = AXIS2_PLACEMENT_3D ( 'NONE', #4582, #3338, #1852 ) ;
#4935 = CARTESIAN_POINT ( 'NONE',  ( -203.6750000000000114, 6.000000000000000000, 32.50000000000003553 ) ) ;
#4936 = EDGE_CURVE ( 'NONE', #377, #2484, #775, .T. ) ;
#4937 = DIRECTION ( 'NONE',  ( 0.000000000000000000, 0.000000000000000000, 1.000000000000000000 ) ) ;
#4938 = CARTESIAN_POINT ( 'NONE',  ( -174.4749999999999659, 6.000000000000000000, 27.64999999999999503 ) ) ;
#4939 = DIRECTION ( 'NONE',  ( -0.000000000000000000, 1.000000000000000000, -0.000000000000000000 ) ) ;
#4940 = CIRCLE ( 'NONE', #3401, 1.700000000000007061 ) ;
#4941 = CARTESIAN_POINT ( 'NONE',  ( 229.9750000000001364, 4.549999999999997158, 55.99999999999997158 ) ) ;
#4942 = FACE_OUTER_BOUND ( 'NONE', #2114, .T. ) ;
#4943 = ORIENTED_EDGE ( 'NONE', *, *, #1120, .F. ) ;
#4944 = EDGE_LOOP ( 'NONE', ( #2037, #2522, #2466, #2951 ) ) ;
#4945 = FACE_OUTER_BOUND ( 'NONE', #1911, .T. ) ;
#4946 = VECTOR ( 'NONE', #212, 1000.000000000000000 ) ;
#4947 = ORIENTED_EDGE ( 'NONE', *, *, #1631, .F. ) ;
#4948 = DIRECTION ( 'NONE',  ( 0.000000000000000000, 1.000000000000000000, 0.000000000000000000 ) ) ;
#4949 = EDGE_LOOP ( 'NONE', ( #2903, #4260 ) ) ;
#4950 = EDGE_LOOP ( 'NONE', ( #3171, #1996, #2273, #4550 ) ) ;
#4951 = CYLINDRICAL_SURFACE ( 'NONE', #3601, 1.700000000000007061 ) ;
#4952 = CARTESIAN_POINT ( 'NONE',  ( -241.7249999999999943, 4.549999999999997158, 1.699999999999979750 ) ) ;
#4953 = CYLINDRICAL_SURFACE ( 'NONE', #1436, 1.700000000000007061 ) ;
#4954 = ORIENTED_EDGE ( 'NONE', *, *, #3325, .T. ) ;
#4955 = ORIENTED_EDGE ( 'NONE', *, *, #2136, .T. ) ;
#4956 = FACE_OUTER_BOUND ( 'NONE', #864, .T. ) ;
#4957 = CARTESIAN_POINT ( 'NONE',  ( 229.9750000000001364, 6.000000000000000000, -55.99999999999997158 ) ) ;
#4958 = DIRECTION ( 'NONE',  ( -0.000000000000000000, 1.000000000000000000, -0.000000000000000000 ) ) ;
#4959 = DIRECTION ( 'NONE',  ( 8.659560562354927928E-17, 0.7071067811865479058, -0.7071067811865471286 ) ) ;
#4960 = DIRECTION ( 'NONE',  ( -0.000000000000000000, 1.000000000000000000, -0.000000000000000000 ) ) ;
#4961 = ADVANCED_FACE ( 'NONE', ( #1241 ), #4356, .F. ) ;
#4962 = ADVANCED_FACE ( 'NONE', ( #2596 ), #4616, .F. ) ;
#4963 = DIRECTION ( 'NONE',  ( -0.000000000000000000, 1.000000000000000000, -0.000000000000000000 ) ) ;
#4964 = LINE ( 'NONE', #647, #1902 ) ;
#4965 = EDGE_LOOP ( 'NONE', ( #3223, #407, #2738, #1994 ) ) ;
#4966 = EDGE_CURVE ( 'NONE', #4858, #5018, #3311, .T. ) ;
#4967 = ORIENTED_EDGE ( 'NONE', *, *, #4077, .T. ) ;
#4968 = ORIENTED_EDGE ( 'NONE', *, *, #2801, .F. ) ;
#4969 = DIRECTION ( 'NONE',  ( -0.000000000000000000, 1.000000000000000000, -0.000000000000000000 ) ) ;
#4970 = AXIS2_PLACEMENT_3D ( 'NONE', #462, #4048, #2493 ) ;
#4971 = ADVANCED_FACE ( 'NONE', ( #4868 ), #3638, .F. ) ;
#4972 = ORIENTED_EDGE ( 'NONE', *, *, #1954, .T. ) ;
#4973 = EDGE_CURVE ( 'NONE', #1628, #4555, #2619, .T. ) ;
#4974 = LINE ( 'NONE', #4164, #496 ) ;
#4975 = ORIENTED_EDGE ( 'NONE', *, *, #3986, .T. ) ;
#4976 = VECTOR ( 'NONE', #403, 1000.000000000000000 ) ;
#4977 = DIRECTION ( 'NONE',  ( 0.000000000000000000, 0.000000000000000000, 1.000000000000000000 ) ) ;
#4978 = DIRECTION ( 'NONE',  ( 0.000000000000000000, 0.000000000000000000, 1.000000000000000000 ) ) ;
#4979 = EDGE_CURVE ( 'NONE', #971, #2973, #4099, .T. ) ;
#4980 = VECTOR ( 'NONE', #504, 1000.000000000000000 ) ;
#4981 = FACE_BOUND ( 'NONE', #2099, .T. ) ;
#4982 = ORIENTED_EDGE ( 'NONE', *, *, #654, .T. ) ;
#4983 = ORIENTED_EDGE ( 'NONE', *, *, #4077, .F. ) ;
#4984 = CARTESIAN_POINT ( 'NONE',  ( 165.5250000000001194, 4.549999999999997158, 61.54999999999999716 ) ) ;
#4985 = VECTOR ( 'NONE', #1122, 1000.000000000000000 ) ;
#4986 = FACE_OUTER_BOUND ( 'NONE', #4453, .T. ) ;
#4987 = CYLINDRICAL_SURFACE ( 'NONE', #3394, 1.700000000000007061 ) ;
#4988 = DIRECTION ( 'NONE',  ( 0.000000000000000000, 1.000000000000000000, 0.000000000000000000 ) ) ;
#4989 = LINE ( 'NONE', #1490, #1758 ) ;
#4990 = DIRECTION ( 'NONE',  ( 0.000000000000000000, 0.000000000000000000, 1.000000000000000000 ) ) ;
#4991 = LINE ( 'NONE', #2215, #513 ) ;
#4992 = ORIENTED_EDGE ( 'NONE', *, *, #2265, .F. ) ;
#4993 = ORIENTED_EDGE ( 'NONE', *, *, #4732, .F. ) ;
#4994 = CARTESIAN_POINT ( 'NONE',  ( -174.4749999999999659, 4.549999999999997158, -2.775557561562891351E-14 ) ) ;
#4995 = VECTOR ( 'NONE', #1759, 1000.000000000000000 ) ;
#4996 = EDGE_CURVE ( 'NONE', #832, #3478, #1021, .T. ) ;
#4997 = ORIENTED_EDGE ( 'NONE', *, *, #598, .T. ) ;
#4998 = DIRECTION ( 'NONE',  ( -0.000000000000000000, 1.000000000000000000, -0.000000000000000000 ) ) ;
#4999 = EDGE_LOOP ( 'NONE', ( #114, #5052, #977, #1665 ) ) ;
#5000 = DIRECTION ( 'NONE',  ( -0.000000000000000000, 1.000000000000000000, -0.000000000000000000 ) ) ;
#5001 = VECTOR ( 'NONE', #1683, 1000.000000000000000 ) ;
#5002 = DIRECTION ( 'NONE',  ( 0.000000000000000000, 1.000000000000000000, 0.000000000000000000 ) ) ;
#5003 = ORIENTED_EDGE ( 'NONE', *, *, #3353, .F. ) ;
#5004 = ORIENTED_EDGE ( 'NONE', *, *, #917, .F. ) ;
#5005 = FACE_OUTER_BOUND ( 'NONE', #4564, .T. ) ;
#5006 = CIRCLE ( 'NONE', #192, 1.700000000000007061 ) ;
#5007 = CARTESIAN_POINT ( 'NONE',  ( 202.8250000000000739, 0.000000000000000000, 50.39999999999998437 ) ) ;
#5008 = DIRECTION ( 'NONE',  ( -0.000000000000000000, 1.000000000000000000, -0.000000000000000000 ) ) ;
#5009 = DIRECTION ( 'NONE',  ( 0.000000000000000000, 0.000000000000000000, 1.000000000000000000 ) ) ;
#5010 = VECTOR ( 'NONE', #1967, 1000.000000000000000 ) ;
#5011 = CARTESIAN_POINT ( 'NONE',  ( 202.8250000000000739, 6.000000000000000000, 11.19999999999996732 ) ) ;
#5012 = AXIS2_PLACEMENT_3D ( 'NONE', #1255, #538, #4712 ) ;
#5013 = DIRECTION ( 'NONE',  ( -0.000000000000000000, 1.000000000000000000, -0.000000000000000000 ) ) ;
#5014 = CIRCLE ( 'NONE', #777, 1.700000000000007061 ) ;
#5015 = CARTESIAN_POINT ( 'NONE',  ( -244.4749999999999943, 6.000000000000000000, -63.99999999999997158 ) ) ;
#5016 = FACE_OUTER_BOUND ( 'NONE', #1398, .T. ) ;
#5017 = ORIENTED_EDGE ( 'NONE', *, *, #4287, .F. ) ;
#5018 = VERTEX_POINT ( 'NONE', #4841 ) ;
#5019 = DIRECTION ( 'NONE',  ( -0.000000000000000000, 1.000000000000000000, -0.000000000000000000 ) ) ;
#5020 = VECTOR ( 'NONE', #663, 1000.000000000000000 ) ;
#5021 = VERTEX_POINT ( 'NONE', #668 ) ;
#5022 = DIRECTION ( 'NONE',  ( -0.000000000000000000, 1.000000000000000000, -0.000000000000000000 ) ) ;
#5023 = ORIENTED_EDGE ( 'NONE', *, *, #3325, .F. ) ;
#5024 = DIRECTION ( 'NONE',  ( -0.000000000000000000, 1.000000000000000000, -0.000000000000000000 ) ) ;
#5025 = AXIS2_PLACEMENT_3D ( 'NONE', #3265, #2111, #4358 ) ;
#5026 = EDGE_CURVE ( 'NONE', #3251, #3775, #1338, .T. ) ;
#5027 = EDGE_CURVE ( 'NONE', #3326, #3859, #4209, .T. ) ;
#5028 = CARTESIAN_POINT ( 'NONE',  ( -4.474999999999888622, 6.000000000000000000, 58.15000000000001279 ) ) ;
#5029 = ORIENTED_EDGE ( 'NONE', *, *, #756, .F. ) ;
#5030 = ORIENTED_EDGE ( 'NONE', *, *, #2483, .T. ) ;
#5031 = FACE_OUTER_BOUND ( 'NONE', #4835, .T. ) ;
#5032 = DIRECTION ( 'NONE',  ( -0.000000000000000000, 1.000000000000000000, -0.000000000000000000 ) ) ;
#5033 = EDGE_CURVE ( 'NONE', #1691, #5018, #3474, .T. ) ;
#5034 = DIRECTION ( 'NONE',  ( 0.000000000000000000, 0.000000000000000000, 1.000000000000000000 ) ) ;
#5035 = ORIENTED_EDGE ( 'NONE', *, *, #2950, .T. ) ;
#5036 = CARTESIAN_POINT ( 'NONE',  ( -203.6750000000000114, 4.549999999999997158, 30.80000000000002913 ) ) ;
#5037 = EDGE_CURVE ( 'NONE', #938, #2533, #1004, .T. ) ;
#5038 = EDGE_CURVE ( 'NONE', #4526, #3471, #2008, .T. ) ;
#5039 = COLOUR_RGB ( '',0.7921568627450980005, 0.8196078431372548767, 0.9333333333333333481 ) ;
#5040 = CARTESIAN_POINT ( 'NONE',  ( -203.6750000000000114, 6.000000000000000000, 30.80000000000002913 ) ) ;
#5041 = DIRECTION ( 'NONE',  ( -0.000000000000000000, 1.000000000000000000, -0.000000000000000000 ) ) ;
#5042 = CYLINDRICAL_SURFACE ( 'NONE', #1491, 1.700000000000007061 ) ;
#5043 = VERTEX_POINT ( 'NONE', #3359 ) ;
#5044 = ORIENTED_EDGE ( 'NONE', *, *, #3264, .T. ) ;
#5045 = DIRECTION ( 'NONE',  ( -0.000000000000000000, 1.000000000000000000, -0.000000000000000000 ) ) ;
#5046 = CARTESIAN_POINT ( 'NONE',  ( -4.474999999999944578, 6.000000000000000000, 27.64999999999998792 ) ) ;
#5047 = ORIENTED_EDGE ( 'NONE', *, *, #4814, .F. ) ;
#5048 = CARTESIAN_POINT ( 'NONE',  ( -239.4749999999999943, 0.000000000000000000, 56.75000000000002842 ) ) ;
#5049 = VERTEX_POINT ( 'NONE', #3741 ) ;
#5050 = DIRECTION ( 'NONE',  ( 0.000000000000000000, 0.000000000000000000, 1.000000000000000000 ) ) ;
#5051 = CIRCLE ( 'NONE', #1717, 1.700000000000000178 ) ;
#5052 = ORIENTED_EDGE ( 'NONE', *, *, #2286, .T. ) ;
#5053 = ORIENTED_EDGE ( 'NONE', *, *, #4456, .T. ) ;
#5054 = CIRCLE ( 'NONE', #2285, 3.150000000000013678 ) ;
#5055 = CARTESIAN_POINT ( 'NONE',  ( -174.4749999999999659, 6.000000000000000000, -2.775557561562891351E-14 ) ) ;
#5056 = VECTOR ( 'NONE', #1327, 1000.000000000000000 ) ;
ENDSEC;
END-ISO-10303-21;
