ISO-10303-21;
HEADER;
FILE_DESCRIPTION (( 'STEP AP214' ),
    '1' );
FILE_NAME ('COLD-CARRIER-COVER-MOUNT_v001.STEP',
    '2025-12-22T20:33:45',
    ( '' ),
    ( '' ),
    'SwSTEP 2.0',
    'SolidWorks 2023',
    '' );
FILE_SCHEMA (( 'AUTOMOTIVE_DESIGN' ));
ENDSEC;

DATA;
#1 = VECTOR ( 'NONE', #2229, 1000.000000000000000 ) ;
#2 = AXIS2_PLACEMENT_3D ( 'NONE', #433, #2218, #249 ) ;
#3 = ORIENTED_EDGE ( 'NONE', *, *, #853, .F. ) ;
#4 = CARTESIAN_POINT ( 'NONE',  ( -186.9749999999999943, 5.000000000000000000, -18.00000000000000000 ) ) ;
#5 = ORIENTED_EDGE ( 'NONE', *, *, #914, .T. ) ;
#6 = CARTESIAN_POINT ( 'NONE',  ( -239.4750000000000227, 0.000000000000000000, -61.24999999999997158 ) ) ;
#7 = VERTEX_POINT ( 'NONE', #1331 ) ;
#8 = CARTESIAN_POINT ( 'NONE',  ( -239.4750000000000227, 5.000000000000000000, -58.99999999999997158 ) ) ;
#9 = CARTESIAN_POINT ( 'NONE',  ( 91.02500000000001990, 0.000000000000000000, 20.24999999999999645 ) ) ;
#10 = CIRCLE ( 'NONE', #1929, 2.249999999999998668 ) ;
#11 = VERTEX_POINT ( 'NONE', #1899 ) ;
#12 = VERTEX_POINT ( 'NONE', #1343 ) ;
#13 = EDGE_CURVE ( 'NONE', #2220, #1313, #1005, .T. ) ;
#14 = VERTEX_POINT ( 'NONE', #1365 ) ;
#15 = CARTESIAN_POINT ( 'NONE',  ( -239.4750000000000227, 5.000000000000000000, -56.74999999999996447 ) ) ;
#16 = EDGE_CURVE ( 'NONE', #1417, #1954, #105, .T. ) ;
#17 = EDGE_CURVE ( 'NONE', #1440, #347, #340, .T. ) ;
#18 = DIRECTION ( 'NONE',  ( 0.000000000000000000, 0.000000000000000000, 1.000000000000000000 ) ) ;
#19 = ORIENTED_EDGE ( 'NONE', *, *, #2310, .T. ) ;
#20 = CARTESIAN_POINT ( 'NONE',  ( 101.0250000000000341, 5.000000000000000000, -15.75000000000000000 ) ) ;
#21 = EDGE_CURVE ( 'NONE', #175, #2157, #271, .T. ) ;
#22 = ORIENTED_EDGE ( 'NONE', *, *, #2103, .F. ) ;
#23 = CYLINDRICAL_SURFACE ( 'NONE', #261, 2.500000000000002220 ) ;
#24 = DIRECTION ( 'NONE',  ( -0.000000000000000000, 1.000000000000000000, -0.000000000000000000 ) ) ;
#25 = ORIENTED_EDGE ( 'NONE', *, *, #2332, .T. ) ;
#26 = DIRECTION ( 'NONE',  ( -0.000000000000000000, 1.000000000000000000, -0.000000000000000000 ) ) ;
#27 = VECTOR ( 'NONE', #2097, 1000.000000000000000 ) ;
#28 = EDGE_CURVE ( 'NONE', #1828, #2333, #2088, .T. ) ;
#29 = DIRECTION ( 'NONE',  ( 0.000000000000000000, -0.000000000000000000, -1.000000000000000000 ) ) ;
#30 = VERTEX_POINT ( 'NONE', #1008 ) ;
#31 = CARTESIAN_POINT ( 'NONE',  ( -100.9750000000000085, 0.000000000000000000, -20.24999999999999645 ) ) ;
#32 = AXIS2_PLACEMENT_3D ( 'NONE', #1184, #430, #1151 ) ;
#33 = EDGE_LOOP ( 'NONE', ( #2008, #991, #1081, #2331 ) ) ;
#34 = FACE_OUTER_BOUND ( 'NONE', #1952, .T. ) ;
#35 = CARTESIAN_POINT ( 'NONE',  ( -244.4749999999999943, 5.000000000000000000, -61.49999999999997158 ) ) ;
#36 = ORIENTED_EDGE ( 'NONE', *, *, #742, .T. ) ;
#37 = CARTESIAN_POINT ( 'NONE',  ( 241.9749999999999943, 5.000000000000000000, 61.50000000000002842 ) ) ;
#38 = ORIENTED_EDGE ( 'NONE', *, *, #228, .F. ) ;
#39 = PRODUCT_DEFINITION_FORMATION_WITH_SPECIFIED_SOURCE ( 'ANY', '', #146, .NOT_KNOWN. ) ;
#40 = AXIS2_PLACEMENT_3D ( 'NONE', #220, #1905, #96 ) ;
#41 = CARTESIAN_POINT ( 'NONE',  ( 91.02500000000001990, 0.000000000000000000, -20.24999999999999645 ) ) ;
#42 = CARTESIAN_POINT ( 'NONE',  ( -4.975000000000006750, 0.000000000000000000, 15.75000000000000000 ) ) ;
#43 = DIRECTION ( 'NONE',  ( 0.000000000000000000, -0.000000000000000000, 1.000000000000000000 ) ) ;
#44 = CARTESIAN_POINT ( 'NONE',  ( -239.4750000000000227, 5.000000000000000000, -61.24999999999997158 ) ) ;
#45 = DIRECTION ( 'NONE',  ( 0.000000000000000000, -1.000000000000000000, 0.000000000000000000 ) ) ;
#46 = VECTOR ( 'NONE', #1596, 1000.000000000000000 ) ;
#47 = VECTOR ( 'NONE', #2270, 1000.000000000000000 ) ;
#48 = ADVANCED_FACE ( 'NONE', ( #122 ), #2239, .F. ) ;
#49 = CARTESIAN_POINT ( 'NONE',  ( -4.975000000000006750, 0.000000000000000000, -15.75000000000000000 ) ) ;
#50 = EDGE_LOOP ( 'NONE', ( #1388, #2026, #606, #1088 ) ) ;
#51 = AXIS2_PLACEMENT_3D ( 'NONE', #419, #2087, #2062 ) ;
#52 = DIRECTION ( 'NONE',  ( 1.000000000000000000, 0.000000000000000000, 0.000000000000000000 ) ) ;
#53 = DIRECTION ( 'NONE',  ( 0.000000000000000000, 0.000000000000000000, 1.000000000000000000 ) ) ;
#54 = DIRECTION ( 'NONE',  ( -1.000000000000000000, -0.000000000000000000, -0.000000000000000000 ) ) ;
#55 = VERTEX_POINT ( 'NONE', #641 ) ;
#56 = FACE_BOUND ( 'NONE', #353, .T. ) ;
#57 = DIRECTION ( 'NONE',  ( 0.000000000000000000, 1.000000000000000000, 0.000000000000000000 ) ) ;
#58 = ADVANCED_FACE ( 'NONE', ( #1989 ), #729, .F. ) ;
#59 = FACE_OUTER_BOUND ( 'NONE', #50, .T. ) ;
#60 = EDGE_LOOP ( 'NONE', ( #1002, #1049, #395, #978 ) ) ;
#61 = CIRCLE ( 'NONE', #1903, 2.250000000000001776 ) ;
#62 = CYLINDRICAL_SURFACE ( 'NONE', #1570, 3.999999999999996447 ) ;
#63 = CARTESIAN_POINT ( 'NONE',  ( -239.4750000000000227, 5.000000000000000000, -58.99999999999997158 ) ) ;
#64 = DIRECTION ( 'NONE',  ( -0.000000000000000000, 1.000000000000000000, -0.000000000000000000 ) ) ;
#65 = LINE ( 'NONE', #758, #2110 ) ;
#66 = AXIS2_PLACEMENT_3D ( 'NONE', #196, #1967, #2151 ) ;
#67 = LINE ( 'NONE', #775, #2032 ) ;
#68 = DIRECTION ( 'NONE',  ( 0.000000000000000000, 0.000000000000000000, 1.000000000000000000 ) ) ;
#69 = ORIENTED_EDGE ( 'NONE', *, *, #1545, .T. ) ;
#70 = AXIS2_PLACEMENT_3D ( 'NONE', #1097, #2329, #1827 ) ;
#71 = DIRECTION ( 'NONE',  ( -0.000000000000000000, 0.000000000000000000, 1.000000000000000000 ) ) ;
#72 = FACE_OUTER_BOUND ( 'NONE', #416, .T. ) ;
#73 = FACE_BOUND ( 'NONE', #2174, .T. ) ;
#74 = CIRCLE ( 'NONE', #1281, 2.500000000000002220 ) ;
#75 = CARTESIAN_POINT ( 'NONE',  ( -4.975000000000006750, 0.000000000000000000, 15.75000000000000000 ) ) ;
#76 =( NAMED_UNIT ( * ) PLANE_ANGLE_UNIT ( ) SI_UNIT ( $, .RADIAN. ) );
#77 = DIRECTION ( 'NONE',  ( 0.000000000000000000, 0.000000000000000000, 1.000000000000000000 ) ) ;
#78 = ORIENTED_EDGE ( 'NONE', *, *, #16, .F. ) ;
#79 = CIRCLE ( 'NONE', #1286, 2.249999999999998668 ) ;
#80 = ADVANCED_FACE ( 'NONE', ( #586 ), #1469, .F. ) ;
#81 = LINE ( 'NONE', #278, #1611 ) ;
#82 = VECTOR ( 'NONE', #1435, 1000.000000000000000 ) ;
#83 = EDGE_CURVE ( 'NONE', #1975, #1676, #1128, .T. ) ;
#84 = FACE_OUTER_BOUND ( 'NONE', #445, .T. ) ;
#85 = DIRECTION ( 'NONE',  ( 0.000000000000000000, 0.000000000000000000, 1.000000000000000000 ) ) ;
#86 = LINE ( 'NONE', #845, #186 ) ;
#87 = ADVANCED_FACE ( 'NONE', ( #756 ), #399, .F. ) ;
#88 = LINE ( 'NONE', #799, #1158 ) ;
#89 = VECTOR ( 'NONE', #1701, 1000.000000000000000 ) ;
#90 = FACE_OUTER_BOUND ( 'NONE', #2215, .T. ) ;
#91 = ORIENTED_EDGE ( 'NONE', *, *, #28, .F. ) ;
#92 = CARTESIAN_POINT ( 'NONE',  ( 101.0250000000000341, 5.000000000000000000, -20.24999999999999645 ) ) ;
#93 = DIRECTION ( 'NONE',  ( 0.000000000000000000, 1.000000000000000000, 0.000000000000000000 ) ) ;
#94 = DIRECTION ( 'NONE',  ( -0.000000000000000000, 1.000000000000000000, -0.000000000000000000 ) ) ;
#95 = SHAPE_DEFINITION_REPRESENTATION ( #2126, #721 ) ;
#96 = DIRECTION ( 'NONE',  ( 0.000000000000000000, 0.000000000000000000, 1.000000000000000000 ) ) ;
#97 = ORIENTED_EDGE ( 'NONE', *, *, #219, .F. ) ;
#98 = VERTEX_POINT ( 'NONE', #1481 ) ;
#99 = VECTOR ( 'NONE', #1455, 1000.000000000000000 ) ;
#100 = DIRECTION ( 'NONE',  ( 0.000000000000000000, 0.000000000000000000, 1.000000000000000000 ) ) ;
#101 = EDGE_LOOP ( 'NONE', ( #1558, #1768 ) ) ;
#102 = CIRCLE ( 'NONE', #848, 2.250000000000001776 ) ;
#103 = ORIENTED_EDGE ( 'NONE', *, *, #2330, .F. ) ;
#104 = CARTESIAN_POINT ( 'NONE',  ( 187.0250000000000341, 5.000000000000000000, -20.24999999999999645 ) ) ;
#105 = LINE ( 'NONE', #2049, #47 ) ;
#106 = CARTESIAN_POINT ( 'NONE',  ( -100.9750000000000085, 0.000000000000000000, -15.75000000000000000 ) ) ;
#107 = CARTESIAN_POINT ( 'NONE',  ( 244.4749999999999943, 0.000000000000000000, -63.99999999999997158 ) ) ;
#108 = DIRECTION ( 'NONE',  ( -0.000000000000000000, 1.000000000000000000, -0.000000000000000000 ) ) ;
#109 = CIRCLE ( 'NONE', #968, 2.249999999999998668 ) ;
#110 = ADVANCED_FACE ( 'NONE', ( #1092, #2178 ), #1821, .F. ) ;
#111 = FACE_OUTER_BOUND ( 'NONE', #628, .T. ) ;
#112 = CIRCLE ( 'NONE', #2265, 3.999999999999996447 ) ;
#113 = ORIENTED_EDGE ( 'NONE', *, *, #812, .T. ) ;
#114 = FACE_OUTER_BOUND ( 'NONE', #2187, .T. ) ;
#115 = EDGE_CURVE ( 'NONE', #2015, #1099, #1490, .T. ) ;
#116 = EDGE_LOOP ( 'NONE', ( #546, #1598, #538, #1294 ) ) ;
#117 = EDGE_CURVE ( 'NONE', #850, #1941, #989, .T. ) ;
#118 = DIRECTION ( 'NONE',  ( 1.000000000000000000, 0.000000000000000000, 0.000000000000000000 ) ) ;
#119 = CIRCLE ( 'NONE', #865, 2.249999999999998668 ) ;
#120 = CARTESIAN_POINT ( 'NONE',  ( 239.4750000000000227, 1.000000000000000000, 59.00000000000002842 ) ) ;
#121 = DIRECTION ( 'NONE',  ( 0.000000000000000000, -1.000000000000000000, 0.000000000000000000 ) ) ;
#122 = FACE_OUTER_BOUND ( 'NONE', #858, .T. ) ;
#123 = DIRECTION ( 'NONE',  ( -0.000000000000000000, 1.000000000000000000, -0.000000000000000000 ) ) ;
#124 = CARTESIAN_POINT ( 'NONE',  ( -4.975000000000006750, 5.000000000000000000, 15.75000000000000000 ) ) ;
#125 = EDGE_LOOP ( 'NONE', ( #535, #436, #344, #2289 ) ) ;
#126 = ORIENTED_EDGE ( 'NONE', *, *, #2283, .F. ) ;
#127 = CARTESIAN_POINT ( 'NONE',  ( -100.9750000000000085, 5.000000000000000000, 18.00000000000000000 ) ) ;
#128 = EDGE_CURVE ( 'NONE', #2179, #2128, #1855, .T. ) ;
#129 = VERTEX_POINT ( 'NONE', #418 ) ;
#130 = CARTESIAN_POINT ( 'NONE',  ( -4.975000000000006750, 0.000000000000000000, 15.75000000000000000 ) ) ;
#131 = FACE_OUTER_BOUND ( 'NONE', #1672, .T. ) ;
#132 = DIRECTION ( 'NONE',  ( 0.000000000000000000, 0.000000000000000000, 1.000000000000000000 ) ) ;
#133 = DIRECTION ( 'NONE',  ( -0.000000000000000000, 0.000000000000000000, 1.000000000000000000 ) ) ;
#134 = ORIENTED_EDGE ( 'NONE', *, *, #620, .F. ) ;
#135 = FACE_OUTER_BOUND ( 'NONE', #2169, .T. ) ;
#136 = ORIENTED_EDGE ( 'NONE', *, *, #162, .T. ) ;
#137 = AXIS2_PLACEMENT_3D ( 'NONE', #181, #705, #1825 ) ;
#138 = EDGE_CURVE ( 'NONE', #454, #1605, #1177, .T. ) ;
#139 = ORIENTED_EDGE ( 'NONE', *, *, #2182, .T. ) ;
#140 = AXIS2_PLACEMENT_3D ( 'NONE', #2130, #1797, #1059 ) ;
#141 = EDGE_LOOP ( 'NONE', ( #2095, #785, #1493, #164 ) ) ;
#142 = DIRECTION ( 'NONE',  ( 0.000000000000000000, 1.000000000000000000, 0.000000000000000000 ) ) ;
#143 = DIRECTION ( 'NONE',  ( -0.000000000000000000, 1.000000000000000000, -0.000000000000000000 ) ) ;
#144 = CIRCLE ( 'NONE', #469, 2.250000000000001776 ) ;
#145 = EDGE_CURVE ( 'NONE', #1279, #563, #1115, .T. ) ;
#146 = PRODUCT ( 'COLD-CARRIER-COVER-MOUNT_v001', 'COLD-CARRIER-COVER-MOUNT_v001', '', ( #281 ) ) ;
#147 = DIRECTION ( 'NONE',  ( -0.000000000000000000, 1.000000000000000000, -0.000000000000000000 ) ) ;
#148 = EDGE_LOOP ( 'NONE', ( #317, #149, #672, #640 ) ) ;
#149 = ORIENTED_EDGE ( 'NONE', *, *, #327, .F. ) ;
#150 = CIRCLE ( 'NONE', #1124, 2.249999999999998668 ) ;
#151 = LINE ( 'NONE', #1014, #1273 ) ;
#152 = EDGE_CURVE ( 'NONE', #1831, #406, #1374, .T. ) ;
#153 = ORIENTED_EDGE ( 'NONE', *, *, #397, .T. ) ;
#154 = CARTESIAN_POINT ( 'NONE',  ( 197.0250000000000341, 0.000000000000000000, -15.75000000000000000 ) ) ;
#155 = CARTESIAN_POINT ( 'NONE',  ( -239.4750000000000227, 1.000000000000000000, -58.99999999999997158 ) ) ;
#156 = CIRCLE ( 'NONE', #480, 2.249999999999998668 ) ;
#157 = ADVANCED_FACE ( 'NONE', ( #376 ), #226, .F. ) ;
#158 = EDGE_LOOP ( 'NONE', ( #647, #1943, #1717, #668, #1606, #1748, #2171, #876 ) ) ;
#159 = LINE ( 'NONE', #193, #2064 ) ;
#160 = ORIENTED_EDGE ( 'NONE', *, *, #488, .F. ) ;
#161 = DIRECTION ( 'NONE',  ( 0.000000000000000000, 0.000000000000000000, 1.000000000000000000 ) ) ;
#162 = EDGE_CURVE ( 'NONE', #2256, #1617, #939, .T. ) ;
#163 = DIRECTION ( 'NONE',  ( 0.000000000000000000, 0.000000000000000000, 1.000000000000000000 ) ) ;
#164 = ORIENTED_EDGE ( 'NONE', *, *, #840, .T. ) ;
#165 = EDGE_LOOP ( 'NONE', ( #933, #1047, #477, #232 ) ) ;
#166 = EDGE_LOOP ( 'NONE', ( #1958, #2276 ) ) ;
#167 = DIRECTION ( 'NONE',  ( 0.000000000000000000, 0.000000000000000000, 1.000000000000000000 ) ) ;
#168 = DIRECTION ( 'NONE',  ( 0.000000000000000000, 1.000000000000000000, 0.000000000000000000 ) ) ;
#169 = VERTEX_POINT ( 'NONE', #1637 ) ;
#170 = CARTESIAN_POINT ( 'NONE',  ( -186.9749999999999943, 0.000000000000000000, -15.75000000000000000 ) ) ;
#171 = VERTEX_POINT ( 'NONE', #770 ) ;
#172 = CARTESIAN_POINT ( 'NONE',  ( 91.02500000000001990, 5.000000000000000000, 15.75000000000000000 ) ) ;
#173 = LINE ( 'NONE', #370, #1192 ) ;
#174 = AXIS2_PLACEMENT_3D ( 'NONE', #291, #71, #1197 ) ;
#175 = VERTEX_POINT ( 'NONE', #2224 ) ;
#176 = DIRECTION ( 'NONE',  ( -0.000000000000000000, 1.000000000000000000, -0.000000000000000000 ) ) ;
#177 = CIRCLE ( 'NONE', #542, 2.249999999999998668 ) ;
#178 = ORIENTED_EDGE ( 'NONE', *, *, #1517, .T. ) ;
#179 = DIRECTION ( 'NONE',  ( -0.000000000000000000, 1.000000000000000000, -0.000000000000000000 ) ) ;
#180 = EDGE_LOOP ( 'NONE', ( #231, #866, #1210, #1972 ) ) ;
#181 = CARTESIAN_POINT ( 'NONE',  ( -239.4750000000000227, 1.000000000000000000, -58.99999999999997158 ) ) ;
#182 = EDGE_CURVE ( 'NONE', #935, #11, #61, .T. ) ;
#183 = CARTESIAN_POINT ( 'NONE',  ( -4.975000000000006750, 0.000000000000000000, -15.75000000000000000 ) ) ;
#184 = VERTEX_POINT ( 'NONE', #723 ) ;
#185 = EDGE_CURVE ( 'NONE', #1224, #1440, #1993, .T. ) ;
#186 = VECTOR ( 'NONE', #123, 1000.000000000000000 ) ;
#187 = ORIENTED_EDGE ( 'NONE', *, *, #1833, .T. ) ;
#188 = MECHANICAL_DESIGN_GEOMETRIC_PRESENTATION_REPRESENTATION (  '', ( #820 ), #856 ) ;
#189 = ADVANCED_FACE ( 'NONE', ( #948 ), #1679, .F. ) ;
#190 = EDGE_CURVE ( 'NONE', #192, #175, #1329, .T. ) ;
#191 = FACE_OUTER_BOUND ( 'NONE', #33, .T. ) ;
#192 = VERTEX_POINT ( 'NONE', #994 ) ;
#193 = CARTESIAN_POINT ( 'NONE',  ( 101.0250000000000341, 0.000000000000000000, -15.75000000000000000 ) ) ;
#194 = AXIS2_PLACEMENT_3D ( 'NONE', #234, #1675, #1318 ) ;
#195 = ORIENTED_EDGE ( 'NONE', *, *, #182, .F. ) ;
#196 = CARTESIAN_POINT ( 'NONE',  ( -241.9749999999999943, 0.000000000000000000, -61.49999999999997158 ) ) ;
#197 = CARTESIAN_POINT ( 'NONE',  ( -196.9750000000000227, 0.000000000000000000, -20.24999999999999645 ) ) ;
#198 = VECTOR ( 'NONE', #534, 1000.000000000000000 ) ;
#199 = ORIENTED_EDGE ( 'NONE', *, *, #1716, .F. ) ;
#200 = EDGE_CURVE ( 'NONE', #2038, #1417, #490, .T. ) ;
#201 = DIRECTION ( 'NONE',  ( -0.000000000000000000, 1.000000000000000000, -0.000000000000000000 ) ) ;
#202 = AXIS2_PLACEMENT_3D ( 'NONE', #120, #1560, #1162 ) ;
#203 = DIRECTION ( 'NONE',  ( -0.000000000000000000, 0.000000000000000000, 1.000000000000000000 ) ) ;
#204 = EDGE_LOOP ( 'NONE', ( #136, #103, #1587, #1982 ) ) ;
#205 = FACE_BOUND ( 'NONE', #1019, .T. ) ;
#206 = DIRECTION ( 'NONE',  ( -0.000000000000000000, 1.000000000000000000, -0.000000000000000000 ) ) ;
#207 = CARTESIAN_POINT ( 'NONE',  ( 241.9749999999999943, 5.000000000000000000, -63.99999999999997158 ) ) ;
#208 = CARTESIAN_POINT ( 'NONE',  ( -186.9749999999999943, 5.000000000000000000, -20.24999999999999645 ) ) ;
#209 = EDGE_LOOP ( 'NONE', ( #1994, #497 ) ) ;
#210 = EDGE_CURVE ( 'NONE', #1052, #1313, #1522, .T. ) ;
#211 = DIRECTION ( 'NONE',  ( -1.000000000000000000, 0.000000000000000000, -0.000000000000000000 ) ) ;
#212 = VECTOR ( 'NONE', #1160, 1000.000000000000000 ) ;
#213 = DIRECTION ( 'NONE',  ( 0.000000000000000000, -1.000000000000000000, 0.000000000000000000 ) ) ;
#214 = CARTESIAN_POINT ( 'NONE',  ( -239.4750000000000227, 5.000000000000000000, -54.99999999999996447 ) ) ;
#215 = VECTOR ( 'NONE', #2337, 1000.000000000000000 ) ;
#216 = ADVANCED_FACE ( 'NONE', ( #2246 ), #1525, .F. ) ;
#217 = VERTEX_POINT ( 'NONE', #2061 ) ;
#218 = CARTESIAN_POINT ( 'NONE',  ( -241.9749999999999943, 5.000000000000000000, 64.00000000000002842 ) ) ;
#219 = EDGE_CURVE ( 'NONE', #319, #1796, #1826, .T. ) ;
#220 = CARTESIAN_POINT ( 'NONE',  ( -239.4750000000000227, 5.000000000000000000, -58.99999999999997158 ) ) ;
#221 = ORIENTED_EDGE ( 'NONE', *, *, #1833, .F. ) ;
#222 = PLANE ( 'NONE',  #339 ) ;
#223 = EDGE_LOOP ( 'NONE', ( #2232, #1644, #288, #91 ) ) ;
#224 = PRESENTATION_LAYER_ASSIGNMENT (  '', '', ( #820 ) ) ;
#225 = CARTESIAN_POINT ( 'NONE',  ( -186.9749999999999943, 0.000000000000000000, -20.24999999999999645 ) ) ;
#226 = PLANE ( 'NONE',  #570 ) ;
#227 = DIRECTION ( 'NONE',  ( 0.000000000000000000, 0.000000000000000000, 1.000000000000000000 ) ) ;
#228 = EDGE_CURVE ( 'NONE', #852, #1175, #450, .T. ) ;
#229 = ORIENTED_EDGE ( 'NONE', *, *, #2286, .T. ) ;
#230 = FACE_BOUND ( 'NONE', #180, .T. ) ;
#231 = ORIENTED_EDGE ( 'NONE', *, *, #1857, .T. ) ;
#232 = ORIENTED_EDGE ( 'NONE', *, *, #1590, .T. ) ;
#233 = AXIS2_PLACEMENT_3D ( 'NONE', #49, #2056, #2207 ) ;
#234 = CARTESIAN_POINT ( 'NONE',  ( -196.9750000000000227, 0.000000000000000000, 18.00000000000000000 ) ) ;
#235 = ORIENTED_EDGE ( 'NONE', *, *, #2000, .T. ) ;
#236 = CARTESIAN_POINT ( 'NONE',  ( 187.0250000000000341, 5.000000000000000000, 20.24999999999999645 ) ) ;
#237 = CARTESIAN_POINT ( 'NONE',  ( 239.4749999999999943, 0.000000000000000000, -59.00000000000002842 ) ) ;
#238 = CARTESIAN_POINT ( 'NONE',  ( 187.0250000000000341, 5.000000000000000000, -15.75000000000000000 ) ) ;
#239 = ORIENTED_EDGE ( 'NONE', *, *, #1193, .F. ) ;
#240 = LINE ( 'NONE', #950, #296 ) ;
#241 = DIRECTION ( 'NONE',  ( 0.000000000000000000, 1.000000000000000000, 0.000000000000000000 ) ) ;
#242 = CYLINDRICAL_SURFACE ( 'NONE', #1668, 2.249999999999998668 ) ;
#243 = ORIENTED_EDGE ( 'NONE', *, *, #355, .T. ) ;
#244 = FACE_OUTER_BOUND ( 'NONE', #2260, .T. ) ;
#245 = DIRECTION ( 'NONE',  ( -0.000000000000000000, 1.000000000000000000, -0.000000000000000000 ) ) ;
#246 = DIRECTION ( 'NONE',  ( 0.000000000000000000, -0.000000000000000000, -1.000000000000000000 ) ) ;
#247 = FACE_BOUND ( 'NONE', #2122, .T. ) ;
#248 = VECTOR ( 'NONE', #260, 1000.000000000000000 ) ;
#249 = DIRECTION ( 'NONE',  ( 0.000000000000000000, 0.000000000000000000, 1.000000000000000000 ) ) ;
#250 = ADVANCED_FACE ( 'NONE', ( #84 ), #1710, .T. ) ;
#251 = CARTESIAN_POINT ( 'NONE',  ( -90.97499999999999432, 0.000000000000000000, 18.00000000000000000 ) ) ;
#252 = ORIENTED_EDGE ( 'NONE', *, *, #2248, .F. ) ;
#253 = AXIS2_PLACEMENT_3D ( 'NONE', #2152, #24, #2165 ) ;
#254 = EDGE_CURVE ( 'NONE', #347, #1975, #2086, .T. ) ;
#255 = EDGE_LOOP ( 'NONE', ( #2020, #1588, #2160, #1753 ) ) ;
#256 = DIRECTION ( 'NONE',  ( 0.000000000000000000, 1.000000000000000000, 0.000000000000000000 ) ) ;
#257 = EDGE_CURVE ( 'NONE', #1373, #1052, #1171, .T. ) ;
#258 = AXIS2_PLACEMENT_3D ( 'NONE', #603, #1122, #751 ) ;
#259 = CARTESIAN_POINT ( 'NONE',  ( 187.0250000000000341, 0.000000000000000000, 18.00000000000000000 ) ) ;
#260 = DIRECTION ( 'NONE',  ( -0.000000000000000000, -0.000000000000000000, -1.000000000000000000 ) ) ;
#261 = AXIS2_PLACEMENT_3D ( 'NONE', #1629, #498, #1461 ) ;
#262 = CARTESIAN_POINT ( 'NONE',  ( 91.02500000000001990, 5.000000000000000000, -20.24999999999999645 ) ) ;
#263 = DIRECTION ( 'NONE',  ( -0.000000000000000000, 1.000000000000000000, -0.000000000000000000 ) ) ;
#264 = DIRECTION ( 'NONE',  ( -0.000000000000000000, 1.000000000000000000, -0.000000000000000000 ) ) ;
#265 = ORIENTED_EDGE ( 'NONE', *, *, #1719, .T. ) ;
#266 = VECTOR ( 'NONE', #1057, 1000.000000000000000 ) ;
#267 = DIRECTION ( 'NONE',  ( 0.000000000000000000, 1.000000000000000000, 0.000000000000000000 ) ) ;
#268 = EDGE_CURVE ( 'NONE', #2069, #2314, #806, .T. ) ;
#269 = CARTESIAN_POINT ( 'NONE',  ( 239.4750000000000227, 1.000000000000000000, 56.75000000000002842 ) ) ;
#270 = LINE ( 'NONE', #983, #1058 ) ;
#271 = LINE ( 'NONE', #784, #703 ) ;
#272 = DIRECTION ( 'NONE',  ( -0.000000000000000000, 1.000000000000000000, -0.000000000000000000 ) ) ;
#273 = DIRECTION ( 'NONE',  ( 0.000000000000000000, 0.000000000000000000, 1.000000000000000000 ) ) ;
#274 = ORIENTED_EDGE ( 'NONE', *, *, #1010, .F. ) ;
#275 = ORIENTED_EDGE ( 'NONE', *, *, #427, .F. ) ;
#276 = DIRECTION ( 'NONE',  ( 0.000000000000000000, 0.000000000000000000, 1.000000000000000000 ) ) ;
#277 = VERTEX_POINT ( 'NONE', #1692 ) ;
#278 = CARTESIAN_POINT ( 'NONE',  ( 91.02500000000001990, 5.000000000000000000, 15.75000000000000000 ) ) ;
#279 = DIRECTION ( 'NONE',  ( 0.000000000000000000, -1.000000000000000000, 0.000000000000000000 ) ) ;
#280 = FACE_OUTER_BOUND ( 'NONE', #1077, .T. ) ;
#281 = PRODUCT_CONTEXT ( 'NONE', #507, 'mechanical' ) ;
#282 = CARTESIAN_POINT ( 'NONE',  ( -239.4749999999999943, 5.000000000000000000, 59.00000000000014921 ) ) ;
#283 = EDGE_CURVE ( 'NONE', #2157, #2109, #2050, .T. ) ;
#284 = ORIENTED_EDGE ( 'NONE', *, *, #1871, .T. ) ;
#285 = ADVANCED_FACE ( 'NONE', ( #72 ), #1727, .F. ) ;
#286 = AXIS2_PLACEMENT_3D ( 'NONE', #1559, #1352, #634 ) ;
#287 = DIRECTION ( 'NONE',  ( 0.000000000000000000, 0.000000000000000000, 1.000000000000000000 ) ) ;
#288 = ORIENTED_EDGE ( 'NONE', *, *, #525, .F. ) ;
#289 = AXIS2_PLACEMENT_3D ( 'NONE', #1168, #1896, #276 ) ;
#290 = ORIENTED_EDGE ( 'NONE', *, *, #2103, .T. ) ;
#291 = CARTESIAN_POINT ( 'NONE',  ( -100.9750000000000085, 0.000000000000000000, 20.24999999999999645 ) ) ;
#292 = DIRECTION ( 'NONE',  ( -0.000000000000000000, 1.000000000000000000, -0.000000000000000000 ) ) ;
#293 = CARTESIAN_POINT ( 'NONE',  ( 239.4750000000000227, 5.000000000000000000, 59.00000000000002842 ) ) ;
#294 = DIRECTION ( 'NONE',  ( 1.000000000000000000, 0.000000000000000000, 0.000000000000000000 ) ) ;
#295 = DIRECTION ( 'NONE',  ( -0.000000000000000000, 1.000000000000000000, -0.000000000000000000 ) ) ;
#296 = VECTOR ( 'NONE', #773, 1000.000000000000000 ) ;
#297 = DIRECTION ( 'NONE',  ( 1.000000000000000000, 0.000000000000000000, 0.000000000000000000 ) ) ;
#298 = CIRCLE ( 'NONE', #743, 2.250000000000001776 ) ;
#299 = EDGE_CURVE ( 'NONE', #406, #2256, #782, .T. ) ;
#300 = DIRECTION ( 'NONE',  ( -0.000000000000000000, 1.000000000000000000, -0.000000000000000000 ) ) ;
#301 = CARTESIAN_POINT ( 'NONE',  ( 91.02500000000001990, 5.000000000000000000, 20.24999999999999645 ) ) ;
#302 = CARTESIAN_POINT ( 'NONE',  ( 5.025000000000002132, 5.000000000000000000, 18.00000000000000000 ) ) ;
#303 = VECTOR ( 'NONE', #906, 1000.000000000000000 ) ;
#304 = DIRECTION ( 'NONE',  ( 0.000000000000000000, 1.000000000000000000, 0.000000000000000000 ) ) ;
#305 = DIRECTION ( 'NONE',  ( 0.000000000000000000, 0.000000000000000000, -1.000000000000000000 ) ) ;
#306 = LINE ( 'NONE', #1539, #1317 ) ;
#307 = ORIENTED_EDGE ( 'NONE', *, *, #2156, .T. ) ;
#308 = ADVANCED_FACE ( 'NONE', ( #1512 ), #1911, .F. ) ;
#309 = CARTESIAN_POINT ( 'NONE',  ( 239.4749999999999943, 5.000000000000000000, -56.75000000000002842 ) ) ;
#310 = EDGE_LOOP ( 'NONE', ( #1086, #1595, #139, #1290 ) ) ;
#311 = ORIENTED_EDGE ( 'NONE', *, *, #1270, .F. ) ;
#312 = CARTESIAN_POINT ( 'NONE',  ( 5.025000000000002132, 5.000000000000000000, -18.00000000000000000 ) ) ;
#313 = CARTESIAN_POINT ( 'NONE',  ( -4.975000000000006750, 0.000000000000000000, 20.24999999999999645 ) ) ;
#314 = CARTESIAN_POINT ( 'NONE',  ( -239.4749999999999943, 5.000000000000000000, 55.00000000000014921 ) ) ;
#315 = APPLICATION_CONTEXT ( 'automotive_design' ) ;
#316 = VERTEX_POINT ( 'NONE', #269 ) ;
#317 = ORIENTED_EDGE ( 'NONE', *, *, #434, .T. ) ;
#318 = CARTESIAN_POINT ( 'NONE',  ( -90.97499999999999432, 5.000000000000000000, -18.00000000000000000 ) ) ;
#319 = VERTEX_POINT ( 'NONE', #1150 ) ;
#320 = ADVANCED_FACE ( 'NONE', ( #1877 ), #1006, .F. ) ;
#321 = VECTOR ( 'NONE', #345, 1000.000000000000000 ) ;
#322 = ORIENTED_EDGE ( 'NONE', *, *, #918, .T. ) ;
#323 = ADVANCED_FACE ( 'NONE', ( #1367 ), #795, .F. ) ;
#324 = ORIENTED_EDGE ( 'NONE', *, *, #1204, .F. ) ;
#325 = CARTESIAN_POINT ( 'NONE',  ( -90.97499999999999432, 0.000000000000000000, -15.75000000000000000 ) ) ;
#326 = DIRECTION ( 'NONE',  ( 0.000000000000000000, 1.000000000000000000, 0.000000000000000000 ) ) ;
#327 = EDGE_CURVE ( 'NONE', #336, #1238, #2158, .T. ) ;
#328 = ORIENTED_EDGE ( 'NONE', *, *, #1830, .F. ) ;
#329 = CYLINDRICAL_SURFACE ( 'NONE', #1017, 2.249999999999998668 ) ;
#330 = ORIENTED_EDGE ( 'NONE', *, *, #1219, .F. ) ;
#331 = CARTESIAN_POINT ( 'NONE',  ( 197.0250000000000341, 0.000000000000000000, 20.24999999999999645 ) ) ;
#332 = AXIS2_PLACEMENT_3D ( 'NONE', #1326, #1106, #2045 ) ;
#333 = DIRECTION ( 'NONE',  ( -0.000000000000000000, 1.000000000000000000, -0.000000000000000000 ) ) ;
#334 = EDGE_LOOP ( 'NONE', ( #1429, #1393, #1734, #2319 ) ) ;
#335 = EDGE_LOOP ( 'NONE', ( #187, #894, #2313, #2034 ) ) ;
#336 = VERTEX_POINT ( 'NONE', #1583 ) ;
#337 = PLANE ( 'NONE',  #555 ) ;
#338 = DIRECTION ( 'NONE',  ( -1.000000000000000000, -0.000000000000000000, -0.000000000000000000 ) ) ;
#339 = AXIS2_PLACEMENT_3D ( 'NONE', #2037, #1304, #1486 ) ;
#340 = CIRCLE ( 'NONE', #559, 2.249999999999998668 ) ;
#341 = ORIENTED_EDGE ( 'NONE', *, *, #1443, .T. ) ;
#342 = DIRECTION ( 'NONE',  ( -0.000000000000000000, 1.000000000000000000, -0.000000000000000000 ) ) ;
#343 = CIRCLE ( 'NONE', #1133, 2.249999999999998668 ) ;
#344 = ORIENTED_EDGE ( 'NONE', *, *, #210, .F. ) ;
#345 = DIRECTION ( 'NONE',  ( -0.000000000000000000, 1.000000000000000000, -0.000000000000000000 ) ) ;
#346 = CARTESIAN_POINT ( 'NONE',  ( 91.02500000000001990, 0.000000000000000000, -15.75000000000000000 ) ) ;
#347 = VERTEX_POINT ( 'NONE', #518 ) ;
#348 = ORIENTED_EDGE ( 'NONE', *, *, #2004, .T. ) ;
#349 = ORIENTED_EDGE ( 'NONE', *, *, #401, .F. ) ;
#350 = ORIENTED_EDGE ( 'NONE', *, *, #13, .F. ) ;
#351 = DIRECTION ( 'NONE',  ( 0.000000000000000000, 0.000000000000000000, 1.000000000000000000 ) ) ;
#352 = EDGE_CURVE ( 'NONE', #2157, #1041, #119, .T. ) ;
#353 = EDGE_LOOP ( 'NONE', ( #730, #341 ) ) ;
#354 = DIRECTION ( 'NONE',  ( 1.000000000000000000, 0.000000000000000000, 0.000000000000000000 ) ) ;
#355 = EDGE_CURVE ( 'NONE', #356, #1770, #867, .T. ) ;
#356 = VERTEX_POINT ( 'NONE', #208 ) ;
#357 = DIRECTION ( 'NONE',  ( 0.000000000000000000, 1.000000000000000000, 0.000000000000000000 ) ) ;
#358 = EDGE_CURVE ( 'NONE', #7, #1546, #1817, .T. ) ;
#359 = DIRECTION ( 'NONE',  ( -0.000000000000000000, 1.000000000000000000, -0.000000000000000000 ) ) ;
#360 = ADVANCED_FACE ( 'NONE', ( #131 ), #922, .F. ) ;
#361 = ORIENTED_EDGE ( 'NONE', *, *, #2120, .T. ) ;
#362 = VERTEX_POINT ( 'NONE', #1784 ) ;
#363 = VECTOR ( 'NONE', #2028, 1000.000000000000000 ) ;
#364 = DIRECTION ( 'NONE',  ( 0.000000000000000000, 1.000000000000000000, 0.000000000000000000 ) ) ;
#365 = AXIS2_PLACEMENT_3D ( 'NONE', #251, #964, #77 ) ;
#366 = ORIENTED_EDGE ( 'NONE', *, *, #1804, .F. ) ;
#367 = FACE_OUTER_BOUND ( 'NONE', #1305, .T. ) ;
#368 = EDGE_LOOP ( 'NONE', ( #1655, #602 ) ) ;
#369 = DIRECTION ( 'NONE',  ( -1.000000000000000000, -0.000000000000000000, -0.000000000000000000 ) ) ;
#370 = CARTESIAN_POINT ( 'NONE',  ( -241.9749999999999943, 5.000000000000000000, 64.00000000000002842 ) ) ;
#371 = EDGE_CURVE ( 'NONE', #1844, #217, #2296, .T. ) ;
#372 = AXIS2_PLACEMENT_3D ( 'NONE', #1215, #1703, #1528 ) ;
#373 = VECTOR ( 'NONE', #2052, 1000.000000000000000 ) ;
#374 = EDGE_LOOP ( 'NONE', ( #1063, #719, #1944, #2067 ) ) ;
#375 = CARTESIAN_POINT ( 'NONE',  ( -241.9749999999999943, 5.000000000000000000, -63.99999999999997158 ) ) ;
#376 = FACE_OUTER_BOUND ( 'NONE', #204, .T. ) ;
#377 = ORIENTED_EDGE ( 'NONE', *, *, #138, .T. ) ;
#378 = CARTESIAN_POINT ( 'NONE',  ( 187.0250000000000341, 5.000000000000000000, -18.00000000000000000 ) ) ;
#379 = CIRCLE ( 'NONE', #2271, 2.249999999999998668 ) ;
#380 = ORIENTED_EDGE ( 'NONE', *, *, #889, .T. ) ;
#381 = DIRECTION ( 'NONE',  ( 0.000000000000000000, 1.000000000000000000, 0.000000000000000000 ) ) ;
#382 = DIRECTION ( 'NONE',  ( 0.000000000000000000, 1.000000000000000000, 0.000000000000000000 ) ) ;
#383 = AXIS2_PLACEMENT_3D ( 'NONE', #1048, #1262, #1072 ) ;
#384 = EDGE_CURVE ( 'NONE', #648, #1249, #1054, .T. ) ;
#385 = CYLINDRICAL_SURFACE ( 'NONE', #667, 2.249999999999998668 ) ;
#386 = ORIENTED_EDGE ( 'NONE', *, *, #2310, .F. ) ;
#387 = ADVANCED_FACE ( 'NONE', ( #854 ), #385, .F. ) ;
#388 = LINE ( 'NONE', #225, #2217 ) ;
#389 = AXIS2_PLACEMENT_3D ( 'NONE', #2099, #279, #1332 ) ;
#390 = DIRECTION ( 'NONE',  ( 0.000000000000000000, 0.000000000000000000, 1.000000000000000000 ) ) ;
#391 = FACE_BOUND ( 'NONE', #2290, .T. ) ;
#392 = CARTESIAN_POINT ( 'NONE',  ( -4.975000000000006750, 5.000000000000000000, 20.24999999999999645 ) ) ;
#393 = VERTEX_POINT ( 'NONE', #1213 ) ;
#394 = FACE_OUTER_BOUND ( 'NONE', #1934, .T. ) ;
#395 = ORIENTED_EDGE ( 'NONE', *, *, #1793, .T. ) ;
#396 = DIRECTION ( 'NONE',  ( 0.000000000000000000, 0.000000000000000000, 1.000000000000000000 ) ) ;
#397 = EDGE_CURVE ( 'NONE', #1487, #1966, #79, .T. ) ;
#398 = CIRCLE ( 'NONE', #1984, 2.249999999999998668 ) ;
#399 = CYLINDRICAL_SURFACE ( 'NONE', #2016, 2.250000000000001776 ) ;
#400 = FACE_BOUND ( 'NONE', #2148, .T. ) ;
#401 = EDGE_CURVE ( 'NONE', #1959, #2335, #156, .T. ) ;
#402 = AXIS2_PLACEMENT_3D ( 'NONE', #1320, #584, #1846 ) ;
#403 = ORIENTED_EDGE ( 'NONE', *, *, #2330, .T. ) ;
#404 = DIRECTION ( 'NONE',  ( 0.000000000000000000, 1.000000000000000000, 0.000000000000000000 ) ) ;
#405 = FILL_AREA_STYLE_COLOUR ( '', #409 ) ;
#406 = VERTEX_POINT ( 'NONE', #1771 ) ;
#407 = CARTESIAN_POINT ( 'NONE',  ( -244.4749999999999943, 0.000000000000000000, -63.99999999999997158 ) ) ;
#408 = ORIENTED_EDGE ( 'NONE', *, *, #1239, .T. ) ;
#409 = COLOUR_RGB ( '',0.7921568627450980005, 0.8196078431372548767, 0.9333333333333333481 ) ;
#410 = DIRECTION ( 'NONE',  ( -0.000000000000000000, 1.000000000000000000, -0.000000000000000000 ) ) ;
#411 = DIRECTION ( 'NONE',  ( 1.000000000000000000, 0.000000000000000000, 0.000000000000000000 ) ) ;
#412 = FACE_BOUND ( 'NONE', #576, .T. ) ;
#413 = CARTESIAN_POINT ( 'NONE',  ( -100.9750000000000085, 0.000000000000000000, 15.75000000000000000 ) ) ;
#414 = VECTOR ( 'NONE', #960, 1000.000000000000000 ) ;
#415 = LINE ( 'NONE', #1136, #1206 ) ;
#416 = EDGE_LOOP ( 'NONE', ( #2114, #1662, #1261, #5 ) ) ;
#417 = DIRECTION ( 'NONE',  ( -0.000000000000000000, 1.000000000000000000, -0.000000000000000000 ) ) ;
#418 = CARTESIAN_POINT ( 'NONE',  ( 239.4749999999999943, 1.000000000000000000, -61.25000000000003553 ) ) ;
#419 = CARTESIAN_POINT ( 'NONE',  ( 239.4749999999999943, 5.000000000000000000, -59.00000000000002842 ) ) ;
#420 = ADVANCED_FACE ( 'NONE', ( #842 ), #337, .F. ) ;
#421 = FACE_BOUND ( 'NONE', #101, .T. ) ;
#422 = FACE_OUTER_BOUND ( 'NONE', #1863, .T. ) ;
#423 = EDGE_CURVE ( 'NONE', #838, #1052, #1021, .T. ) ;
#424 = EDGE_CURVE ( 'NONE', #1565, #563, #379, .T. ) ;
#425 = FACE_OUTER_BOUND ( 'NONE', #334, .T. ) ;
#426 = ORIENTED_EDGE ( 'NONE', *, *, #1089, .T. ) ;
#427 = EDGE_CURVE ( 'NONE', #2150, #7, #881, .T. ) ;
#428 = CARTESIAN_POINT ( 'NONE',  ( 187.0250000000000341, 0.000000000000000000, -15.75000000000000000 ) ) ;
#429 = DIRECTION ( 'NONE',  ( 0.000000000000000000, 0.000000000000000000, 1.000000000000000000 ) ) ;
#430 = DIRECTION ( 'NONE',  ( 0.000000000000000000, 0.000000000000000000, -1.000000000000000000 ) ) ;
#431 = FACE_OUTER_BOUND ( 'NONE', #1573, .T. ) ;
#432 = AXIS2_PLACEMENT_3D ( 'NONE', #1252, #176, #1242 ) ;
#433 = CARTESIAN_POINT ( 'NONE',  ( -100.9750000000000085, 0.000000000000000000, 18.00000000000000000 ) ) ;
#434 = EDGE_CURVE ( 'NONE', #880, #1238, #2321, .T. ) ;
#435 = LINE ( 'NONE', #761, #1441 ) ;
#436 = ORIENTED_EDGE ( 'NONE', *, *, #532, .F. ) ;
#437 = DIRECTION ( 'NONE',  ( 0.000000000000000000, 0.000000000000000000, 1.000000000000000000 ) ) ;
#438 = CIRCLE ( 'NONE', #1769, 2.250000000000001776 ) ;
#439 = DIRECTION ( 'NONE',  ( -0.000000000000000000, 1.000000000000000000, -0.000000000000000000 ) ) ;
#440 = DIRECTION ( 'NONE',  ( 0.000000000000000000, 0.000000000000000000, 1.000000000000000000 ) ) ;
#441 = FACE_OUTER_BOUND ( 'NONE', #310, .T. ) ;
#442 = ORIENTED_EDGE ( 'NONE', *, *, #257, .T. ) ;
#443 = ORIENTED_EDGE ( 'NONE', *, *, #520, .F. ) ;
#444 = DIRECTION ( 'NONE',  ( 0.000000000000000000, 0.000000000000000000, 1.000000000000000000 ) ) ;
#445 = EDGE_LOOP ( 'NONE', ( #1025, #630, #1246, #923 ) ) ;
#446 = AXIS2_PLACEMENT_3D ( 'NONE', #1183, #656, #1431 ) ;
#447 = CARTESIAN_POINT ( 'NONE',  ( -241.9749999999999943, 5.000000000000000000, 61.50000000000002842 ) ) ;
#448 = VECTOR ( 'NONE', #737, 1000.000000000000000 ) ;
#449 = EDGE_CURVE ( 'NONE', #2220, #1487, #2144, .T. ) ;
#450 = LINE ( 'NONE', #472, #2127 ) ;
#451 = DIRECTION ( 'NONE',  ( 0.000000000000000000, 1.000000000000000000, 0.000000000000000000 ) ) ;
#452 = DIRECTION ( 'NONE',  ( 0.000000000000000000, 0.000000000000000000, 1.000000000000000000 ) ) ;
#453 = DIRECTION ( 'NONE',  ( 0.000000000000000000, 0.000000000000000000, 1.000000000000000000 ) ) ;
#454 = VERTEX_POINT ( 'NONE', #1960 ) ;
#455 = ORIENTED_EDGE ( 'NONE', *, *, #1485, .T. ) ;
#456 = DIRECTION ( 'NONE',  ( 0.000000000000000000, 0.000000000000000000, -1.000000000000000000 ) ) ;
#457 = ORIENTED_EDGE ( 'NONE', *, *, #564, .F. ) ;
#458 = DIRECTION ( 'NONE',  ( 0.000000000000000000, 0.000000000000000000, 1.000000000000000000 ) ) ;
#459 = VECTOR ( 'NONE', #928, 1000.000000000000000 ) ;
#460 = ADVANCED_FACE ( 'NONE', ( #699 ), #791, .F. ) ;
#461 = CARTESIAN_POINT ( 'NONE',  ( -90.97499999999999432, 0.000000000000000000, 15.75000000000000000 ) ) ;
#462 = PLANE ( 'NONE',  #32 ) ;
#463 = DIRECTION ( 'NONE',  ( 0.000000000000000000, 0.000000000000000000, 1.000000000000000000 ) ) ;
#464 = DIRECTION ( 'NONE',  ( 0.000000000000000000, 0.000000000000000000, -1.000000000000000000 ) ) ;
#465 = AXIS2_PLACEMENT_3D ( 'NONE', #447, #256, #1533 ) ;
#466 = FACE_OUTER_BOUND ( 'NONE', #1917, .T. ) ;
#467 = ORIENTED_EDGE ( 'NONE', *, *, #424, .T. ) ;
#468 = EDGE_LOOP ( 'NONE', ( #956, #824, #1873, #2111 ) ) ;
#469 = AXIS2_PLACEMENT_3D ( 'NONE', #900, #1438, #921 ) ;
#470 = ORIENTED_EDGE ( 'NONE', *, *, #663, .T. ) ;
#471 = CARTESIAN_POINT ( 'NONE',  ( -4.975000000000006750, 0.000000000000000000, 18.00000000000000000 ) ) ;
#472 = CARTESIAN_POINT ( 'NONE',  ( 91.02500000000001990, 5.000000000000000000, -15.75000000000000000 ) ) ;
#473 = CARTESIAN_POINT ( 'NONE',  ( -4.975000000000006750, 0.000000000000000000, 20.24999999999999645 ) ) ;
#474 = AXIS2_PLACEMENT_3D ( 'NONE', #1142, #404, #1515 ) ;
#475 = DIRECTION ( 'NONE',  ( 0.000000000000000000, 1.000000000000000000, 0.000000000000000000 ) ) ;
#476 = PLANE ( 'NONE',  #578 ) ;
#477 = ORIENTED_EDGE ( 'NONE', *, *, #1927, .F. ) ;
#478 = ORIENTED_EDGE ( 'NONE', *, *, #21, .T. ) ;
#479 = DIRECTION ( 'NONE',  ( -0.000000000000000000, 1.000000000000000000, -0.000000000000000000 ) ) ;
#480 = AXIS2_PLACEMENT_3D ( 'NONE', #302, #1949, #2308 ) ;
#481 = VERTEX_POINT ( 'NONE', #777 ) ;
#482 = DIRECTION ( 'NONE',  ( -0.000000000000000000, 1.000000000000000000, -0.000000000000000000 ) ) ;
#483 = AXIS2_PLACEMENT_3D ( 'NONE', #1902, #304, #1022 ) ;
#484 = LINE ( 'NONE', #1214, #2146 ) ;
#485 = ADVANCED_FACE ( 'NONE', ( #90 ), #1862, .F. ) ;
#486 = LINE ( 'NONE', #1915, #1045 ) ;
#487 = PLANE ( 'NONE',  #2298 ) ;
#488 = EDGE_CURVE ( 'NONE', #1222, #1232, #975, .T. ) ;
#489 = ORIENTED_EDGE ( 'NONE', *, *, #1836, .T. ) ;
#490 = CIRCLE ( 'NONE', #912, 2.250000000000001776 ) ;
#491 = ORIENTED_EDGE ( 'NONE', *, *, #1965, .T. ) ;
#492 = ORIENTED_EDGE ( 'NONE', *, *, #1830, .T. ) ;
#493 = CARTESIAN_POINT ( 'NONE',  ( -244.4749999999999943, 5.000000000000000000, 64.00000000000002842 ) ) ;
#494 = CARTESIAN_POINT ( 'NONE',  ( 244.4749999999999943, 5.000000000000000000, 61.50000000000002842 ) ) ;
#495 = ORIENTED_EDGE ( 'NONE', *, *, #2195, .T. ) ;
#496 = DIRECTION ( 'NONE',  ( 0.000000000000000000, 0.000000000000000000, 1.000000000000000000 ) ) ;
#497 = ORIENTED_EDGE ( 'NONE', *, *, #800, .F. ) ;
#498 = DIRECTION ( 'NONE',  ( 0.000000000000000000, -1.000000000000000000, 0.000000000000000000 ) ) ;
#499 = PLANE ( 'NONE',  #1237 ) ;
#500 = ORIENTED_EDGE ( 'NONE', *, *, #1193, .T. ) ;
#501 = CIRCLE ( 'NONE', #924, 2.249999999999998668 ) ;
#502 = EDGE_LOOP ( 'NONE', ( #126, #1758, #1212, #594 ) ) ;
#503 = VECTOR ( 'NONE', #1044, 1000.000000000000000 ) ;
#504 = CIRCLE ( 'NONE', #1845, 4.000000000000003553 ) ;
#505 = EDGE_LOOP ( 'NONE', ( #1053, #1908, #1761, #2277 ) ) ;
#506 = CARTESIAN_POINT ( 'NONE',  ( 187.0250000000000341, 0.000000000000000000, -20.24999999999999645 ) ) ;
#507 = APPLICATION_CONTEXT ( 'automotive_design' ) ;
#508 = DIRECTION ( 'NONE',  ( -0.000000000000000000, 1.000000000000000000, -0.000000000000000000 ) ) ;
#509 = ORIENTED_EDGE ( 'NONE', *, *, #760, .T. ) ;
#510 = DIRECTION ( 'NONE',  ( -1.000000000000000000, 0.000000000000000000, -0.000000000000000000 ) ) ;
#511 = EDGE_LOOP ( 'NONE', ( #1766, #2125, #2154, #2280 ) ) ;
#512 = DIRECTION ( 'NONE',  ( 0.000000000000000000, 0.000000000000000000, 1.000000000000000000 ) ) ;
#513 = CIRCLE ( 'NONE', #1278, 2.249999999999998668 ) ;
#514 = LINE ( 'NONE', #1248, #2221 ) ;
#515 = EDGE_CURVE ( 'NONE', #1399, #1475, #1705, .T. ) ;
#516 = ORIENTED_EDGE ( 'NONE', *, *, #1945, .T. ) ;
#517 = VERTEX_POINT ( 'NONE', #1696 ) ;
#518 = CARTESIAN_POINT ( 'NONE',  ( -90.97499999999999432, 0.000000000000000000, 15.75000000000000000 ) ) ;
#519 = DIRECTION ( 'NONE',  ( 0.000000000000000000, 0.000000000000000000, 1.000000000000000000 ) ) ;
#520 = EDGE_CURVE ( 'NONE', #2012, #1418, #1295, .T. ) ;
#521 = AXIS2_PLACEMENT_3D ( 'NONE', #945, #1530, #1495 ) ;
#522 = ADVANCED_FACE ( 'NONE', ( #59 ), #242, .F. ) ;
#523 = ORIENTED_EDGE ( 'NONE', *, *, #1299, .F. ) ;
#524 = LINE ( 'NONE', #1627, #2199 ) ;
#525 = EDGE_CURVE ( 'NONE', #2333, #2314, #828, .T. ) ;
#526 = ORIENTED_EDGE ( 'NONE', *, *, #449, .T. ) ;
#527 = DIRECTION ( 'NONE',  ( 0.000000000000000000, 0.000000000000000000, 1.000000000000000000 ) ) ;
#528 = DIRECTION ( 'NONE',  ( -0.000000000000000000, 1.000000000000000000, -0.000000000000000000 ) ) ;
#529 = EDGE_LOOP ( 'NONE', ( #1706, #937, #572, #1073 ) ) ;
#530 = ORIENTED_EDGE ( 'NONE', *, *, #800, .T. ) ;
#531 = CARTESIAN_POINT ( 'NONE',  ( -239.4750000000000227, 1.000000000000000000, -58.99999999999997158 ) ) ;
#532 = EDGE_CURVE ( 'NONE', #1313, #1963, #435, .T. ) ;
#533 = EDGE_LOOP ( 'NONE', ( #1853, #1756 ) ) ;
#534 = DIRECTION ( 'NONE',  ( -0.000000000000000000, 1.000000000000000000, -0.000000000000000000 ) ) ;
#535 = ORIENTED_EDGE ( 'NONE', *, *, #1297, .F. ) ;
#536 = CARTESIAN_POINT ( 'NONE',  ( -90.97499999999999432, 0.000000000000000000, -20.24999999999999645 ) ) ;
#537 = FACE_OUTER_BOUND ( 'NONE', #1272, .T. ) ;
#538 = ORIENTED_EDGE ( 'NONE', *, *, #128, .F. ) ;
#539 = AXIS2_PLACEMENT_3D ( 'NONE', #41, #926, #211 ) ;
#540 = PLANE ( 'NONE',  #402 ) ;
#541 = DIRECTION ( 'NONE',  ( 0.000000000000000000, 1.000000000000000000, 0.000000000000000000 ) ) ;
#542 = AXIS2_PLACEMENT_3D ( 'NONE', #2343, #382, #717 ) ;
#543 = ADVANCED_FACE ( 'NONE', ( #394 ), #222, .F. ) ;
#544 = ORIENTED_EDGE ( 'NONE', *, *, #979, .F. ) ;
#545 = DIRECTION ( 'NONE',  ( -0.000000000000000000, 1.000000000000000000, -0.000000000000000000 ) ) ;
#546 = ORIENTED_EDGE ( 'NONE', *, *, #28, .T. ) ;
#547 = CARTESIAN_POINT ( 'NONE',  ( 239.4749999999999943, 5.000000000000000000, -59.00000000000002842 ) ) ;
#548 = FACE_OUTER_BOUND ( 'NONE', #2252, .T. ) ;
#549 = AXIS2_PLACEMENT_3D ( 'NONE', #8, #2184, #1955 ) ;
#550 = ORIENTED_EDGE ( 'NONE', *, *, #17, .F. ) ;
#551 = PLANE ( 'NONE',  #539 ) ;
#552 = CARTESIAN_POINT ( 'NONE',  ( -100.9750000000000085, 5.000000000000000000, 15.75000000000000000 ) ) ;
#553 = ORIENTED_EDGE ( 'NONE', *, *, #619, .F. ) ;
#554 = CARTESIAN_POINT ( 'NONE',  ( 239.4749999999999943, 1.000000000000000000, -55.00000000000002842 ) ) ;
#555 = AXIS2_PLACEMENT_3D ( 'NONE', #669, #2129, #2115 ) ;
#556 = DIRECTION ( 'NONE',  ( 0.000000000000000000, -1.000000000000000000, 0.000000000000000000 ) ) ;
#557 = EDGE_CURVE ( 'NONE', #691, #2013, #631, .T. ) ;
#558 = CARTESIAN_POINT ( 'NONE',  ( 187.0250000000000341, 5.000000000000000000, 18.00000000000000000 ) ) ;
#559 = AXIS2_PLACEMENT_3D ( 'NONE', #635, #2085, #1550 ) ;
#560 = AXIS2_PLACEMENT_3D ( 'NONE', #1422, #1599, #510 ) ;
#561 = ADVANCED_FACE ( 'NONE', ( #1506 ), #1684, .F. ) ;
#562 = CARTESIAN_POINT ( 'NONE',  ( -100.9750000000000085, 0.000000000000000000, -20.24999999999999645 ) ) ;
#563 = VERTEX_POINT ( 'NONE', #571 ) ;
#564 = EDGE_CURVE ( 'NONE', #277, #1279, #1553, .T. ) ;
#565 = DIRECTION ( 'NONE',  ( 0.000000000000000000, 1.000000000000000000, 0.000000000000000000 ) ) ;
#566 = CARTESIAN_POINT ( 'NONE',  ( 187.0250000000000341, 0.000000000000000000, 20.24999999999999645 ) ) ;
#567 = CARTESIAN_POINT ( 'NONE',  ( 244.4749999999999943, 5.000000000000000000, -63.99999999999997158 ) ) ;
#568 = DIRECTION ( 'NONE',  ( 0.000000000000000000, 1.000000000000000000, 0.000000000000000000 ) ) ;
#569 = DIRECTION ( 'NONE',  ( 0.000000000000000000, 0.000000000000000000, 1.000000000000000000 ) ) ;
#570 = AXIS2_PLACEMENT_3D ( 'NONE', #904, #203, #735 ) ;
#571 = CARTESIAN_POINT ( 'NONE',  ( 5.025000000000002132, 5.000000000000000000, -20.24999999999999645 ) ) ;
#572 = ORIENTED_EDGE ( 'NONE', *, *, #1732, .T. ) ;
#573 = LINE ( 'NONE', #15, #363 ) ;
#574 = DIRECTION ( 'NONE',  ( 1.000000000000000000, 0.000000000000000000, 0.000000000000000000 ) ) ;
#575 = CARTESIAN_POINT ( 'NONE',  ( 197.0250000000000341, 0.000000000000000000, -18.00000000000000000 ) ) ;
#576 = EDGE_LOOP ( 'NONE', ( #708, #1937 ) ) ;
#577 = LINE ( 'NONE', #1879, #373 ) ;
#578 = AXIS2_PLACEMENT_3D ( 'NONE', #2267, #1000, #1575 ) ;
#579 = LINE ( 'NONE', #2011, #813 ) ;
#580 = DIRECTION ( 'NONE',  ( 0.000000000000000000, 0.000000000000000000, 1.000000000000000000 ) ) ;
#581 = EDGE_LOOP ( 'NONE', ( #2327, #1563, #530, #1430 ) ) ;
#582 = ADVANCED_FACE ( 'NONE', ( #425 ), #1852, .F. ) ;
#583 = AXIS2_PLACEMENT_3D ( 'NONE', #2287, #133, #1572 ) ;
#584 = DIRECTION ( 'NONE',  ( -0.000000000000000000, 0.000000000000000000, 1.000000000000000000 ) ) ;
#585 = EDGE_CURVE ( 'NONE', #362, #1676, #415, .T. ) ;
#586 = FACE_OUTER_BOUND ( 'NONE', #1838, .T. ) ;
#587 = FACE_OUTER_BOUND ( 'NONE', #468, .T. ) ;
#588 = EDGE_CURVE ( 'NONE', #1099, #2153, #1510, .T. ) ;
#589 = CARTESIAN_POINT ( 'NONE',  ( -196.9750000000000227, 5.000000000000000000, 20.24999999999999645 ) ) ;
#590 = ADVANCED_FACE ( 'NONE', ( #1145 ), #1872, .F. ) ;
#591 = PLANE ( 'NONE',  #332 ) ;
#592 = VECTOR ( 'NONE', #54, 1000.000000000000000 ) ;
#593 = CARTESIAN_POINT ( 'NONE',  ( -4.975000000000006750, 5.000000000000000000, 18.00000000000000000 ) ) ;
#594 = ORIENTED_EDGE ( 'NONE', *, *, #1793, .F. ) ;
#595 = DIRECTION ( 'NONE',  ( 0.000000000000000000, 1.000000000000000000, 0.000000000000000000 ) ) ;
#596 = DIRECTION ( 'NONE',  ( -0.000000000000000000, 1.000000000000000000, -0.000000000000000000 ) ) ;
#597 = CARTESIAN_POINT ( 'NONE',  ( 101.0250000000000341, 0.000000000000000000, -18.00000000000000000 ) ) ;
#598 = DIRECTION ( 'NONE',  ( 0.000000000000000000, 1.000000000000000000, 0.000000000000000000 ) ) ;
#599 = ADVANCED_FACE ( 'NONE', ( #629 ), #1375, .T. ) ;
#600 = CARTESIAN_POINT ( 'NONE',  ( -4.975000000000006750, 0.000000000000000000, 18.00000000000000000 ) ) ;
#601 = CARTESIAN_POINT ( 'NONE',  ( 197.0250000000000341, 0.000000000000000000, -20.24999999999999645 ) ) ;
#602 = ORIENTED_EDGE ( 'NONE', *, *, #1040, .F. ) ;
#603 = CARTESIAN_POINT ( 'NONE',  ( 239.4749999999999943, 0.000000000000000000, -59.00000000000002842 ) ) ;
#604 = DIRECTION ( 'NONE',  ( -0.000000000000000000, 1.000000000000000000, -0.000000000000000000 ) ) ;
#605 = ORIENTED_EDGE ( 'NONE', *, *, #585, .F. ) ;
#606 = ORIENTED_EDGE ( 'NONE', *, *, #397, .F. ) ;
#607 = CARTESIAN_POINT ( 'NONE',  ( -239.4749999999999943, 5.000000000000000000, 55.00000000000014921 ) ) ;
#608 = CARTESIAN_POINT ( 'NONE',  ( 197.0250000000000341, 0.000000000000000000, 15.75000000000000000 ) ) ;
#609 = CARTESIAN_POINT ( 'NONE',  ( 187.0250000000000341, 0.000000000000000000, -20.24999999999999645 ) ) ;
#610 = AXIS2_PLACEMENT_3D ( 'NONE', #1050, #873, #512 ) ;
#611 = CARTESIAN_POINT ( 'NONE',  ( 239.4750000000000227, 0.000000000000000000, 59.00000000000002842 ) ) ;
#612 = EDGE_CURVE ( 'NONE', #1676, #1807, #2147, .T. ) ;
#613 = AXIS2_PLACEMENT_3D ( 'NONE', #1808, #685, #1079 ) ;
#614 = DIRECTION ( 'NONE',  ( 0.000000000000000000, 0.000000000000000000, 1.000000000000000000 ) ) ;
#615 = EDGE_LOOP ( 'NONE', ( #1240, #1895, #1460, #1816 ) ) ;
#616 = ORIENTED_EDGE ( 'NONE', *, *, #1010, .T. ) ;
#617 = CARTESIAN_POINT ( 'NONE',  ( 239.4749999999999943, 1.000000000000000000, -59.00000000000002842 ) ) ;
#618 = ORIENTED_EDGE ( 'NONE', *, *, #1517, .F. ) ;
#619 = EDGE_CURVE ( 'NONE', #1844, #2137, #2338, .T. ) ;
#620 = EDGE_CURVE ( 'NONE', #11, #792, #1564, .T. ) ;
#621 = ORIENTED_EDGE ( 'NONE', *, *, #1508, .F. ) ;
#622 = CARTESIAN_POINT ( 'NONE',  ( 5.025000000000002132, 5.000000000000000000, 20.24999999999999645 ) ) ;
#623 = VECTOR ( 'NONE', #263, 1000.000000000000000 ) ;
#624 = CARTESIAN_POINT ( 'NONE',  ( 91.02500000000001990, 0.000000000000000000, 15.75000000000000000 ) ) ;
#625 = DIRECTION ( 'NONE',  ( 0.000000000000000000, 1.000000000000000000, 0.000000000000000000 ) ) ;
#626 = DIRECTION ( 'NONE',  ( 0.000000000000000000, 0.000000000000000000, 1.000000000000000000 ) ) ;
#627 = ORIENTED_EDGE ( 'NONE', *, *, #1263, .F. ) ;
#628 = EDGE_LOOP ( 'NONE', ( #851, #1884, #2266, #290 ) ) ;
#629 = FACE_OUTER_BOUND ( 'NONE', #2134, .T. ) ;
#630 = ORIENTED_EDGE ( 'NONE', *, *, #1089, .F. ) ;
#631 = CIRCLE ( 'NONE', #2164, 4.000000000000003553 ) ;
#632 = ADVANCED_FACE ( 'NONE', ( #466 ), #862, .F. ) ;
#633 = ORIENTED_EDGE ( 'NONE', *, *, #1791, .T. ) ;
#634 = DIRECTION ( 'NONE',  ( 0.000000000000000000, 0.000000000000000000, 1.000000000000000000 ) ) ;
#635 = CARTESIAN_POINT ( 'NONE',  ( -90.97499999999999432, 0.000000000000000000, 18.00000000000000000 ) ) ;
#636 = DIRECTION ( 'NONE',  ( 0.000000000000000000, 0.000000000000000000, 1.000000000000000000 ) ) ;
#637 = DIRECTION ( 'NONE',  ( 1.000000000000000000, 0.000000000000000000, 0.000000000000000000 ) ) ;
#638 = DIRECTION ( 'NONE',  ( -0.000000000000000000, 1.000000000000000000, -0.000000000000000000 ) ) ;
#639 = LINE ( 'NONE', #998, #2227 ) ;
#640 = ORIENTED_EDGE ( 'NONE', *, *, #1182, .T. ) ;
#641 = CARTESIAN_POINT ( 'NONE',  ( 187.0250000000000341, 0.000000000000000000, 15.75000000000000000 ) ) ;
#642 = DIRECTION ( 'NONE',  ( 0.000000000000000000, 1.000000000000000000, 0.000000000000000000 ) ) ;
#643 = CARTESIAN_POINT ( 'NONE',  ( 187.0250000000000341, 0.000000000000000000, 18.00000000000000000 ) ) ;
#644 = DIRECTION ( 'NONE',  ( 0.000000000000000000, 0.000000000000000000, 1.000000000000000000 ) ) ;
#645 = CARTESIAN_POINT ( 'NONE',  ( -244.4749999999999943, 0.000000000000000000, 61.50000000000002842 ) ) ;
#646 = CARTESIAN_POINT ( 'NONE',  ( 101.0250000000000341, 5.000000000000000000, 15.75000000000000000 ) ) ;
#647 = ORIENTED_EDGE ( 'NONE', *, *, #1283, .T. ) ;
#648 = VERTEX_POINT ( 'NONE', #1349 ) ;
#649 = AXIS2_PLACEMENT_3D ( 'NONE', #2234, #1377, #2281 ) ;
#650 = CARTESIAN_POINT ( 'NONE',  ( 91.02500000000001990, 0.000000000000000000, 15.75000000000000000 ) ) ;
#651 = ORIENTED_EDGE ( 'NONE', *, *, #2251, .T. ) ;
#652 = CIRCLE ( 'NONE', #2259, 2.250000000000001776 ) ;
#653 = LINE ( 'NONE', #1391, #692 ) ;
#654 = ADVANCED_FACE ( 'NONE', ( #135 ), #487, .F. ) ;
#655 = ORIENTED_EDGE ( 'NONE', *, *, #1260, .T. ) ;
#656 = DIRECTION ( 'NONE',  ( -0.000000000000000000, 1.000000000000000000, -0.000000000000000000 ) ) ;
#657 = DIRECTION ( 'NONE',  ( 0.000000000000000000, 0.000000000000000000, 1.000000000000000000 ) ) ;
#658 = DIRECTION ( 'NONE',  ( 0.000000000000000000, 1.000000000000000000, 0.000000000000000000 ) ) ;
#659 = ADVANCED_FACE ( 'NONE', ( #1541 ), #476, .F. ) ;
#660 = AXIS2_PLACEMENT_3D ( 'NONE', #1571, #305, #1904 ) ;
#661 = DIRECTION ( 'NONE',  ( -1.000000000000000000, -0.000000000000000000, -0.000000000000000000 ) ) ;
#662 = ORIENTED_EDGE ( 'NONE', *, *, #914, .F. ) ;
#663 = EDGE_CURVE ( 'NONE', #2153, #1959, #2124, .T. ) ;
#664 = DIRECTION ( 'NONE',  ( -1.000000000000000000, 0.000000000000000000, -0.000000000000000000 ) ) ;
#665 = VERTEX_POINT ( 'NONE', #1178 ) ;
#666 = ORIENTED_EDGE ( 'NONE', *, *, #1190, .F. ) ;
#667 = AXIS2_PLACEMENT_3D ( 'NONE', #1750, #1654, #167 ) ;
#668 = ORIENTED_EDGE ( 'NONE', *, *, #1439, .T. ) ;
#669 = CARTESIAN_POINT ( 'NONE',  ( -196.9750000000000227, 0.000000000000000000, -15.75000000000000000 ) ) ;
#670 = CIRCLE ( 'NONE', #903, 2.249999999999998668 ) ;
#671 = CARTESIAN_POINT ( 'NONE',  ( -239.4749999999999943, 1.000000000000000000, 56.75000000000014921 ) ) ;
#672 = ORIENTED_EDGE ( 'NONE', *, *, #1366, .F. ) ;
#673 = CARTESIAN_POINT ( 'NONE',  ( 239.4750000000000227, 1.000000000000000000, 61.25000000000003553 ) ) ;
#674 = ADVANCED_FACE ( 'NONE', ( #1735 ), #1942, .F. ) ;
#675 = ORIENTED_EDGE ( 'NONE', *, *, #760, .F. ) ;
#676 = ORIENTED_EDGE ( 'NONE', *, *, #738, .T. ) ;
#677 = CARTESIAN_POINT ( 'NONE',  ( 239.4749999999999943, 5.000000000000000000, -59.00000000000002842 ) ) ;
#678 = DIRECTION ( 'NONE',  ( 0.000000000000000000, -1.000000000000000000, 0.000000000000000000 ) ) ;
#679 = AXIS2_PLACEMENT_3D ( 'NONE', #106, #1901, #821 ) ;
#680 = VERTEX_POINT ( 'NONE', #1402 ) ;
#681 = VERTEX_POINT ( 'NONE', #2278 ) ;
#682 = ORIENTED_EDGE ( 'NONE', *, *, #1121, .F. ) ;
#683 = CARTESIAN_POINT ( 'NONE',  ( -100.9750000000000085, 5.000000000000000000, -20.24999999999999645 ) ) ;
#684 = AXIS2_PLACEMENT_3D ( 'NONE', #1657, #2190, #1103 ) ;
#685 = DIRECTION ( 'NONE',  ( -0.000000000000000000, 1.000000000000000000, -0.000000000000000000 ) ) ;
#686 = ORIENTED_EDGE ( 'NONE', *, *, #2066, .T. ) ;
#687 = DIRECTION ( 'NONE',  ( -0.000000000000000000, 1.000000000000000000, -0.000000000000000000 ) ) ;
#688 = ORIENTED_EDGE ( 'NONE', *, *, #1557, .F. ) ;
#689 = FACE_OUTER_BOUND ( 'NONE', #1798, .T. ) ;
#690 = CARTESIAN_POINT ( 'NONE',  ( 5.025000000000002132, 0.000000000000000000, 20.24999999999999645 ) ) ;
#691 = VERTEX_POINT ( 'NONE', #1360 ) ;
#692 = VECTOR ( 'NONE', #2113, 1000.000000000000000 ) ;
#693 = ORIENTED_EDGE ( 'NONE', *, *, #1580, .T. ) ;
#694 = CIRCLE ( 'NONE', #1725, 2.249999999999998668 ) ;
#695 = EDGE_CURVE ( 'NONE', #217, #880, #1309, .T. ) ;
#696 = AXIS2_PLACEMENT_3D ( 'NONE', #318, #642, #287 ) ;
#697 = ADVANCED_FACE ( 'NONE', ( #114 ), #2081, .F. ) ;
#698 = EDGE_LOOP ( 'NONE', ( #1405, #2139, #999, #403 ) ) ;
#699 = FACE_OUTER_BOUND ( 'NONE', #701, .T. ) ;
#700 = CARTESIAN_POINT ( 'NONE',  ( -4.975000000000006750, 5.000000000000000000, -15.75000000000000000 ) ) ;
#701 = EDGE_LOOP ( 'NONE', ( #627, #1218, #2183, #955 ) ) ;
#702 = CARTESIAN_POINT ( 'NONE',  ( 91.02500000000001990, 5.000000000000000000, -20.24999999999999645 ) ) ;
#703 = VECTOR ( 'NONE', #1369, 1000.000000000000000 ) ;
#704 = ORIENTED_EDGE ( 'NONE', *, *, #210, .T. ) ;
#705 = DIRECTION ( 'NONE',  ( -0.000000000000000000, 1.000000000000000000, -0.000000000000000000 ) ) ;
#706 = VECTOR ( 'NONE', #638, 1000.000000000000000 ) ;
#707 = CARTESIAN_POINT ( 'NONE',  ( 239.4749999999999943, 1.000000000000000000, -56.75000000000002842 ) ) ;
#708 = ORIENTED_EDGE ( 'NONE', *, *, #1965, .F. ) ;
#709 = EDGE_CURVE ( 'NONE', #1592, #1954, #652, .T. ) ;
#710 = VERTEX_POINT ( 'NONE', #1767 ) ;
#711 = CARTESIAN_POINT ( 'NONE',  ( -100.9750000000000085, 5.000000000000000000, 15.75000000000000000 ) ) ;
#712 = CIRCLE ( 'NONE', #483, 2.249999999999998668 ) ;
#713 = EDGE_LOOP ( 'NONE', ( #408, #1722, #1338, #762 ) ) ;
#714 = LINE ( 'NONE', #2170, #198 ) ;
#715 = ORIENTED_EDGE ( 'NONE', *, *, #1084, .F. ) ;
#716 = DIRECTION ( 'NONE',  ( 1.000000000000000000, 0.000000000000000000, -0.000000000000000000 ) ) ;
#717 = DIRECTION ( 'NONE',  ( 0.000000000000000000, 0.000000000000000000, 1.000000000000000000 ) ) ;
#718 = EDGE_LOOP ( 'NONE', ( #1990, #1276, #1971, #736 ) ) ;
#719 = ORIENTED_EDGE ( 'NONE', *, *, #1362, .T. ) ;
#720 = ORIENTED_EDGE ( 'NONE', *, *, #1815, .F. ) ;
#721 = ADVANCED_BREP_SHAPE_REPRESENTATION ( 'COLD-CARRIER-COVER-MOUNT_v001', ( #954, #372 ), #1389 ) ;
#722 = CARTESIAN_POINT ( 'NONE',  ( -196.9750000000000227, 5.000000000000000000, -18.00000000000000000 ) ) ;
#723 = CARTESIAN_POINT ( 'NONE',  ( 241.9749999999999943, 0.000000000000000000, -63.99999999999997158 ) ) ;
#724 = ORIENTED_EDGE ( 'NONE', *, *, #966, .F. ) ;
#725 = DIRECTION ( 'NONE',  ( 0.000000000000000000, 0.000000000000000000, 1.000000000000000000 ) ) ;
#726 = ORIENTED_EDGE ( 'NONE', *, *, #1362, .F. ) ;
#727 = CARTESIAN_POINT ( 'NONE',  ( -239.4749999999999943, 0.000000000000000000, 56.75000000000014921 ) ) ;
#728 = CARTESIAN_POINT ( 'NONE',  ( 197.0250000000000341, 0.000000000000000000, -15.75000000000000000 ) ) ;
#729 = CYLINDRICAL_SURFACE ( 'NONE', #1713, 4.000000000000003553 ) ;
#730 = ORIENTED_EDGE ( 'NONE', *, *, #1028, .T. ) ;
#731 = CIRCLE ( 'NONE', #1110, 4.000000000000003553 ) ;
#732 = VECTOR ( 'NONE', #508, 1000.000000000000000 ) ;
#733 = CARTESIAN_POINT ( 'NONE',  ( -100.9750000000000085, 5.000000000000000000, 20.24999999999999645 ) ) ;
#734 = EDGE_CURVE ( 'NONE', #835, #1718, #151, .T. ) ;
#735 = DIRECTION ( 'NONE',  ( 1.000000000000000000, 0.000000000000000000, 0.000000000000000000 ) ) ;
#736 = ORIENTED_EDGE ( 'NONE', *, *, #1155, .T. ) ;
#737 = DIRECTION ( 'NONE',  ( -0.000000000000000000, -0.000000000000000000, -1.000000000000000000 ) ) ;
#738 = EDGE_CURVE ( 'NONE', #792, #129, #2186, .T. ) ;
#739 = CARTESIAN_POINT ( 'NONE',  ( 187.0250000000000341, 0.000000000000000000, 20.24999999999999645 ) ) ;
#740 = PRESENTATION_STYLE_ASSIGNMENT (( #1851 ) ) ;
#741 = EDGE_LOOP ( 'NONE', ( #377, #1468, #221, #2268 ) ) ;
#742 = EDGE_CURVE ( 'NONE', #1746, #1475, #1078, .T. ) ;
#743 = AXIS2_PLACEMENT_3D ( 'NONE', #1174, #1356, #1024 ) ;
#744 = DIRECTION ( 'NONE',  ( 0.000000000000000000, 0.000000000000000000, 1.000000000000000000 ) ) ;
#745 = ORIENTED_EDGE ( 'NONE', *, *, #1649, .F. ) ;
#746 = CARTESIAN_POINT ( 'NONE',  ( -4.975000000000006750, 0.000000000000000000, 20.24999999999999645 ) ) ;
#747 = CARTESIAN_POINT ( 'NONE',  ( 5.025000000000002132, 0.000000000000000000, 18.00000000000000000 ) ) ;
#748 = CARTESIAN_POINT ( 'NONE',  ( -4.975000000000006750, 0.000000000000000000, 20.24999999999999645 ) ) ;
#749 = VECTOR ( 'NONE', #1394, 1000.000000000000000 ) ;
#750 = DIRECTION ( 'NONE',  ( 0.000000000000000000, 1.000000000000000000, 0.000000000000000000 ) ) ;
#751 = DIRECTION ( 'NONE',  ( 0.000000000000000000, 0.000000000000000000, 1.000000000000000000 ) ) ;
#752 = VECTOR ( 'NONE', #940, 1000.000000000000000 ) ;
#753 = DIRECTION ( 'NONE',  ( 0.000000000000000000, 0.000000000000000000, 1.000000000000000000 ) ) ;
#754 = ORIENTED_EDGE ( 'NONE', *, *, #1299, .T. ) ;
#755 = LINE ( 'NONE', #1488, #847 ) ;
#756 = FACE_OUTER_BOUND ( 'NONE', #870, .T. ) ;
#757 = DIRECTION ( 'NONE',  ( 0.000000000000000000, -1.000000000000000000, 0.000000000000000000 ) ) ;
#758 = CARTESIAN_POINT ( 'NONE',  ( -4.975000000000006750, 0.000000000000000000, -15.75000000000000000 ) ) ;
#759 = AXIS2_PLACEMENT_3D ( 'NONE', #2018, #541, #1321 ) ;
#760 = EDGE_CURVE ( 'NONE', #1413, #1775, #990, .T. ) ;
#761 = CARTESIAN_POINT ( 'NONE',  ( 187.0250000000000341, 5.000000000000000000, -20.24999999999999645 ) ) ;
#762 = ORIENTED_EDGE ( 'NONE', *, *, #837, .T. ) ;
#763 = ORIENTED_EDGE ( 'NONE', *, *, #520, .T. ) ;
#764 = ADVANCED_FACE ( 'NONE', ( #548 ), #1956, .F. ) ;
#765 = EDGE_CURVE ( 'NONE', #1224, #1807, #1792, .T. ) ;
#766 = CARTESIAN_POINT ( 'NONE',  ( 239.4749999999999943, 5.000000000000000000, -55.00000000000002842 ) ) ;
#767 = VERTEX_POINT ( 'NONE', #1065 ) ;
#768 = ADVANCED_FACE ( 'NONE', ( #1268 ), #1051, .F. ) ;
#769 = AXIS2_PLACEMENT_3D ( 'NONE', #1547, #118, #2269 ) ;
#770 = CARTESIAN_POINT ( 'NONE',  ( -196.9750000000000227, 0.000000000000000000, -15.75000000000000000 ) ) ;
#771 = LINE ( 'NONE', #748, #414 ) ;
#772 = ORIENTED_EDGE ( 'NONE', *, *, #1688, .F. ) ;
#773 = DIRECTION ( 'NONE',  ( -0.000000000000000000, 1.000000000000000000, -0.000000000000000000 ) ) ;
#774 = AXIS2_PLACEMENT_3D ( 'NONE', #2185, #1075, #1282 ) ;
#775 = CARTESIAN_POINT ( 'NONE',  ( -244.4749999999999943, 0.000000000000000000, -63.99999999999997158 ) ) ;
#776 = EDGE_CURVE ( 'NONE', #648, #681, #514, .T. ) ;
#777 = CARTESIAN_POINT ( 'NONE',  ( -239.4750000000000227, 1.000000000000000000, -61.24999999999997158 ) ) ;
#778 = ORIENTED_EDGE ( 'NONE', *, *, #384, .F. ) ;
#779 = AXIS2_PLACEMENT_3D ( 'NONE', #413, #1134, #1858 ) ;
#780 = CARTESIAN_POINT ( 'NONE',  ( 5.025000000000002132, 0.000000000000000000, 15.75000000000000000 ) ) ;
#781 = EDGE_CURVE ( 'NONE', #2150, #1746, #173, .T. ) ;
#782 = LINE ( 'NONE', #1889, #2010 ) ;
#783 = FACE_OUTER_BOUND ( 'NONE', #158, .T. ) ;
#784 = CARTESIAN_POINT ( 'NONE',  ( 91.02500000000001990, 0.000000000000000000, 15.75000000000000000 ) ) ;
#785 = ORIENTED_EDGE ( 'NONE', *, *, #2027, .F. ) ;
#786 = LINE ( 'NONE', #75, #1 ) ;
#787 = VERTEX_POINT ( 'NONE', #1615 ) ;
#788 = CARTESIAN_POINT ( 'NONE',  ( -90.97499999999999432, 5.000000000000000000, -20.24999999999999645 ) ) ;
#789 = AXIS2_PLACEMENT_3D ( 'NONE', #2025, #1125, #68 ) ;
#790 = VECTOR ( 'NONE', #545, 1000.000000000000000 ) ;
#791 = CYLINDRICAL_SURFACE ( 'NONE', #1887, 2.250000000000001776 ) ;
#792 = VERTEX_POINT ( 'NONE', #707 ) ;
#793 = DIRECTION ( 'NONE',  ( 0.000000000000000000, 0.000000000000000000, 1.000000000000000000 ) ) ;
#794 = ADVANCED_FACE ( 'NONE', ( #1463 ), #888, .F. ) ;
#795 = CYLINDRICAL_SURFACE ( 'NONE', #446, 2.250000000000001776 ) ;
#796 = LINE ( 'NONE', #1549, #1234 ) ;
#797 = AXIS2_PLACEMENT_3D ( 'NONE', #1535, #2237, #644 ) ;
#798 = EDGE_CURVE ( 'NONE', #2109, #1383, #177, .T. ) ;
#799 = CARTESIAN_POINT ( 'NONE',  ( 187.0250000000000341, 0.000000000000000000, 15.75000000000000000 ) ) ;
#800 = EDGE_CURVE ( 'NONE', #316, #1264, #144, .T. ) ;
#801 = ORIENTED_EDGE ( 'NONE', *, *, #1260, .F. ) ;
#802 = DIRECTION ( 'NONE',  ( 0.000000000000000000, 0.000000000000000000, 1.000000000000000000 ) ) ;
#803 = ORIENTED_EDGE ( 'NONE', *, *, #1396, .F. ) ;
#804 = ORIENTED_EDGE ( 'NONE', *, *, #1716, .T. ) ;
#805 = LINE ( 'NONE', #301, #27 ) ;
#806 = LINE ( 'NONE', #608, #89 ) ;
#807 = CARTESIAN_POINT ( 'NONE',  ( -196.9750000000000227, 5.000000000000000000, 18.00000000000000000 ) ) ;
#808 = VECTOR ( 'NONE', #1280, 1000.000000000000000 ) ;
#809 = CARTESIAN_POINT ( 'NONE',  ( 197.0250000000000341, 5.000000000000000000, 15.75000000000000000 ) ) ;
#810 = CIRCLE ( 'NONE', #140, 2.250000000000001776 ) ;
#811 = CARTESIAN_POINT ( 'NONE',  ( -186.9749999999999943, 5.000000000000000000, 15.75000000000000000 ) ) ;
#812 = EDGE_CURVE ( 'NONE', #1417, #2038, #1805, .T. ) ;
#813 = VECTOR ( 'NONE', #1315, 1000.000000000000000 ) ;
#814 = VERTEX_POINT ( 'NONE', #1643 ) ;
#815 = DIRECTION ( 'NONE',  ( -0.000000000000000000, 1.000000000000000000, -0.000000000000000000 ) ) ;
#816 = ORIENTED_EDGE ( 'NONE', *, *, #1155, .F. ) ;
#817 = EDGE_CURVE ( 'NONE', #1223, #316, #1257, .T. ) ;
#818 = ORIENTED_EDGE ( 'NONE', *, *, #1614, .T. ) ;
#819 = DIRECTION ( 'NONE',  ( -0.000000000000000000, 1.000000000000000000, -0.000000000000000000 ) ) ;
#820 = STYLED_ITEM ( 'NONE', ( #740 ), #954 ) ;
#821 = DIRECTION ( 'NONE',  ( 1.000000000000000000, 0.000000000000000000, 0.000000000000000000 ) ) ;
#822 = DIRECTION ( 'NONE',  ( 1.000000000000000000, 0.000000000000000000, 0.000000000000000000 ) ) ;
#823 = CARTESIAN_POINT ( 'NONE',  ( 101.0250000000000341, 5.000000000000000000, 18.00000000000000000 ) ) ;
#824 = ORIENTED_EDGE ( 'NONE', *, *, #765, .F. ) ;
#825 = ORIENTED_EDGE ( 'NONE', *, *, #1815, .T. ) ;
#826 = DIRECTION ( 'NONE',  ( 0.000000000000000000, -1.000000000000000000, 0.000000000000000000 ) ) ;
#827 = VERTEX_POINT ( 'NONE', #1803 ) ;
#828 = CIRCLE ( 'NONE', #942, 2.249999999999998668 ) ;
#829 = FACE_OUTER_BOUND ( 'NONE', #1628, .T. ) ;
#830 = DIRECTION ( 'NONE',  ( 0.000000000000000000, 0.000000000000000000, 1.000000000000000000 ) ) ;
#831 = FACE_OUTER_BOUND ( 'NONE', #511, .T. ) ;
#832 = CARTESIAN_POINT ( 'NONE',  ( 239.4749999999999943, 1.000000000000000000, -59.00000000000002842 ) ) ;
#833 = DIRECTION ( 'NONE',  ( 0.000000000000000000, 1.000000000000000000, 0.000000000000000000 ) ) ;
#834 = ORIENTED_EDGE ( 'NONE', *, *, #17, .T. ) ;
#835 = VERTEX_POINT ( 'NONE', #207 ) ;
#836 = CARTESIAN_POINT ( 'NONE',  ( -90.97499999999999432, 0.000000000000000000, -18.00000000000000000 ) ) ;
#837 = EDGE_CURVE ( 'NONE', #973, #1605, #1452, .T. ) ;
#838 = VERTEX_POINT ( 'NONE', #728 ) ;
#839 = CARTESIAN_POINT ( 'NONE',  ( 101.0250000000000341, 0.000000000000000000, -20.24999999999999645 ) ) ;
#840 = EDGE_CURVE ( 'NONE', #1041, #1383, #2136, .T. ) ;
#841 = ADVANCED_FACE ( 'NONE', ( #2317, #537 ), #499, .F. ) ;
#842 = FACE_OUTER_BOUND ( 'NONE', #1736, .T. ) ;
#843 = PLANE ( 'NONE',  #1442 ) ;
#844 = ADVANCED_FACE ( 'NONE', ( #1814 ), #1779, .F. ) ;
#845 = CARTESIAN_POINT ( 'NONE',  ( -186.9749999999999943, 0.000000000000000000, 15.75000000000000000 ) ) ;
#846 = DIRECTION ( 'NONE',  ( -0.000000000000000000, 1.000000000000000000, -0.000000000000000000 ) ) ;
#847 = VECTOR ( 'NONE', #2211, 1000.000000000000000 ) ;
#848 = AXIS2_PLACEMENT_3D ( 'NONE', #155, #893, #519 ) ;
#849 = DIRECTION ( 'NONE',  ( -1.000000000000000000, 0.000000000000000000, -0.000000000000000000 ) ) ;
#850 = VERTEX_POINT ( 'NONE', #690 ) ;
#851 = ORIENTED_EDGE ( 'NONE', *, *, #1759, .T. ) ;
#852 = VERTEX_POINT ( 'NONE', #1426 ) ;
#853 = EDGE_CURVE ( 'NONE', #1232, #1222, #504, .T. ) ;
#854 = FACE_OUTER_BOUND ( 'NONE', #1801, .T. ) ;
#855 = FACE_OUTER_BOUND ( 'NONE', #1897, .T. ) ;
#856 =( GEOMETRIC_REPRESENTATION_CONTEXT ( 3 ) GLOBAL_UNCERTAINTY_ASSIGNED_CONTEXT ( ( #1226 ) ) GLOBAL_UNIT_ASSIGNED_CONTEXT ( ( #1841, #76, #1674 ) ) REPRESENTATION_CONTEXT ( 'NONE', 'WORKASPACE' ) );
#857 = VECTOR ( 'NONE', #1473, 1000.000000000000000 ) ;
#858 = EDGE_LOOP ( 'NONE', ( #1812, #772, #1542, #879 ) ) ;
#859 = CARTESIAN_POINT ( 'NONE',  ( 239.4750000000000227, 0.000000000000000000, 56.75000000000002842 ) ) ;
#860 = ORIENTED_EDGE ( 'NONE', *, *, #190, .T. ) ;
#861 = ORIENTED_EDGE ( 'NONE', *, *, #185, .F. ) ;
#862 = CYLINDRICAL_SURFACE ( 'NONE', #2101, 2.249999999999998668 ) ;
#863 = ORIENTED_EDGE ( 'NONE', *, *, #1649, .T. ) ;
#864 = ORIENTED_EDGE ( 'NONE', *, *, #798, .F. ) ;
#865 = AXIS2_PLACEMENT_3D ( 'NONE', #1477, #142, #744 ) ;
#866 = ORIENTED_EDGE ( 'NONE', *, *, #128, .T. ) ;
#867 = LINE ( 'NONE', #1607, #1777 ) ;
#868 = AXIS2_PLACEMENT_3D ( 'NONE', #2263, #121, #1728 ) ;
#869 = CARTESIAN_POINT ( 'NONE',  ( -100.9750000000000085, 0.000000000000000000, 15.75000000000000000 ) ) ;
#870 = EDGE_LOOP ( 'NONE', ( #1818, #1985, #1632, #78 ) ) ;
#871 = FACE_OUTER_BOUND ( 'NONE', #505, .T. ) ;
#872 = ORIENTED_EDGE ( 'NONE', *, *, #1114, .T. ) ;
#873 = DIRECTION ( 'NONE',  ( -0.000000000000000000, 1.000000000000000000, -0.000000000000000000 ) ) ;
#874 = EDGE_CURVE ( 'NONE', #171, #393, #579, .T. ) ;
#875 = DIRECTION ( 'NONE',  ( 0.000000000000000000, 0.000000000000000000, -1.000000000000000000 ) ) ;
#876 = ORIENTED_EDGE ( 'NONE', *, *, #358, .T. ) ;
#877 = PRODUCT_RELATED_PRODUCT_CATEGORY ( 'part', '', ( #146 ) ) ;
#878 = ORIENTED_EDGE ( 'NONE', *, *, #1283, .F. ) ;
#879 = ORIENTED_EDGE ( 'NONE', *, *, #115, .T. ) ;
#880 = VERTEX_POINT ( 'NONE', #788 ) ;
#881 = LINE ( 'NONE', #493, #46 ) ;
#882 = VECTOR ( 'NONE', #411, 1000.000000000000000 ) ;
#883 = PLANE ( 'NONE',  #2258 ) ;
#884 = ORIENTED_EDGE ( 'NONE', *, *, #2195, .F. ) ;
#885 = DIRECTION ( 'NONE',  ( -0.000000000000000000, 1.000000000000000000, -0.000000000000000000 ) ) ;
#886 = VERTEX_POINT ( 'NONE', #2023 ) ;
#887 = FACE_OUTER_BOUND ( 'NONE', #374, .T. ) ;
#888 = CYLINDRICAL_SURFACE ( 'NONE', #774, 2.250000000000001776 ) ;
#889 = EDGE_CURVE ( 'NONE', #362, #1224, #2302, .T. ) ;
#890 = CIRCLE ( 'NONE', #465, 2.500000000000002220 ) ;
#891 = ORIENTED_EDGE ( 'NONE', *, *, #1225, .F. ) ;
#892 = ORIENTED_EDGE ( 'NONE', *, *, #1408, .T. ) ;
#893 = DIRECTION ( 'NONE',  ( -0.000000000000000000, 1.000000000000000000, -0.000000000000000000 ) ) ;
#894 = ORIENTED_EDGE ( 'NONE', *, *, #2212, .T. ) ;
#895 = CARTESIAN_POINT ( 'NONE',  ( -186.9749999999999943, 5.000000000000000000, -15.75000000000000000 ) ) ;
#896 = ORIENTED_EDGE ( 'NONE', *, *, #117, .F. ) ;
#897 = LINE ( 'NONE', #1414, #1760 ) ;
#898 = AXIS2_PLACEMENT_3D ( 'NONE', #1839, #750, #2240 ) ;
#899 = AXIS2_PLACEMENT_3D ( 'NONE', #987, #475, #1552 ) ;
#900 = CARTESIAN_POINT ( 'NONE',  ( 239.4750000000000227, 1.000000000000000000, 59.00000000000002842 ) ) ;
#901 = ORIENTED_EDGE ( 'NONE', *, *, #1885, .T. ) ;
#902 = CYLINDRICAL_SURFACE ( 'NONE', #432, 2.249999999999998668 ) ;
#903 = AXIS2_PLACEMENT_3D ( 'NONE', #1658, #1322, #1491 ) ;
#904 = CARTESIAN_POINT ( 'NONE',  ( -196.9750000000000227, 0.000000000000000000, 20.24999999999999645 ) ) ;
#905 = ORIENTED_EDGE ( 'NONE', *, *, #557, .T. ) ;
#906 = DIRECTION ( 'NONE',  ( -0.000000000000000000, 1.000000000000000000, -0.000000000000000000 ) ) ;
#907 = ORIENTED_EDGE ( 'NONE', *, *, #1114, .F. ) ;
#908 = CYLINDRICAL_SURFACE ( 'NONE', #610, 2.249999999999998668 ) ;
#909 = DIRECTION ( 'NONE',  ( 1.000000000000000000, 0.000000000000000000, 0.000000000000000000 ) ) ;
#910 = EDGE_CURVE ( 'NONE', #11, #935, #1921, .T. ) ;
#911 = ORIENTED_EDGE ( 'NONE', *, *, #515, .F. ) ;
#912 = AXIS2_PLACEMENT_3D ( 'NONE', #1344, #2075, #2262 ) ;
#913 = LINE ( 'NONE', #766, #99 ) ;
#914 = EDGE_CURVE ( 'NONE', #1773, #1328, #1505, .T. ) ;
#915 = CARTESIAN_POINT ( 'NONE',  ( -4.975000000000006750, 0.000000000000000000, -18.00000000000000000 ) ) ;
#916 = VERTEX_POINT ( 'NONE', #1135 ) ;
#917 = DIRECTION ( 'NONE',  ( 0.000000000000000000, -1.000000000000000000, 0.000000000000000000 ) ) ;
#918 = EDGE_CURVE ( 'NONE', #1176, #1828, #150, .T. ) ;
#919 = ORIENTED_EDGE ( 'NONE', *, *, #2251, .F. ) ;
#920 = DIRECTION ( 'NONE',  ( 1.000000000000000000, 0.000000000000000000, 0.000000000000000000 ) ) ;
#921 = DIRECTION ( 'NONE',  ( 0.000000000000000000, 0.000000000000000000, 1.000000000000000000 ) ) ;
#922 = CYLINDRICAL_SURFACE ( 'NONE', #1166, 2.249999999999998668 ) ;
#923 = ORIENTED_EDGE ( 'NONE', *, *, #781, .F. ) ;
#924 = AXIS2_PLACEMENT_3D ( 'NONE', #2048, #1364, #1689 ) ;
#925 = AXIS2_PLACEMENT_3D ( 'NONE', #531, #1636, #1229 ) ;
#926 = DIRECTION ( 'NONE',  ( 0.000000000000000000, 0.000000000000000000, -1.000000000000000000 ) ) ;
#927 = VECTOR ( 'NONE', #359, 1000.000000000000000 ) ;
#928 = DIRECTION ( 'NONE',  ( -0.000000000000000000, 1.000000000000000000, -0.000000000000000000 ) ) ;
#929 = CARTESIAN_POINT ( 'NONE',  ( -100.9750000000000085, 0.000000000000000000, 18.00000000000000000 ) ) ;
#930 = EDGE_LOOP ( 'NONE', ( #778, #1454, #361, #311 ) ) ;
#931 = FACE_OUTER_BOUND ( 'NONE', #1806, .T. ) ;
#932 = LINE ( 'NONE', #1519, #1578 ) ;
#933 = ORIENTED_EDGE ( 'NONE', *, *, #525, .T. ) ;
#934 = VECTOR ( 'NONE', #45, 1000.000000000000000 ) ;
#935 = VERTEX_POINT ( 'NONE', #963 ) ;
#936 = CARTESIAN_POINT ( 'NONE',  ( -239.4749999999999943, 1.000000000000000000, 59.00000000000014921 ) ) ;
#937 = ORIENTED_EDGE ( 'NONE', *, *, #1378, .T. ) ;
#938 = CARTESIAN_POINT ( 'NONE',  ( -239.4750000000000227, 1.000000000000000000, -56.74999999999996447 ) ) ;
#939 = LINE ( 'NONE', #2213, #1069 ) ;
#940 = DIRECTION ( 'NONE',  ( -0.000000000000000000, 1.000000000000000000, -0.000000000000000000 ) ) ;
#941 = EDGE_CURVE ( 'NONE', #1907, #30, #951, .T. ) ;
#942 = AXIS2_PLACEMENT_3D ( 'NONE', #1337, #1843, #2014 ) ;
#943 = DIRECTION ( 'NONE',  ( -0.000000000000000000, 1.000000000000000000, -0.000000000000000000 ) ) ;
#944 = EDGE_CURVE ( 'NONE', #1238, #1328, #1881, .T. ) ;
#945 = CARTESIAN_POINT ( 'NONE',  ( -239.4749999999999943, 5.000000000000000000, 59.00000000000014921 ) ) ;
#946 = ORIENTED_EDGE ( 'NONE', *, *, #817, .F. ) ;
#947 = DIRECTION ( 'NONE',  ( 0.000000000000000000, 1.000000000000000000, 0.000000000000000000 ) ) ;
#948 = FACE_OUTER_BOUND ( 'NONE', #741, .T. ) ;
#949 = DIRECTION ( 'NONE',  ( 0.000000000000000000, 0.000000000000000000, 1.000000000000000000 ) ) ;
#950 = CARTESIAN_POINT ( 'NONE',  ( -90.97499999999999432, 0.000000000000000000, 20.24999999999999645 ) ) ;
#951 = LINE ( 'NONE', #1494, #623 ) ;
#952 = EDGE_CURVE ( 'NONE', #517, #1399, #1293, .T. ) ;
#953 = CARTESIAN_POINT ( 'NONE',  ( 91.02500000000001990, 0.000000000000000000, -18.00000000000000000 ) ) ;
#954 = MANIFOLD_SOLID_BREP ( 'LPattern1', #1778 ) ;
#955 = ORIENTED_EDGE ( 'NONE', *, *, #1243, .T. ) ;
#956 = ORIENTED_EDGE ( 'NONE', *, *, #612, .T. ) ;
#957 = CARTESIAN_POINT ( 'NONE',  ( 187.0250000000000341, 0.000000000000000000, -20.24999999999999645 ) ) ;
#958 = AXIS2_PLACEMENT_3D ( 'NONE', #677, #206, #1802 ) ;
#959 = DIRECTION ( 'NONE',  ( 1.000000000000000000, 0.000000000000000000, 0.000000000000000000 ) ) ;
#960 = DIRECTION ( 'NONE',  ( 1.000000000000000000, 0.000000000000000000, 0.000000000000000000 ) ) ;
#961 = FACE_BOUND ( 'NONE', #2228, .T. ) ;
#962 = VECTOR ( 'NONE', #815, 1000.000000000000000 ) ;
#963 = CARTESIAN_POINT ( 'NONE',  ( 239.4749999999999943, 0.000000000000000000, -61.25000000000003553 ) ) ;
#964 = DIRECTION ( 'NONE',  ( -0.000000000000000000, 1.000000000000000000, -0.000000000000000000 ) ) ;
#965 = ORIENTED_EDGE ( 'NONE', *, *, #2141, .F. ) ;
#966 = EDGE_CURVE ( 'NONE', #1546, #680, #932, .T. ) ;
#967 = AXIS2_PLACEMENT_3D ( 'NONE', #1704, #846, #273 ) ;
#968 = AXIS2_PLACEMENT_3D ( 'NONE', #1483, #568, #1335 ) ;
#969 = CYLINDRICAL_SURFACE ( 'NONE', #1381, 2.249999999999998668 ) ;
#970 = DIRECTION ( 'NONE',  ( 0.000000000000000000, 0.000000000000000000, 1.000000000000000000 ) ) ;
#971 = CARTESIAN_POINT ( 'NONE',  ( 241.9749999999999943, 0.000000000000000000, 64.00000000000002842 ) ) ;
#972 =( NAMED_UNIT ( * ) SI_UNIT ( $, .STERADIAN. ) SOLID_ANGLE_UNIT ( ) );
#973 = VERTEX_POINT ( 'NONE', #1682 ) ;
#974 = CARTESIAN_POINT ( 'NONE',  ( 91.02500000000001990, 0.000000000000000000, -20.24999999999999645 ) ) ;
#975 = CIRCLE ( 'NONE', #521, 4.000000000000003553 ) ;
#976 = AXIS2_PLACEMENT_3D ( 'NONE', #1867, #757, #246 ) ;
#977 = DIRECTION ( 'NONE',  ( 0.000000000000000000, 0.000000000000000000, 1.000000000000000000 ) ) ;
#978 = ORIENTED_EDGE ( 'NONE', *, *, #2043, .T. ) ;
#979 = EDGE_CURVE ( 'NONE', #184, #98, #67, .T. ) ;
#980 = CARTESIAN_POINT ( 'NONE',  ( -90.97499999999999432, 0.000000000000000000, -15.75000000000000000 ) ) ;
#981 = ADVANCED_FACE ( 'NONE', ( #2054 ), #591, .F. ) ;
#982 = DIRECTION ( 'NONE',  ( 0.000000000000000000, 0.000000000000000000, 1.000000000000000000 ) ) ;
#983 = CARTESIAN_POINT ( 'NONE',  ( 187.0250000000000341, 5.000000000000000000, 15.75000000000000000 ) ) ;
#984 = AXIS2_PLACEMENT_3D ( 'NONE', #1379, #93, #982 ) ;
#985 = CARTESIAN_POINT ( 'NONE',  ( 239.4749999999999943, 5.000000000000000000, -59.00000000000002842 ) ) ;
#986 = ADVANCED_FACE ( 'NONE', ( #422 ), #1144, .F. ) ;
#987 = CARTESIAN_POINT ( 'NONE',  ( 91.02500000000001990, 0.000000000000000000, -18.00000000000000000 ) ) ;
#988 = ORIENTED_EDGE ( 'NONE', *, *, #21, .F. ) ;
#989 = CIRCLE ( 'NONE', #1604, 2.249999999999998668 ) ;
#990 = LINE ( 'NONE', #346, #1690 ) ;
#991 = ORIENTED_EDGE ( 'NONE', *, *, #840, .F. ) ;
#992 = ORIENTED_EDGE ( 'NONE', *, *, #117, .T. ) ;
#993 = CARTESIAN_POINT ( 'NONE',  ( 241.9749999999999943, 5.000000000000000000, 64.00000000000002842 ) ) ;
#994 = CARTESIAN_POINT ( 'NONE',  ( 101.0250000000000341, 0.000000000000000000, 20.24999999999999645 ) ) ;
#995 = LINE ( 'NONE', #1201, #1534 ) ;
#996 = CIRCLE ( 'NONE', #137, 2.250000000000001776 ) ;
#997 = DIRECTION ( 'NONE',  ( 1.000000000000000000, 0.000000000000000000, 0.000000000000000000 ) ) ;
#998 = CARTESIAN_POINT ( 'NONE',  ( -4.975000000000006750, 0.000000000000000000, -20.24999999999999645 ) ) ;
#999 = ORIENTED_EDGE ( 'NONE', *, *, #1485, .F. ) ;
#1000 = DIRECTION ( 'NONE',  ( -0.000000000000000000, 0.000000000000000000, 1.000000000000000000 ) ) ;
#1001 = VERTEX_POINT ( 'NONE', #811 ) ;
#1002 = ORIENTED_EDGE ( 'NONE', *, *, #1786, .F. ) ;
#1003 = CARTESIAN_POINT ( 'NONE',  ( -239.4749999999999943, 1.000000000000000000, 61.25000000000014921 ) ) ;
#1004 = VECTOR ( 'NONE', #2328, 1000.000000000000000 ) ;
#1005 = LINE ( 'NONE', #1726, #1055 ) ;
#1006 = CYLINDRICAL_SURFACE ( 'NONE', #1401, 2.249999999999998668 ) ;
#1007 = DIRECTION ( 'NONE',  ( -0.000000000000000000, 1.000000000000000000, -0.000000000000000000 ) ) ;
#1008 = CARTESIAN_POINT ( 'NONE',  ( 244.4749999999999943, 5.000000000000000000, -61.49999999999997158 ) ) ;
#1009 = CARTESIAN_POINT ( 'NONE',  ( 197.0250000000000341, 5.000000000000000000, 20.24999999999999645 ) ) ;
#1010 = EDGE_CURVE ( 'NONE', #1001, #1600, #1529, .T. ) ;
#1011 = CARTESIAN_POINT ( 'NONE',  ( -90.97499999999999432, 5.000000000000000000, 18.00000000000000000 ) ) ;
#1012 = EDGE_LOOP ( 'NONE', ( #199, #891, #2307, #38 ) ) ;
#1013 = ORIENTED_EDGE ( 'NONE', *, *, #162, .F. ) ;
#1014 = CARTESIAN_POINT ( 'NONE',  ( -244.4749999999999943, 5.000000000000000000, -63.99999999999997158 ) ) ;
#1015 = ADVANCED_FACE ( 'NONE', ( #441 ), #2264, .F. ) ;
#1016 = EDGE_CURVE ( 'NONE', #710, #454, #639, .T. ) ;
#1017 = AXIS2_PLACEMENT_3D ( 'NONE', #575, #2019, #2238 ) ;
#1018 = EDGE_CURVE ( 'NONE', #2179, #1828, #306, .T. ) ;
#1019 = EDGE_LOOP ( 'NONE', ( #1916, #1465, #1783, #745 ) ) ;
#1020 = CARTESIAN_POINT ( 'NONE',  ( -239.4749999999999943, 1.000000000000000000, 55.00000000000014921 ) ) ;
#1021 = LINE ( 'NONE', #154, #266 ) ;
#1022 = DIRECTION ( 'NONE',  ( 0.000000000000000000, 0.000000000000000000, 1.000000000000000000 ) ) ;
#1023 =( LENGTH_UNIT ( ) NAMED_UNIT ( * ) SI_UNIT ( .MILLI., .METRE. ) );
#1024 = DIRECTION ( 'NONE',  ( 0.000000000000000000, 0.000000000000000000, 1.000000000000000000 ) ) ;
#1025 = ORIENTED_EDGE ( 'NONE', *, *, #1933, .F. ) ;
#1026 = DIRECTION ( 'NONE',  ( -0.000000000000000000, 1.000000000000000000, -0.000000000000000000 ) ) ;
#1027 = DIRECTION ( 'NONE',  ( -0.000000000000000000, 1.000000000000000000, -0.000000000000000000 ) ) ;
#1028 = EDGE_CURVE ( 'NONE', #916, #1220, #298, .T. ) ;
#1029 = ORIENTED_EDGE ( 'NONE', *, *, #2248, .T. ) ;
#1030 = ORIENTED_EDGE ( 'NONE', *, *, #1511, .F. ) ;
#1031 = DIRECTION ( 'NONE',  ( 0.000000000000000000, 1.000000000000000000, 0.000000000000000000 ) ) ;
#1032 = DIRECTION ( 'NONE',  ( -0.000000000000000000, 1.000000000000000000, -0.000000000000000000 ) ) ;
#1033 = PLANE ( 'NONE',  #560 ) ;
#1034 = CIRCLE ( 'NONE', #66, 2.500000000000002220 ) ;
#1035 = ORIENTED_EDGE ( 'NONE', *, *, #254, .T. ) ;
#1036 = ORIENTED_EDGE ( 'NONE', *, *, #1861, .T. ) ;
#1037 = VECTOR ( 'NONE', #338, 1000.000000000000000 ) ;
#1038 = DIRECTION ( 'NONE',  ( 0.000000000000000000, 0.000000000000000000, 1.000000000000000000 ) ) ;
#1039 = ORIENTED_EDGE ( 'NONE', *, *, #2206, .T. ) ;
#1040 = EDGE_CURVE ( 'NONE', #886, #1251, #112, .T. ) ;
#1041 = VERTEX_POINT ( 'NONE', #2275 ) ;
#1042 = EDGE_LOOP ( 'NONE', ( #2057, #366, #349, #2253 ) ) ;
#1043 = DIRECTION ( 'NONE',  ( 0.000000000000000000, 0.000000000000000000, 1.000000000000000000 ) ) ;
#1044 = DIRECTION ( 'NONE',  ( -0.000000000000000000, 1.000000000000000000, -0.000000000000000000 ) ) ;
#1045 = VECTOR ( 'NONE', #297, 1000.000000000000000 ) ;
#1046 = ADVANCED_FACE ( 'NONE', ( #111 ), #1203, .F. ) ;
#1047 = ORIENTED_EDGE ( 'NONE', *, *, #268, .F. ) ;
#1048 = CARTESIAN_POINT ( 'NONE',  ( -239.4749999999999943, 1.000000000000000000, 59.00000000000014921 ) ) ;
#1049 = ORIENTED_EDGE ( 'NONE', *, *, #1408, .F. ) ;
#1050 = CARTESIAN_POINT ( 'NONE',  ( -186.9749999999999943, 0.000000000000000000, -18.00000000000000000 ) ) ;
#1051 = CYLINDRICAL_SURFACE ( 'NONE', #1574, 2.249999999999998668 ) ;
#1052 = VERTEX_POINT ( 'NONE', #1893 ) ;
#1053 = ORIENTED_EDGE ( 'NONE', *, *, #532, .T. ) ;
#1054 = CIRCLE ( 'NONE', #1968, 4.000000000000003553 ) ;
#1055 = VECTOR ( 'NONE', #596, 1000.000000000000000 ) ;
#1056 = ORIENTED_EDGE ( 'NONE', *, *, #384, .T. ) ;
#1057 = DIRECTION ( 'NONE',  ( -0.000000000000000000, 1.000000000000000000, -0.000000000000000000 ) ) ;
#1058 = VECTOR ( 'NONE', #1163, 1000.000000000000000 ) ;
#1059 = DIRECTION ( 'NONE',  ( 0.000000000000000000, 0.000000000000000000, 1.000000000000000000 ) ) ;
#1060 = EDGE_CURVE ( 'NONE', #169, #1118, #2155, .T. ) ;
#1061 = ORIENTED_EDGE ( 'NONE', *, *, #268, .T. ) ;
#1062 = CARTESIAN_POINT ( 'NONE',  ( 187.0250000000000341, 5.000000000000000000, 15.75000000000000000 ) ) ;
#1063 = ORIENTED_EDGE ( 'NONE', *, *, #734, .F. ) ;
#1064 = DIRECTION ( 'NONE',  ( -0.000000000000000000, 1.000000000000000000, -0.000000000000000000 ) ) ;
#1065 = CARTESIAN_POINT ( 'NONE',  ( -196.9750000000000227, 0.000000000000000000, -20.24999999999999645 ) ) ;
#1066 = ORIENTED_EDGE ( 'NONE', *, *, #1028, .F. ) ;
#1067 = ORIENTED_EDGE ( 'NONE', *, *, #2182, .F. ) ;
#1068 = ORIENTED_EDGE ( 'NONE', *, *, #1182, .F. ) ;
#1069 = VECTOR ( 'NONE', #574, 1000.000000000000000 ) ;
#1070 = CARTESIAN_POINT ( 'NONE',  ( -196.9750000000000227, 5.000000000000000000, 15.75000000000000000 ) ) ;
#1071 = ORIENTED_EDGE ( 'NONE', *, *, #1545, .F. ) ;
#1072 = DIRECTION ( 'NONE',  ( 0.000000000000000000, 0.000000000000000000, 1.000000000000000000 ) ) ;
#1073 = ORIENTED_EDGE ( 'NONE', *, *, #619, .T. ) ;
#1074 = CYLINDRICAL_SURFACE ( 'NONE', #958, 2.250000000000001776 ) ;
#1075 = DIRECTION ( 'NONE',  ( -0.000000000000000000, 1.000000000000000000, -0.000000000000000000 ) ) ;
#1076 = AXIS2_PLACEMENT_3D ( 'NONE', #1641, #357, #527 ) ;
#1077 = EDGE_LOOP ( 'NONE', ( #2191, #1350, #878, #2002 ) ) ;
#1078 = CIRCLE ( 'NONE', #289, 2.500000000000002220 ) ;
#1079 = DIRECTION ( 'NONE',  ( 0.000000000000000000, 0.000000000000000000, 1.000000000000000000 ) ) ;
#1080 = CARTESIAN_POINT ( 'NONE',  ( -239.4749999999999943, 5.000000000000000000, 56.75000000000014921 ) ) ;
#1081 = ORIENTED_EDGE ( 'NONE', *, *, #352, .F. ) ;
#1082 = CARTESIAN_POINT ( 'NONE',  ( 101.0250000000000341, 0.000000000000000000, 20.24999999999999645 ) ) ;
#1083 = CIRCLE ( 'NONE', #1695, 4.000000000000003553 ) ;
#1084 = EDGE_CURVE ( 'NONE', #1418, #1413, #1738, .T. ) ;
#1085 = DIRECTION ( 'NONE',  ( 0.000000000000000000, -0.000000000000000000, -1.000000000000000000 ) ) ;
#1086 = ORIENTED_EDGE ( 'NONE', *, *, #1837, .F. ) ;
#1087 = ADVANCED_FACE ( 'NONE', ( #1398 ), #1371, .F. ) ;
#1088 = ORIENTED_EDGE ( 'NONE', *, *, #1757, .T. ) ;
#1089 = EDGE_CURVE ( 'NONE', #1475, #14, #1347, .T. ) ;
#1090 = PLANE ( 'NONE',  #2024 ) ;
#1091 = AXIS2_PLACEMENT_3D ( 'NONE', #2180, #342, #725 ) ;
#1092 = FACE_BOUND ( 'NONE', #533, .T. ) ;
#1093 = ORIENTED_EDGE ( 'NONE', *, *, #2029, .T. ) ;
#1094 = DIRECTION ( 'NONE',  ( 0.000000000000000000, 1.000000000000000000, 0.000000000000000000 ) ) ;
#1095 = ORIENTED_EDGE ( 'NONE', *, *, #1888, .T. ) ;
#1096 = LINE ( 'NONE', #2342, #321 ) ;
#1097 = CARTESIAN_POINT ( 'NONE',  ( -239.4749999999999943, 0.000000000000000000, 59.00000000000014921 ) ) ;
#1098 = CARTESIAN_POINT ( 'NONE',  ( 187.0250000000000341, 0.000000000000000000, -18.00000000000000000 ) ) ;
#1099 = VERTEX_POINT ( 'NONE', #124 ) ;
#1100 = AXIS2_PLACEMENT_3D ( 'NONE', #915, #1646, #429 ) ;
#1101 = EDGE_CURVE ( 'NONE', #406, #12, #486, .T. ) ;
#1102 = DIRECTION ( 'NONE',  ( 0.000000000000000000, 0.000000000000000000, 1.000000000000000000 ) ) ;
#1103 = DIRECTION ( 'NONE',  ( 0.000000000000000000, 0.000000000000000000, 1.000000000000000000 ) ) ;
#1104 = PLANE ( 'NONE',  #2077 ) ;
#1105 = FACE_BOUND ( 'NONE', #335, .T. ) ;
#1106 = DIRECTION ( 'NONE',  ( -0.000000000000000000, 0.000000000000000000, 1.000000000000000000 ) ) ;
#1107 = EDGE_LOOP ( 'NONE', ( #195, #500, #2205, #134 ) ) ;
#1108 = DIRECTION ( 'NONE',  ( 0.000000000000000000, 0.000000000000000000, 1.000000000000000000 ) ) ;
#1109 = ORIENTED_EDGE ( 'NONE', *, *, #1018, .F. ) ;
#1110 = AXIS2_PLACEMENT_3D ( 'NONE', #547, #1997, #1247 ) ;
#1111 = VECTOR ( 'NONE', #1380, 1000.000000000000000 ) ;
#1112 = CARTESIAN_POINT ( 'NONE',  ( 101.0250000000000341, 0.000000000000000000, -15.75000000000000000 ) ) ;
#1113 = AXIS2_PLACEMENT_3D ( 'NONE', #197, #875, #1602 ) ;
#1114 = EDGE_CURVE ( 'NONE', #1633, #1975, #513, .T. ) ;
#1115 = LINE ( 'NONE', #1457, #2089 ) ;
#1116 = FACE_BOUND ( 'NONE', #615, .T. ) ;
#1117 = ADVANCED_FACE ( 'NONE', ( #1928 ), #1562, .F. ) ;
#1118 = VERTEX_POINT ( 'NONE', #646 ) ;
#1119 = ORIENTED_EDGE ( 'NONE', *, *, #2105, .T. ) ;
#1120 = FACE_BOUND ( 'NONE', #1739, .T. ) ;
#1121 = EDGE_CURVE ( 'NONE', #1418, #2294, #1216, .T. ) ;
#1122 = DIRECTION ( 'NONE',  ( 0.000000000000000000, 1.000000000000000000, 0.000000000000000000 ) ) ;
#1123 = EDGE_LOOP ( 'NONE', ( #1810, #816, #675, #655 ) ) ;
#1124 = AXIS2_PLACEMENT_3D ( 'NONE', #558, #241, #569 ) ;
#1125 = DIRECTION ( 'NONE',  ( 0.000000000000000000, 1.000000000000000000, 0.000000000000000000 ) ) ;
#1126 = ORIENTED_EDGE ( 'NONE', *, *, #1860, .F. ) ;
#1127 = CARTESIAN_POINT ( 'NONE',  ( -196.9750000000000227, 0.000000000000000000, 15.75000000000000000 ) ) ;
#1128 = LINE ( 'NONE', #552, #2209 ) ;
#1129 = CARTESIAN_POINT ( 'NONE',  ( 5.025000000000002132, 0.000000000000000000, -20.24999999999999645 ) ) ;
#1130 = VECTOR ( 'NONE', #1419, 1000.000000000000000 ) ;
#1131 = EDGE_CURVE ( 'NONE', #55, #1176, #88, .T. ) ;
#1132 = EDGE_LOOP ( 'NONE', ( #97, #178, #2198, #1453 ) ) ;
#1133 = AXIS2_PLACEMENT_3D ( 'NONE', #807, #625, #85 ) ;
#1134 = DIRECTION ( 'NONE',  ( 0.000000000000000000, 0.000000000000000000, -1.000000000000000000 ) ) ;
#1135 = CARTESIAN_POINT ( 'NONE',  ( -239.4750000000000227, 0.000000000000000000, -56.74999999999996447 ) ) ;
#1136 = CARTESIAN_POINT ( 'NONE',  ( -100.9750000000000085, 0.000000000000000000, 15.75000000000000000 ) ) ;
#1137 = ORIENTED_EDGE ( 'NONE', *, *, #2098, .T. ) ;
#1138 = DIRECTION ( 'NONE',  ( 1.000000000000000000, 0.000000000000000000, 0.000000000000000000 ) ) ;
#1139 = DIRECTION ( 'NONE',  ( -0.000000000000000000, 1.000000000000000000, -0.000000000000000000 ) ) ;
#1140 = CARTESIAN_POINT ( 'NONE',  ( 239.4750000000000227, 0.000000000000000000, 59.00000000000002842 ) ) ;
#1141 = ORIENTED_EDGE ( 'NONE', *, *, #152, .T. ) ;
#1142 = CARTESIAN_POINT ( 'NONE',  ( 0.000000000000000000, 0.000000000000000000, 0.000000000000000000 ) ) ;
#1143 = EDGE_CURVE ( 'NONE', #129, #792, #438, .T. ) ;
#1144 = CYLINDRICAL_SURFACE ( 'NONE', #40, 2.250000000000001776 ) ;
#1145 = FACE_OUTER_BOUND ( 'NONE', #1789, .T. ) ;
#1146 = EDGE_LOOP ( 'NONE', ( #1782, #274, #1478, #1013 ) ) ;
#1147 = CIRCLE ( 'NONE', #1267, 2.249999999999998668 ) ;
#1148 = PLANE ( 'NONE',  #769 ) ;
#1149 = CIRCLE ( 'NONE', #1653, 2.249999999999998668 ) ;
#1150 = CARTESIAN_POINT ( 'NONE',  ( 239.4750000000000227, 1.000000000000000000, 55.00000000000002842 ) ) ;
#1151 = DIRECTION ( 'NONE',  ( -1.000000000000000000, 0.000000000000000000, -0.000000000000000000 ) ) ;
#1152 = LINE ( 'NONE', #1504, #1579 ) ;
#1153 = AXIS2_PLACEMENT_3D ( 'NONE', #1906, #826, #456 ) ;
#1154 = CARTESIAN_POINT ( 'NONE',  ( -239.4749999999999943, 5.000000000000000000, 59.00000000000014921 ) ) ;
#1155 = EDGE_CURVE ( 'NONE', #1775, #1175, #159, .T. ) ;
#1156 = CARTESIAN_POINT ( 'NONE',  ( 91.02500000000001990, 0.000000000000000000, -20.24999999999999645 ) ) ;
#1157 = ORIENTED_EDGE ( 'NONE', *, *, #1143, .F. ) ;
#1158 = VECTOR ( 'NONE', #2250, 1000.000000000000000 ) ;
#1159 = ADVANCED_FACE ( 'NONE', ( #367 ), #1964, .F. ) ;
#1160 = DIRECTION ( 'NONE',  ( -0.000000000000000000, 1.000000000000000000, -0.000000000000000000 ) ) ;
#1161 = ADVANCED_FACE ( 'NONE', ( #871 ), #1033, .F. ) ;
#1162 = DIRECTION ( 'NONE',  ( 0.000000000000000000, 0.000000000000000000, 1.000000000000000000 ) ) ;
#1163 = DIRECTION ( 'NONE',  ( -1.000000000000000000, -0.000000000000000000, -0.000000000000000000 ) ) ;
#1164 = APPLICATION_PROTOCOL_DEFINITION ( 'draft international standard', 'automotive_design', 1998, #507 ) ;
#1165 = DIRECTION ( 'NONE',  ( -0.000000000000000000, 1.000000000000000000, -0.000000000000000000 ) ) ;
#1166 = AXIS2_PLACEMENT_3D ( 'NONE', #1938, #1228, #2197 ) ;
#1167 = VECTOR ( 'NONE', #354, 1000.000000000000000 ) ;
#1168 = CARTESIAN_POINT ( 'NONE',  ( -241.9749999999999943, 0.000000000000000000, 61.50000000000002842 ) ) ;
#1169 = ORIENTED_EDGE ( 'NONE', *, *, #1269, .F. ) ;
#1170 = DIRECTION ( 'NONE',  ( 0.000000000000000000, 0.000000000000000000, 1.000000000000000000 ) ) ;
#1171 = LINE ( 'NONE', #1200, #1707 ) ;
#1172 = CARTESIAN_POINT ( 'NONE',  ( -241.9749999999999943, 5.000000000000000000, -61.49999999999997158 ) ) ;
#1173 = DIRECTION ( 'NONE',  ( -0.000000000000000000, -1.000000000000000000, -0.000000000000000000 ) ) ;
#1174 = CARTESIAN_POINT ( 'NONE',  ( -239.4750000000000227, 0.000000000000000000, -58.99999999999997158 ) ) ;
#1175 = VERTEX_POINT ( 'NONE', #20 ) ;
#1176 = VERTEX_POINT ( 'NONE', #1062 ) ;
#1177 = CIRCLE ( 'NONE', #759, 2.249999999999998668 ) ;
#1178 = CARTESIAN_POINT ( 'NONE',  ( -196.9750000000000227, 5.000000000000000000, -15.75000000000000000 ) ) ;
#1179 = ORIENTED_EDGE ( 'NONE', *, *, #515, .T. ) ;
#1180 = ORIENTED_EDGE ( 'NONE', *, *, #1476, .T. ) ;
#1181 = DIRECTION ( 'NONE',  ( -0.000000000000000000, 1.000000000000000000, -0.000000000000000000 ) ) ;
#1182 = EDGE_CURVE ( 'NONE', #2137, #880, #1799, .T. ) ;
#1183 = CARTESIAN_POINT ( 'NONE',  ( 239.4750000000000227, 5.000000000000000000, 59.00000000000002842 ) ) ;
#1184 = CARTESIAN_POINT ( 'NONE',  ( 187.0250000000000341, 0.000000000000000000, 15.75000000000000000 ) ) ;
#1185 = AXIS2_PLACEMENT_3D ( 'NONE', #1832, #1274, #396 ) ;
#1186 = CARTESIAN_POINT ( 'NONE',  ( 187.0250000000000341, 5.000000000000000000, 20.24999999999999645 ) ) ;
#1187 = CYLINDRICAL_SURFACE ( 'NONE', #1920, 4.000000000000003553 ) ;
#1188 = EDGE_CURVE ( 'NONE', #98, #1718, #524, .T. ) ;
#1189 = DIRECTION ( 'NONE',  ( -1.000000000000000000, 0.000000000000000000, -0.000000000000000000 ) ) ;
#1190 = EDGE_CURVE ( 'NONE', #1941, #2335, #1245, .T. ) ;
#1191 = ORIENTED_EDGE ( 'NONE', *, *, #2156, .F. ) ;
#1192 = VECTOR ( 'NONE', #678, 1000.000000000000000 ) ;
#1193 = EDGE_CURVE ( 'NONE', #935, #129, #1610, .T. ) ;
#1194 = DIRECTION ( 'NONE',  ( 0.000000000000000000, 0.000000000000000000, 1.000000000000000000 ) ) ;
#1195 = ORIENTED_EDGE ( 'NONE', *, *, #1621, .T. ) ;
#1196 = ORIENTED_EDGE ( 'NONE', *, *, #2140, .F. ) ;
#1197 = DIRECTION ( 'NONE',  ( 1.000000000000000000, 0.000000000000000000, 0.000000000000000000 ) ) ;
#1198 = CIRCLE ( 'NONE', #549, 4.000000000000003553 ) ;
#1199 = AXIS2_PLACEMENT_3D ( 'NONE', #1652, #57, #1664 ) ;
#1200 = CARTESIAN_POINT ( 'NONE',  ( 187.0250000000000341, 5.000000000000000000, -15.75000000000000000 ) ) ;
#1201 = CARTESIAN_POINT ( 'NONE',  ( -244.4749999999999943, 0.000000000000000000, 64.00000000000002842 ) ) ;
#1202 = CARTESIAN_POINT ( 'NONE',  ( 239.4749999999999943, 5.000000000000000000, -59.00000000000002842 ) ) ;
#1203 = CYLINDRICAL_SURFACE ( 'NONE', #967, 2.249999999999998668 ) ;
#1204 = EDGE_CURVE ( 'NONE', #393, #1244, #1765, .T. ) ;
#1205 = ORIENTED_EDGE ( 'NONE', *, *, #1060, .T. ) ;
#1206 = VECTOR ( 'NONE', #2231, 1000.000000000000000 ) ;
#1207 = DIRECTION ( 'NONE',  ( 0.000000000000000000, 0.000000000000000000, 1.000000000000000000 ) ) ;
#1208 = VERTEX_POINT ( 'NONE', #2149 ) ;
#1209 = VECTOR ( 'NONE', #179, 1000.000000000000000 ) ;
#1210 = ORIENTED_EDGE ( 'NONE', *, *, #1927, .T. ) ;
#1211 = DIRECTION ( 'NONE',  ( -1.000000000000000000, -0.000000000000000000, -0.000000000000000000 ) ) ;
#1212 = ORIENTED_EDGE ( 'NONE', *, *, #1396, .T. ) ;
#1213 = CARTESIAN_POINT ( 'NONE',  ( -186.9749999999999943, 0.000000000000000000, -15.75000000000000000 ) ) ;
#1214 = CARTESIAN_POINT ( 'NONE',  ( -196.9750000000000227, 0.000000000000000000, 15.75000000000000000 ) ) ;
#1215 = CARTESIAN_POINT ( 'NONE',  ( 0.000000000000000000, 0.000000000000000000, 0.000000000000000000 ) ) ;
#1216 = LINE ( 'NONE', #974, #2188 ) ;
#1217 = AXIS2_PLACEMENT_3D ( 'NONE', #593, #1327, #2046 ) ;
#1218 = ORIENTED_EDGE ( 'NONE', *, *, #812, .F. ) ;
#1219 = EDGE_CURVE ( 'NONE', #1796, #319, #2040, .T. ) ;
#1220 = VERTEX_POINT ( 'NONE', #6 ) ;
#1221 = DIRECTION ( 'NONE',  ( 1.000000000000000000, 0.000000000000000000, 0.000000000000000000 ) ) ;
#1222 = VERTEX_POINT ( 'NONE', #1277 ) ;
#1223 = VERTEX_POINT ( 'NONE', #859 ) ;
#1224 = VERTEX_POINT ( 'NONE', #1230 ) ;
#1225 = EDGE_CURVE ( 'NONE', #1894, #2294, #1639, .T. ) ;
#1226 = UNCERTAINTY_MEASURE_WITH_UNIT (LENGTH_MEASURE( 1.000000000000000082E-05 ), #1841, 'distance_accuracy_value', 'NONE');
#1227 = EDGE_LOOP ( 'NONE', ( #1448, #1056 ) ) ;
#1228 = DIRECTION ( 'NONE',  ( -0.000000000000000000, 1.000000000000000000, -0.000000000000000000 ) ) ;
#1229 = DIRECTION ( 'NONE',  ( 0.000000000000000000, 0.000000000000000000, 1.000000000000000000 ) ) ;
#1230 = CARTESIAN_POINT ( 'NONE',  ( -100.9750000000000085, 0.000000000000000000, 20.24999999999999645 ) ) ;
#1231 = AXIS2_PLACEMENT_3D ( 'NONE', #643, #267, #793 ) ;
#1232 = VERTEX_POINT ( 'NONE', #314 ) ;
#1233 = DIRECTION ( 'NONE',  ( -0.000000000000000000, 1.000000000000000000, -0.000000000000000000 ) ) ;
#1234 = VECTOR ( 'NONE', #637, 1000.000000000000000 ) ;
#1235 = CARTESIAN_POINT ( 'NONE',  ( 241.7250000000000227, 1.000000000000000000, 59.00000000000002842 ) ) ;
#1236 = ORIENTED_EDGE ( 'NONE', *, *, #910, .F. ) ;
#1237 = AXIS2_PLACEMENT_3D ( 'NONE', #1235, #1987, #1085 ) ;
#1238 = VERTEX_POINT ( 'NONE', #1254 ) ;
#1239 = EDGE_CURVE ( 'NONE', #1605, #1565, #2311, .T. ) ;
#1240 = ORIENTED_EDGE ( 'NONE', *, *, #138, .F. ) ;
#1241 = DIRECTION ( 'NONE',  ( -1.000000000000000000, -0.000000000000000000, -0.000000000000000000 ) ) ;
#1242 = DIRECTION ( 'NONE',  ( 0.000000000000000000, 0.000000000000000000, 1.000000000000000000 ) ) ;
#1243 = EDGE_CURVE ( 'NONE', #1954, #1592, #1323, .T. ) ;
#1244 = VERTEX_POINT ( 'NONE', #895 ) ;
#1245 = LINE ( 'NONE', #1983, #1403 ) ;
#1246 = ORIENTED_EDGE ( 'NONE', *, *, #742, .F. ) ;
#1247 = DIRECTION ( 'NONE',  ( 0.000000000000000000, 0.000000000000000000, 1.000000000000000000 ) ) ;
#1248 = CARTESIAN_POINT ( 'NONE',  ( -239.4750000000000227, 5.000000000000000000, -62.99999999999997158 ) ) ;
#1249 = VERTEX_POINT ( 'NONE', #1953 ) ;
#1250 = VECTOR ( 'NONE', #1241, 1000.000000000000000 ) ;
#1251 = VERTEX_POINT ( 'NONE', #1449 ) ;
#1252 = CARTESIAN_POINT ( 'NONE',  ( 91.02500000000001990, 0.000000000000000000, 18.00000000000000000 ) ) ;
#1253 = ORIENTED_EDGE ( 'NONE', *, *, #1511, .T. ) ;
#1254 = CARTESIAN_POINT ( 'NONE',  ( -100.9750000000000085, 5.000000000000000000, -20.24999999999999645 ) ) ;
#1255 = EDGE_LOOP ( 'NONE', ( #1296, #2339, #2162, #2065 ) ) ;
#1256 = FACE_OUTER_BOUND ( 'NONE', #2112, .T. ) ;
#1257 = LINE ( 'NONE', #1979, #927 ) ;
#1258 = VERTEX_POINT ( 'NONE', #1586 ) ;
#1259 = CARTESIAN_POINT ( 'NONE',  ( -196.9750000000000227, 0.000000000000000000, -18.00000000000000000 ) ) ;
#1260 = EDGE_CURVE ( 'NONE', #1413, #852, #714, .T. ) ;
#1261 = ORIENTED_EDGE ( 'NONE', *, *, #1732, .F. ) ;
#1262 = DIRECTION ( 'NONE',  ( -0.000000000000000000, 1.000000000000000000, -0.000000000000000000 ) ) ;
#1263 = EDGE_CURVE ( 'NONE', #2038, #1592, #1811, .T. ) ;
#1264 = VERTEX_POINT ( 'NONE', #673 ) ;
#1265 = LINE ( 'NONE', #1986, #1882 ) ;
#1266 = ADVANCED_FACE ( 'NONE', ( #1410 ), #329, .F. ) ;
#1267 = AXIS2_PLACEMENT_3D ( 'NONE', #1854, #947, #437 ) ;
#1268 = FACE_OUTER_BOUND ( 'NONE', #165, .T. ) ;
#1269 = EDGE_CURVE ( 'NONE', #1258, #1223, #1635, .T. ) ;
#1270 = EDGE_CURVE ( 'NONE', #1249, #2143, #1995, .T. ) ;
#1271 = CIRCLE ( 'NONE', #1870, 2.249999999999998668 ) ;
#1272 = EDGE_LOOP ( 'NONE', ( #1404, #1970 ) ) ;
#1273 = VECTOR ( 'NONE', #1591, 1000.000000000000000 ) ;
#1274 = DIRECTION ( 'NONE',  ( 0.000000000000000000, 1.000000000000000000, 0.000000000000000000 ) ) ;
#1275 = CARTESIAN_POINT ( 'NONE',  ( -196.9750000000000227, 0.000000000000000000, 18.00000000000000000 ) ) ;
#1276 = ORIENTED_EDGE ( 'NONE', *, *, #1580, .F. ) ;
#1277 = CARTESIAN_POINT ( 'NONE',  ( -239.4749999999999943, 5.000000000000000000, 63.00000000000015632 ) ) ;
#1278 = AXIS2_PLACEMENT_3D ( 'NONE', #1011, #833, #614 ) ;
#1279 = VERTEX_POINT ( 'NONE', #1129 ) ;
#1280 = DIRECTION ( 'NONE',  ( -0.000000000000000000, 1.000000000000000000, -0.000000000000000000 ) ) ;
#1281 = AXIS2_PLACEMENT_3D ( 'NONE', #2249, #1173, #463 ) ;
#1282 = DIRECTION ( 'NONE',  ( 0.000000000000000000, 0.000000000000000000, 1.000000000000000000 ) ) ;
#1283 = EDGE_CURVE ( 'NONE', #1546, #30, #2007, .T. ) ;
#1284 = DIRECTION ( 'NONE',  ( -1.000000000000000000, -0.000000000000000000, -0.000000000000000000 ) ) ;
#1285 = VERTEX_POINT ( 'NONE', #554 ) ;
#1286 = AXIS2_PLACEMENT_3D ( 'NONE', #1098, #1924, #2336 ) ;
#1287 = CARTESIAN_POINT ( 'NONE',  ( -100.9750000000000085, 0.000000000000000000, -15.75000000000000000 ) ) ;
#1288 = AXIS2_PLACEMENT_3D ( 'NONE', #1172, #2076, #1711 ) ;
#1289 = DIRECTION ( 'NONE',  ( -1.000000000000000000, -0.000000000000000000, -0.000000000000000000 ) ) ;
#1290 = ORIENTED_EDGE ( 'NONE', *, *, #488, .T. ) ;
#1291 = CYLINDRICAL_SURFACE ( 'NONE', #1819, 2.249999999999998668 ) ;
#1292 = DIRECTION ( 'NONE',  ( 0.000000000000000000, -0.000000000000000000, -1.000000000000000000 ) ) ;
#1293 = LINE ( 'NONE', #35, #934 ) ;
#1294 = ORIENTED_EDGE ( 'NONE', *, *, #1018, .T. ) ;
#1295 = LINE ( 'NONE', #1156, #1700 ) ;
#1296 = ORIENTED_EDGE ( 'NONE', *, *, #944, .F. ) ;
#1297 = EDGE_CURVE ( 'NONE', #1963, #1373, #10, .T. ) ;
#1298 = CARTESIAN_POINT ( 'NONE',  ( -100.9750000000000085, 0.000000000000000000, -15.75000000000000000 ) ) ;
#1299 = EDGE_CURVE ( 'NONE', #1458, #850, #771, .T. ) ;
#1300 = AXIS2_PLACEMENT_3D ( 'NONE', #600, #1026, #1554 ) ;
#1301 = DIRECTION ( 'NONE',  ( 1.000000000000000000, 0.000000000000000000, 0.000000000000000000 ) ) ;
#1302 = DIRECTION ( 'NONE',  ( 0.000000000000000000, 1.000000000000000000, 0.000000000000000000 ) ) ;
#1303 = FACE_BOUND ( 'NONE', #529, .T. ) ;
#1304 = DIRECTION ( 'NONE',  ( 0.000000000000000000, 0.000000000000000000, -1.000000000000000000 ) ) ;
#1305 = EDGE_LOOP ( 'NONE', ( #1980, #1039, #686, #328 ) ) ;
#1306 = CIRCLE ( 'NONE', #1231, 2.249999999999998668 ) ;
#1307 = LINE ( 'NONE', #957, #2022 ) ;
#1308 = ADVANCED_FACE ( 'NONE', ( #2031, #2202 ), #1482, .F. ) ;
#1309 = CIRCLE ( 'NONE', #696, 2.249999999999998668 ) ;
#1310 = DIRECTION ( 'NONE',  ( 0.000000000000000000, 1.000000000000000000, 0.000000000000000000 ) ) ;
#1311 = LINE ( 'NONE', #1848, #1594 ) ;
#1312 = EDGE_LOOP ( 'NONE', ( #1348, #1157 ) ) ;
#1313 = VERTEX_POINT ( 'NONE', #1823 ) ;
#1314 = DIRECTION ( 'NONE',  ( 1.000000000000000000, 0.000000000000000000, 0.000000000000000000 ) ) ;
#1315 = DIRECTION ( 'NONE',  ( 1.000000000000000000, 0.000000000000000000, 0.000000000000000000 ) ) ;
#1316 = CIRCLE ( 'NONE', #898, 2.249999999999998668 ) ;
#1317 = VECTOR ( 'NONE', #1165, 1000.000000000000000 ) ;
#1318 = DIRECTION ( 'NONE',  ( 0.000000000000000000, 0.000000000000000000, 1.000000000000000000 ) ) ;
#1319 = ORIENTED_EDGE ( 'NONE', *, *, #2000, .F. ) ;
#1320 = CARTESIAN_POINT ( 'NONE',  ( 187.0250000000000341, 0.000000000000000000, -15.75000000000000000 ) ) ;
#1321 = DIRECTION ( 'NONE',  ( 0.000000000000000000, 0.000000000000000000, 1.000000000000000000 ) ) ;
#1322 = DIRECTION ( 'NONE',  ( 0.000000000000000000, 1.000000000000000000, 0.000000000000000000 ) ) ;
#1323 = CIRCLE ( 'NONE', #383, 2.250000000000001776 ) ;
#1324 = PLANE ( 'NONE',  #2305 ) ;
#1325 = ORIENTED_EDGE ( 'NONE', *, *, #190, .F. ) ;
#1326 = CARTESIAN_POINT ( 'NONE',  ( 91.02500000000001990, 0.000000000000000000, -15.75000000000000000 ) ) ;
#1327 = DIRECTION ( 'NONE',  ( 0.000000000000000000, 1.000000000000000000, 0.000000000000000000 ) ) ;
#1328 = VERTEX_POINT ( 'NONE', #1648 ) ;
#1329 = CIRCLE ( 'NONE', #984, 2.249999999999998668 ) ;
#1330 = CARTESIAN_POINT ( 'NONE',  ( -239.4750000000000227, 5.000000000000000000, -58.99999999999997158 ) ) ;
#1331 = CARTESIAN_POINT ( 'NONE',  ( 241.9749999999999943, 5.000000000000000000, 64.00000000000002842 ) ) ;
#1332 = DIRECTION ( 'NONE',  ( 0.000000000000000000, 0.000000000000000000, -1.000000000000000000 ) ) ;
#1333 = CARTESIAN_POINT ( 'NONE',  ( 239.4750000000000227, 5.000000000000000000, 55.00000000000002842 ) ) ;
#1334 = ADVANCED_FACE ( 'NONE', ( #73, #1856, #205, #1513, #412, #1471, #1693, #391, #783, #1116, #1671, #2192, #2214, #400, #1502 ), #1104, .T. ) ;
#1335 = DIRECTION ( 'NONE',  ( 0.000000000000000000, 0.000000000000000000, 1.000000000000000000 ) ) ;
#1336 = ADVANCED_FACE ( 'NONE', ( #587 ), #1291, .F. ) ;
#1337 = CARTESIAN_POINT ( 'NONE',  ( 197.0250000000000341, 5.000000000000000000, 18.00000000000000000 ) ) ;
#1338 = ORIENTED_EDGE ( 'NONE', *, *, #2212, .F. ) ;
#1339 = ORIENTED_EDGE ( 'NONE', *, *, #765, .T. ) ;
#1340 = VECTOR ( 'NONE', #1645, 1000.000000000000000 ) ;
#1341 = CARTESIAN_POINT ( 'NONE',  ( 244.4749999999999943, 0.000000000000000000, -61.49999999999997158 ) ) ;
#1342 = CIRCLE ( 'NONE', #2058, 2.249999999999998668 ) ;
#1343 = CARTESIAN_POINT ( 'NONE',  ( -186.9749999999999943, 0.000000000000000000, 20.24999999999999645 ) ) ;
#1344 = CARTESIAN_POINT ( 'NONE',  ( -239.4749999999999943, 0.000000000000000000, 59.00000000000014921 ) ) ;
#1345 = CARTESIAN_POINT ( 'NONE',  ( 239.4749999999999943, 1.000000000000000000, -59.00000000000002842 ) ) ;
#1346 = DIRECTION ( 'NONE',  ( 0.000000000000000000, 0.000000000000000000, 1.000000000000000000 ) ) ;
#1347 = LINE ( 'NONE', #1752, #1625 ) ;
#1348 = ORIENTED_EDGE ( 'NONE', *, *, #738, .F. ) ;
#1349 = CARTESIAN_POINT ( 'NONE',  ( -239.4750000000000227, 1.000000000000000000, -62.99999999999997158 ) ) ;
#1350 = ORIENTED_EDGE ( 'NONE', *, *, #941, .T. ) ;
#1351 = VECTOR ( 'NONE', #661, 1000.000000000000000 ) ;
#1352 = DIRECTION ( 'NONE',  ( 0.000000000000000000, 1.000000000000000000, 0.000000000000000000 ) ) ;
#1353 = DIRECTION ( 'NONE',  ( 0.000000000000000000, 1.000000000000000000, 0.000000000000000000 ) ) ;
#1354 = DIRECTION ( 'NONE',  ( -1.000000000000000000, 0.000000000000000000, 0.000000000000000000 ) ) ;
#1355 = FACE_OUTER_BOUND ( 'NONE', #1107, .T. ) ;
#1356 = DIRECTION ( 'NONE',  ( 0.000000000000000000, 1.000000000000000000, 0.000000000000000000 ) ) ;
#1357 = ORIENTED_EDGE ( 'NONE', *, *, #853, .T. ) ;
#1358 = ORIENTED_EDGE ( 'NONE', *, *, #1416, .T. ) ;
#1359 = AXIS2_PLACEMENT_3D ( 'NONE', #2297, #451, #440 ) ;
#1360 = CARTESIAN_POINT ( 'NONE',  ( -239.4749999999999943, 1.000000000000000000, 63.00000000000015632 ) ) ;
#1361 = ORIENTED_EDGE ( 'NONE', *, *, #1378, .F. ) ;
#1362 = EDGE_CURVE ( 'NONE', #835, #184, #1311, .T. ) ;
#1363 = EDGE_LOOP ( 'NONE', ( #1930, #1372, #1191, #2071 ) ) ;
#1364 = DIRECTION ( 'NONE',  ( 0.000000000000000000, 1.000000000000000000, 0.000000000000000000 ) ) ;
#1365 = CARTESIAN_POINT ( 'NONE',  ( -244.4749999999999943, 5.000000000000000000, 61.50000000000002842 ) ) ;
#1366 = EDGE_CURVE ( 'NONE', #2137, #336, #1680, .T. ) ;
#1367 = FACE_OUTER_BOUND ( 'NONE', #2318, .T. ) ;
#1368 = LINE ( 'NONE', #1333, #1111 ) ;
#1369 = DIRECTION ( 'NONE',  ( -1.000000000000000000, -0.000000000000000000, -0.000000000000000000 ) ) ;
#1370 =( NAMED_UNIT ( * ) PLANE_ANGLE_UNIT ( ) SI_UNIT ( $, .RADIAN. ) );
#1371 = PLANE ( 'NONE',  #1472 ) ;
#1372 = ORIENTED_EDGE ( 'NONE', *, *, #115, .F. ) ;
#1373 = VERTEX_POINT ( 'NONE', #238 ) ;
#1374 = CIRCLE ( 'NONE', #2325, 2.249999999999998668 ) ;
#1375 = CYLINDRICAL_SURFACE ( 'NONE', #1153, 2.500000000000002220 ) ;
#1376 = ORIENTED_EDGE ( 'NONE', *, *, #2283, .T. ) ;
#1377 = DIRECTION ( 'NONE',  ( -0.000000000000000000, 1.000000000000000000, -0.000000000000000000 ) ) ;
#1378 = EDGE_CURVE ( 'NONE', #336, #1773, #670, .T. ) ;
#1379 = CARTESIAN_POINT ( 'NONE',  ( 101.0250000000000341, 0.000000000000000000, 18.00000000000000000 ) ) ;
#1380 = DIRECTION ( 'NONE',  ( -0.000000000000000000, 1.000000000000000000, -0.000000000000000000 ) ) ;
#1381 = AXIS2_PLACEMENT_3D ( 'NONE', #1749, #479, #1566 ) ;
#1382 = DIRECTION ( 'NONE',  ( -0.000000000000000000, 1.000000000000000000, -0.000000000000000000 ) ) ;
#1383 = VERTEX_POINT ( 'NONE', #2042 ) ;
#1384 = VECTOR ( 'NONE', #1630, 1000.000000000000000 ) ;
#1385 = EDGE_LOOP ( 'NONE', ( #235, #2320, #1619, #1524 ) ) ;
#1386 = DIRECTION ( 'NONE',  ( 0.000000000000000000, 0.000000000000000000, -1.000000000000000000 ) ) ;
#1387 = ORIENTED_EDGE ( 'NONE', *, *, #2223, .F. ) ;
#1388 = ORIENTED_EDGE ( 'NONE', *, *, #1297, .T. ) ;
#1389 =( GEOMETRIC_REPRESENTATION_CONTEXT ( 3 ) GLOBAL_UNCERTAINTY_ASSIGNED_CONTEXT ( ( #2293 ) ) GLOBAL_UNIT_ASSIGNED_CONTEXT ( ( #1023, #1370, #972 ) ) REPRESENTATION_CONTEXT ( 'NONE', 'WORKASPACE' ) );
#1390 = ORIENTED_EDGE ( 'NONE', *, *, #2206, .F. ) ;
#1391 = CARTESIAN_POINT ( 'NONE',  ( -196.9750000000000227, 0.000000000000000000, -15.75000000000000000 ) ) ;
#1392 = AXIS2_PLACEMENT_3D ( 'NONE', #1202, #108, #1714 ) ;
#1393 = ORIENTED_EDGE ( 'NONE', *, *, #299, .F. ) ;
#1394 = DIRECTION ( 'NONE',  ( -0.000000000000000000, 1.000000000000000000, -0.000000000000000000 ) ) ;
#1395 = FACE_OUTER_BOUND ( 'NONE', #698, .T. ) ;
#1396 = EDGE_CURVE ( 'NONE', #787, #1667, #2312, .T. ) ;
#1397 = CARTESIAN_POINT ( 'NONE',  ( -186.9749999999999943, 0.000000000000000000, 20.24999999999999645 ) ) ;
#1398 = FACE_OUTER_BOUND ( 'NONE', #255, .T. ) ;
#1399 = VERTEX_POINT ( 'NONE', #1890 ) ;
#1400 = ORIENTED_EDGE ( 'NONE', *, *, #1660, .F. ) ;
#1401 = AXIS2_PLACEMENT_3D ( 'NONE', #259, #292, #970 ) ;
#1402 = CARTESIAN_POINT ( 'NONE',  ( 244.4749999999999943, 0.000000000000000000, 61.50000000000002842 ) ) ;
#1403 = VECTOR ( 'NONE', #2324, 1000.000000000000000 ) ;
#1404 = ORIENTED_EDGE ( 'NONE', *, *, #1219, .T. ) ;
#1405 = ORIENTED_EDGE ( 'NONE', *, *, #2059, .T. ) ;
#1406 = DIRECTION ( 'NONE',  ( 0.000000000000000000, 0.000000000000000000, 1.000000000000000000 ) ) ;
#1407 = CARTESIAN_POINT ( 'NONE',  ( -90.97499999999999432, 5.000000000000000000, 20.24999999999999645 ) ) ;
#1408 = EDGE_CURVE ( 'NONE', #1285, #827, #1891, .T. ) ;
#1409 = ORIENTED_EDGE ( 'NONE', *, *, #145, .F. ) ;
#1410 = FACE_OUTER_BOUND ( 'NONE', #1754, .T. ) ;
#1411 = AXIS2_PLACEMENT_3D ( 'NONE', #1741, #1353, #830 ) ;
#1412 = EDGE_LOOP ( 'NONE', ( #160, #3 ) ) ;
#1413 = VERTEX_POINT ( 'NONE', #2273 ) ;
#1414 = CARTESIAN_POINT ( 'NONE',  ( -196.9750000000000227, 0.000000000000000000, -20.24999999999999645 ) ) ;
#1415 = DIRECTION ( 'NONE',  ( -0.000000000000000000, 1.000000000000000000, -0.000000000000000000 ) ) ;
#1416 = EDGE_CURVE ( 'NONE', #2314, #1176, #270, .T. ) ;
#1417 = VERTEX_POINT ( 'NONE', #1561 ) ;
#1418 = VERTEX_POINT ( 'NONE', #2285 ) ;
#1419 = DIRECTION ( 'NONE',  ( -1.000000000000000000, -0.000000000000000000, -0.000000000000000000 ) ) ;
#1420 = CARTESIAN_POINT ( 'NONE',  ( 5.025000000000002132, 5.000000000000000000, -15.75000000000000000 ) ) ;
#1421 = VERTEX_POINT ( 'NONE', #971 ) ;
#1422 = CARTESIAN_POINT ( 'NONE',  ( 187.0250000000000341, 0.000000000000000000, -20.24999999999999645 ) ) ;
#1423 = VECTOR ( 'NONE', #2084, 1000.000000000000000 ) ;
#1424 = ORIENTED_EDGE ( 'NONE', *, *, #83, .T. ) ;
#1425 = DIRECTION ( 'NONE',  ( 0.000000000000000000, 0.000000000000000000, 1.000000000000000000 ) ) ;
#1426 = CARTESIAN_POINT ( 'NONE',  ( 91.02500000000001990, 5.000000000000000000, -15.75000000000000000 ) ) ;
#1427 = ORIENTED_EDGE ( 'NONE', *, *, #2070, .F. ) ;
#1428 = VECTOR ( 'NONE', #1221, 1000.000000000000000 ) ;
#1429 = ORIENTED_EDGE ( 'NONE', *, *, #1446, .T. ) ;
#1430 = ORIENTED_EDGE ( 'NONE', *, *, #1476, .F. ) ;
#1431 = DIRECTION ( 'NONE',  ( 0.000000000000000000, 0.000000000000000000, 1.000000000000000000 ) ) ;
#1432 = LINE ( 'NONE', #1597, #732 ) ;
#1433 = VECTOR ( 'NONE', #1551, 1000.000000000000000 ) ;
#1434 = ORIENTED_EDGE ( 'NONE', *, *, #185, .T. ) ;
#1435 = DIRECTION ( 'NONE',  ( -1.000000000000000000, -0.000000000000000000, -0.000000000000000000 ) ) ;
#1436 = ORIENTED_EDGE ( 'NONE', *, *, #1131, .F. ) ;
#1437 = CARTESIAN_POINT ( 'NONE',  ( 101.0250000000000341, 0.000000000000000000, 15.75000000000000000 ) ) ;
#1438 = DIRECTION ( 'NONE',  ( -0.000000000000000000, 1.000000000000000000, -0.000000000000000000 ) ) ;
#1439 = EDGE_CURVE ( 'NONE', #1718, #517, #2121, .T. ) ;
#1440 = VERTEX_POINT ( 'NONE', #1536 ) ;
#1441 = VECTOR ( 'NONE', #2219, 1000.000000000000000 ) ;
#1442 = AXIS2_PLACEMENT_3D ( 'NONE', #1569, #1354, #132 ) ;
#1443 = EDGE_CURVE ( 'NONE', #1220, #916, #1514, .T. ) ;
#1444 = EDGE_LOOP ( 'NONE', ( #901, #1946, #988, #1119 ) ) ;
#1445 = CARTESIAN_POINT ( 'NONE',  ( -100.9750000000000085, 0.000000000000000000, -20.24999999999999645 ) ) ;
#1446 = EDGE_CURVE ( 'NONE', #1600, #2256, #343, .T. ) ;
#1447 = ADVANCED_FACE ( 'NONE', ( #831 ), #1742, .T. ) ;
#1448 = ORIENTED_EDGE ( 'NONE', *, *, #1660, .T. ) ;
#1449 = CARTESIAN_POINT ( 'NONE',  ( 239.4750000000000227, 5.000000000000000000, 63.00000000000002842 ) ) ;
#1450 = ORIENTED_EDGE ( 'NONE', *, *, #2223, .T. ) ;
#1451 = FACE_OUTER_BOUND ( 'NONE', #2244, .T. ) ;
#1452 = LINE ( 'NONE', #183, #1384 ) ;
#1453 = ORIENTED_EDGE ( 'NONE', *, *, #1836, .F. ) ;
#1454 = ORIENTED_EDGE ( 'NONE', *, *, #776, .T. ) ;
#1455 = DIRECTION ( 'NONE',  ( -0.000000000000000000, 1.000000000000000000, -0.000000000000000000 ) ) ;
#1456 = ADVANCED_FACE ( 'NONE', ( #280 ), #843, .F. ) ;
#1457 = CARTESIAN_POINT ( 'NONE',  ( 5.025000000000002132, 0.000000000000000000, -20.24999999999999645 ) ) ;
#1458 = VERTEX_POINT ( 'NONE', #473 ) ;
#1459 = DIRECTION ( 'NONE',  ( 0.000000000000000000, 0.000000000000000000, 1.000000000000000000 ) ) ;
#1460 = ORIENTED_EDGE ( 'NONE', *, *, #424, .F. ) ;
#1461 = DIRECTION ( 'NONE',  ( 0.000000000000000000, 0.000000000000000000, -1.000000000000000000 ) ) ;
#1462 = CIRCLE ( 'NONE', #1567, 3.999999999999996447 ) ;
#1463 = FACE_OUTER_BOUND ( 'NONE', #581, .T. ) ;
#1464 = AXIS2_PLACEMENT_3D ( 'NONE', #293, #1007, #1751 ) ;
#1465 = ORIENTED_EDGE ( 'NONE', *, *, #355, .F. ) ;
#1466 = ORIENTED_EDGE ( 'NONE', *, *, #254, .F. ) ;
#1467 = CARTESIAN_POINT ( 'NONE',  ( 5.025000000000002132, 0.000000000000000000, -15.75000000000000000 ) ) ;
#1468 = ORIENTED_EDGE ( 'NONE', *, *, #837, .F. ) ;
#1469 = CYLINDRICAL_SURFACE ( 'NONE', #684, 4.000000000000003553 ) ;
#1470 = ORIENTED_EDGE ( 'NONE', *, *, #941, .F. ) ;
#1471 = FACE_BOUND ( 'NONE', #1412, .T. ) ;
#1472 = AXIS2_PLACEMENT_3D ( 'NONE', #2091, #464, #1189 ) ;
#1473 = DIRECTION ( 'NONE',  ( -0.000000000000000000, 1.000000000000000000, -0.000000000000000000 ) ) ;
#1474 = DIRECTION ( 'NONE',  ( -1.000000000000000000, -0.000000000000000000, -0.000000000000000000 ) ) ;
#1475 = VERTEX_POINT ( 'NONE', #645 ) ;
#1476 = EDGE_CURVE ( 'NONE', #1258, #1264, #1526, .T. ) ;
#1477 = CARTESIAN_POINT ( 'NONE',  ( 91.02500000000001990, 0.000000000000000000, 18.00000000000000000 ) ) ;
#1478 = ORIENTED_EDGE ( 'NONE', *, *, #2059, .F. ) ;
#1479 = CARTESIAN_POINT ( 'NONE',  ( -4.975000000000006750, 5.000000000000000000, 15.75000000000000000 ) ) ;
#1480 = AXIS2_PLACEMENT_3D ( 'NONE', #2340, #147, #496 ) ;
#1481 = CARTESIAN_POINT ( 'NONE',  ( -241.9749999999999943, 0.000000000000000000, -63.99999999999997158 ) ) ;
#1482 = PLANE ( 'NONE',  #976 ) ;
#1483 = CARTESIAN_POINT ( 'NONE',  ( 197.0250000000000341, 0.000000000000000000, -18.00000000000000000 ) ) ;
#1484 = SURFACE_STYLE_FILL_AREA ( #2036 ) ;
#1485 = EDGE_CURVE ( 'NONE', #12, #1208, #712, .T. ) ;
#1486 = DIRECTION ( 'NONE',  ( -1.000000000000000000, 0.000000000000000000, -0.000000000000000000 ) ) ;
#1487 = VERTEX_POINT ( 'NONE', #609 ) ;
#1488 = CARTESIAN_POINT ( 'NONE',  ( 5.025000000000002132, 0.000000000000000000, 20.24999999999999645 ) ) ;
#1489 = AXIS2_PLACEMENT_3D ( 'NONE', #1834, #213, #29 ) ;
#1490 = LINE ( 'NONE', #42, #459 ) ;
#1491 = DIRECTION ( 'NONE',  ( 0.000000000000000000, 0.000000000000000000, 1.000000000000000000 ) ) ;
#1492 = FACE_BOUND ( 'NONE', #1385, .T. ) ;
#1493 = ORIENTED_EDGE ( 'NONE', *, *, #1945, .F. ) ;
#1494 = CARTESIAN_POINT ( 'NONE',  ( 244.4749999999999943, 5.000000000000000000, -61.49999999999997158 ) ) ;
#1495 = DIRECTION ( 'NONE',  ( 0.000000000000000000, 0.000000000000000000, 1.000000000000000000 ) ) ;
#1496 = ORIENTED_EDGE ( 'NONE', *, *, #1885, .F. ) ;
#1497 = CIRCLE ( 'NONE', #649, 4.000000000000003553 ) ;
#1498 = EDGE_LOOP ( 'NONE', ( #243, #22, #1319, #633 ) ) ;
#1499 = DIRECTION ( 'NONE',  ( -0.000000000000000000, 0.000000000000000000, 1.000000000000000000 ) ) ;
#1500 = AXIS2_PLACEMENT_3D ( 'NONE', #650, #1720, #664 ) ;
#1501 = DIRECTION ( 'NONE',  ( -0.000000000000000000, 1.000000000000000000, -0.000000000000000000 ) ) ;
#1502 = FACE_BOUND ( 'NONE', #223, .T. ) ;
#1503 = ORIENTED_EDGE ( 'NONE', *, *, #1101, .T. ) ;
#1504 = CARTESIAN_POINT ( 'NONE',  ( 187.0250000000000341, 0.000000000000000000, -15.75000000000000000 ) ) ;
#1505 = LINE ( 'NONE', #2194, #1849 ) ;
#1506 = FACE_OUTER_BOUND ( 'NONE', #713, .T. ) ;
#1507 = ORIENTED_EDGE ( 'NONE', *, *, #874, .F. ) ;
#1508 = EDGE_CURVE ( 'NONE', #680, #1907, #1702, .T. ) ;
#1509 = DIRECTION ( 'NONE',  ( 1.000000000000000000, 0.000000000000000000, 0.000000000000000000 ) ) ;
#1510 = CIRCLE ( 'NONE', #1217, 2.249999999999998668 ) ;
#1511 = EDGE_CURVE ( 'NONE', #1746, #1421, #995, .T. ) ;
#1512 = FACE_OUTER_BOUND ( 'NONE', #718, .T. ) ;
#1513 = FACE_BOUND ( 'NONE', #1146, .T. ) ;
#1514 = CIRCLE ( 'NONE', #1359, 2.250000000000001776 ) ;
#1515 = DIRECTION ( 'NONE',  ( 0.000000000000000000, -0.000000000000000000, 1.000000000000000000 ) ) ;
#1516 = EDGE_CURVE ( 'NONE', #1328, #217, #796, .T. ) ;
#1517 = EDGE_CURVE ( 'NONE', #319, #886, #1368, .T. ) ;
#1518 = ORIENTED_EDGE ( 'NONE', *, *, #1131, .T. ) ;
#1519 = CARTESIAN_POINT ( 'NONE',  ( 244.4749999999999943, 5.000000000000000000, 61.50000000000002842 ) ) ;
#1520 = DIRECTION ( 'NONE',  ( -1.000000000000000000, -0.000000000000000000, -0.000000000000000000 ) ) ;
#1521 = ORIENTED_EDGE ( 'NONE', *, *, #1225, .T. ) ;
#1522 = CIRCLE ( 'NONE', #1411, 2.249999999999998668 ) ;
#1523 = FACE_OUTER_BOUND ( 'NONE', #1919, .T. ) ;
#1524 = ORIENTED_EDGE ( 'NONE', *, *, #1557, .T. ) ;
#1525 = CYLINDRICAL_SURFACE ( 'NONE', #797, 4.000000000000003553 ) ;
#1526 = LINE ( 'NONE', #2051, #1745 ) ;
#1527 = ADVANCED_FACE ( 'NONE', ( #2100 ), #462, .F. ) ;
#1528 = DIRECTION ( 'NONE',  ( 1.000000000000000000, 0.000000000000000000, 0.000000000000000000 ) ) ;
#1529 = LINE ( 'NONE', #2300, #1351 ) ;
#1530 = DIRECTION ( 'NONE',  ( -0.000000000000000000, 1.000000000000000000, -0.000000000000000000 ) ) ;
#1531 = ORIENTED_EDGE ( 'NONE', *, *, #1270, .T. ) ;
#1532 = CIRCLE ( 'NONE', #1909, 4.000000000000003553 ) ;
#1533 = DIRECTION ( 'NONE',  ( 0.000000000000000000, 0.000000000000000000, 1.000000000000000000 ) ) ;
#1534 = VECTOR ( 'NONE', #822, 1000.000000000000000 ) ;
#1535 = CARTESIAN_POINT ( 'NONE',  ( 239.4749999999999943, 5.000000000000000000, -59.00000000000002842 ) ) ;
#1536 = CARTESIAN_POINT ( 'NONE',  ( -90.97499999999999432, 0.000000000000000000, 20.24999999999999645 ) ) ;
#1537 = AXIS2_PLACEMENT_3D ( 'NONE', #2093, #1747, #1038 ) ;
#1538 = CYLINDRICAL_SURFACE ( 'NONE', #1392, 2.250000000000001776 ) ;
#1539 = CARTESIAN_POINT ( 'NONE',  ( 187.0250000000000341, 0.000000000000000000, 20.24999999999999645 ) ) ;
#1540 = ORIENTED_EDGE ( 'NONE', *, *, #2326, .T. ) ;
#1541 = FACE_OUTER_BOUND ( 'NONE', #141, .T. ) ;
#1542 = ORIENTED_EDGE ( 'NONE', *, *, #1888, .F. ) ;
#1543 = AXIS2_PLACEMENT_3D ( 'NONE', #823, #1940, #453 ) ;
#1544 = ADVANCED_FACE ( 'NONE', ( #1912 ), #1925, .F. ) ;
#1545 = EDGE_CURVE ( 'NONE', #347, #362, #1772, .T. ) ;
#1546 = VERTEX_POINT ( 'NONE', #494 ) ;
#1547 = CARTESIAN_POINT ( 'NONE',  ( -244.4749999999999943, 5.000000000000000000, -63.99999999999997158 ) ) ;
#1548 = DIRECTION ( 'NONE',  ( -0.000000000000000000, 1.000000000000000000, -0.000000000000000000 ) ) ;
#1549 = CARTESIAN_POINT ( 'NONE',  ( -100.9750000000000085, 5.000000000000000000, -15.75000000000000000 ) ) ;
#1550 = DIRECTION ( 'NONE',  ( 0.000000000000000000, 0.000000000000000000, 1.000000000000000000 ) ) ;
#1551 = DIRECTION ( 'NONE',  ( -1.000000000000000000, -0.000000000000000000, -0.000000000000000000 ) ) ;
#1552 = DIRECTION ( 'NONE',  ( 0.000000000000000000, 0.000000000000000000, 1.000000000000000000 ) ) ;
#1553 = CIRCLE ( 'NONE', #789, 2.249999999999998668 ) ;
#1554 = DIRECTION ( 'NONE',  ( 0.000000000000000000, 0.000000000000000000, 1.000000000000000000 ) ) ;
#1555 = CARTESIAN_POINT ( 'NONE',  ( -100.9750000000000085, 0.000000000000000000, -18.00000000000000000 ) ) ;
#1556 = ORIENTED_EDGE ( 'NONE', *, *, #1121, .T. ) ;
#1557 = EDGE_CURVE ( 'NONE', #393, #814, #1342, .T. ) ;
#1558 = ORIENTED_EDGE ( 'NONE', *, *, #910, .T. ) ;
#1559 = CARTESIAN_POINT ( 'NONE',  ( 101.0250000000000341, 0.000000000000000000, -18.00000000000000000 ) ) ;
#1560 = DIRECTION ( 'NONE',  ( -0.000000000000000000, 1.000000000000000000, -0.000000000000000000 ) ) ;
#1561 = CARTESIAN_POINT ( 'NONE',  ( -239.4749999999999943, 0.000000000000000000, 61.25000000000014921 ) ) ;
#1562 = PLANE ( 'NONE',  #583 ) ;
#1563 = ORIENTED_EDGE ( 'NONE', *, *, #817, .T. ) ;
#1564 = LINE ( 'NONE', #309, #962 ) ;
#1565 = VERTEX_POINT ( 'NONE', #1420 ) ;
#1566 = DIRECTION ( 'NONE',  ( 0.000000000000000000, 0.000000000000000000, 1.000000000000000000 ) ) ;
#1567 = AXIS2_PLACEMENT_3D ( 'NONE', #1589, #1233, #1425 ) ;
#1568 = DIRECTION ( 'NONE',  ( 0.000000000000000000, 1.000000000000000000, 0.000000000000000000 ) ) ;
#1569 = CARTESIAN_POINT ( 'NONE',  ( 244.4749999999999943, 5.000000000000000000, -63.99999999999997158 ) ) ;
#1570 = AXIS2_PLACEMENT_3D ( 'NONE', #2017, #410, #1102 ) ;
#1571 = CARTESIAN_POINT ( 'NONE',  ( -4.975000000000006750, 0.000000000000000000, 15.75000000000000000 ) ) ;
#1572 = DIRECTION ( 'NONE',  ( 1.000000000000000000, 0.000000000000000000, 0.000000000000000000 ) ) ;
#1573 = EDGE_LOOP ( 'NONE', ( #1424, #605, #1071, #1035 ) ) ;
#1574 = AXIS2_PLACEMENT_3D ( 'NONE', #1969, #1415, #163 ) ;
#1575 = DIRECTION ( 'NONE',  ( 1.000000000000000000, 0.000000000000000000, 0.000000000000000000 ) ) ;
#1576 = ORIENTED_EDGE ( 'NONE', *, *, #1269, .T. ) ;
#1577 = ORIENTED_EDGE ( 'NONE', *, *, #1791, .F. ) ;
#1578 = VECTOR ( 'NONE', #1859, 1000.000000000000000 ) ;
#1579 = VECTOR ( 'NONE', #920, 1000.000000000000000 ) ;
#1580 = EDGE_CURVE ( 'NONE', #2012, #1894, #2159, .T. ) ;
#1581 = PRODUCT_DEFINITION_CONTEXT ( 'detailed design', #315, 'design' ) ;
#1582 = EDGE_LOOP ( 'NONE', ( #153, #651, #1450, #526 ) ) ;
#1583 = CARTESIAN_POINT ( 'NONE',  ( -100.9750000000000085, 0.000000000000000000, -20.24999999999999645 ) ) ;
#1584 = LINE ( 'NONE', #1623, #1764 ) ;
#1585 = ADVANCED_FACE ( 'NONE', ( #1395 ), #2322, .F. ) ;
#1586 = CARTESIAN_POINT ( 'NONE',  ( 239.4750000000000227, 0.000000000000000000, 61.25000000000003553 ) ) ;
#1587 = ORIENTED_EDGE ( 'NONE', *, *, #1101, .F. ) ;
#1588 = ORIENTED_EDGE ( 'NONE', *, *, #1016, .F. ) ;
#1589 = CARTESIAN_POINT ( 'NONE',  ( 239.4750000000000227, 5.000000000000000000, 59.00000000000002842 ) ) ;
#1590 = EDGE_CURVE ( 'NONE', #2128, #2333, #1432, .T. ) ;
#1591 = DIRECTION ( 'NONE',  ( -1.000000000000000000, -0.000000000000000000, -0.000000000000000000 ) ) ;
#1592 = VERTEX_POINT ( 'NONE', #671 ) ;
#1593 = ORIENTED_EDGE ( 'NONE', *, *, #1962, .F. ) ;
#1594 = VECTOR ( 'NONE', #917, 1000.000000000000000 ) ;
#1595 = ORIENTED_EDGE ( 'NONE', *, *, #557, .F. ) ;
#1596 = DIRECTION ( 'NONE',  ( 1.000000000000000000, 0.000000000000000000, 0.000000000000000000 ) ) ;
#1597 = CARTESIAN_POINT ( 'NONE',  ( 197.0250000000000341, 0.000000000000000000, 20.24999999999999645 ) ) ;
#1598 = ORIENTED_EDGE ( 'NONE', *, *, #1590, .F. ) ;
#1599 = DIRECTION ( 'NONE',  ( 0.000000000000000000, 0.000000000000000000, -1.000000000000000000 ) ) ;
#1600 = VERTEX_POINT ( 'NONE', #1070 ) ;
#1601 = CARTESIAN_POINT ( 'NONE',  ( -244.4749999999999943, 5.000000000000000000, -63.99999999999997158 ) ) ;
#1602 = DIRECTION ( 'NONE',  ( -1.000000000000000000, 0.000000000000000000, -0.000000000000000000 ) ) ;
#1603 = ORIENTED_EDGE ( 'NONE', *, *, #1204, .T. ) ;
#1604 = AXIS2_PLACEMENT_3D ( 'NONE', #747, #2041, #53 ) ;
#1605 = VERTEX_POINT ( 'NONE', #700 ) ;
#1606 = ORIENTED_EDGE ( 'NONE', *, *, #2140, .T. ) ;
#1607 = CARTESIAN_POINT ( 'NONE',  ( -196.9750000000000227, 5.000000000000000000, -20.24999999999999645 ) ) ;
#1608 = DIRECTION ( 'NONE',  ( 1.000000000000000000, 0.000000000000000000, 0.000000000000000000 ) ) ;
#1609 = ORIENTED_EDGE ( 'NONE', *, *, #1084, .T. ) ;
#1610 = LINE ( 'NONE', #1774, #790 ) ;
#1611 = VECTOR ( 'NONE', #1898, 1000.000000000000000 ) ;
#1612 = ORIENTED_EDGE ( 'NONE', *, *, #83, .F. ) ;
#1613 = LINE ( 'NONE', #1082, #808 ) ;
#1614 = EDGE_CURVE ( 'NONE', #1795, #481, #102, .T. ) ;
#1615 = CARTESIAN_POINT ( 'NONE',  ( 239.4749999999999943, 5.000000000000000000, -63.00000000000002842 ) ) ;
#1616 = AXIS2_PLACEMENT_3D ( 'NONE', #127, #1931, #1194 ) ;
#1617 = VERTEX_POINT ( 'NONE', #2309 ) ;
#1618 = ADVANCED_FACE ( 'NONE', ( #191 ), #902, .F. ) ;
#1619 = ORIENTED_EDGE ( 'NONE', *, *, #874, .T. ) ;
#1620 = EDGE_CURVE ( 'NONE', #563, #454, #1973, .T. ) ;
#1621 = EDGE_CURVE ( 'NONE', #1244, #356, #1149, .T. ) ;
#1622 = ORIENTED_EDGE ( 'NONE', *, *, #358, .F. ) ;
#1623 = CARTESIAN_POINT ( 'NONE',  ( -196.9750000000000227, 5.000000000000000000, -15.75000000000000000 ) ) ;
#1624 = AXIS2_PLACEMENT_3D ( 'NONE', #1776, #161, #716 ) ;
#1625 = VECTOR ( 'NONE', #2119, 1000.000000000000000 ) ;
#1626 = ORIENTED_EDGE ( 'NONE', *, *, #1688, .T. ) ;
#1627 = CARTESIAN_POINT ( 'NONE',  ( -241.9749999999999943, 5.000000000000000000, -63.99999999999997158 ) ) ;
#1628 = EDGE_LOOP ( 'NONE', ( #467, #1409, #457, #265 ) ) ;
#1629 = CARTESIAN_POINT ( 'NONE',  ( 241.9749999999999943, 5.000000000000000000, -61.49999999999997158 ) ) ;
#1630 = DIRECTION ( 'NONE',  ( -0.000000000000000000, 1.000000000000000000, -0.000000000000000000 ) ) ;
#1631 = ORIENTED_EDGE ( 'NONE', *, *, #620, .T. ) ;
#1632 = ORIENTED_EDGE ( 'NONE', *, *, #709, .T. ) ;
#1633 = VERTEX_POINT ( 'NONE', #1407 ) ;
#1634 = EDGE_CURVE ( 'NONE', #1264, #316, #810, .T. ) ;
#1635 = CIRCLE ( 'NONE', #1781, 2.250000000000001776 ) ;
#1636 = DIRECTION ( 'NONE',  ( -0.000000000000000000, 1.000000000000000000, -0.000000000000000000 ) ) ;
#1637 = CARTESIAN_POINT ( 'NONE',  ( 101.0250000000000341, 5.000000000000000000, 20.24999999999999645 ) ) ;
#1638 = ORIENTED_EDGE ( 'NONE', *, *, #200, .T. ) ;
#1639 = LINE ( 'NONE', #702, #82 ) ;
#1640 = EDGE_LOOP ( 'NONE', ( #495, #1141, #1503, #455 ) ) ;
#1641 = CARTESIAN_POINT ( 'NONE',  ( 241.9749999999999943, 5.000000000000000000, -61.49999999999997158 ) ) ;
#1642 = VECTOR ( 'NONE', #245, 1000.000000000000000 ) ;
#1643 = CARTESIAN_POINT ( 'NONE',  ( -186.9749999999999943, 0.000000000000000000, -20.24999999999999645 ) ) ;
#1644 = ORIENTED_EDGE ( 'NONE', *, *, #1416, .F. ) ;
#1645 = DIRECTION ( 'NONE',  ( -1.000000000000000000, -0.000000000000000000, -0.000000000000000000 ) ) ;
#1646 = DIRECTION ( 'NONE',  ( -0.000000000000000000, 1.000000000000000000, -0.000000000000000000 ) ) ;
#1647 = ORIENTED_EDGE ( 'NONE', *, *, #952, .T. ) ;
#1648 = CARTESIAN_POINT ( 'NONE',  ( -100.9750000000000085, 5.000000000000000000, -15.75000000000000000 ) ) ;
#1649 = EDGE_CURVE ( 'NONE', #665, #1244, #1584, .T. ) ;
#1650 = FACE_BOUND ( 'NONE', #166, .T. ) ;
#1651 = AXIS2_PLACEMENT_3D ( 'NONE', #471, #595, #1724 ) ;
#1652 = CARTESIAN_POINT ( 'NONE',  ( -100.9750000000000085, 5.000000000000000000, -18.00000000000000000 ) ) ;
#1653 = AXIS2_PLACEMENT_3D ( 'NONE', #4, #364, #351 ) ;
#1654 = DIRECTION ( 'NONE',  ( -0.000000000000000000, 1.000000000000000000, -0.000000000000000000 ) ) ;
#1655 = ORIENTED_EDGE ( 'NONE', *, *, #2098, .F. ) ;
#1656 = FACE_OUTER_BOUND ( 'NONE', #1996, .T. ) ;
#1657 = CARTESIAN_POINT ( 'NONE',  ( -239.4749999999999943, 5.000000000000000000, 59.00000000000014921 ) ) ;
#1658 = CARTESIAN_POINT ( 'NONE',  ( -100.9750000000000085, 0.000000000000000000, -18.00000000000000000 ) ) ;
#1659 = AXIS2_PLACEMENT_3D ( 'NONE', #282, #2063, #626 ) ;
#1660 = EDGE_CURVE ( 'NONE', #1249, #648, #1951, .T. ) ;
#1661 = ORIENTED_EDGE ( 'NONE', *, *, #352, .T. ) ;
#1662 = ORIENTED_EDGE ( 'NONE', *, *, #371, .F. ) ;
#1663 = CARTESIAN_POINT ( 'NONE',  ( -239.4749999999999943, 5.000000000000000000, 63.00000000000015632 ) ) ;
#1664 = DIRECTION ( 'NONE',  ( 0.000000000000000000, 0.000000000000000000, 1.000000000000000000 ) ) ;
#1665 = EDGE_CURVE ( 'NONE', #767, #171, #694, .T. ) ;
#1666 = DIRECTION ( 'NONE',  ( -0.000000000000000000, 1.000000000000000000, -0.000000000000000000 ) ) ;
#1667 = VERTEX_POINT ( 'NONE', #1785 ) ;
#1668 = AXIS2_PLACEMENT_3D ( 'NONE', #2255, #604, #753 ) ;
#1669 = CARTESIAN_POINT ( 'NONE',  ( 239.4750000000000227, 1.000000000000000000, 63.00000000000002842 ) ) ;
#1670 = DIRECTION ( 'NONE',  ( 0.000000000000000000, 0.000000000000000000, 1.000000000000000000 ) ) ;
#1671 = FACE_BOUND ( 'NONE', #1012, .T. ) ;
#1672 = EDGE_LOOP ( 'NONE', ( #1205, #1922, #1325, #2167 ) ) ;
#1673 = FACE_BOUND ( 'NONE', #1582, .T. ) ;
#1674 =( NAMED_UNIT ( * ) SI_UNIT ( $, .STERADIAN. ) SOLID_ANGLE_UNIT ( ) );
#1675 = DIRECTION ( 'NONE',  ( -0.000000000000000000, 1.000000000000000000, -0.000000000000000000 ) ) ;
#1676 = VERTEX_POINT ( 'NONE', #711 ) ;
#1677 = LINE ( 'NONE', #1479, #1340 ) ;
#1678 = VECTOR ( 'NONE', #294, 1000.000000000000000 ) ;
#1679 = CYLINDRICAL_SURFACE ( 'NONE', #1100, 2.249999999999998668 ) ;
#1680 = LINE ( 'NONE', #31, #592 ) ;
#1681 = FACE_BOUND ( 'NONE', #1640, .T. ) ;
#1682 = CARTESIAN_POINT ( 'NONE',  ( -4.975000000000006750, 0.000000000000000000, -15.75000000000000000 ) ) ;
#1683 = ADVANCED_FACE ( 'NONE', ( #1950 ), #883, .F. ) ;
#1684 = PLANE ( 'NONE',  #233 ) ;
#1685 = ORIENTED_EDGE ( 'NONE', *, *, #2286, .F. ) ;
#1686 = VECTOR ( 'NONE', #26, 1000.000000000000000 ) ;
#1687 = EDGE_CURVE ( 'NONE', #1831, #1600, #484, .T. ) ;
#1688 = EDGE_CURVE ( 'NONE', #1458, #2153, #1939, .T. ) ;
#1689 = DIRECTION ( 'NONE',  ( 0.000000000000000000, 0.000000000000000000, 1.000000000000000000 ) ) ;
#1690 = VECTOR ( 'NONE', #909, 1000.000000000000000 ) ;
#1691 = ADVANCED_FACE ( 'NONE', ( #855 ), #540, .F. ) ;
#1692 = CARTESIAN_POINT ( 'NONE',  ( 5.025000000000002132, 0.000000000000000000, -15.75000000000000000 ) ) ;
#1693 = FACE_BOUND ( 'NONE', #368, .T. ) ;
#1694 = FACE_BOUND ( 'NONE', #1842, .T. ) ;
#1695 = AXIS2_PLACEMENT_3D ( 'NONE', #832, #272, #452 ) ;
#1696 = CARTESIAN_POINT ( 'NONE',  ( -244.4749999999999943, 5.000000000000000000, -61.49999999999997158 ) ) ;
#1697 = ORIENTED_EDGE ( 'NONE', *, *, #1962, .T. ) ;
#1698 = CARTESIAN_POINT ( 'NONE',  ( 241.9749999999999943, 0.000000000000000000, 61.50000000000002842 ) ) ;
#1699 = ADVANCED_FACE ( 'NONE', ( #1656 ), #1090, .F. ) ;
#1700 = VECTOR ( 'NONE', #1520, 1000.000000000000000 ) ;
#1701 = DIRECTION ( 'NONE',  ( -0.000000000000000000, 1.000000000000000000, -0.000000000000000000 ) ) ;
#1702 = LINE ( 'NONE', #107, #248 ) ;
#1703 = DIRECTION ( 'NONE',  ( 0.000000000000000000, 0.000000000000000000, 1.000000000000000000 ) ) ;
#1704 = CARTESIAN_POINT ( 'NONE',  ( -196.9750000000000227, 0.000000000000000000, -18.00000000000000000 ) ) ;
#1705 = LINE ( 'NONE', #407, #2074 ) ;
#1706 = ORIENTED_EDGE ( 'NONE', *, *, #1366, .T. ) ;
#1707 = VECTOR ( 'NONE', #959, 1000.000000000000000 ) ;
#1708 = CARTESIAN_POINT ( 'NONE',  ( 239.4750000000000227, 5.000000000000000000, 63.00000000000002842 ) ) ;
#1709 = ADVANCED_FACE ( 'NONE', ( #244 ), #62, .F. ) ;
#1710 = CYLINDRICAL_SURFACE ( 'NONE', #389, 2.500000000000002220 ) ;
#1711 = DIRECTION ( 'NONE',  ( 0.000000000000000000, 0.000000000000000000, 1.000000000000000000 ) ) ;
#1712 = ADVANCED_FACE ( 'NONE', ( #2189 ), #551, .F. ) ;
#1713 = AXIS2_PLACEMENT_3D ( 'NONE', #63, #2201, #1670 ) ;
#1714 = DIRECTION ( 'NONE',  ( 0.000000000000000000, 0.000000000000000000, 1.000000000000000000 ) ) ;
#1715 = CARTESIAN_POINT ( 'NONE',  ( 239.4749999999999943, 1.000000000000000000, -59.00000000000002842 ) ) ;
#1716 = EDGE_CURVE ( 'NONE', #2294, #852, #2181, .T. ) ;
#1717 = ORIENTED_EDGE ( 'NONE', *, *, #734, .T. ) ;
#1718 = VERTEX_POINT ( 'NONE', #375 ) ;
#1719 = EDGE_CURVE ( 'NONE', #277, #1565, #2039, .T. ) ;
#1720 = DIRECTION ( 'NONE',  ( 0.000000000000000000, 0.000000000000000000, -1.000000000000000000 ) ) ;
#1721 = ORIENTED_EDGE ( 'NONE', *, *, #1860, .T. ) ;
#1722 = ORIENTED_EDGE ( 'NONE', *, *, #1719, .F. ) ;
#1723 = CIRCLE ( 'NONE', #1651, 2.249999999999998668 ) ;
#1724 = DIRECTION ( 'NONE',  ( 0.000000000000000000, 0.000000000000000000, 1.000000000000000000 ) ) ;
#1725 = AXIS2_PLACEMENT_3D ( 'NONE', #1259, #168, #657 ) ;
#1726 = CARTESIAN_POINT ( 'NONE',  ( 197.0250000000000341, 0.000000000000000000, -20.24999999999999645 ) ) ;
#1727 = PLANE ( 'NONE',  #679 ) ;
#1728 = DIRECTION ( 'NONE',  ( 0.000000000000000000, 0.000000000000000000, -1.000000000000000000 ) ) ;
#1729 = VECTOR ( 'NONE', #528, 1000.000000000000000 ) ;
#1730 = FACE_OUTER_BOUND ( 'NONE', #502, .T. ) ;
#1731 = DIRECTION ( 'NONE',  ( -0.000000000000000000, 1.000000000000000000, -0.000000000000000000 ) ) ;
#1732 = EDGE_CURVE ( 'NONE', #1773, #1844, #1865, .T. ) ;
#1733 = EDGE_LOOP ( 'NONE', ( #1196, #1647, #1179, #426 ) ) ;
#1734 = ORIENTED_EDGE ( 'NONE', *, *, #152, .F. ) ;
#1735 = FACE_OUTER_BOUND ( 'NONE', #1444, .T. ) ;
#1736 = EDGE_LOOP ( 'NONE', ( #863, #324, #1507, #348 ) ) ;
#1737 = CIRCLE ( 'NONE', #2226, 2.250000000000001776 ) ;
#1738 = CIRCLE ( 'NONE', #899, 2.249999999999998668 ) ;
#1739 = EDGE_LOOP ( 'NONE', ( #1609, #509, #284, #763 ) ) ;
#1740 = FACE_OUTER_BOUND ( 'NONE', #1733, .T. ) ;
#1741 = CARTESIAN_POINT ( 'NONE',  ( 197.0250000000000341, 5.000000000000000000, -18.00000000000000000 ) ) ;
#1742 = CYLINDRICAL_SURFACE ( 'NONE', #868, 2.500000000000002220 ) ;
#1743 = LINE ( 'NONE', #2090, #1992 ) ;
#1744 = CARTESIAN_POINT ( 'NONE',  ( 239.4750000000000227, 5.000000000000000000, 59.00000000000002842 ) ) ;
#1745 = VECTOR ( 'NONE', #2247, 1000.000000000000000 ) ;
#1746 = VERTEX_POINT ( 'NONE', #1820 ) ;
#1747 = DIRECTION ( 'NONE',  ( -0.000000000000000000, 1.000000000000000000, -0.000000000000000000 ) ) ;
#1748 = ORIENTED_EDGE ( 'NONE', *, *, #1933, .T. ) ;
#1749 = CARTESIAN_POINT ( 'NONE',  ( 5.025000000000002132, 0.000000000000000000, -18.00000000000000000 ) ) ;
#1750 = CARTESIAN_POINT ( 'NONE',  ( -90.97499999999999432, 0.000000000000000000, -18.00000000000000000 ) ) ;
#1751 = DIRECTION ( 'NONE',  ( 0.000000000000000000, 0.000000000000000000, 1.000000000000000000 ) ) ;
#1752 = CARTESIAN_POINT ( 'NONE',  ( -244.4749999999999943, 5.000000000000000000, 61.50000000000002842 ) ) ;
#1753 = ORIENTED_EDGE ( 'NONE', *, *, #145, .T. ) ;
#1754 = EDGE_LOOP ( 'NONE', ( #704, #350, #1387, #1787 ) ) ;
#1755 = DIRECTION ( 'NONE',  ( 0.000000000000000000, 1.000000000000000000, 0.000000000000000000 ) ) ;
#1756 = ORIENTED_EDGE ( 'NONE', *, *, #2066, .F. ) ;
#1757 = EDGE_CURVE ( 'NONE', #1487, #1963, #1307, .T. ) ;
#1758 = ORIENTED_EDGE ( 'NONE', *, *, #1786, .T. ) ;
#1759 = EDGE_CURVE ( 'NONE', #1770, #665, #1271, .T. ) ;
#1760 = VECTOR ( 'NONE', #1064, 1000.000000000000000 ) ;
#1761 = ORIENTED_EDGE ( 'NONE', *, *, #449, .F. ) ;
#1762 = DIRECTION ( 'NONE',  ( 0.000000000000000000, 0.000000000000000000, 1.000000000000000000 ) ) ;
#1763 = CARTESIAN_POINT ( 'NONE',  ( -186.9749999999999943, 0.000000000000000000, -18.00000000000000000 ) ) ;
#1764 = VECTOR ( 'NONE', #1608, 1000.000000000000000 ) ;
#1765 = LINE ( 'NONE', #170, #1209 ) ;
#1766 = ORIENTED_EDGE ( 'NONE', *, *, #1439, .F. ) ;
#1767 = CARTESIAN_POINT ( 'NONE',  ( -4.975000000000006750, 0.000000000000000000, -20.24999999999999645 ) ) ;
#1768 = ORIENTED_EDGE ( 'NONE', *, *, #182, .T. ) ;
#1769 = AXIS2_PLACEMENT_3D ( 'NONE', #1715, #2161, #1459 ) ;
#1770 = VERTEX_POINT ( 'NONE', #1991 ) ;
#1771 = CARTESIAN_POINT ( 'NONE',  ( -196.9750000000000227, 0.000000000000000000, 20.24999999999999645 ) ) ;
#1772 = LINE ( 'NONE', #869, #215 ) ;
#1773 = VERTEX_POINT ( 'NONE', #1298 ) ;
#1774 = CARTESIAN_POINT ( 'NONE',  ( 239.4749999999999943, 5.000000000000000000, -61.25000000000003553 ) ) ;
#1775 = VERTEX_POINT ( 'NONE', #1112 ) ;
#1776 = CARTESIAN_POINT ( 'NONE',  ( -244.4749999999999943, 5.000000000000000000, -63.99999999999997158 ) ) ;
#1777 = VECTOR ( 'NONE', #1284, 1000.000000000000000 ) ;
#1778 = CLOSED_SHELL ( 'NONE', ( #58, #1159, #80, #87, #1544, #794, #2316, #2282, #1117, #768, #1527, #320, #659, #360, #674, #1618, #1699, #697, #2295, #48, #1691, #1266, #1161, #522, #981, #308, #1712, #485, #561, #1998, #1087, #189, #1456, #2133, #1974, #654, #1334, #2176, #2073, #1308, #216, #323, #841, #1709, #460, #2257, #1015, #986, #110, #764, #2107, #599, #1447, #250, #582, #543, #1585, #157, #1046, #844, #2033, #420, #632, #1683, #387, #285, #1336, #2236, #590, #1932 ) ) ;
#1779 = PLANE ( 'NONE',  #1113 ) ;
#1780 = ORIENTED_EDGE ( 'NONE', *, *, #1837, .T. ) ;
#1781 = AXIS2_PLACEMENT_3D ( 'NONE', #1140, #598, #949 ) ;
#1782 = ORIENTED_EDGE ( 'NONE', *, *, #1446, .F. ) ;
#1783 = ORIENTED_EDGE ( 'NONE', *, *, #1621, .F. ) ;
#1784 = CARTESIAN_POINT ( 'NONE',  ( -100.9750000000000085, 0.000000000000000000, 15.75000000000000000 ) ) ;
#1785 = CARTESIAN_POINT ( 'NONE',  ( 239.4749999999999943, 5.000000000000000000, -55.00000000000002842 ) ) ;
#1786 = EDGE_CURVE ( 'NONE', #827, #787, #2005, .T. ) ;
#1787 = ORIENTED_EDGE ( 'NONE', *, *, #423, .T. ) ;
#1788 = CARTESIAN_POINT ( 'NONE',  ( -90.97499999999999432, 0.000000000000000000, -20.24999999999999645 ) ) ;
#1789 = EDGE_LOOP ( 'NONE', ( #872, #1466, #550, #1029 ) ) ;
#1790 = DIRECTION ( 'NONE',  ( -0.000000000000000000, 1.000000000000000000, -0.000000000000000000 ) ) ;
#1791 = EDGE_CURVE ( 'NONE', #814, #356, #388, .T. ) ;
#1792 = LINE ( 'NONE', #1999, #1729 ) ;
#1793 = EDGE_CURVE ( 'NONE', #1285, #1667, #913, .T. ) ;
#1794 = VECTOR ( 'NONE', #1301, 1000.000000000000000 ) ;
#1795 = VERTEX_POINT ( 'NONE', #938 ) ;
#1796 = VERTEX_POINT ( 'NONE', #1669 ) ;
#1797 = DIRECTION ( 'NONE',  ( -0.000000000000000000, 1.000000000000000000, -0.000000000000000000 ) ) ;
#1798 = EDGE_LOOP ( 'NONE', ( #1427, #1470, #1685, #726 ) ) ;
#1799 = LINE ( 'NONE', #1788, #2003 ) ;
#1800 = VECTOR ( 'NONE', #1509, 1000.000000000000000 ) ;
#1801 = EDGE_LOOP ( 'NONE', ( #1948, #1068, #553, #2094 ) ) ;
#1802 = DIRECTION ( 'NONE',  ( 0.000000000000000000, 0.000000000000000000, 1.000000000000000000 ) ) ;
#1803 = CARTESIAN_POINT ( 'NONE',  ( 239.4749999999999943, 1.000000000000000000, -63.00000000000002842 ) ) ;
#1804 = EDGE_CURVE ( 'NONE', #2335, #1099, #1677, .T. ) ;
#1805 = CIRCLE ( 'NONE', #70, 2.250000000000001776 ) ;
#1806 = EDGE_LOOP ( 'NONE', ( #544, #229, #621, #1721, #1030, #36, #911, #1093 ) ) ;
#1807 = VERTEX_POINT ( 'NONE', #733 ) ;
#1808 = CARTESIAN_POINT ( 'NONE',  ( -186.9749999999999943, 0.000000000000000000, 18.00000000000000000 ) ) ;
#1809 = VECTOR ( 'NONE', #943, 1000.000000000000000 ) ;
#1810 = ORIENTED_EDGE ( 'NONE', *, *, #228, .T. ) ;
#1811 = LINE ( 'NONE', #1080, #303 ) ;
#1812 = ORIENTED_EDGE ( 'NONE', *, *, #588, .T. ) ;
#1813 = LINE ( 'NONE', #1601, #1004 ) ;
#1814 = FACE_OUTER_BOUND ( 'NONE', #1498, .T. ) ;
#1815 = EDGE_CURVE ( 'NONE', #850, #1959, #755, .T. ) ;
#1816 = ORIENTED_EDGE ( 'NONE', *, *, #1239, .F. ) ;
#1817 = CIRCLE ( 'NONE', #2196, 2.500000000000002220 ) ;
#1818 = ORIENTED_EDGE ( 'NONE', *, *, #200, .F. ) ;
#1819 = AXIS2_PLACEMENT_3D ( 'NONE', #929, #64, #1835 ) ;
#1820 = CARTESIAN_POINT ( 'NONE',  ( -241.9749999999999943, 0.000000000000000000, 64.00000000000002842 ) ) ;
#1821 = PLANE ( 'NONE',  #1489 ) ;
#1822 = ORIENTED_EDGE ( 'NONE', *, *, #401, .T. ) ;
#1823 = CARTESIAN_POINT ( 'NONE',  ( 197.0250000000000341, 5.000000000000000000, -20.24999999999999645 ) ) ;
#1824 = ORIENTED_EDGE ( 'NONE', *, *, #1861, .F. ) ;
#1825 = DIRECTION ( 'NONE',  ( 0.000000000000000000, 0.000000000000000000, 1.000000000000000000 ) ) ;
#1826 = CIRCLE ( 'NONE', #202, 3.999999999999996447 ) ;
#1827 = DIRECTION ( 'NONE',  ( 0.000000000000000000, 0.000000000000000000, 1.000000000000000000 ) ) ;
#1828 = VERTEX_POINT ( 'NONE', #236 ) ;
#1829 = DIRECTION ( 'NONE',  ( -0.000000000000000000, 1.000000000000000000, -0.000000000000000000 ) ) ;
#1830 = EDGE_CURVE ( 'NONE', #916, #1795, #573, .T. ) ;
#1831 = VERTEX_POINT ( 'NONE', #1127 ) ;
#1832 = CARTESIAN_POINT ( 'NONE',  ( 91.02500000000001990, 5.000000000000000000, -18.00000000000000000 ) ) ;
#1833 = EDGE_CURVE ( 'NONE', #710, #973, #1147, .T. ) ;
#1834 = CARTESIAN_POINT ( 'NONE',  ( -237.2250000000000227, 1.000000000000000000, -58.99999999999997158 ) ) ;
#1835 = DIRECTION ( 'NONE',  ( 0.000000000000000000, 0.000000000000000000, 1.000000000000000000 ) ) ;
#1836 = EDGE_CURVE ( 'NONE', #1796, #1251, #2060, .T. ) ;
#1837 = EDGE_CURVE ( 'NONE', #2013, #1232, #1910, .T. ) ;
#1838 = EDGE_LOOP ( 'NONE', ( #1824, #1780, #1357, #1067 ) ) ;
#1839 = CARTESIAN_POINT ( 'NONE',  ( 101.0250000000000341, 5.000000000000000000, -18.00000000000000000 ) ) ;
#1840 = AXIS2_PLACEMENT_3D ( 'NONE', #1698, #1886, #1170 ) ;
#1841 =( LENGTH_UNIT ( ) NAMED_UNIT ( * ) SI_UNIT ( .MILLI., .METRE. ) );
#1842 = EDGE_LOOP ( 'NONE', ( #1661, #516, #860, #478 ) ) ;
#1843 = DIRECTION ( 'NONE',  ( 0.000000000000000000, 1.000000000000000000, 0.000000000000000000 ) ) ;
#1844 = VERTEX_POINT ( 'NONE', #980 ) ;
#1845 = AXIS2_PLACEMENT_3D ( 'NONE', #1154, #1880, #2204 ) ;
#1846 = DIRECTION ( 'NONE',  ( 1.000000000000000000, 0.000000000000000000, 0.000000000000000000 ) ) ;
#1847 = DIRECTION ( 'NONE',  ( 0.000000000000000000, 1.000000000000000000, 0.000000000000000000 ) ) ;
#1848 = CARTESIAN_POINT ( 'NONE',  ( 241.9749999999999943, 5.000000000000000000, -63.99999999999997158 ) ) ;
#1849 = VECTOR ( 'NONE', #2230, 1000.000000000000000 ) ;
#1850 = LINE ( 'NONE', #44, #1809 ) ;
#1851 = SURFACE_STYLE_USAGE ( .BOTH. , #1869 ) ;
#1852 = CYLINDRICAL_SURFACE ( 'NONE', #194, 2.249999999999998668 ) ;
#1853 = ORIENTED_EDGE ( 'NONE', *, *, #1614, .F. ) ;
#1854 = CARTESIAN_POINT ( 'NONE',  ( -4.975000000000006750, 0.000000000000000000, -18.00000000000000000 ) ) ;
#1855 = LINE ( 'NONE', #566, #1794 ) ;
#1856 = FACE_BOUND ( 'NONE', #1255, .T. ) ;
#1857 = EDGE_CURVE ( 'NONE', #55, #2179, #1306, .T. ) ;
#1858 = DIRECTION ( 'NONE',  ( -1.000000000000000000, 0.000000000000000000, -0.000000000000000000 ) ) ;
#1859 = DIRECTION ( 'NONE',  ( 0.000000000000000000, -1.000000000000000000, 0.000000000000000000 ) ) ;
#1860 = EDGE_CURVE ( 'NONE', #680, #1421, #2177, .T. ) ;
#1861 = EDGE_CURVE ( 'NONE', #2013, #691, #1497, .T. ) ;
#1862 = CYLINDRICAL_SURFACE ( 'NONE', #2117, 2.249999999999998668 ) ;
#1863 = EDGE_LOOP ( 'NONE', ( #1390, #1066, #492, #818 ) ) ;
#1864 = PRODUCT_DEFINITION ( 'UNKNOWN', '', #39, #1581 ) ;
#1865 = LINE ( 'NONE', #1287, #2254 ) ;
#1866 = DIRECTION ( 'NONE',  ( 0.000000000000000000, 0.000000000000000000, 1.000000000000000000 ) ) ;
#1867 = CARTESIAN_POINT ( 'NONE',  ( 241.7249999999999943, 1.000000000000000000, -59.00000000000002842 ) ) ;
#1868 = FACE_BOUND ( 'NONE', #2080, .T. ) ;
#1869 = SURFACE_SIDE_STYLE ('',( #1484 ) ) ;
#1870 = AXIS2_PLACEMENT_3D ( 'NONE', #722, #565, #2222 ) ;
#1871 = EDGE_CURVE ( 'NONE', #1775, #2012, #2055, .T. ) ;
#1872 = CYLINDRICAL_SURFACE ( 'NONE', #365, 2.249999999999998668 ) ;
#1873 = ORIENTED_EDGE ( 'NONE', *, *, #889, .F. ) ;
#1874 = VECTOR ( 'NONE', #1032, 1000.000000000000000 ) ;
#1875 = CARTESIAN_POINT ( 'NONE',  ( -90.97499999999999432, 5.000000000000000000, 15.75000000000000000 ) ) ;
#1876 = VECTOR ( 'NONE', #2173, 1000.000000000000000 ) ;
#1877 = FACE_OUTER_BOUND ( 'NONE', #2082, .T. ) ;
#1878 = DIRECTION ( 'NONE',  ( 0.000000000000000000, 0.000000000000000000, 1.000000000000000000 ) ) ;
#1879 = CARTESIAN_POINT ( 'NONE',  ( -196.9750000000000227, 0.000000000000000000, 15.75000000000000000 ) ) ;
#1880 = DIRECTION ( 'NONE',  ( -0.000000000000000000, 1.000000000000000000, -0.000000000000000000 ) ) ;
#1881 = CIRCLE ( 'NONE', #1199, 2.249999999999998668 ) ;
#1882 = VECTOR ( 'NONE', #369, 1000.000000000000000 ) ;
#1883 = CARTESIAN_POINT ( 'NONE',  ( -239.4749999999999943, 5.000000000000000000, 59.00000000000014921 ) ) ;
#1884 = ORIENTED_EDGE ( 'NONE', *, *, #2004, .F. ) ;
#1885 = EDGE_CURVE ( 'NONE', #1118, #2109, #81, .T. ) ;
#1886 = DIRECTION ( 'NONE',  ( -0.000000000000000000, -1.000000000000000000, -0.000000000000000000 ) ) ;
#1887 = AXIS2_PLACEMENT_3D ( 'NONE', #1883, #2242, #1108 ) ;
#1888 = EDGE_CURVE ( 'NONE', #2015, #1458, #1723, .T. ) ;
#1889 = CARTESIAN_POINT ( 'NONE',  ( -196.9750000000000227, 0.000000000000000000, 20.24999999999999645 ) ) ;
#1890 = CARTESIAN_POINT ( 'NONE',  ( -244.4749999999999943, 0.000000000000000000, -61.49999999999997158 ) ) ;
#1891 = CIRCLE ( 'NONE', #2235, 4.000000000000003553 ) ;
#1892 = APPLICATION_PROTOCOL_DEFINITION ( 'draft international standard', 'automotive_design', 1998, #315 ) ;
#1893 = CARTESIAN_POINT ( 'NONE',  ( 197.0250000000000341, 5.000000000000000000, -15.75000000000000000 ) ) ;
#1894 = VERTEX_POINT ( 'NONE', #92 ) ;
#1895 = ORIENTED_EDGE ( 'NONE', *, *, #1620, .F. ) ;
#1896 = DIRECTION ( 'NONE',  ( -0.000000000000000000, -1.000000000000000000, -0.000000000000000000 ) ) ;
#1897 = EDGE_LOOP ( 'NONE', ( #442, #2301, #919, #2166 ) ) ;
#1898 = DIRECTION ( 'NONE',  ( -1.000000000000000000, -0.000000000000000000, -0.000000000000000000 ) ) ;
#1899 = CARTESIAN_POINT ( 'NONE',  ( 239.4749999999999943, 0.000000000000000000, -56.75000000000002842 ) ) ;
#1900 = EDGE_CURVE ( 'NONE', #1383, #169, #805, .T. ) ;
#1901 = DIRECTION ( 'NONE',  ( -0.000000000000000000, 0.000000000000000000, 1.000000000000000000 ) ) ;
#1902 = CARTESIAN_POINT ( 'NONE',  ( -186.9749999999999943, 0.000000000000000000, 18.00000000000000000 ) ) ;
#1903 = AXIS2_PLACEMENT_3D ( 'NONE', #237, #1310, #18 ) ;
#1904 = DIRECTION ( 'NONE',  ( -1.000000000000000000, 0.000000000000000000, -0.000000000000000000 ) ) ;
#1905 = DIRECTION ( 'NONE',  ( -0.000000000000000000, 1.000000000000000000, -0.000000000000000000 ) ) ;
#1906 = CARTESIAN_POINT ( 'NONE',  ( 241.9749999999999943, 5.000000000000000000, 61.50000000000002842 ) ) ;
#1907 = VERTEX_POINT ( 'NONE', #1341 ) ;
#1908 = ORIENTED_EDGE ( 'NONE', *, *, #1757, .F. ) ;
#1909 = AXIS2_PLACEMENT_3D ( 'NONE', #1330, #819, #458 ) ;
#1910 = LINE ( 'NONE', #607, #212 ) ;
#1911 = CYLINDRICAL_SURFACE ( 'NONE', #1936, 2.249999999999998668 ) ;
#1912 = FACE_OUTER_BOUND ( 'NONE', #1132, .T. ) ;
#1913 = AXIS2_PLACEMENT_3D ( 'NONE', #617, #2068, #444 ) ;
#1914 = PLANE ( 'NONE',  #660 ) ;
#1915 = CARTESIAN_POINT ( 'NONE',  ( -196.9750000000000227, 0.000000000000000000, 20.24999999999999645 ) ) ;
#1916 = ORIENTED_EDGE ( 'NONE', *, *, #1759, .F. ) ;
#1917 = EDGE_LOOP ( 'NONE', ( #2208, #662, #1361, #2306 ) ) ;
#1918 = CARTESIAN_POINT ( 'NONE',  ( -239.4749999999999943, 1.000000000000000000, 59.00000000000014921 ) ) ;
#1919 = EDGE_LOOP ( 'NONE', ( #19, #252, #861, #1339 ) ) ;
#1920 = AXIS2_PLACEMENT_3D ( 'NONE', #985, #295, #2299 ) ;
#1921 = CIRCLE ( 'NONE', #258, 2.250000000000001776 ) ;
#1922 = ORIENTED_EDGE ( 'NONE', *, *, #2105, .F. ) ;
#1923 = CARTESIAN_POINT ( 'NONE',  ( 91.02500000000001990, 0.000000000000000000, 20.24999999999999645 ) ) ;
#1924 = DIRECTION ( 'NONE',  ( 0.000000000000000000, 1.000000000000000000, 0.000000000000000000 ) ) ;
#1925 = CYLINDRICAL_SURFACE ( 'NONE', #1464, 3.999999999999996447 ) ;
#1926 = CARTESIAN_POINT ( 'NONE',  ( -4.975000000000006750, 0.000000000000000000, -20.24999999999999645 ) ) ;
#1927 = EDGE_CURVE ( 'NONE', #2128, #2069, #501, .T. ) ;
#1928 = FACE_OUTER_BOUND ( 'NONE', #116, .T. ) ;
#1929 = AXIS2_PLACEMENT_3D ( 'NONE', #378, #1094, #227 ) ;
#1930 = ORIENTED_EDGE ( 'NONE', *, *, #1804, .T. ) ;
#1931 = DIRECTION ( 'NONE',  ( 0.000000000000000000, 1.000000000000000000, 0.000000000000000000 ) ) ;
#1932 = ADVANCED_FACE ( 'NONE', ( #1523 ), #2245, .F. ) ;
#1933 = EDGE_CURVE ( 'NONE', #14, #2150, #890, .T. ) ;
#1934 = EDGE_LOOP ( 'NONE', ( #616, #2106, #884, #25 ) ) ;
#1935 = CARTESIAN_POINT ( 'NONE',  ( -196.9750000000000227, 0.000000000000000000, -20.24999999999999645 ) ) ;
#1936 = AXIS2_PLACEMENT_3D ( 'NONE', #597, #2272, #636 ) ;
#1937 = ORIENTED_EDGE ( 'NONE', *, *, #2120, .F. ) ;
#1938 = CARTESIAN_POINT ( 'NONE',  ( 101.0250000000000341, 0.000000000000000000, 18.00000000000000000 ) ) ;
#1939 = LINE ( 'NONE', #313, #1874 ) ;
#1940 = DIRECTION ( 'NONE',  ( 0.000000000000000000, 1.000000000000000000, 0.000000000000000000 ) ) ;
#1941 = VERTEX_POINT ( 'NONE', #780 ) ;
#1942 = PLANE ( 'NONE',  #1500 ) ;
#1943 = ORIENTED_EDGE ( 'NONE', *, *, #2070, .T. ) ;
#1944 = ORIENTED_EDGE ( 'NONE', *, *, #979, .T. ) ;
#1945 = EDGE_CURVE ( 'NONE', #1041, #192, #2261, .T. ) ;
#1946 = ORIENTED_EDGE ( 'NONE', *, *, #283, .F. ) ;
#1947 = VECTOR ( 'NONE', #1790, 1000.000000000000000 ) ;
#1948 = ORIENTED_EDGE ( 'NONE', *, *, #695, .T. ) ;
#1949 = DIRECTION ( 'NONE',  ( 0.000000000000000000, 1.000000000000000000, 0.000000000000000000 ) ) ;
#1950 = FACE_OUTER_BOUND ( 'NONE', #148, .T. ) ;
#1951 = CIRCLE ( 'NONE', #925, 4.000000000000003553 ) ;
#1952 = EDGE_LOOP ( 'NONE', ( #905, #1036 ) ) ;
#1953 = CARTESIAN_POINT ( 'NONE',  ( -239.4750000000000227, 1.000000000000000000, -54.99999999999996447 ) ) ;
#1954 = VERTEX_POINT ( 'NONE', #1003 ) ;
#1955 = DIRECTION ( 'NONE',  ( 0.000000000000000000, 0.000000000000000000, 1.000000000000000000 ) ) ;
#1956 = CYLINDRICAL_SURFACE ( 'NONE', #253, 4.000000000000003553 ) ;
#1957 = EDGE_LOOP ( 'NONE', ( #1358, #1436, #965, #1061 ) ) ;
#1958 = ORIENTED_EDGE ( 'NONE', *, *, #1243, .F. ) ;
#1959 = VERTEX_POINT ( 'NONE', #622 ) ;
#1960 = CARTESIAN_POINT ( 'NONE',  ( -4.975000000000006750, 5.000000000000000000, -20.24999999999999645 ) ) ;
#1961 = CARTESIAN_POINT ( 'NONE',  ( -4.975000000000006750, 5.000000000000000000, -20.24999999999999645 ) ) ;
#1962 = EDGE_CURVE ( 'NONE', #1421, #7, #2072, .T. ) ;
#1963 = VERTEX_POINT ( 'NONE', #104 ) ;
#1964 = CYLINDRICAL_SURFACE ( 'NONE', #1091, 2.250000000000001776 ) ;
#1965 = EDGE_CURVE ( 'NONE', #2143, #681, #1532, .T. ) ;
#1966 = VERTEX_POINT ( 'NONE', #428 ) ;
#1967 = DIRECTION ( 'NONE',  ( -0.000000000000000000, -1.000000000000000000, -0.000000000000000000 ) ) ;
#1968 = AXIS2_PLACEMENT_3D ( 'NONE', #2001, #482, #1043 ) ;
#1969 = CARTESIAN_POINT ( 'NONE',  ( 197.0250000000000341, 0.000000000000000000, 18.00000000000000000 ) ) ;
#1970 = ORIENTED_EDGE ( 'NONE', *, *, #219, .T. ) ;
#1971 = ORIENTED_EDGE ( 'NONE', *, *, #1871, .F. ) ;
#1972 = ORIENTED_EDGE ( 'NONE', *, *, #2141, .T. ) ;
#1973 = LINE ( 'NONE', #1961, #1037 ) ;
#1974 = ADVANCED_FACE ( 'NONE', ( #1740 ), #1148, .F. ) ;
#1975 = VERTEX_POINT ( 'NONE', #1875 ) ;
#1976 = CARTESIAN_POINT ( 'NONE',  ( -4.975000000000006750, 5.000000000000000000, -15.75000000000000000 ) ) ;
#1977 = ORIENTED_EDGE ( 'NONE', *, *, #776, .F. ) ;
#1978 = CARTESIAN_POINT ( 'NONE',  ( 197.0250000000000341, 0.000000000000000000, 15.75000000000000000 ) ) ;
#1979 = CARTESIAN_POINT ( 'NONE',  ( 239.4750000000000227, 5.000000000000000000, 56.75000000000002842 ) ) ;
#1980 = ORIENTED_EDGE ( 'NONE', *, *, #1443, .F. ) ;
#1981 = DIRECTION ( 'NONE',  ( -1.000000000000000000, 0.000000000000000000, -0.000000000000000000 ) ) ;
#1982 = ORIENTED_EDGE ( 'NONE', *, *, #299, .T. ) ;
#1983 = CARTESIAN_POINT ( 'NONE',  ( 5.025000000000002132, 0.000000000000000000, 15.75000000000000000 ) ) ;
#1984 = AXIS2_PLACEMENT_3D ( 'NONE', #2315, #381, #2163 ) ;
#1985 = ORIENTED_EDGE ( 'NONE', *, *, #1263, .T. ) ;
#1986 = CARTESIAN_POINT ( 'NONE',  ( 187.0250000000000341, 0.000000000000000000, 15.75000000000000000 ) ) ;
#1987 = DIRECTION ( 'NONE',  ( 0.000000000000000000, -1.000000000000000000, 0.000000000000000000 ) ) ;
#1988 = AXIS2_PLACEMENT_3D ( 'NONE', #836, #1755, #100 ) ;
#1989 = FACE_OUTER_BOUND ( 'NONE', #930, .T. ) ;
#1990 = ORIENTED_EDGE ( 'NONE', *, *, #2210, .T. ) ;
#1991 = CARTESIAN_POINT ( 'NONE',  ( -196.9750000000000227, 5.000000000000000000, -20.24999999999999645 ) ) ;
#1992 = VECTOR ( 'NONE', #997, 1000.000000000000000 ) ;
#1993 = LINE ( 'NONE', #2030, #882 ) ;
#1994 = ORIENTED_EDGE ( 'NONE', *, *, #1634, .F. ) ;
#1995 = LINE ( 'NONE', #214, #752 ) ;
#1996 = EDGE_LOOP ( 'NONE', ( #470, #720, #523, #1626 ) ) ;
#1997 = DIRECTION ( 'NONE',  ( -0.000000000000000000, 1.000000000000000000, -0.000000000000000000 ) ) ;
#1998 = ADVANCED_FACE ( 'NONE', ( #829 ), #969, .F. ) ;
#1999 = CARTESIAN_POINT ( 'NONE',  ( -100.9750000000000085, 0.000000000000000000, 20.24999999999999645 ) ) ;
#2000 = EDGE_CURVE ( 'NONE', #814, #767, #2292, .T. ) ;
#2001 = CARTESIAN_POINT ( 'NONE',  ( -239.4750000000000227, 1.000000000000000000, -58.99999999999997158 ) ) ;
#2002 = ORIENTED_EDGE ( 'NONE', *, *, #966, .T. ) ;
#2003 = VECTOR ( 'NONE', #687, 1000.000000000000000 ) ;
#2004 = EDGE_CURVE ( 'NONE', #171, #665, #653, .T. ) ;
#2005 = LINE ( 'NONE', #2175, #1686 ) ;
#2006 = CARTESIAN_POINT ( 'NONE',  ( -239.4749999999999943, 5.000000000000000000, 59.00000000000014921 ) ) ;
#2007 = LINE ( 'NONE', #567, #448 ) ;
#2008 = ORIENTED_EDGE ( 'NONE', *, *, #798, .T. ) ;
#2009 = PLANE ( 'NONE',  #474 ) ;
#2010 = VECTOR ( 'NONE', #1548, 1000.000000000000000 ) ;
#2011 = CARTESIAN_POINT ( 'NONE',  ( -196.9750000000000227, 0.000000000000000000, -15.75000000000000000 ) ) ;
#2012 = VERTEX_POINT ( 'NONE', #839 ) ;
#2013 = VERTEX_POINT ( 'NONE', #1020 ) ;
#2014 = DIRECTION ( 'NONE',  ( 0.000000000000000000, 0.000000000000000000, 1.000000000000000000 ) ) ;
#2015 = VERTEX_POINT ( 'NONE', #130 ) ;
#2016 = AXIS2_PLACEMENT_3D ( 'NONE', #2006, #1139, #390 ) ;
#2017 = CARTESIAN_POINT ( 'NONE',  ( 239.4750000000000227, 5.000000000000000000, 59.00000000000002842 ) ) ;
#2018 = CARTESIAN_POINT ( 'NONE',  ( -4.975000000000006750, 5.000000000000000000, -18.00000000000000000 ) ) ;
#2019 = DIRECTION ( 'NONE',  ( -0.000000000000000000, 1.000000000000000000, -0.000000000000000000 ) ) ;
#2020 = ORIENTED_EDGE ( 'NONE', *, *, #1620, .T. ) ;
#2021 = FACE_BOUND ( 'NONE', #2083, .T. ) ;
#2022 = VECTOR ( 'NONE', #2200, 1000.000000000000000 ) ;
#2023 = CARTESIAN_POINT ( 'NONE',  ( 239.4750000000000227, 5.000000000000000000, 55.00000000000002842 ) ) ;
#2024 = AXIS2_PLACEMENT_3D ( 'NONE', #746, #1499, #52 ) ;
#2025 = CARTESIAN_POINT ( 'NONE',  ( 5.025000000000002132, 0.000000000000000000, -18.00000000000000000 ) ) ;
#2026 = ORIENTED_EDGE ( 'NONE', *, *, #2053, .F. ) ;
#2027 = EDGE_CURVE ( 'NONE', #192, #169, #1613, .T. ) ;
#2028 = DIRECTION ( 'NONE',  ( -0.000000000000000000, 1.000000000000000000, -0.000000000000000000 ) ) ;
#2029 = EDGE_CURVE ( 'NONE', #1399, #98, #1034, .T. ) ;
#2030 = CARTESIAN_POINT ( 'NONE',  ( -100.9750000000000085, 0.000000000000000000, 20.24999999999999645 ) ) ;
#2031 = FACE_BOUND ( 'NONE', #1312, .T. ) ;
#2032 = VECTOR ( 'NONE', #1474, 1000.000000000000000 ) ;
#2033 = ADVANCED_FACE ( 'NONE', ( #1256 ), #908, .F. ) ;
#2034 = ORIENTED_EDGE ( 'NONE', *, *, #2279, .T. ) ;
#2035 = PLANE ( 'NONE',  #779 ) ;
#2036 = FILL_AREA_STYLE ('',( #405 ) ) ;
#2037 = CARTESIAN_POINT ( 'NONE',  ( -196.9750000000000227, 0.000000000000000000, 15.75000000000000000 ) ) ;
#2038 = VERTEX_POINT ( 'NONE', #727 ) ;
#2039 = LINE ( 'NONE', #1467, #2142 ) ;
#2040 = CIRCLE ( 'NONE', #1480, 3.999999999999996447 ) ;
#2041 = DIRECTION ( 'NONE',  ( 0.000000000000000000, 1.000000000000000000, 0.000000000000000000 ) ) ;
#2042 = CARTESIAN_POINT ( 'NONE',  ( 91.02500000000001990, 5.000000000000000000, 20.24999999999999645 ) ) ;
#2043 = EDGE_CURVE ( 'NONE', #1667, #787, #731, .T. ) ;
#2044 = CARTESIAN_POINT ( 'NONE',  ( -239.4750000000000227, 5.000000000000000000, -54.99999999999996447 ) ) ;
#2045 = DIRECTION ( 'NONE',  ( 1.000000000000000000, 0.000000000000000000, 0.000000000000000000 ) ) ;
#2046 = DIRECTION ( 'NONE',  ( 0.000000000000000000, 0.000000000000000000, 1.000000000000000000 ) ) ;
#2047 = ORIENTED_EDGE ( 'NONE', *, *, #1857, .F. ) ;
#2048 = CARTESIAN_POINT ( 'NONE',  ( 197.0250000000000341, 0.000000000000000000, 18.00000000000000000 ) ) ;
#2049 = CARTESIAN_POINT ( 'NONE',  ( -239.4749999999999943, 5.000000000000000000, 61.25000000000014921 ) ) ;
#2050 = LINE ( 'NONE', #624, #2241 ) ;
#2051 = CARTESIAN_POINT ( 'NONE',  ( 239.4750000000000227, 5.000000000000000000, 61.25000000000003553 ) ) ;
#2052 = DIRECTION ( 'NONE',  ( -1.000000000000000000, -0.000000000000000000, -0.000000000000000000 ) ) ;
#2053 = EDGE_CURVE ( 'NONE', #1966, #1373, #1096, .T. ) ;
#2054 = FACE_OUTER_BOUND ( 'NONE', #1123, .T. ) ;
#2055 = CIRCLE ( 'NONE', #286, 2.249999999999998668 ) ;
#2056 = DIRECTION ( 'NONE',  ( -0.000000000000000000, 0.000000000000000000, 1.000000000000000000 ) ) ;
#2057 = ORIENTED_EDGE ( 'NONE', *, *, #588, .F. ) ;
#2058 = AXIS2_PLACEMENT_3D ( 'NONE', #1763, #326, #2116 ) ;
#2059 = EDGE_CURVE ( 'NONE', #1617, #1001, #398, .T. ) ;
#2060 = LINE ( 'NONE', #1708, #2291 ) ;
#2061 = CARTESIAN_POINT ( 'NONE',  ( -90.97499999999999432, 5.000000000000000000, -15.75000000000000000 ) ) ;
#2062 = DIRECTION ( 'NONE',  ( 0.000000000000000000, 0.000000000000000000, 1.000000000000000000 ) ) ;
#2063 = DIRECTION ( 'NONE',  ( -0.000000000000000000, 1.000000000000000000, -0.000000000000000000 ) ) ;
#2064 = VECTOR ( 'NONE', #885, 1000.000000000000000 ) ;
#2065 = ORIENTED_EDGE ( 'NONE', *, *, #1516, .F. ) ;
#2066 = EDGE_CURVE ( 'NONE', #481, #1795, #996, .T. ) ;
#2067 = ORIENTED_EDGE ( 'NONE', *, *, #1188, .T. ) ;
#2068 = DIRECTION ( 'NONE',  ( -0.000000000000000000, 1.000000000000000000, -0.000000000000000000 ) ) ;
#2069 = VERTEX_POINT ( 'NONE', #1978 ) ;
#2070 = EDGE_CURVE ( 'NONE', #30, #835, #2334, .T. ) ;
#2071 = ORIENTED_EDGE ( 'NONE', *, *, #1190, .T. ) ;
#2072 = LINE ( 'NONE', #993, #1423 ) ;
#2073 = ADVANCED_FACE ( 'NONE', ( #1451 ), #1074, .F. ) ;
#2074 = VECTOR ( 'NONE', #802, 1000.000000000000000 ) ;
#2075 = DIRECTION ( 'NONE',  ( 0.000000000000000000, 1.000000000000000000, 0.000000000000000000 ) ) ;
#2076 = DIRECTION ( 'NONE',  ( 0.000000000000000000, 1.000000000000000000, 0.000000000000000000 ) ) ;
#2077 = AXIS2_PLACEMENT_3D ( 'NONE', #2225, #1302, #43 ) ;
#2078 = LINE ( 'NONE', #1397, #706 ) ;
#2079 = DIRECTION ( 'NONE',  ( 0.000000000000000000, 0.000000000000000000, 1.000000000000000000 ) ) ;
#2080 = EDGE_LOOP ( 'NONE', ( #113, #1638 ) ) ;
#2081 = CYLINDRICAL_SURFACE ( 'NONE', #1537, 2.249999999999998668 ) ;
#2082 = EDGE_LOOP ( 'NONE', ( #322, #1109, #2047, #1518 ) ) ;
#2083 = EDGE_LOOP ( 'NONE', ( #1576, #1540 ) ) ;
#2084 = DIRECTION ( 'NONE',  ( -0.000000000000000000, 1.000000000000000000, -0.000000000000000000 ) ) ;
#2085 = DIRECTION ( 'NONE',  ( 0.000000000000000000, 1.000000000000000000, 0.000000000000000000 ) ) ;
#2086 = LINE ( 'NONE', #461, #1642 ) ;
#2087 = DIRECTION ( 'NONE',  ( -0.000000000000000000, 1.000000000000000000, -0.000000000000000000 ) ) ;
#2088 = LINE ( 'NONE', #1186, #1678 ) ;
#2089 = VECTOR ( 'NONE', #1501, 1000.000000000000000 ) ;
#2090 = CARTESIAN_POINT ( 'NONE',  ( -100.9750000000000085, 5.000000000000000000, 20.24999999999999645 ) ) ;
#2091 = CARTESIAN_POINT ( 'NONE',  ( -4.975000000000006750, 0.000000000000000000, -20.24999999999999645 ) ) ;
#2092 = EDGE_LOOP ( 'NONE', ( #892, #1376 ) ) ;
#2093 = CARTESIAN_POINT ( 'NONE',  ( 5.025000000000002132, 0.000000000000000000, 18.00000000000000000 ) ) ;
#2094 = ORIENTED_EDGE ( 'NONE', *, *, #371, .T. ) ;
#2095 = ORIENTED_EDGE ( 'NONE', *, *, #1900, .T. ) ;
#2096 = VECTOR ( 'NONE', #1211, 1000.000000000000000 ) ;
#2097 = DIRECTION ( 'NONE',  ( 1.000000000000000000, 0.000000000000000000, 0.000000000000000000 ) ) ;
#2098 = EDGE_CURVE ( 'NONE', #1251, #886, #1462, .T. ) ;
#2099 = CARTESIAN_POINT ( 'NONE',  ( -241.9749999999999943, 5.000000000000000000, 61.50000000000002842 ) ) ;
#2100 = FACE_OUTER_BOUND ( 'NONE', #1957, .T. ) ;
#2101 = AXIS2_PLACEMENT_3D ( 'NONE', #1555, #1027, #1207 ) ;
#2102 = LINE ( 'NONE', #1926, #1433 ) ;
#2103 = EDGE_CURVE ( 'NONE', #767, #1770, #897, .T. ) ;
#2104 = DIRECTION ( 'NONE',  ( -0.000000000000000000, 1.000000000000000000, -0.000000000000000000 ) ) ;
#2105 = EDGE_CURVE ( 'NONE', #175, #1118, #2135, .T. ) ;
#2106 = ORIENTED_EDGE ( 'NONE', *, *, #1687, .F. ) ;
#2107 = ADVANCED_FACE ( 'NONE', ( #689 ), #23, .T. ) ;
#2108 = CARTESIAN_POINT ( 'NONE',  ( -244.4749999999999943, 5.000000000000000000, 64.00000000000002842 ) ) ;
#2109 = VERTEX_POINT ( 'NONE', #172 ) ;
#2110 = VECTOR ( 'NONE', #1314, 1000.000000000000000 ) ;
#2111 = ORIENTED_EDGE ( 'NONE', *, *, #585, .T. ) ;
#2112 = EDGE_LOOP ( 'NONE', ( #1195, #1577, #688, #1603 ) ) ;
#2113 = DIRECTION ( 'NONE',  ( -0.000000000000000000, 1.000000000000000000, -0.000000000000000000 ) ) ;
#2114 = ORIENTED_EDGE ( 'NONE', *, *, #1516, .T. ) ;
#2115 = DIRECTION ( 'NONE',  ( 1.000000000000000000, 0.000000000000000000, 0.000000000000000000 ) ) ;
#2116 = DIRECTION ( 'NONE',  ( 0.000000000000000000, 0.000000000000000000, 1.000000000000000000 ) ) ;
#2117 = AXIS2_PLACEMENT_3D ( 'NONE', #953, #264, #977 ) ;
#2118 = CARTESIAN_POINT ( 'NONE',  ( 5.025000000000002132, 5.000000000000000000, 15.75000000000000000 ) ) ;
#2119 = DIRECTION ( 'NONE',  ( -0.000000000000000000, 1.000000000000000000, -0.000000000000000000 ) ) ;
#2120 = EDGE_CURVE ( 'NONE', #681, #2143, #1198, .T. ) ;
#2121 = CIRCLE ( 'NONE', #1288, 2.500000000000002220 ) ;
#2122 = EDGE_LOOP ( 'NONE', ( #69, #380, #1434, #834 ) ) ;
#2123 = ORIENTED_EDGE ( 'NONE', *, *, #1634, .T. ) ;
#2124 = LINE ( 'NONE', #2303, #1428 ) ;
#2125 = ORIENTED_EDGE ( 'NONE', *, *, #1188, .F. ) ;
#2126 = PRODUCT_DEFINITION_SHAPE ( 'NONE', 'NONE',  #1864 ) ;
#2127 = VECTOR ( 'NONE', #2284, 1000.000000000000000 ) ;
#2128 = VERTEX_POINT ( 'NONE', #331 ) ;
#2129 = DIRECTION ( 'NONE',  ( -0.000000000000000000, 0.000000000000000000, 1.000000000000000000 ) ) ;
#2130 = CARTESIAN_POINT ( 'NONE',  ( 239.4750000000000227, 1.000000000000000000, 59.00000000000002842 ) ) ;
#2131 = EDGE_LOOP ( 'NONE', ( #1521, #682, #443, #693 ) ) ;
#2132 = DIRECTION ( 'NONE',  ( -0.000000000000000000, 1.000000000000000000, -0.000000000000000000 ) ) ;
#2133 = ADVANCED_FACE ( 'NONE', ( #887 ), #2172, .F. ) ;
#2134 = EDGE_LOOP ( 'NONE', ( #1622, #1593, #1126, #724 ) ) ;
#2135 = LINE ( 'NONE', #1437, #1947 ) ;
#2136 = LINE ( 'NONE', #9, #1876 ) ;
#2137 = VERTEX_POINT ( 'NONE', #536 ) ;
#2138 = ORIENTED_EDGE ( 'NONE', *, *, #2043, .F. ) ;
#2139 = ORIENTED_EDGE ( 'NONE', *, *, #2332, .F. ) ;
#2140 = EDGE_CURVE ( 'NONE', #517, #14, #1813, .T. ) ;
#2141 = EDGE_CURVE ( 'NONE', #2069, #55, #1265, .T. ) ;
#2142 = VECTOR ( 'NONE', #417, 1000.000000000000000 ) ;
#2143 = VERTEX_POINT ( 'NONE', #2044 ) ;
#2144 = LINE ( 'NONE', #506, #1250 ) ;
#2145 = CARTESIAN_POINT ( 'NONE',  ( 101.0250000000000341, 0.000000000000000000, -20.24999999999999645 ) ) ;
#2146 = VECTOR ( 'NONE', #143, 1000.000000000000000 ) ;
#2147 = CIRCLE ( 'NONE', #1616, 2.249999999999998668 ) ;
#2148 = EDGE_LOOP ( 'NONE', ( #864, #1496, #2341, #2243 ) ) ;
#2149 = CARTESIAN_POINT ( 'NONE',  ( -186.9749999999999943, 0.000000000000000000, 15.75000000000000000 ) ) ;
#2150 = VERTEX_POINT ( 'NONE', #218 ) ;
#2151 = DIRECTION ( 'NONE',  ( 0.000000000000000000, 0.000000000000000000, 1.000000000000000000 ) ) ;
#2152 = CARTESIAN_POINT ( 'NONE',  ( -239.4750000000000227, 5.000000000000000000, -58.99999999999997158 ) ) ;
#2153 = VERTEX_POINT ( 'NONE', #392 ) ;
#2154 = ORIENTED_EDGE ( 'NONE', *, *, #2029, .F. ) ;
#2155 = CIRCLE ( 'NONE', #1543, 2.249999999999998668 ) ;
#2156 = EDGE_CURVE ( 'NONE', #1941, #2015, #786, .T. ) ;
#2157 = VERTEX_POINT ( 'NONE', #2203 ) ;
#2158 = LINE ( 'NONE', #562, #2233 ) ;
#2159 = LINE ( 'NONE', #2145, #503 ) ;
#2160 = ORIENTED_EDGE ( 'NONE', *, *, #2279, .F. ) ;
#2161 = DIRECTION ( 'NONE',  ( -0.000000000000000000, 1.000000000000000000, -0.000000000000000000 ) ) ;
#2162 = ORIENTED_EDGE ( 'NONE', *, *, #695, .F. ) ;
#2163 = DIRECTION ( 'NONE',  ( 0.000000000000000000, 0.000000000000000000, 1.000000000000000000 ) ) ;
#2164 = AXIS2_PLACEMENT_3D ( 'NONE', #936, #1666, #580 ) ;
#2165 = DIRECTION ( 'NONE',  ( 0.000000000000000000, 0.000000000000000000, 1.000000000000000000 ) ) ;
#2166 = ORIENTED_EDGE ( 'NONE', *, *, #2053, .T. ) ;
#2167 = ORIENTED_EDGE ( 'NONE', *, *, #2027, .T. ) ;
#2168 = DIRECTION ( 'NONE',  ( 0.000000000000000000, 0.000000000000000000, -1.000000000000000000 ) ) ;
#2169 = EDGE_LOOP ( 'NONE', ( #1253, #1697, #275, #2304 ) ) ;
#2170 = CARTESIAN_POINT ( 'NONE',  ( 91.02500000000001990, 0.000000000000000000, -15.75000000000000000 ) ) ;
#2171 = ORIENTED_EDGE ( 'NONE', *, *, #427, .T. ) ;
#2172 = PLANE ( 'NONE',  #1624 ) ;
#2173 = DIRECTION ( 'NONE',  ( -0.000000000000000000, 1.000000000000000000, -0.000000000000000000 ) ) ;
#2174 = EDGE_LOOP ( 'NONE', ( #2323, #1612, #907, #386 ) ) ;
#2175 = CARTESIAN_POINT ( 'NONE',  ( 239.4749999999999943, 5.000000000000000000, -63.00000000000002842 ) ) ;
#2176 = ADVANCED_FACE ( 'NONE', ( #247, #1303, #1492, #1681, #56, #1868, #2021, #421, #931, #1105, #1120, #1673, #961, #1694, #230 ), #2009, .F. ) ;
#2177 = CIRCLE ( 'NONE', #1840, 2.500000000000002220 ) ;
#2178 = FACE_OUTER_BOUND ( 'NONE', #1227, .T. ) ;
#2179 = VERTEX_POINT ( 'NONE', #739 ) ;
#2180 = CARTESIAN_POINT ( 'NONE',  ( -239.4750000000000227, 5.000000000000000000, -58.99999999999997158 ) ) ;
#2181 = CIRCLE ( 'NONE', #1185, 2.249999999999998668 ) ;
#2182 = EDGE_CURVE ( 'NONE', #691, #1222, #2216, .T. ) ;
#2183 = ORIENTED_EDGE ( 'NONE', *, *, #16, .T. ) ;
#2184 = DIRECTION ( 'NONE',  ( -0.000000000000000000, 1.000000000000000000, -0.000000000000000000 ) ) ;
#2185 = CARTESIAN_POINT ( 'NONE',  ( 239.4750000000000227, 5.000000000000000000, 59.00000000000002842 ) ) ;
#2186 = CIRCLE ( 'NONE', #1913, 2.250000000000001776 ) ;
#2187 = EDGE_LOOP ( 'NONE', ( #1822, #666, #896, #825 ) ) ;
#2188 = VECTOR ( 'NONE', #2104, 1000.000000000000000 ) ;
#2189 = FACE_OUTER_BOUND ( 'NONE', #2131, .T. ) ;
#2190 = DIRECTION ( 'NONE',  ( -0.000000000000000000, 1.000000000000000000, -0.000000000000000000 ) ) ;
#2191 = ORIENTED_EDGE ( 'NONE', *, *, #1508, .T. ) ;
#2192 = FACE_BOUND ( 'NONE', #125, .T. ) ;
#2193 = CARTESIAN_POINT ( 'NONE',  ( -237.2249999999999943, 1.000000000000000000, 59.00000000000014921 ) ) ;
#2194 = CARTESIAN_POINT ( 'NONE',  ( -100.9750000000000085, 0.000000000000000000, -15.75000000000000000 ) ) ;
#2195 = EDGE_CURVE ( 'NONE', #1208, #1831, #577, .T. ) ;
#2196 = AXIS2_PLACEMENT_3D ( 'NONE', #37, #1568, #1762 ) ;
#2197 = DIRECTION ( 'NONE',  ( 0.000000000000000000, 0.000000000000000000, 1.000000000000000000 ) ) ;
#2198 = ORIENTED_EDGE ( 'NONE', *, *, #1040, .T. ) ;
#2199 = VECTOR ( 'NONE', #2132, 1000.000000000000000 ) ;
#2200 = DIRECTION ( 'NONE',  ( -0.000000000000000000, 1.000000000000000000, -0.000000000000000000 ) ) ;
#2201 = DIRECTION ( 'NONE',  ( -0.000000000000000000, 1.000000000000000000, -0.000000000000000000 ) ) ;
#2202 = FACE_OUTER_BOUND ( 'NONE', #2092, .T. ) ;
#2203 = CARTESIAN_POINT ( 'NONE',  ( 91.02500000000001990, 0.000000000000000000, 15.75000000000000000 ) ) ;
#2204 = DIRECTION ( 'NONE',  ( 0.000000000000000000, 0.000000000000000000, 1.000000000000000000 ) ) ;
#2205 = ORIENTED_EDGE ( 'NONE', *, *, #1143, .T. ) ;
#2206 = EDGE_CURVE ( 'NONE', #1220, #481, #1850, .T. ) ;
#2207 = DIRECTION ( 'NONE',  ( 1.000000000000000000, 0.000000000000000000, 0.000000000000000000 ) ) ;
#2208 = ORIENTED_EDGE ( 'NONE', *, *, #944, .T. ) ;
#2209 = VECTOR ( 'NONE', #1289, 1000.000000000000000 ) ;
#2210 = EDGE_CURVE ( 'NONE', #1175, #1894, #1316, .T. ) ;
#2211 = DIRECTION ( 'NONE',  ( -0.000000000000000000, 1.000000000000000000, -0.000000000000000000 ) ) ;
#2212 = EDGE_CURVE ( 'NONE', #973, #277, #65, .T. ) ;
#2213 = CARTESIAN_POINT ( 'NONE',  ( -196.9750000000000227, 5.000000000000000000, 20.24999999999999645 ) ) ;
#2214 = FACE_BOUND ( 'NONE', #1042, .T. ) ;
#2215 = EDGE_LOOP ( 'NONE', ( #804, #801, #715, #1556 ) ) ;
#2216 = LINE ( 'NONE', #1663, #857 ) ;
#2217 = VECTOR ( 'NONE', #201, 1000.000000000000000 ) ;
#2218 = DIRECTION ( 'NONE',  ( 0.000000000000000000, 1.000000000000000000, 0.000000000000000000 ) ) ;
#2219 = DIRECTION ( 'NONE',  ( -1.000000000000000000, -0.000000000000000000, -0.000000000000000000 ) ) ;
#2220 = VERTEX_POINT ( 'NONE', #601 ) ;
#2221 = VECTOR ( 'NONE', #333, 1000.000000000000000 ) ;
#2222 = DIRECTION ( 'NONE',  ( 0.000000000000000000, 0.000000000000000000, 1.000000000000000000 ) ) ;
#2223 = EDGE_CURVE ( 'NONE', #838, #2220, #109, .T. ) ;
#2224 = CARTESIAN_POINT ( 'NONE',  ( 101.0250000000000341, 0.000000000000000000, 15.75000000000000000 ) ) ;
#2225 = CARTESIAN_POINT ( 'NONE',  ( 0.000000000000000000, 5.000000000000000000, 0.000000000000000000 ) ) ;
#2226 = AXIS2_PLACEMENT_3D ( 'NONE', #611, #658, #1346 ) ;
#2227 = VECTOR ( 'NONE', #1731, 1000.000000000000000 ) ;
#2228 = EDGE_LOOP ( 'NONE', ( #1095, #754, #992, #307 ) ) ;
#2229 = DIRECTION ( 'NONE',  ( -1.000000000000000000, -0.000000000000000000, -0.000000000000000000 ) ) ;
#2230 = DIRECTION ( 'NONE',  ( -0.000000000000000000, 1.000000000000000000, -0.000000000000000000 ) ) ;
#2231 = DIRECTION ( 'NONE',  ( -0.000000000000000000, 1.000000000000000000, -0.000000000000000000 ) ) ;
#2232 = ORIENTED_EDGE ( 'NONE', *, *, #918, .F. ) ;
#2233 = VECTOR ( 'NONE', #1829, 1000.000000000000000 ) ;
#2234 = CARTESIAN_POINT ( 'NONE',  ( -239.4749999999999943, 1.000000000000000000, 59.00000000000014921 ) ) ;
#2235 = AXIS2_PLACEMENT_3D ( 'NONE', #1345, #94, #1878 ) ;
#2236 = ADVANCED_FACE ( 'NONE', ( #431 ), #2035, .F. ) ;
#2237 = DIRECTION ( 'NONE',  ( -0.000000000000000000, 1.000000000000000000, -0.000000000000000000 ) ) ;
#2238 = DIRECTION ( 'NONE',  ( 0.000000000000000000, 0.000000000000000000, 1.000000000000000000 ) ) ;
#2239 = CYLINDRICAL_SURFACE ( 'NONE', #1300, 2.249999999999998668 ) ;
#2240 = DIRECTION ( 'NONE',  ( 0.000000000000000000, 0.000000000000000000, 1.000000000000000000 ) ) ;
#2241 = VECTOR ( 'NONE', #439, 1000.000000000000000 ) ;
#2242 = DIRECTION ( 'NONE',  ( -0.000000000000000000, 1.000000000000000000, -0.000000000000000000 ) ) ;
#2243 = ORIENTED_EDGE ( 'NONE', *, *, #1900, .F. ) ;
#2244 = EDGE_LOOP ( 'NONE', ( #239, #1236, #1631, #676 ) ) ;
#2245 = PLANE ( 'NONE',  #174 ) ;
#2246 = FACE_OUTER_BOUND ( 'NONE', #60, .T. ) ;
#2247 = DIRECTION ( 'NONE',  ( -0.000000000000000000, 1.000000000000000000, -0.000000000000000000 ) ) ;
#2248 = EDGE_CURVE ( 'NONE', #1440, #1633, #240, .T. ) ;
#2249 = CARTESIAN_POINT ( 'NONE',  ( 241.9749999999999943, 0.000000000000000000, -61.49999999999997158 ) ) ;
#2250 = DIRECTION ( 'NONE',  ( -0.000000000000000000, 1.000000000000000000, -0.000000000000000000 ) ) ;
#2251 = EDGE_CURVE ( 'NONE', #1966, #838, #1152, .T. ) ;
#2252 = EDGE_LOOP ( 'NONE', ( #1977, #1400, #1531, #491 ) ) ;
#2253 = ORIENTED_EDGE ( 'NONE', *, *, #663, .F. ) ;
#2254 = VECTOR ( 'NONE', #1138, 1000.000000000000000 ) ;
#2255 = CARTESIAN_POINT ( 'NONE',  ( 187.0250000000000341, 0.000000000000000000, -18.00000000000000000 ) ) ;
#2256 = VERTEX_POINT ( 'NONE', #589 ) ;
#2257 = ADVANCED_FACE ( 'NONE', ( #1650, #34 ), #1324, .F. ) ;
#2258 = AXIS2_PLACEMENT_3D ( 'NONE', #1445, #2168, #1981 ) ;
#2259 = AXIS2_PLACEMENT_3D ( 'NONE', #1918, #300, #2288 ) ;
#2260 = EDGE_LOOP ( 'NONE', ( #618, #330, #489, #1137 ) ) ;
#2261 = LINE ( 'NONE', #1923, #1800 ) ;
#2262 = DIRECTION ( 'NONE',  ( 0.000000000000000000, 0.000000000000000000, 1.000000000000000000 ) ) ;
#2263 = CARTESIAN_POINT ( 'NONE',  ( -241.9749999999999943, 5.000000000000000000, -61.49999999999997158 ) ) ;
#2264 = CYLINDRICAL_SURFACE ( 'NONE', #1659, 4.000000000000003553 ) ;
#2265 = AXIS2_PLACEMENT_3D ( 'NONE', #1744, #1382, #2079 ) ;
#2266 = ORIENTED_EDGE ( 'NONE', *, *, #1665, .F. ) ;
#2267 = CARTESIAN_POINT ( 'NONE',  ( 91.02500000000001990, 0.000000000000000000, 20.24999999999999645 ) ) ;
#2268 = ORIENTED_EDGE ( 'NONE', *, *, #1016, .T. ) ;
#2269 = DIRECTION ( 'NONE',  ( 0.000000000000000000, 0.000000000000000000, -1.000000000000000000 ) ) ;
#2270 = DIRECTION ( 'NONE',  ( -0.000000000000000000, 1.000000000000000000, -0.000000000000000000 ) ) ;
#2271 = AXIS2_PLACEMENT_3D ( 'NONE', #312, #1031, #1406 ) ;
#2272 = DIRECTION ( 'NONE',  ( -0.000000000000000000, 1.000000000000000000, -0.000000000000000000 ) ) ;
#2273 = CARTESIAN_POINT ( 'NONE',  ( 91.02500000000001990, 0.000000000000000000, -15.75000000000000000 ) ) ;
#2274 = FACE_OUTER_BOUND ( 'NONE', #1363, .T. ) ;
#2275 = CARTESIAN_POINT ( 'NONE',  ( 91.02500000000001990, 0.000000000000000000, 20.24999999999999645 ) ) ;
#2276 = ORIENTED_EDGE ( 'NONE', *, *, #709, .F. ) ;
#2277 = ORIENTED_EDGE ( 'NONE', *, *, #13, .T. ) ;
#2278 = CARTESIAN_POINT ( 'NONE',  ( -239.4750000000000227, 5.000000000000000000, -62.99999999999997158 ) ) ;
#2279 = EDGE_CURVE ( 'NONE', #1279, #710, #2102, .T. ) ;
#2280 = ORIENTED_EDGE ( 'NONE', *, *, #952, .F. ) ;
#2281 = DIRECTION ( 'NONE',  ( 0.000000000000000000, 0.000000000000000000, 1.000000000000000000 ) ) ;
#2282 = ADVANCED_FACE ( 'NONE', ( #1355 ), #1538, .F. ) ;
#2283 = EDGE_CURVE ( 'NONE', #827, #1285, #1083, .T. ) ;
#2284 = DIRECTION ( 'NONE',  ( 1.000000000000000000, 0.000000000000000000, 0.000000000000000000 ) ) ;
#2285 = CARTESIAN_POINT ( 'NONE',  ( 91.02500000000001990, 0.000000000000000000, -20.24999999999999645 ) ) ;
#2286 = EDGE_CURVE ( 'NONE', #184, #1907, #74, .T. ) ;
#2287 = CARTESIAN_POINT ( 'NONE',  ( 187.0250000000000341, 0.000000000000000000, 20.24999999999999645 ) ) ;
#2288 = DIRECTION ( 'NONE',  ( 0.000000000000000000, 0.000000000000000000, 1.000000000000000000 ) ) ;
#2289 = ORIENTED_EDGE ( 'NONE', *, *, #257, .F. ) ;
#2290 = EDGE_LOOP ( 'NONE', ( #2138, #803 ) ) ;
#2291 = VECTOR ( 'NONE', #1181, 1000.000000000000000 ) ;
#2292 = LINE ( 'NONE', #1935, #2096 ) ;
#2293 = UNCERTAINTY_MEASURE_WITH_UNIT (LENGTH_MEASURE( 1.000000000000000082E-05 ), #1023, 'distance_accuracy_value', 'NONE');
#2294 = VERTEX_POINT ( 'NONE', #262 ) ;
#2295 = ADVANCED_FACE ( 'NONE', ( #2274 ), #1914, .F. ) ;
#2296 = LINE ( 'NONE', #325, #749 ) ;
#2297 = CARTESIAN_POINT ( 'NONE',  ( -239.4750000000000227, 0.000000000000000000, -58.99999999999997158 ) ) ;
#2298 = AXIS2_PLACEMENT_3D ( 'NONE', #2108, #1386, #849 ) ;
#2299 = DIRECTION ( 'NONE',  ( 0.000000000000000000, 0.000000000000000000, 1.000000000000000000 ) ) ;
#2300 = CARTESIAN_POINT ( 'NONE',  ( -196.9750000000000227, 5.000000000000000000, 15.75000000000000000 ) ) ;
#2301 = ORIENTED_EDGE ( 'NONE', *, *, #423, .F. ) ;
#2302 = CIRCLE ( 'NONE', #2, 2.249999999999998668 ) ;
#2303 = CARTESIAN_POINT ( 'NONE',  ( -4.975000000000006750, 5.000000000000000000, 20.24999999999999645 ) ) ;
#2304 = ORIENTED_EDGE ( 'NONE', *, *, #781, .T. ) ;
#2305 = AXIS2_PLACEMENT_3D ( 'NONE', #2193, #556, #1292 ) ;
#2306 = ORIENTED_EDGE ( 'NONE', *, *, #327, .T. ) ;
#2307 = ORIENTED_EDGE ( 'NONE', *, *, #2210, .F. ) ;
#2308 = DIRECTION ( 'NONE',  ( 0.000000000000000000, 0.000000000000000000, 1.000000000000000000 ) ) ;
#2309 = CARTESIAN_POINT ( 'NONE',  ( -186.9749999999999943, 5.000000000000000000, 20.24999999999999645 ) ) ;
#2310 = EDGE_CURVE ( 'NONE', #1807, #1633, #1743, .T. ) ;
#2311 = LINE ( 'NONE', #1976, #1167 ) ;
#2312 = CIRCLE ( 'NONE', #51, 4.000000000000003553 ) ;
#2313 = ORIENTED_EDGE ( 'NONE', *, *, #564, .T. ) ;
#2314 = VERTEX_POINT ( 'NONE', #809 ) ;
#2315 = CARTESIAN_POINT ( 'NONE',  ( -186.9749999999999943, 5.000000000000000000, 18.00000000000000000 ) ) ;
#2316 = ADVANCED_FACE ( 'NONE', ( #1730 ), #1187, .F. ) ;
#2317 = FACE_BOUND ( 'NONE', #209, .T. ) ;
#2318 = EDGE_LOOP ( 'NONE', ( #946, #1169, #1180, #2123 ) ) ;
#2319 = ORIENTED_EDGE ( 'NONE', *, *, #1687, .T. ) ;
#2320 = ORIENTED_EDGE ( 'NONE', *, *, #1665, .T. ) ;
#2321 = LINE ( 'NONE', #683, #1130 ) ;
#2322 = CYLINDRICAL_SURFACE ( 'NONE', #613, 2.249999999999998668 ) ;
#2323 = ORIENTED_EDGE ( 'NONE', *, *, #612, .F. ) ;
#2324 = DIRECTION ( 'NONE',  ( -0.000000000000000000, 1.000000000000000000, -0.000000000000000000 ) ) ;
#2325 = AXIS2_PLACEMENT_3D ( 'NONE', #1275, #1847, #1866 ) ;
#2326 = EDGE_CURVE ( 'NONE', #1223, #1258, #1737, .T. ) ;
#2327 = ORIENTED_EDGE ( 'NONE', *, *, #2326, .F. ) ;
#2328 = DIRECTION ( 'NONE',  ( 0.000000000000000000, 0.000000000000000000, 1.000000000000000000 ) ) ;
#2329 = DIRECTION ( 'NONE',  ( 0.000000000000000000, 1.000000000000000000, 0.000000000000000000 ) ) ;
#2330 = EDGE_CURVE ( 'NONE', #12, #1617, #2078, .T. ) ;
#2331 = ORIENTED_EDGE ( 'NONE', *, *, #283, .T. ) ;
#2332 = EDGE_CURVE ( 'NONE', #1208, #1001, #86, .T. ) ;
#2333 = VERTEX_POINT ( 'NONE', #1009 ) ;
#2334 = CIRCLE ( 'NONE', #1076, 2.500000000000002220 ) ;
#2335 = VERTEX_POINT ( 'NONE', #2118 ) ;
#2336 = DIRECTION ( 'NONE',  ( 0.000000000000000000, 0.000000000000000000, 1.000000000000000000 ) ) ;
#2337 = DIRECTION ( 'NONE',  ( -1.000000000000000000, -0.000000000000000000, -0.000000000000000000 ) ) ;
#2338 = CIRCLE ( 'NONE', #1988, 2.249999999999998668 ) ;
#2339 = ORIENTED_EDGE ( 'NONE', *, *, #434, .F. ) ;
#2340 = CARTESIAN_POINT ( 'NONE',  ( 239.4750000000000227, 1.000000000000000000, 59.00000000000002842 ) ) ;
#2341 = ORIENTED_EDGE ( 'NONE', *, *, #1060, .F. ) ;
#2342 = CARTESIAN_POINT ( 'NONE',  ( 187.0250000000000341, 0.000000000000000000, -15.75000000000000000 ) ) ;
#2343 = CARTESIAN_POINT ( 'NONE',  ( 91.02500000000001990, 5.000000000000000000, 18.00000000000000000 ) ) ;
ENDSEC;
END-ISO-10303-21;
