ISO-10303-21;
HEADER;
FILE_DESCRIPTION (( 'STEP AP214' ),
    '1' );
FILE_NAME ('PEDISTAL-BASE_v001.STEP',
    '2025-12-22T20:33:21',
    ( '' ),
    ( '' ),
    'SwSTEP 2.0',
    'SolidWorks 2023',
    '' );
FILE_SCHEMA (( 'AUTOMOTIVE_DESIGN' ));
ENDSEC;

DATA;
#1 = CARTESIAN_POINT ( 'NONE',  ( 167.9999999999999147, 6.000000000000000000, 59.75000000000000000 ) ) ;
#2 = DIRECTION ( 'NONE',  ( -0.000000000000000000, 1.000000000000000000, -0.000000000000000000 ) ) ;
#3 = FACE_BOUND ( 'NONE', #686, .T. ) ;
#4 = DIRECTION ( 'NONE',  ( -0.000000000000000000, 1.000000000000000000, -0.000000000000000000 ) ) ;
#5 = VERTEX_POINT ( 'NONE', #1897 ) ;
#6 = EDGE_CURVE ( 'NONE', #18, #571, #484, .T. ) ;
#7 = AXIS2_PLACEMENT_3D ( 'NONE', #505, #366, #197 ) ;
#8 = ORIENTED_EDGE ( 'NONE', *, *, #1150, .F. ) ;
#9 = VERTEX_POINT ( 'NONE', #521 ) ;
#10 = CARTESIAN_POINT ( 'NONE',  ( -216.0000000000000853, 6.000000000000000000, -63.00000000000000000 ) ) ;
#11 = CIRCLE ( 'NONE', #214, 1.700000000000007061 ) ;
#12 = ORIENTED_EDGE ( 'NONE', *, *, #1592, .F. ) ;
#13 = CARTESIAN_POINT ( 'NONE',  ( 191.9999999999999432, 4.000000000000000000, -18.00000000000000000 ) ) ;
#14 = DIRECTION ( 'NONE',  ( 0.000000000000000000, -0.000000000000000000, -1.000000000000000000 ) ) ;
#15 = VECTOR ( 'NONE', #1423, 1000.000000000000000 ) ;
#16 = CARTESIAN_POINT ( 'NONE',  ( 167.9999999999999147, 6.000000000000000000, 61.29999999999999005 ) ) ;
#17 = DIRECTION ( 'NONE',  ( 0.000000000000000000, 0.000000000000000000, -1.000000000000000000 ) ) ;
#18 = VERTEX_POINT ( 'NONE', #989 ) ;
#19 = EDGE_LOOP ( 'NONE', ( #900, #309, #1449, #403 ) ) ;
#20 = ORIENTED_EDGE ( 'NONE', *, *, #853, .F. ) ;
#21 = CARTESIAN_POINT ( 'NONE',  ( 167.9999999999999147, 3.000000000000000000, -63.00000000000000000 ) ) ;
#22 = FACE_BOUND ( 'NONE', #518, .T. ) ;
#23 = AXIS2_PLACEMENT_3D ( 'NONE', #448, #471, #2013 ) ;
#24 = DIRECTION ( 'NONE',  ( 0.000000000000000000, 0.000000000000000000, -1.000000000000000000 ) ) ;
#25 = DIRECTION ( 'NONE',  ( -0.000000000000000000, -1.000000000000000000, -0.000000000000000000 ) ) ;
#26 = EDGE_CURVE ( 'NONE', #1322, #796, #78, .T. ) ;
#27 = DIRECTION ( 'NONE',  ( -0.000000000000000000, -1.000000000000000000, -0.000000000000000000 ) ) ;
#28 = DIRECTION ( 'NONE',  ( -0.000000000000000000, 1.000000000000000000, -0.000000000000000000 ) ) ;
#29 = ORIENTED_EDGE ( 'NONE', *, *, #1135, .T. ) ;
#30 = ORIENTED_EDGE ( 'NONE', *, *, #1970, .T. ) ;
#31 = CIRCLE ( 'NONE', #565, 2.250000000000001776 ) ;
#32 = ORIENTED_EDGE ( 'NONE', *, *, #1189, .T. ) ;
#33 = ORIENTED_EDGE ( 'NONE', *, *, #1661, .F. ) ;
#34 = EDGE_CURVE ( 'NONE', #1082, #967, #981, .T. ) ;
#35 = DIRECTION ( 'NONE',  ( 0.000000000000000000, -1.000000000000000000, 0.000000000000000000 ) ) ;
#36 = ADVANCED_FACE ( 'NONE', ( #1479, #56, #687, #1288, #1108, #325, #1279, #497, #22, #1117, #337, #1957, #1662 ), #1353, .F. ) ;
#37 = DIRECTION ( 'NONE',  ( -0.000000000000000000, 1.000000000000000000, -0.000000000000000000 ) ) ;
#38 = FACE_OUTER_BOUND ( 'NONE', #611, .T. ) ;
#39 = ORIENTED_EDGE ( 'NONE', *, *, #978, .T. ) ;
#40 = ORIENTED_EDGE ( 'NONE', *, *, #855, .F. ) ;
#41 = AXIS2_PLACEMENT_3D ( 'NONE', #440, #941, #605 ) ;
#42 = VERTEX_POINT ( 'NONE', #1034 ) ;
#43 = AXIS2_PLACEMENT_3D ( 'NONE', #1619, #50, #17 ) ;
#44 = VERTEX_POINT ( 'NONE', #537 ) ;
#45 = EDGE_CURVE ( 'NONE', #349, #321, #1343, .T. ) ;
#46 = LINE ( 'NONE', #513, #540 ) ;
#47 = AXIS2_PLACEMENT_3D ( 'NONE', #1018, #1797, #1958 ) ;
#48 = FACE_OUTER_BOUND ( 'NONE', #477, .T. ) ;
#49 = AXIS2_PLACEMENT_3D ( 'NONE', #329, #1302, #662 ) ;
#50 = DIRECTION ( 'NONE',  ( -0.000000000000000000, -1.000000000000000000, -0.000000000000000000 ) ) ;
#51 = EDGE_CURVE ( 'NONE', #922, #1140, #736, .T. ) ;
#52 = ORIENTED_EDGE ( 'NONE', *, *, #1626, .F. ) ;
#53 = ORIENTED_EDGE ( 'NONE', *, *, #34, .T. ) ;
#54 = AXIS2_PLACEMENT_3D ( 'NONE', #409, #1804, #1981 ) ;
#55 = EDGE_LOOP ( 'NONE', ( #352, #1612, #1698, #664 ) ) ;
#56 = FACE_BOUND ( 'NONE', #1198, .T. ) ;
#57 = CARTESIAN_POINT ( 'NONE',  ( 215.9999999999999432, 0.000000000000000000, -64.70000000000000284 ) ) ;
#58 = CARTESIAN_POINT ( 'NONE',  ( 167.9999999999999147, 6.000000000000000000, -63.00000000000000000 ) ) ;
#59 = EDGE_CURVE ( 'NONE', #1032, #601, #1010, .T. ) ;
#60 = ADVANCED_FACE ( 'NONE', ( #1641 ), #1941, .F. ) ;
#61 = CARTESIAN_POINT ( 'NONE',  ( 215.9999999999999432, 6.000000000000000000, 63.00000000000000000 ) ) ;
#62 = AXIS2_PLACEMENT_3D ( 'NONE', #1578, #619, #308 ) ;
#63 = EDGE_CURVE ( 'NONE', #299, #1033, #1101, .T. ) ;
#64 = ORIENTED_EDGE ( 'NONE', *, *, #703, .T. ) ;
#65 = EDGE_CURVE ( 'NONE', #167, #1757, #1792, .T. ) ;
#66 = DIRECTION ( 'NONE',  ( -0.000000000000000000, 1.000000000000000000, -0.000000000000000000 ) ) ;
#67 = AXIS2_PLACEMENT_3D ( 'NONE', #266, #1379, #293 ) ;
#68 = CYLINDRICAL_SURFACE ( 'NONE', #1491, 3.250000000000002665 ) ;
#69 = CARTESIAN_POINT ( 'NONE',  ( -216.0000000000000853, 3.000000000000000000, -59.75000000000000000 ) ) ;
#70 = DIRECTION ( 'NONE',  ( -0.000000000000000000, 1.000000000000000000, -0.000000000000000000 ) ) ;
#71 = DIRECTION ( 'NONE',  ( -0.000000000000000000, 1.000000000000000000, -0.000000000000000000 ) ) ;
#72 = FACE_OUTER_BOUND ( 'NONE', #1230, .T. ) ;
#73 = DIRECTION ( 'NONE',  ( 0.000000000000000000, 0.000000000000000000, 1.000000000000000000 ) ) ;
#74 = CIRCLE ( 'NONE', #1756, 3.250000000000002665 ) ;
#75 = CARTESIAN_POINT ( 'NONE',  ( -168.0000000000000568, 6.000000000000000000, 63.00000000000000000 ) ) ;
#76 = VECTOR ( 'NONE', #1337, 1000.000000000000000 ) ;
#77 = FACE_OUTER_BOUND ( 'NONE', #19, .T. ) ;
#78 = CIRCLE ( 'NONE', #1236, 1.700000000000007061 ) ;
#79 = DIRECTION ( 'NONE',  ( -0.000000000000000000, 1.000000000000000000, -0.000000000000000000 ) ) ;
#80 = CARTESIAN_POINT ( 'NONE',  ( 167.9999999999999147, 6.000000000000000000, -63.00000000000000000 ) ) ;
#81 = AXIS2_PLACEMENT_3D ( 'NONE', #1142, #983, #1926 ) ;
#82 = DIRECTION ( 'NONE',  ( -0.000000000000000000, 1.000000000000000000, -0.000000000000000000 ) ) ;
#83 = EDGE_LOOP ( 'NONE', ( #536, #211 ) ) ;
#84 = DIRECTION ( 'NONE',  ( 0.000000000000000000, 0.000000000000000000, 1.000000000000000000 ) ) ;
#85 = CARTESIAN_POINT ( 'NONE',  ( -192.0000000000000568, 4.000000000000000000, -18.00000000000000000 ) ) ;
#86 = ADVANCED_FACE ( 'NONE', ( #1825 ), #692, .F. ) ;
#87 = CARTESIAN_POINT ( 'NONE',  ( 217.6999999999999602, 3.000000000000000444, 63.00000000000000000 ) ) ;
#88 = APPLICATION_PROTOCOL_DEFINITION ( 'draft international standard', 'automotive_design', 1998, #1039 ) ;
#89 = AXIS2_PLACEMENT_3D ( 'NONE', #461, #1841, #292 ) ;
#90 = DIRECTION ( 'NONE',  ( 0.000000000000000000, 0.000000000000000000, -1.000000000000000000 ) ) ;
#91 = ORIENTED_EDGE ( 'NONE', *, *, #51, .F. ) ;
#92 = VECTOR ( 'NONE', #254, 1000.000000000000000 ) ;
#93 = ORIENTED_EDGE ( 'NONE', *, *, #886, .T. ) ;
#94 = ORIENTED_EDGE ( 'NONE', *, *, #582, .F. ) ;
#95 = DIRECTION ( 'NONE',  ( 0.000000000000000000, 0.000000000000000000, -1.000000000000000000 ) ) ;
#96 = CARTESIAN_POINT ( 'NONE',  ( -216.0000000000000853, 6.000000000000000000, 63.00000000000000000 ) ) ;
#97 = DIRECTION ( 'NONE',  ( -0.000000000000000000, 1.000000000000000000, -0.000000000000000000 ) ) ;
#98 = EDGE_CURVE ( 'NONE', #1622, #322, #1367, .T. ) ;
#99 = CIRCLE ( 'NONE', #1190, 1.700000000000007061 ) ;
#100 = CARTESIAN_POINT ( 'NONE',  ( -216.0000000000000853, 3.000000000000000888, 63.00000000000000000 ) ) ;
#101 = DIRECTION ( 'NONE',  ( -0.000000000000000000, 1.000000000000000000, -0.000000000000000000 ) ) ;
#102 = VERTEX_POINT ( 'NONE', #867 ) ;
#103 = ORIENTED_EDGE ( 'NONE', *, *, #1588, .T. ) ;
#104 = CARTESIAN_POINT ( 'NONE',  ( -168.0000000000000568, 0.000000000000000000, -63.00000000000000000 ) ) ;
#105 = DIRECTION ( 'NONE',  ( 0.000000000000000000, 1.000000000000000000, 0.000000000000000000 ) ) ;
#106 = CARTESIAN_POINT ( 'NONE',  ( 191.9999999999999432, 4.000000000000000000, 18.00000000000000000 ) ) ;
#107 = CARTESIAN_POINT ( 'NONE',  ( 191.9999999999999432, 6.000000000000000000, -18.00000000000000000 ) ) ;
#108 = CYLINDRICAL_SURFACE ( 'NONE', #1344, 1.700000000000007061 ) ;
#109 = EDGE_LOOP ( 'NONE', ( #230, #1763, #32, #376 ) ) ;
#110 = VERTEX_POINT ( 'NONE', #387 ) ;
#111 = AXIS2_PLACEMENT_3D ( 'NONE', #1761, #1909, #354 ) ;
#112 = AXIS2_PLACEMENT_3D ( 'NONE', #104, #1633, #73 ) ;
#113 = CARTESIAN_POINT ( 'NONE',  ( -216.0000000000000853, 6.000000000000000000, 64.70000000000000284 ) ) ;
#114 = DIRECTION ( 'NONE',  ( -0.000000000000000000, 1.000000000000000000, -0.000000000000000000 ) ) ;
#115 = CARTESIAN_POINT ( 'NONE',  ( -168.0000000000000568, 3.000000000000000000, 66.25000000000000000 ) ) ;
#116 = CARTESIAN_POINT ( 'NONE',  ( -192.0000000000000568, 4.000000000000000000, -20.25000000000000000 ) ) ;
#117 = EDGE_CURVE ( 'NONE', #959, #229, #483, .T. ) ;
#118 = CARTESIAN_POINT ( 'NONE',  ( 191.9999999999999432, 0.000000000000000000, 18.00000000000000000 ) ) ;
#119 = EDGE_CURVE ( 'NONE', #1255, #1764, #383, .T. ) ;
#120 = AXIS2_PLACEMENT_3D ( 'NONE', #160, #1567, #1886 ) ;
#121 = CARTESIAN_POINT ( 'NONE',  ( -216.0000000000000853, 0.000000000000000000, -64.70000000000000284 ) ) ;
#122 = VERTEX_POINT ( 'NONE', #1785 ) ;
#123 = EDGE_CURVE ( 'NONE', #543, #806, #1631, .T. ) ;
#124 = EDGE_CURVE ( 'NONE', #1275, #1580, #898, .T. ) ;
#125 = VERTEX_POINT ( 'NONE', #1817 ) ;
#126 = ADVANCED_FACE ( 'NONE', ( #1487 ), #222, .F. ) ;
#127 = DIRECTION ( 'NONE',  ( -0.000000000000000000, -1.000000000000000000, -0.000000000000000000 ) ) ;
#128 = CARTESIAN_POINT ( 'NONE',  ( 220.9999999999999432, 6.000000000000000000, -67.00000000000000000 ) ) ;
#129 = CYLINDRICAL_SURFACE ( 'NONE', #1086, 4.000000000000003553 ) ;
#130 = DIRECTION ( 'NONE',  ( 0.000000000000000000, 0.000000000000000000, 1.000000000000000000 ) ) ;
#131 = DIRECTION ( 'NONE',  ( 0.000000000000000000, -0.000000000000000000, -1.000000000000000000 ) ) ;
#132 = DIRECTION ( 'NONE',  ( -0.000000000000000000, -1.000000000000000000, -0.000000000000000000 ) ) ;
#133 = ORIENTED_EDGE ( 'NONE', *, *, #701, .F. ) ;
#134 = EDGE_CURVE ( 'NONE', #1872, #5, #704, .T. ) ;
#135 = VERTEX_POINT ( 'NONE', #1333 ) ;
#136 = EDGE_LOOP ( 'NONE', ( #721, #1416, #255, #810 ) ) ;
#137 = LINE ( 'NONE', #150, #976 ) ;
#138 = CARTESIAN_POINT ( 'NONE',  ( -192.0000000000000568, 6.000000000000000000, 18.00000000000000000 ) ) ;
#139 = EDGE_CURVE ( 'NONE', #1139, #1564, #840, .T. ) ;
#140 = CARTESIAN_POINT ( 'NONE',  ( 215.9999999999999432, 3.000000000000000888, -61.29999999999999005 ) ) ;
#141 = CARTESIAN_POINT ( 'NONE',  ( -216.0000000000000853, 3.000000000000000000, 63.00000000000000000 ) ) ;
#142 = APPLICATION_CONTEXT ( 'automotive_design' ) ;
#143 = LINE ( 'NONE', #1878, #838 ) ;
#144 = AXIS2_PLACEMENT_3D ( 'NONE', #1805, #1673, #1665 ) ;
#145 = DIRECTION ( 'NONE',  ( 0.000000000000000000, 0.000000000000000000, 1.000000000000000000 ) ) ;
#146 = AXIS2_PLACEMENT_3D ( 'NONE', #87, #235, #244 ) ;
#147 = ORIENTED_EDGE ( 'NONE', *, *, #410, .F. ) ;
#148 = EDGE_LOOP ( 'NONE', ( #479, #1124, #30, #1861 ) ) ;
#149 = ORIENTED_EDGE ( 'NONE', *, *, #1718, .F. ) ;
#150 = CARTESIAN_POINT ( 'NONE',  ( -221.0000000000000568, 6.000000000000000000, 67.00000000000000000 ) ) ;
#151 = CARTESIAN_POINT ( 'NONE',  ( 191.9999999999999432, 0.000000000000000000, -22.00000000000000355 ) ) ;
#152 = CARTESIAN_POINT ( 'NONE',  ( 167.9999999999999147, 6.000000000000000000, -66.25000000000000000 ) ) ;
#153 = FACE_BOUND ( 'NONE', #1929, .T. ) ;
#154 = CARTESIAN_POINT ( 'NONE',  ( -192.0000000000000568, 0.000000000000000000, 22.00000000000000355 ) ) ;
#155 = EDGE_LOOP ( 'NONE', ( #1767, #826 ) ) ;
#156 = ORIENTED_EDGE ( 'NONE', *, *, #774, .F. ) ;
#157 = VERTEX_POINT ( 'NONE', #891 ) ;
#158 = DIRECTION ( 'NONE',  ( -0.000000000000000000, -1.000000000000000000, -0.000000000000000000 ) ) ;
#159 = AXIS2_PLACEMENT_3D ( 'NONE', #1879, #1858, #476 ) ;
#160 = CARTESIAN_POINT ( 'NONE',  ( 191.9999999999999432, 0.000000000000000000, -18.00000000000000000 ) ) ;
#161 = DIRECTION ( 'NONE',  ( 0.000000000000000000, 0.000000000000000000, 1.000000000000000000 ) ) ;
#162 = CARTESIAN_POINT ( 'NONE',  ( -214.3000000000000682, 3.000000000000000444, 63.00000000000000000 ) ) ;
#163 = EDGE_CURVE ( 'NONE', #1996, #528, #1700, .T. ) ;
#164 = CARTESIAN_POINT ( 'NONE',  ( -216.0000000000000853, 0.000000000000000000, -63.00000000000000000 ) ) ;
#165 = CIRCLE ( 'NONE', #516, 3.250000000000002665 ) ;
#166 = ORIENTED_EDGE ( 'NONE', *, *, #683, .F. ) ;
#167 = VERTEX_POINT ( 'NONE', #1409 ) ;
#168 = ORIENTED_EDGE ( 'NONE', *, *, #345, .T. ) ;
#169 = CARTESIAN_POINT ( 'NONE',  ( -168.0000000000000568, 3.000000000000000000, -63.00000000000000000 ) ) ;
#170 = CARTESIAN_POINT ( 'NONE',  ( -192.0000000000000568, 0.000000000000000000, -15.74999999999999645 ) ) ;
#171 = CARTESIAN_POINT ( 'NONE',  ( -216.0000000000000853, 0.000000000000000000, -63.00000000000000000 ) ) ;
#172 = SURFACE_SIDE_STYLE ('',( #1760 ) ) ;
#173 = CARTESIAN_POINT ( 'NONE',  ( 167.9999999999999147, 3.000000000000000888, -64.70000000000000284 ) ) ;
#174 = FACE_OUTER_BOUND ( 'NONE', #533, .T. ) ;
#175 = ORIENTED_EDGE ( 'NONE', *, *, #1801, .T. ) ;
#176 = VECTOR ( 'NONE', #1927, 1000.000000000000000 ) ;
#177 = ORIENTED_EDGE ( 'NONE', *, *, #1356, .F. ) ;
#178 = ORIENTED_EDGE ( 'NONE', *, *, #1447, .F. ) ;
#179 = DIRECTION ( 'NONE',  ( -0.000000000000000000, 1.000000000000000000, -0.000000000000000000 ) ) ;
#180 = ORIENTED_EDGE ( 'NONE', *, *, #789, .F. ) ;
#181 = DIRECTION ( 'NONE',  ( 1.000000000000000000, 0.000000000000000000, -0.000000000000000000 ) ) ;
#182 = DIRECTION ( 'NONE',  ( 0.000000000000000000, 0.000000000000000000, 1.000000000000000000 ) ) ;
#183 = AXIS2_PLACEMENT_3D ( 'NONE', #390, #1788, #1335 ) ;
#184 = CYLINDRICAL_SURFACE ( 'NONE', #482, 2.250000000000001776 ) ;
#185 = CYLINDRICAL_SURFACE ( 'NONE', #1197, 1.700000000000007061 ) ;
#186 = VECTOR ( 'NONE', #1500, 1000.000000000000000 ) ;
#187 = ORIENTED_EDGE ( 'NONE', *, *, #794, .T. ) ;
#188 = ADVANCED_FACE ( 'NONE', ( #1986 ), #1388, .F. ) ;
#189 = VERTEX_POINT ( 'NONE', #303 ) ;
#190 = EDGE_CURVE ( 'NONE', #971, #2033, #1249, .T. ) ;
#191 = ORIENTED_EDGE ( 'NONE', *, *, #1150, .T. ) ;
#192 = EDGE_LOOP ( 'NONE', ( #936, #1397, #980, #12 ) ) ;
#193 = AXIS2_PLACEMENT_3D ( 'NONE', #915, #1850, #1364 ) ;
#194 = DIRECTION ( 'NONE',  ( -0.000000000000000000, 1.000000000000000000, -0.000000000000000000 ) ) ;
#195 = VECTOR ( 'NONE', #1348, 1000.000000000000000 ) ;
#196 = CARTESIAN_POINT ( 'NONE',  ( 167.9999999999999147, 0.000000000000000000, -64.70000000000000284 ) ) ;
#197 = DIRECTION ( 'NONE',  ( 0.000000000000000000, 0.000000000000000000, 1.000000000000000000 ) ) ;
#198 = ORIENTED_EDGE ( 'NONE', *, *, #1336, .F. ) ;
#199 = ADVANCED_FACE ( 'NONE', ( #280 ), #1535, .F. ) ;
#200 = ORIENTED_EDGE ( 'NONE', *, *, #1871, .T. ) ;
#201 = AXIS2_PLACEMENT_3D ( 'NONE', #1600, #1907, #24 ) ;
#202 = ORIENTED_EDGE ( 'NONE', *, *, #45, .F. ) ;
#203 = ORIENTED_EDGE ( 'NONE', *, *, #1264, .F. ) ;
#204 = EDGE_CURVE ( 'NONE', #657, #509, #1454, .T. ) ;
#205 = AXIS2_PLACEMENT_3D ( 'NONE', #668, #1608, #1587 ) ;
#206 = DIRECTION ( 'NONE',  ( -0.000000000000000000, 1.000000000000000000, -0.000000000000000000 ) ) ;
#207 = CARTESIAN_POINT ( 'NONE',  ( 191.9999999999999432, 0.000000000000000000, -18.00000000000000000 ) ) ;
#208 = CIRCLE ( 'NONE', #1530, 1.700000000000007061 ) ;
#209 = EDGE_LOOP ( 'NONE', ( #177, #166 ) ) ;
#210 = ORIENTED_EDGE ( 'NONE', *, *, #1810, .T. ) ;
#211 = ORIENTED_EDGE ( 'NONE', *, *, #1796, .F. ) ;
#212 = DIRECTION ( 'NONE',  ( 0.000000000000000000, 0.000000000000000000, 1.000000000000000000 ) ) ;
#213 = DIRECTION ( 'NONE',  ( 0.000000000000000000, 1.000000000000000000, 0.000000000000000000 ) ) ;
#214 = AXIS2_PLACEMENT_3D ( 'NONE', #812, #1528, #868 ) ;
#215 = DIRECTION ( 'NONE',  ( 0.000000000000000000, 0.000000000000000000, 1.000000000000000000 ) ) ;
#216 = CIRCLE ( 'NONE', #49, 4.000000000000003553 ) ;
#217 = EDGE_CURVE ( 'NONE', #749, #238, #1699, .T. ) ;
#218 = AXIS2_PLACEMENT_3D ( 'NONE', #544, #1950, #1183 ) ;
#219 = DIRECTION ( 'NONE',  ( 0.000000000000000000, 0.000000000000000000, -1.000000000000000000 ) ) ;
#220 = ORIENTED_EDGE ( 'NONE', *, *, #217, .F. ) ;
#221 = AXIS2_PLACEMENT_3D ( 'NONE', #245, #871, #717 ) ;
#222 = CYLINDRICAL_SURFACE ( 'NONE', #1000, 3.250000000000002665 ) ;
#223 = DIRECTION ( 'NONE',  ( -0.000000000000000000, -1.000000000000000000, -0.000000000000000000 ) ) ;
#224 = VECTOR ( 'NONE', #1278, 1000.000000000000000 ) ;
#225 = CARTESIAN_POINT ( 'NONE',  ( -168.0000000000000568, 6.000000000000000000, -63.00000000000000000 ) ) ;
#226 = CARTESIAN_POINT ( 'NONE',  ( 215.9999999999999432, 3.000000000000000000, -66.25000000000000000 ) ) ;
#227 = DIRECTION ( 'NONE',  ( -0.000000000000000000, 1.000000000000000000, -0.000000000000000000 ) ) ;
#228 = CIRCLE ( 'NONE', #290, 3.250000000000002665 ) ;
#229 = VERTEX_POINT ( 'NONE', #903 ) ;
#230 = ORIENTED_EDGE ( 'NONE', *, *, #638, .T. ) ;
#231 = DIRECTION ( 'NONE',  ( -0.000000000000000000, -1.000000000000000000, -0.000000000000000000 ) ) ;
#232 = AXIS2_PLACEMENT_3D ( 'NONE', #1537, #1222, #2001 ) ;
#233 = FACE_BOUND ( 'NONE', #312, .T. ) ;
#234 = DIRECTION ( 'NONE',  ( -0.000000000000000000, 1.000000000000000000, -0.000000000000000000 ) ) ;
#235 = DIRECTION ( 'NONE',  ( 0.000000000000000000, -1.000000000000000000, 0.000000000000000000 ) ) ;
#236 = CARTESIAN_POINT ( 'NONE',  ( 215.9999999999999432, 6.000000000000000000, -59.75000000000000000 ) ) ;
#237 = CARTESIAN_POINT ( 'NONE',  ( 191.9999999999999432, 0.000000000000000000, -18.00000000000000000 ) ) ;
#238 = VERTEX_POINT ( 'NONE', #427 ) ;
#239 = DIRECTION ( 'NONE',  ( -0.000000000000000000, 1.000000000000000000, -0.000000000000000000 ) ) ;
#240 = ADVANCED_FACE ( 'NONE', ( #2024, #1044 ), #1220, .F. ) ;
#241 = AXIS2_PLACEMENT_3D ( 'NONE', #727, #1206, #550 ) ;
#242 = CARTESIAN_POINT ( 'NONE',  ( 167.9999999999999147, 6.000000000000000000, -59.75000000000000000 ) ) ;
#243 = AXIS2_PLACEMENT_3D ( 'NONE', #1802, #1510, #1020 ) ;
#244 = DIRECTION ( 'NONE',  ( 0.000000000000000000, -0.000000000000000000, -1.000000000000000000 ) ) ;
#245 = CARTESIAN_POINT ( 'NONE',  ( 0.000000000000000000, 0.000000000000000000, 0.000000000000000000 ) ) ;
#246 = AXIS2_PLACEMENT_3D ( 'NONE', #1111, #1434, #1452 ) ;
#247 = DIRECTION ( 'NONE',  ( -0.000000000000000000, -1.000000000000000000, -0.000000000000000000 ) ) ;
#248 = ORIENTED_EDGE ( 'NONE', *, *, #1741, .T. ) ;
#249 = VERTEX_POINT ( 'NONE', #1094 ) ;
#250 = EDGE_CURVE ( 'NONE', #1050, #541, #750, .T. ) ;
#251 = CARTESIAN_POINT ( 'NONE',  ( 215.9999999999999432, 6.000000000000000000, 61.29999999999999005 ) ) ;
#252 = CYLINDRICAL_SURFACE ( 'NONE', #47, 1.700000000000007061 ) ;
#253 = DIRECTION ( 'NONE',  ( 0.000000000000000000, 1.000000000000000000, 0.000000000000000000 ) ) ;
#254 = DIRECTION ( 'NONE',  ( 1.000000000000000000, 0.000000000000000000, 0.000000000000000000 ) ) ;
#255 = ORIENTED_EDGE ( 'NONE', *, *, #913, .T. ) ;
#256 = ORIENTED_EDGE ( 'NONE', *, *, #494, .T. ) ;
#257 = ORIENTED_EDGE ( 'NONE', *, *, #1696, .T. ) ;
#258 = DIRECTION ( 'NONE',  ( 0.000000000000000000, 0.000000000000000000, -1.000000000000000000 ) ) ;
#259 = CARTESIAN_POINT ( 'NONE',  ( -216.0000000000000853, 0.000000000000000000, 61.29999999999999005 ) ) ;
#260 = CIRCLE ( 'NONE', #790, 3.250000000000002665 ) ;
#261 = DIRECTION ( 'NONE',  ( 0.000000000000000000, 0.000000000000000000, 1.000000000000000000 ) ) ;
#262 = DIRECTION ( 'NONE',  ( -0.000000000000000000, 1.000000000000000000, -0.000000000000000000 ) ) ;
#263 = EDGE_LOOP ( 'NONE', ( #29, #1286, #1551, #816 ) ) ;
#264 = EDGE_LOOP ( 'NONE', ( #1296, #2012 ) ) ;
#265 = CARTESIAN_POINT ( 'NONE',  ( -192.0000000000000568, 0.000000000000000000, -20.25000000000000000 ) ) ;
#266 = CARTESIAN_POINT ( 'NONE',  ( 215.9999999999999432, 6.000000000000000000, 63.00000000000000000 ) ) ;
#267 = ADVANCED_FACE ( 'NONE', ( #1676 ), #1398, .F. ) ;
#268 = AXIS2_PLACEMENT_3D ( 'NONE', #1678, #652, #982 ) ;
#269 = EDGE_CURVE ( 'NONE', #749, #1308, #137, .T. ) ;
#270 = FACE_OUTER_BOUND ( 'NONE', #771, .T. ) ;
#271 = CIRCLE ( 'NONE', #606, 3.250000000000002665 ) ;
#272 = CARTESIAN_POINT ( 'NONE',  ( -216.0000000000000853, 6.000000000000000000, 63.00000000000000000 ) ) ;
#273 = ADVANCED_FACE ( 'NONE', ( #938, #614 ), #1574, .F. ) ;
#274 = EDGE_CURVE ( 'NONE', #1830, #1042, #1554, .T. ) ;
#275 = LINE ( 'NONE', #1188, #195 ) ;
#276 = ORIENTED_EDGE ( 'NONE', *, *, #1081, .F. ) ;
#277 = EDGE_LOOP ( 'NONE', ( #1594, #1465, #1733, #1922 ) ) ;
#278 = VECTOR ( 'NONE', #27, 1000.000000000000000 ) ;
#279 = AXIS2_PLACEMENT_3D ( 'NONE', #1668, #396, #858 ) ;
#280 = FACE_OUTER_BOUND ( 'NONE', #335, .T. ) ;
#281 = CARTESIAN_POINT ( 'NONE',  ( 191.9999999999999432, 0.000000000000000000, 13.99999999999999467 ) ) ;
#282 = FACE_OUTER_BOUND ( 'NONE', #55, .T. ) ;
#283 = CARTESIAN_POINT ( 'NONE',  ( -221.0000000000000568, 6.000000000000000000, -67.00000000000000000 ) ) ;
#284 = CARTESIAN_POINT ( 'NONE',  ( -216.0000000000000853, 6.000000000000000000, 63.00000000000000000 ) ) ;
#285 = AXIS2_PLACEMENT_3D ( 'NONE', #10, #1095, #317 ) ;
#286 = DIRECTION ( 'NONE',  ( -0.000000000000000000, 1.000000000000000000, -0.000000000000000000 ) ) ;
#287 = ORIENTED_EDGE ( 'NONE', *, *, #886, .F. ) ;
#288 = AXIS2_PLACEMENT_3D ( 'NONE', #1209, #592, #624 ) ;
#289 = EDGE_LOOP ( 'NONE', ( #945, #924, #1395, #1443 ) ) ;
#290 = AXIS2_PLACEMENT_3D ( 'NONE', #1993, #1112, #1252 ) ;
#291 = ORIENTED_EDGE ( 'NONE', *, *, #556, .T. ) ;
#292 = DIRECTION ( 'NONE',  ( 0.000000000000000000, -0.000000000000000000, 1.000000000000000000 ) ) ;
#293 = DIRECTION ( 'NONE',  ( 0.000000000000000000, 0.000000000000000000, 1.000000000000000000 ) ) ;
#294 = CARTESIAN_POINT ( 'NONE',  ( 215.9999999999999432, 3.000000000000000000, 66.25000000000000000 ) ) ;
#295 = CARTESIAN_POINT ( 'NONE',  ( 215.9999999999999432, 3.000000000000000000, -63.00000000000000000 ) ) ;
#296 = DIRECTION ( 'NONE',  ( 0.000000000000000000, -0.000000000000000000, -1.000000000000000000 ) ) ;
#297 = VECTOR ( 'NONE', #917, 1000.000000000000000 ) ;
#298 = DIRECTION ( 'NONE',  ( -0.000000000000000000, 1.000000000000000000, -0.000000000000000000 ) ) ;
#299 = VERTEX_POINT ( 'NONE', #1246 ) ;
#300 = ORIENTED_EDGE ( 'NONE', *, *, #401, .F. ) ;
#301 = ORIENTED_EDGE ( 'NONE', *, *, #34, .F. ) ;
#302 = VERTEX_POINT ( 'NONE', #1863 ) ;
#303 = CARTESIAN_POINT ( 'NONE',  ( 167.9999999999999147, 6.000000000000000000, -66.25000000000000000 ) ) ;
#304 = EDGE_CURVE ( 'NONE', #1042, #571, #1515, .T. ) ;
#305 = CARTESIAN_POINT ( 'NONE',  ( 191.9999999999999432, 0.000000000000000000, -20.25000000000000000 ) ) ;
#306 = DIRECTION ( 'NONE',  ( -0.000000000000000000, 1.000000000000000000, -0.000000000000000000 ) ) ;
#307 = CYLINDRICAL_SURFACE ( 'NONE', #997, 3.250000000000002665 ) ;
#308 = DIRECTION ( 'NONE',  ( 0.000000000000000000, 0.000000000000000000, 1.000000000000000000 ) ) ;
#309 = ORIENTED_EDGE ( 'NONE', *, *, #415, .T. ) ;
#310 = CIRCLE ( 'NONE', #1973, 3.250000000000002665 ) ;
#311 = VERTEX_POINT ( 'NONE', #773 ) ;
#312 = EDGE_LOOP ( 'NONE', ( #1932, #758 ) ) ;
#313 = DIRECTION ( 'NONE',  ( 0.000000000000000000, -0.000000000000000000, 1.000000000000000000 ) ) ;
#314 = AXIS2_PLACEMENT_3D ( 'NONE', #1991, #1729, #319 ) ;
#315 = VECTOR ( 'NONE', #66, 1000.000000000000000 ) ;
#316 = EDGE_CURVE ( 'NONE', #1322, #1140, #1977, .T. ) ;
#317 = DIRECTION ( 'NONE',  ( 0.000000000000000000, 0.000000000000000000, 1.000000000000000000 ) ) ;
#318 = FACE_BOUND ( 'NONE', #348, .T. ) ;
#319 = DIRECTION ( 'NONE',  ( 0.000000000000000000, -0.000000000000000000, 1.000000000000000000 ) ) ;
#320 = DIRECTION ( 'NONE',  ( -0.000000000000000000, 1.000000000000000000, -0.000000000000000000 ) ) ;
#321 = VERTEX_POINT ( 'NONE', #1686 ) ;
#322 = VERTEX_POINT ( 'NONE', #1287 ) ;
#323 = VERTEX_POINT ( 'NONE', #1116 ) ;
#324 = DIRECTION ( 'NONE',  ( -0.000000000000000000, 1.000000000000000000, -0.000000000000000000 ) ) ;
#325 = FACE_BOUND ( 'NONE', #1731, .T. ) ;
#326 = CIRCLE ( 'NONE', #848, 3.250000000000002665 ) ;
#327 = DIRECTION ( 'NONE',  ( -0.000000000000000000, 1.000000000000000000, -0.000000000000000000 ) ) ;
#328 = DIRECTION ( 'NONE',  ( -0.000000000000000000, -1.000000000000000000, -0.000000000000000000 ) ) ;
#329 = CARTESIAN_POINT ( 'NONE',  ( 191.9999999999999432, 4.000000000000000000, 18.00000000000000000 ) ) ;
#330 = CARTESIAN_POINT ( 'NONE',  ( 191.9999999999999432, 0.000000000000000000, -18.00000000000000000 ) ) ;
#331 = CIRCLE ( 'NONE', #1992, 4.000000000000003553 ) ;
#332 = ORIENTED_EDGE ( 'NONE', *, *, #1371, .F. ) ;
#333 = ADVANCED_BREP_SHAPE_REPRESENTATION ( 'PEDISTAL-BASE_v001', ( #671, #221 ), #844 ) ;
#334 = ORIENTED_EDGE ( 'NONE', *, *, #304, .F. ) ;
#335 = EDGE_LOOP ( 'NONE', ( #149, #985, #770, #1513 ) ) ;
#336 = DIRECTION ( 'NONE',  ( -0.000000000000000000, -1.000000000000000000, -0.000000000000000000 ) ) ;
#337 = FACE_BOUND ( 'NONE', #155, .T. ) ;
#338 = DIRECTION ( 'NONE',  ( -0.000000000000000000, -1.000000000000000000, -0.000000000000000000 ) ) ;
#339 = EDGE_CURVE ( 'NONE', #796, #922, #495, .T. ) ;
#340 = DIRECTION ( 'NONE',  ( 0.000000000000000000, 0.000000000000000000, -1.000000000000000000 ) ) ;
#341 = EDGE_CURVE ( 'NONE', #1923, #1640, #877, .T. ) ;
#342 = DIRECTION ( 'NONE',  ( 0.000000000000000000, 0.000000000000000000, 1.000000000000000000 ) ) ;
#343 = EDGE_CURVE ( 'NONE', #821, #1962, #1146, .T. ) ;
#344 = LINE ( 'NONE', #1762, #1399 ) ;
#345 = EDGE_CURVE ( 'NONE', #135, #730, #555, .T. ) ;
#346 = EDGE_CURVE ( 'NONE', #857, #1050, #508, .T. ) ;
#347 = AXIS2_PLACEMENT_3D ( 'NONE', #141, #766, #1401 ) ;
#348 = EDGE_LOOP ( 'NONE', ( #1759, #1719 ) ) ;
#349 = VERTEX_POINT ( 'NONE', #958 ) ;
#350 = VECTOR ( 'NONE', #1468, 1000.000000000000000 ) ;
#351 = EDGE_LOOP ( 'NONE', ( #1102, #1964 ) ) ;
#352 = ORIENTED_EDGE ( 'NONE', *, *, #703, .F. ) ;
#353 = CIRCLE ( 'NONE', #1202, 3.250000000000002665 ) ;
#354 = DIRECTION ( 'NONE',  ( 0.000000000000000000, 0.000000000000000000, 1.000000000000000000 ) ) ;
#355 = ADVANCED_FACE ( 'NONE', ( #1735 ), #633, .F. ) ;
#356 = DIRECTION ( 'NONE',  ( -0.000000000000000000, -1.000000000000000000, -0.000000000000000000 ) ) ;
#357 = VERTEX_POINT ( 'NONE', #1126 ) ;
#358 = ORIENTED_EDGE ( 'NONE', *, *, #339, .T. ) ;
#359 = EDGE_CURVE ( 'NONE', #644, #612, #906, .T. ) ;
#360 = EDGE_LOOP ( 'NONE', ( #1266, #1373 ) ) ;
#361 = DIRECTION ( 'NONE',  ( 0.000000000000000000, 1.000000000000000000, 0.000000000000000000 ) ) ;
#362 = VECTOR ( 'NONE', #158, 1000.000000000000000 ) ;
#363 = DIRECTION ( 'NONE',  ( -0.000000000000000000, -1.000000000000000000, -0.000000000000000000 ) ) ;
#364 = CIRCLE ( 'NONE', #878, 2.250000000000001776 ) ;
#365 = CARTESIAN_POINT ( 'NONE',  ( -192.0000000000000568, 0.000000000000000000, 13.99999999999999467 ) ) ;
#366 = DIRECTION ( 'NONE',  ( -0.000000000000000000, 1.000000000000000000, -0.000000000000000000 ) ) ;
#367 = ORIENTED_EDGE ( 'NONE', *, *, #359, .T. ) ;
#368 = VERTEX_POINT ( 'NONE', #1895 ) ;
#369 = ORIENTED_EDGE ( 'NONE', *, *, #1736, .T. ) ;
#370 = ORIENTED_EDGE ( 'NONE', *, *, #1336, .T. ) ;
#371 = DIRECTION ( 'NONE',  ( -0.000000000000000000, 1.000000000000000000, -0.000000000000000000 ) ) ;
#372 = DIRECTION ( 'NONE',  ( 0.000000000000000000, 0.000000000000000000, -1.000000000000000000 ) ) ;
#373 = CYLINDRICAL_SURFACE ( 'NONE', #1916, 1.700000000000007061 ) ;
#374 = CIRCLE ( 'NONE', #1784, 3.250000000000002665 ) ;
#375 = EDGE_LOOP ( 'NONE', ( #175, #1083 ) ) ;
#376 = ORIENTED_EDGE ( 'NONE', *, *, #269, .T. ) ;
#377 = DIRECTION ( 'NONE',  ( 0.000000000000000000, -0.000000000000000000, 1.000000000000000000 ) ) ;
#378 = CYLINDRICAL_SURFACE ( 'NONE', #1473, 2.250000000000001776 ) ;
#379 = PRODUCT_RELATED_PRODUCT_CATEGORY ( 'part', '', ( #1066 ) ) ;
#380 = AXIS2_PLACEMENT_3D ( 'NONE', #85, #223, #545 ) ;
#381 = CARTESIAN_POINT ( 'NONE',  ( 167.9999999999999147, 3.000000000000000000, -66.25000000000000000 ) ) ;
#382 = CIRCLE ( 'NONE', #183, 3.250000000000002665 ) ;
#383 = CIRCLE ( 'NONE', #1728, 1.700000000000007061 ) ;
#384 = CARTESIAN_POINT ( 'NONE',  ( 167.9999999999999147, 3.000000000000000888, 63.00000000000000000 ) ) ;
#385 = ORIENTED_EDGE ( 'NONE', *, *, #1867, .F. ) ;
#386 = EDGE_LOOP ( 'NONE', ( #52, #1524 ) ) ;
#387 = CARTESIAN_POINT ( 'NONE',  ( -216.0000000000000853, 3.000000000000000888, -64.70000000000000284 ) ) ;
#388 = CYLINDRICAL_SURFACE ( 'NONE', #1790, 2.250000000000001776 ) ;
#389 = VECTOR ( 'NONE', #786, 1000.000000000000000 ) ;
#390 = CARTESIAN_POINT ( 'NONE',  ( -216.0000000000000853, 6.000000000000000000, -63.00000000000000000 ) ) ;
#391 = DIRECTION ( 'NONE',  ( 0.000000000000000000, 0.000000000000000000, -1.000000000000000000 ) ) ;
#392 = DIRECTION ( 'NONE',  ( -0.000000000000000000, -1.000000000000000000, -0.000000000000000000 ) ) ;
#393 = DIRECTION ( 'NONE',  ( -0.000000000000000000, -1.000000000000000000, -0.000000000000000000 ) ) ;
#394 = EDGE_CURVE ( 'NONE', #1830, #18, #815, .T. ) ;
#395 = ORIENTED_EDGE ( 'NONE', *, *, #343, .T. ) ;
#396 = DIRECTION ( 'NONE',  ( -0.000000000000000000, 1.000000000000000000, -0.000000000000000000 ) ) ;
#397 = CARTESIAN_POINT ( 'NONE',  ( 191.9999999999999432, 0.000000000000000000, -13.99999999999999467 ) ) ;
#398 = CYLINDRICAL_SURFACE ( 'NONE', #408, 3.250000000000002665 ) ;
#399 = CARTESIAN_POINT ( 'NONE',  ( 167.9999999999999147, 3.000000000000000888, -61.29999999999999005 ) ) ;
#400 = ADVANCED_FACE ( 'NONE', ( #1582 ), #1429, .F. ) ;
#401 = EDGE_CURVE ( 'NONE', #1974, #302, #1638, .T. ) ;
#402 = CARTESIAN_POINT ( 'NONE',  ( -221.0000000000000568, 0.000000000000000000, 67.00000000000000000 ) ) ;
#403 = ORIENTED_EDGE ( 'NONE', *, *, #1462, .F. ) ;
#404 = SHAPE_DEFINITION_REPRESENTATION ( #1813, #333 ) ;
#405 = DIRECTION ( 'NONE',  ( 0.000000000000000000, 0.000000000000000000, 1.000000000000000000 ) ) ;
#406 = AXIS2_PLACEMENT_3D ( 'NONE', #1238, #306, #2005 ) ;
#407 = CARTESIAN_POINT ( 'NONE',  ( -168.0000000000000568, 3.000000000000000000, -66.25000000000000000 ) ) ;
#408 = AXIS2_PLACEMENT_3D ( 'NONE', #1671, #1960, #420 ) ;
#409 = CARTESIAN_POINT ( 'NONE',  ( 191.9999999999999432, 6.000000000000000000, 18.00000000000000000 ) ) ;
#410 = EDGE_CURVE ( 'NONE', #509, #528, #1269, .T. ) ;
#411 = CARTESIAN_POINT ( 'NONE',  ( 215.9999999999999432, 3.000000000000000000, -59.75000000000000000 ) ) ;
#412 = ORIENTED_EDGE ( 'NONE', *, *, #697, .T. ) ;
#413 = PRODUCT_CONTEXT ( 'NONE', #1039, 'mechanical' ) ;
#414 = ORIENTED_EDGE ( 'NONE', *, *, #774, .T. ) ;
#415 = EDGE_CURVE ( 'NONE', #622, #1745, #940, .T. ) ;
#416 = DIRECTION ( 'NONE',  ( 1.000000000000000000, 0.000000000000000000, 0.000000000000000000 ) ) ;
#417 = DIRECTION ( 'NONE',  ( 0.000000000000000000, 0.000000000000000000, 1.000000000000000000 ) ) ;
#418 = EDGE_CURVE ( 'NONE', #1580, #1275, #1008, .T. ) ;
#419 = CARTESIAN_POINT ( 'NONE',  ( -192.0000000000000568, 4.000000000000000000, -15.74999999999999645 ) ) ;
#420 = DIRECTION ( 'NONE',  ( 0.000000000000000000, 0.000000000000000000, 1.000000000000000000 ) ) ;
#421 = DIRECTION ( 'NONE',  ( 0.000000000000000000, 0.000000000000000000, 1.000000000000000000 ) ) ;
#422 = ORIENTED_EDGE ( 'NONE', *, *, #139, .T. ) ;
#423 = VECTOR ( 'NONE', #82, 1000.000000000000000 ) ;
#424 = ADVANCED_FACE ( 'NONE', ( #1575 ), #1725, .F. ) ;
#425 = ORIENTED_EDGE ( 'NONE', *, *, #2014, .F. ) ;
#426 = ADVANCED_FACE ( 'NONE', ( #625 ), #485, .F. ) ;
#427 = CARTESIAN_POINT ( 'NONE',  ( -221.0000000000000568, 0.000000000000000000, 67.00000000000000000 ) ) ;
#428 = DIRECTION ( 'NONE',  ( 0.000000000000000000, 0.000000000000000000, 1.000000000000000000 ) ) ;
#429 = EDGE_CURVE ( 'NONE', #1791, #1022, #1876, .T. ) ;
#430 = EDGE_CURVE ( 'NONE', #1564, #645, #1898, .T. ) ;
#431 = VECTOR ( 'NONE', #114, 1000.000000000000000 ) ;
#432 = LINE ( 'NONE', #753, #1711 ) ;
#433 = DIRECTION ( 'NONE',  ( 0.000000000000000000, 1.000000000000000000, 0.000000000000000000 ) ) ;
#434 = CARTESIAN_POINT ( 'NONE',  ( -216.0000000000000853, 6.000000000000000000, -64.70000000000000284 ) ) ;
#435 = ORIENTED_EDGE ( 'NONE', *, *, #430, .T. ) ;
#436 = ORIENTED_EDGE ( 'NONE', *, *, #1484, .F. ) ;
#437 = DIRECTION ( 'NONE',  ( -0.000000000000000000, 1.000000000000000000, -0.000000000000000000 ) ) ;
#438 = CARTESIAN_POINT ( 'NONE',  ( 191.9999999999999432, 6.000000000000000000, 20.25000000000000000 ) ) ;
#439 = CARTESIAN_POINT ( 'NONE',  ( -168.0000000000000568, 6.000000000000000000, 66.25000000000000000 ) ) ;
#440 = CARTESIAN_POINT ( 'NONE',  ( -166.3000000000000682, 3.000000000000000444, 63.00000000000000000 ) ) ;
#441 = AXIS2_PLACEMENT_3D ( 'NONE', #118, #1250, #1691 ) ;
#442 = CARTESIAN_POINT ( 'NONE',  ( -216.0000000000000853, 3.000000000000000000, -63.00000000000000000 ) ) ;
#443 = DIRECTION ( 'NONE',  ( 0.000000000000000000, 0.000000000000000000, 1.000000000000000000 ) ) ;
#444 = ORIENTED_EDGE ( 'NONE', *, *, #250, .F. ) ;
#445 = ORIENTED_EDGE ( 'NONE', *, *, #647, .F. ) ;
#446 = AXIS2_PLACEMENT_3D ( 'NONE', #487, #973, #1132 ) ;
#447 = ORIENTED_EDGE ( 'NONE', *, *, #1264, .T. ) ;
#448 = CARTESIAN_POINT ( 'NONE',  ( -192.0000000000000568, 0.000000000000000000, 18.00000000000000000 ) ) ;
#449 = DIRECTION ( 'NONE',  ( 0.000000000000000000, 0.000000000000000000, 1.000000000000000000 ) ) ;
#450 = DIRECTION ( 'NONE',  ( -0.000000000000000000, -1.000000000000000000, -0.000000000000000000 ) ) ;
#451 = CYLINDRICAL_SURFACE ( 'NONE', #1043, 1.700000000000007061 ) ;
#452 = DIRECTION ( 'NONE',  ( 0.000000000000000000, 0.000000000000000000, 1.000000000000000000 ) ) ;
#453 = DIRECTION ( 'NONE',  ( -0.000000000000000000, 1.000000000000000000, -0.000000000000000000 ) ) ;
#454 = ORIENTED_EDGE ( 'NONE', *, *, #1867, .T. ) ;
#455 = VECTOR ( 'NONE', #1084, 1000.000000000000000 ) ;
#456 = ORIENTED_EDGE ( 'NONE', *, *, #1003, .T. ) ;
#457 = EDGE_LOOP ( 'NONE', ( #1614, #667, #631, #1457 ) ) ;
#458 = ADVANCED_FACE ( 'NONE', ( #950 ), #1280, .F. ) ;
#459 = VECTOR ( 'NONE', #872, 1000.000000000000000 ) ;
#460 = ORIENTED_EDGE ( 'NONE', *, *, #26, .T. ) ;
#461 = CARTESIAN_POINT ( 'NONE',  ( -189.7500000000000568, 4.000000000000000000, 18.00000000000000000 ) ) ;
#462 = CARTESIAN_POINT ( 'NONE',  ( 167.9999999999999147, 6.000000000000000000, 66.25000000000000000 ) ) ;
#463 = CARTESIAN_POINT ( 'NONE',  ( -216.0000000000000853, 6.000000000000000000, 59.75000000000000000 ) ) ;
#464 = DIRECTION ( 'NONE',  ( -0.000000000000000000, 1.000000000000000000, -0.000000000000000000 ) ) ;
#465 = CIRCLE ( 'NONE', #655, 1.700000000000007061 ) ;
#466 = CARTESIAN_POINT ( 'NONE',  ( -168.0000000000000568, 6.000000000000000000, 63.00000000000000000 ) ) ;
#467 = ORIENTED_EDGE ( 'NONE', *, *, #1801, .F. ) ;
#468 = EDGE_CURVE ( 'NONE', #1351, #9, #99, .T. ) ;
#469 = ORIENTED_EDGE ( 'NONE', *, *, #1885, .F. ) ;
#470 = EDGE_LOOP ( 'NONE', ( #1363, #64, #880, #1408 ) ) ;
#471 = DIRECTION ( 'NONE',  ( -0.000000000000000000, -1.000000000000000000, -0.000000000000000000 ) ) ;
#472 = CARTESIAN_POINT ( 'NONE',  ( 215.9999999999999432, 6.000000000000000000, -66.25000000000000000 ) ) ;
#473 = MECHANICAL_DESIGN_GEOMETRIC_PRESENTATION_REPRESENTATION (  '', ( #889 ), #1267 ) ;
#474 = LINE ( 'NONE', #1096, #929 ) ;
#475 = FACE_BOUND ( 'NONE', #1485, .T. ) ;
#476 = DIRECTION ( 'NONE',  ( 0.000000000000000000, 0.000000000000000000, -1.000000000000000000 ) ) ;
#477 = EDGE_LOOP ( 'NONE', ( #1707, #781, #1620, #1128 ) ) ;
#478 = AXIS2_PLACEMENT_3D ( 'NONE', #723, #1808, #1011 ) ;
#479 = ORIENTED_EDGE ( 'NONE', *, *, #468, .F. ) ;
#480 = VERTEX_POINT ( 'NONE', #1750 ) ;
#481 = DIRECTION ( 'NONE',  ( -0.000000000000000000, 1.000000000000000000, -0.000000000000000000 ) ) ;
#482 = AXIS2_PLACEMENT_3D ( 'NONE', #813, #1166, #1012 ) ;
#483 = CIRCLE ( 'NONE', #1539, 2.250000000000001776 ) ;
#484 = LINE ( 'NONE', #170, #1329 ) ;
#485 = PLANE ( 'NONE',  #1181 ) ;
#486 = FACE_OUTER_BOUND ( 'NONE', #656, .T. ) ;
#487 = CARTESIAN_POINT ( 'NONE',  ( -221.0000000000000568, 6.000000000000000000, 67.00000000000000000 ) ) ;
#488 = VECTOR ( 'NONE', #1193, 1000.000000000000000 ) ;
#489 = DIRECTION ( 'NONE',  ( 0.000000000000000000, 0.000000000000000000, 1.000000000000000000 ) ) ;
#490 = AXIS2_PLACEMENT_3D ( 'NONE', #785, #646, #948 ) ;
#491 = ORIENTED_EDGE ( 'NONE', *, *, #761, .F. ) ;
#492 = ORIENTED_EDGE ( 'NONE', *, *, #343, .F. ) ;
#493 = ORIENTED_EDGE ( 'NONE', *, *, #1765, .F. ) ;
#494 = EDGE_CURVE ( 'NONE', #122, #650, #884, .T. ) ;
#495 = LINE ( 'NONE', #1597, #1954 ) ;
#496 = EDGE_CURVE ( 'NONE', #581, #797, #1812, .T. ) ;
#497 = FACE_BOUND ( 'NONE', #1115, .T. ) ;
#498 = AXIS2_PLACEMENT_3D ( 'NONE', #921, #1846, #443 ) ;
#499 = EDGE_CURVE ( 'NONE', #581, #42, #811, .T. ) ;
#500 = DIRECTION ( 'NONE',  ( 0.000000000000000000, 0.000000000000000000, -1.000000000000000000 ) ) ;
#501 = FACE_OUTER_BOUND ( 'NONE', #994, .T. ) ;
#502 = ADVANCED_FACE ( 'NONE', ( #1410 ), #129, .F. ) ;
#503 = EDGE_CURVE ( 'NONE', #302, #122, #1225, .T. ) ;
#504 = DIRECTION ( 'NONE',  ( -0.000000000000000000, -1.000000000000000000, -0.000000000000000000 ) ) ;
#505 = CARTESIAN_POINT ( 'NONE',  ( -216.0000000000000853, 6.000000000000000000, -63.00000000000000000 ) ) ;
#506 = EDGE_LOOP ( 'NONE', ( #947, #1093 ) ) ;
#507 = EDGE_LOOP ( 'NONE', ( #1859, #1732 ) ) ;
#508 = LINE ( 'NONE', #1444, #224 ) ;
#509 = VERTEX_POINT ( 'NONE', #725 ) ;
#510 = ORIENTED_EDGE ( 'NONE', *, *, #63, .F. ) ;
#511 = DIRECTION ( 'NONE',  ( -0.000000000000000000, -1.000000000000000000, -0.000000000000000000 ) ) ;
#512 = ADVANCED_FACE ( 'NONE', ( #595 ), #733, .F. ) ;
#513 = CARTESIAN_POINT ( 'NONE',  ( 215.9999999999999432, 6.000000000000000000, 59.75000000000000000 ) ) ;
#514 = CARTESIAN_POINT ( 'NONE',  ( -216.0000000000000853, 6.000000000000000000, 63.00000000000000000 ) ) ;
#515 = CYLINDRICAL_SURFACE ( 'NONE', #1969, 2.250000000000001776 ) ;
#516 = AXIS2_PLACEMENT_3D ( 'NONE', #295, #1704, #161 ) ;
#517 = CIRCLE ( 'NONE', #441, 4.000000000000003553 ) ;
#518 = EDGE_LOOP ( 'NONE', ( #187, #1937 ) ) ;
#519 = EDGE_LOOP ( 'NONE', ( #926, #1298, #1624, #677 ) ) ;
#520 = ORIENTED_EDGE ( 'NONE', *, *, #823, .F. ) ;
#521 = CARTESIAN_POINT ( 'NONE',  ( -216.0000000000000853, 0.000000000000000000, -61.29999999999999005 ) ) ;
#522 = LINE ( 'NONE', #1130, #1354 ) ;
#523 = CARTESIAN_POINT ( 'NONE',  ( 215.9999999999999432, 6.000000000000000000, 63.00000000000000000 ) ) ;
#524 = DIRECTION ( 'NONE',  ( -0.000000000000000000, 1.000000000000000000, -0.000000000000000000 ) ) ;
#525 = VERTEX_POINT ( 'NONE', #1085 ) ;
#526 = ORIENTED_EDGE ( 'NONE', *, *, #1590, .F. ) ;
#527 = ORIENTED_EDGE ( 'NONE', *, *, #496, .T. ) ;
#528 = VERTEX_POINT ( 'NONE', #140 ) ;
#529 = CARTESIAN_POINT ( 'NONE',  ( -192.0000000000000568, 0.000000000000000000, -22.00000000000000355 ) ) ;
#530 = CIRCLE ( 'NONE', #1149, 4.000000000000003553 ) ;
#531 = CARTESIAN_POINT ( 'NONE',  ( 167.9999999999999147, 6.000000000000000000, -59.75000000000000000 ) ) ;
#532 = CARTESIAN_POINT ( 'NONE',  ( -216.0000000000000853, 3.000000000000000000, 63.00000000000000000 ) ) ;
#533 = EDGE_LOOP ( 'NONE', ( #1418, #1552, #1921, #1883 ) ) ;
#534 = ORIENTED_EDGE ( 'NONE', *, *, #304, .T. ) ;
#535 = AXIS2_PLACEMENT_3D ( 'NONE', #138, #893, #428 ) ;
#536 = ORIENTED_EDGE ( 'NONE', *, *, #1679, .F. ) ;
#537 = CARTESIAN_POINT ( 'NONE',  ( -168.0000000000000568, 3.000000000000000888, -64.70000000000000284 ) ) ;
#538 = CYLINDRICAL_SURFACE ( 'NONE', #2015, 3.250000000000002665 ) ;
#539 = LINE ( 'NONE', #1610, #1501 ) ;
#540 = VECTOR ( 'NONE', #371, 1000.000000000000000 ) ;
#541 = VERTEX_POINT ( 'NONE', #1843 ) ;
#542 = AXIS2_PLACEMENT_3D ( 'NONE', #207, #1603, #843 ) ;
#543 = VERTEX_POINT ( 'NONE', #439 ) ;
#544 = CARTESIAN_POINT ( 'NONE',  ( 215.9999999999999432, 3.000000000000000000, -63.00000000000000000 ) ) ;
#545 = DIRECTION ( 'NONE',  ( 0.000000000000000000, 0.000000000000000000, -1.000000000000000000 ) ) ;
#546 = DIRECTION ( 'NONE',  ( 0.000000000000000000, 0.000000000000000000, 1.000000000000000000 ) ) ;
#547 = AXIS2_PLACEMENT_3D ( 'NONE', #523, #1470, #831 ) ;
#548 = FACE_OUTER_BOUND ( 'NONE', #1606, .T. ) ;
#549 = CARTESIAN_POINT ( 'NONE',  ( -216.0000000000000853, 3.000000000000000888, -63.00000000000000000 ) ) ;
#550 = DIRECTION ( 'NONE',  ( 0.000000000000000000, 0.000000000000000000, 1.000000000000000000 ) ) ;
#551 = AXIS2_PLACEMENT_3D ( 'NONE', #549, #696, #1204 ) ;
#552 = ORIENTED_EDGE ( 'NONE', *, *, #1709, .F. ) ;
#553 = DIRECTION ( 'NONE',  ( 0.000000000000000000, 0.000000000000000000, -1.000000000000000000 ) ) ;
#554 = FACE_OUTER_BOUND ( 'NONE', #470, .T. ) ;
#555 = CIRCLE ( 'NONE', #1803, 4.000000000000003553 ) ;
#556 = EDGE_CURVE ( 'NONE', #1764, #1255, #918, .T. ) ;
#557 = AXIS2_PLACEMENT_3D ( 'NONE', #1999, #741, #1233 ) ;
#558 = DIRECTION ( 'NONE',  ( 0.000000000000000000, 0.000000000000000000, 1.000000000000000000 ) ) ;
#559 = ADVANCED_FACE ( 'NONE', ( #270 ), #1689, .F. ) ;
#560 = VECTOR ( 'NONE', #132, 1000.000000000000000 ) ;
#561 = CARTESIAN_POINT ( 'NONE',  ( -168.0000000000000568, 6.000000000000000000, 59.75000000000000000 ) ) ;
#562 = DIRECTION ( 'NONE',  ( 0.000000000000000000, 0.000000000000000000, -1.000000000000000000 ) ) ;
#563 = CARTESIAN_POINT ( 'NONE',  ( 220.9999999999999432, 0.000000000000000000, -67.00000000000000000 ) ) ;
#564 = CARTESIAN_POINT ( 'NONE',  ( 215.9999999999999432, 0.000000000000000000, -63.00000000000000000 ) ) ;
#565 = AXIS2_PLACEMENT_3D ( 'NONE', #1380, #1529, #1540 ) ;
#566 = ADVANCED_FACE ( 'NONE', ( #282 ), #1714, .F. ) ;
#567 = LINE ( 'NONE', #576, #488 ) ;
#568 = ADVANCED_FACE ( 'NONE', ( #1071 ), #1203, .F. ) ;
#569 = DIRECTION ( 'NONE',  ( 0.000000000000000000, 0.000000000000000000, 1.000000000000000000 ) ) ;
#570 = EDGE_LOOP ( 'NONE', ( #1694, #1276 ) ) ;
#571 = VERTEX_POINT ( 'NONE', #419 ) ;
#572 = DIRECTION ( 'NONE',  ( 0.000000000000000000, 0.000000000000000000, 1.000000000000000000 ) ) ;
#573 = CYLINDRICAL_SURFACE ( 'NONE', #1536, 3.250000000000002665 ) ;
#574 = AXIS2_PLACEMENT_3D ( 'NONE', #162, #1402, #131 ) ;
#575 = DIRECTION ( 'NONE',  ( 0.000000000000000000, 0.000000000000000000, 1.000000000000000000 ) ) ;
#576 = CARTESIAN_POINT ( 'NONE',  ( -221.0000000000000568, 0.000000000000000000, -67.00000000000000000 ) ) ;
#577 = VECTOR ( 'NONE', #206, 1000.000000000000000 ) ;
#578 = AXIS2_PLACEMENT_3D ( 'NONE', #1494, #416, #553 ) ;
#579 = CARTESIAN_POINT ( 'NONE',  ( -192.0000000000000568, 4.000000000000000000, -18.00000000000000000 ) ) ;
#580 = ORIENTED_EDGE ( 'NONE', *, *, #699, .T. ) ;
#581 = VERTEX_POINT ( 'NONE', #1827 ) ;
#582 = EDGE_CURVE ( 'NONE', #322, #1622, #31, .T. ) ;
#583 = AXIS2_PLACEMENT_3D ( 'NONE', #80, #227, #1814 ) ;
#584 = DIRECTION ( 'NONE',  ( -0.000000000000000000, 1.000000000000000000, -0.000000000000000000 ) ) ;
#585 = LINE ( 'NONE', #1669, #1365 ) ;
#586 = DIRECTION ( 'NONE',  ( 0.000000000000000000, 0.000000000000000000, -1.000000000000000000 ) ) ;
#587 = CARTESIAN_POINT ( 'NONE',  ( 215.9999999999999432, 6.000000000000000000, -63.00000000000000000 ) ) ;
#588 = CARTESIAN_POINT ( 'NONE',  ( 167.9999999999999147, 6.000000000000000000, 63.00000000000000000 ) ) ;
#589 = ORIENTED_EDGE ( 'NONE', *, *, #1442, .F. ) ;
#590 = CIRCLE ( 'NONE', #1414, 2.250000000000001776 ) ;
#591 = ORIENTED_EDGE ( 'NONE', *, *, #2000, .F. ) ;
#592 = DIRECTION ( 'NONE',  ( -0.000000000000000000, 1.000000000000000000, -0.000000000000000000 ) ) ;
#593 = DIRECTION ( 'NONE',  ( 0.000000000000000000, 0.000000000000000000, -1.000000000000000000 ) ) ;
#594 = CIRCLE ( 'NONE', #67, 3.250000000000002665 ) ;
#595 = FACE_OUTER_BOUND ( 'NONE', #834, .T. ) ;
#596 = DIRECTION ( 'NONE',  ( 0.000000000000000000, 1.000000000000000000, 0.000000000000000000 ) ) ;
#597 = PLANE ( 'NONE',  #446 ) ;
#598 = LINE ( 'NONE', #154, #560 ) ;
#599 = VERTEX_POINT ( 'NONE', #115 ) ;
#600 = ORIENTED_EDGE ( 'NONE', *, *, #1299, .T. ) ;
#601 = VERTEX_POINT ( 'NONE', #1547 ) ;
#602 = DIRECTION ( 'NONE',  ( 1.000000000000000000, 0.000000000000000000, 0.000000000000000000 ) ) ;
#603 = CARTESIAN_POINT ( 'NONE',  ( -192.0000000000000568, 6.000000000000000000, 15.74999999999999645 ) ) ;
#604 = DIRECTION ( 'NONE',  ( 0.000000000000000000, 1.000000000000000000, 0.000000000000000000 ) ) ;
#605 = DIRECTION ( 'NONE',  ( 0.000000000000000000, -0.000000000000000000, -1.000000000000000000 ) ) ;
#606 = AXIS2_PLACEMENT_3D ( 'NONE', #532, #524, #1935 ) ;
#607 = CARTESIAN_POINT ( 'NONE',  ( 194.2499999999999432, 4.000000000000000000, -18.00000000000000000 ) ) ;
#608 = VECTOR ( 'NONE', #1807, 1000.000000000000000 ) ;
#609 = EDGE_CURVE ( 'NONE', #1362, #1720, #432, .T. ) ;
#610 = LINE ( 'NONE', #934, #1234 ) ;
#611 = EDGE_LOOP ( 'NONE', ( #1080, #358, #955, #1025 ) ) ;
#612 = VERTEX_POINT ( 'NONE', #294 ) ;
#613 = ORIENTED_EDGE ( 'NONE', *, *, #823, .T. ) ;
#614 = FACE_OUTER_BOUND ( 'NONE', #1307, .T. ) ;
#615 = DIRECTION ( 'NONE',  ( 0.000000000000000000, 1.000000000000000000, 0.000000000000000000 ) ) ;
#616 = CARTESIAN_POINT ( 'NONE',  ( 191.9999999999999432, 4.000000000000000000, 20.25000000000000000 ) ) ;
#617 = DIRECTION ( 'NONE',  ( -0.000000000000000000, 1.000000000000000000, -0.000000000000000000 ) ) ;
#618 = EDGE_CURVE ( 'NONE', #1033, #299, #465, .T. ) ;
#619 = DIRECTION ( 'NONE',  ( -0.000000000000000000, 1.000000000000000000, -0.000000000000000000 ) ) ;
#620 = AXIS2_PLACEMENT_3D ( 'NONE', #1713, #927, #1565 ) ;
#621 = VERTEX_POINT ( 'NONE', #462 ) ;
#622 = VERTEX_POINT ( 'NONE', #1557 ) ;
#623 = VERTEX_POINT ( 'NONE', #1967 ) ;
#624 = DIRECTION ( 'NONE',  ( 0.000000000000000000, 0.000000000000000000, 1.000000000000000000 ) ) ;
#625 = FACE_OUTER_BOUND ( 'NONE', #1431, .T. ) ;
#626 = PLANE ( 'NONE',  #1396 ) ;
#627 = FACE_BOUND ( 'NONE', #264, .T. ) ;
#628 = DIRECTION ( 'NONE',  ( -0.000000000000000000, 1.000000000000000000, -0.000000000000000000 ) ) ;
#629 = EDGE_LOOP ( 'NONE', ( #1152, #220, #1823, #1068 ) ) ;
#630 = EDGE_CURVE ( 'NONE', #748, #757, #208, .T. ) ;
#631 = ORIENTED_EDGE ( 'NONE', *, *, #1995, .T. ) ;
#632 = EDGE_LOOP ( 'NONE', ( #1297, #912 ) ) ;
#633 = CYLINDRICAL_SURFACE ( 'NONE', #1283, 2.250000000000001776 ) ;
#634 = DIRECTION ( 'NONE',  ( 0.000000000000000000, 0.000000000000000000, 1.000000000000000000 ) ) ;
#635 = CIRCLE ( 'NONE', #1359, 2.250000000000001776 ) ;
#636 = LINE ( 'NONE', #152, #1819 ) ;
#637 = FACE_OUTER_BOUND ( 'NONE', #109, .T. ) ;
#638 = EDGE_CURVE ( 'NONE', #1308, #857, #2016, .T. ) ;
#639 = CARTESIAN_POINT ( 'NONE',  ( -168.0000000000000568, 0.000000000000000000, -61.29999999999999005 ) ) ;
#640 = EDGE_CURVE ( 'NONE', #1720, #1007, #635, .T. ) ;
#641 = ORIENTED_EDGE ( 'NONE', *, *, #1775, .T. ) ;
#642 = UNCERTAINTY_MEASURE_WITH_UNIT (LENGTH_MEASURE( 1.000000000000000082E-05 ), #802, 'distance_accuracy_value', 'NONE');
#643 = VECTOR ( 'NONE', #1951, 1000.000000000000000 ) ;
#644 = VERTEX_POINT ( 'NONE', #1211 ) ;
#645 = VERTEX_POINT ( 'NONE', #1046 ) ;
#646 = DIRECTION ( 'NONE',  ( 0.000000000000000000, 1.000000000000000000, 0.000000000000000000 ) ) ;
#647 = EDGE_CURVE ( 'NONE', #1607, #1782, #801, .T. ) ;
#648 = EDGE_CURVE ( 'NONE', #1092, #1757, #1601, .T. ) ;
#649 = AXIS2_PLACEMENT_3D ( 'NONE', #1199, #231, #1517 ) ;
#650 = VERTEX_POINT ( 'NONE', #1153 ) ;
#651 = DIRECTION ( 'NONE',  ( 0.000000000000000000, 0.000000000000000000, 1.000000000000000000 ) ) ;
#652 = DIRECTION ( 'NONE',  ( -0.000000000000000000, 1.000000000000000000, -0.000000000000000000 ) ) ;
#653 = CYLINDRICAL_SURFACE ( 'NONE', #1727, 1.700000000000007061 ) ;
#654 = CARTESIAN_POINT ( 'NONE',  ( -192.0000000000000568, 0.000000000000000000, 18.00000000000000000 ) ) ;
#655 = AXIS2_PLACEMENT_3D ( 'NONE', #1036, #97, #1670 ) ;
#656 = EDGE_LOOP ( 'NONE', ( #1579, #600 ) ) ;
#657 = VERTEX_POINT ( 'NONE', #57 ) ;
#658 = EDGE_LOOP ( 'NONE', ( #1666, #1196, #1417, #454 ) ) ;
#659 = DIRECTION ( 'NONE',  ( 0.000000000000000000, 0.000000000000000000, -1.000000000000000000 ) ) ;
#660 = EDGE_LOOP ( 'NONE', ( #1777, #1349 ) ) ;
#661 = CARTESIAN_POINT ( 'NONE',  ( -216.0000000000000853, 6.000000000000000000, 59.75000000000000000 ) ) ;
#662 = DIRECTION ( 'NONE',  ( 0.000000000000000000, 0.000000000000000000, -1.000000000000000000 ) ) ;
#663 = CARTESIAN_POINT ( 'NONE',  ( 167.9999999999999147, 6.000000000000000000, -63.00000000000000000 ) ) ;
#664 = ORIENTED_EDGE ( 'NONE', *, *, #640, .T. ) ;
#665 = ORIENTED_EDGE ( 'NONE', *, *, #618, .T. ) ;
#666 = ORIENTED_EDGE ( 'NONE', *, *, #778, .T. ) ;
#667 = ORIENTED_EDGE ( 'NONE', *, *, #139, .F. ) ;
#668 = CARTESIAN_POINT ( 'NONE',  ( -216.0000000000000853, 0.000000000000000000, 63.00000000000000000 ) ) ;
#669 = PLANE ( 'NONE',  #246 ) ;
#670 = CARTESIAN_POINT ( 'NONE',  ( -216.0000000000000853, 6.000000000000000000, 63.00000000000000000 ) ) ;
#671 = MANIFOLD_SOLID_BREP ( 'LPattern1', #894 ) ;
#672 = EDGE_CURVE ( 'NONE', #796, #1322, #1167, .T. ) ;
#673 = CIRCLE ( 'NONE', #406, 3.250000000000002665 ) ;
#674 = AXIS2_PLACEMENT_3D ( 'NONE', #663, #28, #1168 ) ;
#675 = EDGE_LOOP ( 'NONE', ( #2022, #178, #1160, #369 ) ) ;
#676 = ORIENTED_EDGE ( 'NONE', *, *, #339, .F. ) ;
#677 = ORIENTED_EDGE ( 'NONE', *, *, #274, .F. ) ;
#678 = ORIENTED_EDGE ( 'NONE', *, *, #648, .T. ) ;
#679 = LINE ( 'NONE', #1918, #1939 ) ;
#680 = CARTESIAN_POINT ( 'NONE',  ( 167.9999999999999147, 6.000000000000000000, 59.75000000000000000 ) ) ;
#681 = CARTESIAN_POINT ( 'NONE',  ( -192.0000000000000568, 0.000000000000000000, 18.00000000000000000 ) ) ;
#682 = CIRCLE ( 'NONE', #1448, 4.000000000000003553 ) ;
#683 = EDGE_CURVE ( 'NONE', #645, #311, #374, .T. ) ;
#684 = ORIENTED_EDGE ( 'NONE', *, *, #699, .F. ) ;
#685 = ORIENTED_EDGE ( 'NONE', *, *, #1593, .T. ) ;
#686 = EDGE_LOOP ( 'NONE', ( #966, #1840 ) ) ;
#687 = FACE_BOUND ( 'NONE', #1385, .T. ) ;
#688 = CIRCLE ( 'NONE', #1518, 3.250000000000002665 ) ;
#689 = FACE_OUTER_BOUND ( 'NONE', #675, .T. ) ;
#690 = FACE_OUTER_BOUND ( 'NONE', #759, .T. ) ;
#691 = EDGE_LOOP ( 'NONE', ( #684, #526, #1425, #248 ) ) ;
#692 = PLANE ( 'NONE',  #578 ) ;
#693 = CYLINDRICAL_SURFACE ( 'NONE', #478, 1.700000000000007061 ) ;
#694 = DIRECTION ( 'NONE',  ( -0.000000000000000000, 1.000000000000000000, -0.000000000000000000 ) ) ;
#695 = CYLINDRICAL_SURFACE ( 'NONE', #833, 3.250000000000002665 ) ;
#696 = DIRECTION ( 'NONE',  ( -0.000000000000000000, 1.000000000000000000, -0.000000000000000000 ) ) ;
#697 = EDGE_CURVE ( 'NONE', #9, #125, #1433, .T. ) ;
#698 = CARTESIAN_POINT ( 'NONE',  ( 215.9999999999999432, 0.000000000000000000, 63.00000000000000000 ) ) ;
#699 = EDGE_CURVE ( 'NONE', #644, #1829, #46, .T. ) ;
#700 = CIRCLE ( 'NONE', #932, 3.250000000000002665 ) ;
#701 = EDGE_CURVE ( 'NONE', #657, #1996, #679, .T. ) ;
#702 = ADVANCED_FACE ( 'NONE', ( #1899, #1119 ), #822, .F. ) ;
#703 = EDGE_CURVE ( 'NONE', #956, #1007, #522, .T. ) ;
#704 = LINE ( 'NONE', #1026, #315 ) ;
#705 = DIRECTION ( 'NONE',  ( -0.000000000000000000, 1.000000000000000000, -0.000000000000000000 ) ) ;
#706 = FACE_OUTER_BOUND ( 'NONE', #658, .T. ) ;
#707 = VECTOR ( 'NONE', #1627, 1000.000000000000000 ) ;
#708 = CARTESIAN_POINT ( 'NONE',  ( -216.0000000000000853, 6.000000000000000000, 66.25000000000000000 ) ) ;
#709 =( LENGTH_UNIT ( ) NAMED_UNIT ( * ) SI_UNIT ( .MILLI., .METRE. ) );
#710 = LINE ( 'NONE', #434, #423 ) ;
#711 = EDGE_CURVE ( 'NONE', #368, #599, #310, .T. ) ;
#712 = CARTESIAN_POINT ( 'NONE',  ( -168.0000000000000568, 6.000000000000000000, 63.00000000000000000 ) ) ;
#713 = CARTESIAN_POINT ( 'NONE',  ( -192.0000000000000568, 0.000000000000000000, -13.99999999999999467 ) ) ;
#714 = AXIS2_PLACEMENT_3D ( 'NONE', #1875, #584, #1378 ) ;
#715 = ADVANCED_FACE ( 'NONE', ( #501 ), #378, .F. ) ;
#716 = VECTOR ( 'NONE', #286, 1000.000000000000000 ) ;
#717 = DIRECTION ( 'NONE',  ( 1.000000000000000000, 0.000000000000000000, 0.000000000000000000 ) ) ;
#718 = DIRECTION ( 'NONE',  ( -0.000000000000000000, -1.000000000000000000, -0.000000000000000000 ) ) ;
#719 = EDGE_LOOP ( 'NONE', ( #1721, #1984, #1207, #180 ) ) ;
#720 = ORIENTED_EDGE ( 'NONE', *, *, #582, .T. ) ;
#721 = ORIENTED_EDGE ( 'NONE', *, *, #1871, .F. ) ;
#722 = DIRECTION ( 'NONE',  ( 0.000000000000000000, 0.000000000000000000, 1.000000000000000000 ) ) ;
#723 = CARTESIAN_POINT ( 'NONE',  ( 215.9999999999999432, 6.000000000000000000, -63.00000000000000000 ) ) ;
#724 = AXIS2_PLACEMENT_3D ( 'NONE', #13, #338, #960 ) ;
#725 = CARTESIAN_POINT ( 'NONE',  ( 215.9999999999999432, 0.000000000000000000, -61.29999999999999005 ) ) ;
#726 = DIRECTION ( 'NONE',  ( 0.000000000000000000, 0.000000000000000000, 1.000000000000000000 ) ) ;
#727 = CARTESIAN_POINT ( 'NONE',  ( 167.9999999999999147, 3.000000000000000888, -63.00000000000000000 ) ) ;
#728 = ORIENTED_EDGE ( 'NONE', *, *, #618, .F. ) ;
#729 = PRESENTATION_LAYER_ASSIGNMENT (  '', '', ( #889 ) ) ;
#730 = VERTEX_POINT ( 'NONE', #1625 ) ;
#731 = CARTESIAN_POINT ( 'NONE',  ( -192.0000000000000568, 0.000000000000000000, -18.00000000000000000 ) ) ;
#732 = DIRECTION ( 'NONE',  ( -0.000000000000000000, 1.000000000000000000, -0.000000000000000000 ) ) ;
#733 = CYLINDRICAL_SURFACE ( 'NONE', #1779, 3.250000000000002665 ) ;
#734 = DIRECTION ( 'NONE',  ( 0.000000000000000000, 0.000000000000000000, 1.000000000000000000 ) ) ;
#735 = CIRCLE ( 'NONE', #547, 3.250000000000002665 ) ;
#736 = CIRCLE ( 'NONE', #1476, 1.700000000000007061 ) ;
#737 = EDGE_CURVE ( 'NONE', #1362, #956, #1098, .T. ) ;
#738 = CARTESIAN_POINT ( 'NONE',  ( -192.0000000000000568, 4.000000000000000000, -22.00000000000000355 ) ) ;
#739 = EDGE_LOOP ( 'NONE', ( #1660, #447, #1595, #493 ) ) ;
#740 = ORIENTED_EDGE ( 'NONE', *, *, #124, .T. ) ;
#741 = DIRECTION ( 'NONE',  ( -0.000000000000000000, -1.000000000000000000, -0.000000000000000000 ) ) ;
#742 = LINE ( 'NONE', #1988, #1420 ) ;
#743 = CARTESIAN_POINT ( 'NONE',  ( 167.9999999999999147, 6.000000000000000000, -63.00000000000000000 ) ) ;
#744 = VECTOR ( 'NONE', #327, 1000.000000000000000 ) ;
#745 = FACE_OUTER_BOUND ( 'NONE', #1114, .T. ) ;
#746 = DIRECTION ( 'NONE',  ( 0.000000000000000000, 0.000000000000000000, 1.000000000000000000 ) ) ;
#747 = CARTESIAN_POINT ( 'NONE',  ( 215.9999999999999432, 6.000000000000000000, -63.00000000000000000 ) ) ;
#748 = VERTEX_POINT ( 'NONE', #1481 ) ;
#749 = VERTEX_POINT ( 'NONE', #1786 ) ;
#750 = LINE ( 'NONE', #1722, #817 ) ;
#751 = CARTESIAN_POINT ( 'NONE',  ( -168.0000000000000568, 3.000000000000000000, 63.00000000000000000 ) ) ;
#752 = EDGE_CURVE ( 'NONE', #1032, #1316, #11, .T. ) ;
#753 = CARTESIAN_POINT ( 'NONE',  ( 191.9999999999999432, 0.000000000000000000, 15.74999999999999645 ) ) ;
#754 = DIRECTION ( 'NONE',  ( -0.000000000000000000, 1.000000000000000000, -0.000000000000000000 ) ) ;
#755 = PLANE ( 'NONE',  #804 ) ;
#756 = CARTESIAN_POINT ( 'NONE',  ( -216.0000000000000853, 6.000000000000000000, -63.00000000000000000 ) ) ;
#757 = VERTEX_POINT ( 'NONE', #1185 ) ;
#758 = ORIENTED_EDGE ( 'NONE', *, *, #163, .F. ) ;
#759 = EDGE_LOOP ( 'NONE', ( #1475, #491, #678, #808 ) ) ;
#760 = DIRECTION ( 'NONE',  ( 0.000000000000000000, 0.000000000000000000, 1.000000000000000000 ) ) ;
#761 = EDGE_CURVE ( 'NONE', #1092, #1158, #995, .T. ) ;
#762 = DIRECTION ( 'NONE',  ( -0.000000000000000000, 1.000000000000000000, -0.000000000000000000 ) ) ;
#763 = ADVANCED_FACE ( 'NONE', ( #1325 ), #573, .F. ) ;
#764 = CIRCLE ( 'NONE', #1914, 1.700000000000007061 ) ;
#765 = CARTESIAN_POINT ( 'NONE',  ( 215.9999999999999432, 6.000000000000000000, 63.00000000000000000 ) ) ;
#766 = DIRECTION ( 'NONE',  ( -0.000000000000000000, 1.000000000000000000, -0.000000000000000000 ) ) ;
#767 = CIRCLE ( 'NONE', #43, 4.000000000000003553 ) ;
#768 = FACE_OUTER_BOUND ( 'NONE', #506, .T. ) ;
#769 = CYLINDRICAL_SURFACE ( 'NONE', #1184, 1.700000000000007061 ) ;
#770 = ORIENTED_EDGE ( 'NONE', *, *, #1438, .T. ) ;
#771 = EDGE_LOOP ( 'NONE', ( #1277, #580, #782, #1581 ) ) ;
#772 = EDGE_LOOP ( 'NONE', ( #1674, #957 ) ) ;
#773 = CARTESIAN_POINT ( 'NONE',  ( 215.9999999999999432, 6.000000000000000000, -59.75000000000000000 ) ) ;
#774 = EDGE_CURVE ( 'NONE', #229, #322, #585, .T. ) ;
#775 = DIRECTION ( 'NONE',  ( -0.000000000000000000, -1.000000000000000000, -0.000000000000000000 ) ) ;
#776 = FACE_BOUND ( 'NONE', #1232, .T. ) ;
#777 = FACE_BOUND ( 'NONE', #209, .T. ) ;
#778 = EDGE_CURVE ( 'NONE', #1158, #167, #1943, .T. ) ;
#779 = ADVANCED_FACE ( 'NONE', ( #1176 ), #693, .F. ) ;
#780 = CARTESIAN_POINT ( 'NONE',  ( 220.9999999999999432, 6.000000000000000000, 67.00000000000000000 ) ) ;
#781 = ORIENTED_EDGE ( 'NONE', *, *, #1216, .F. ) ;
#782 = ORIENTED_EDGE ( 'NONE', *, *, #855, .T. ) ;
#783 = AXIS2_PLACEMENT_3D ( 'NONE', #164, #1550, #145 ) ;
#784 = VERTEX_POINT ( 'NONE', #397 ) ;
#785 = CARTESIAN_POINT ( 'NONE',  ( -192.0000000000000568, 6.000000000000000000, -18.00000000000000000 ) ) ;
#786 = DIRECTION ( 'NONE',  ( -0.000000000000000000, 1.000000000000000000, -0.000000000000000000 ) ) ;
#787 = ADVANCED_FACE ( 'NONE', ( #847 ), #252, .F. ) ;
#788 = PLANE ( 'NONE',  #1499 ) ;
#789 = EDGE_CURVE ( 'NONE', #1640, #1806, #1653, .T. ) ;
#790 = AXIS2_PLACEMENT_3D ( 'NONE', #751, #762, #449 ) ;
#791 = FACE_OUTER_BOUND ( 'NONE', #1309, .T. ) ;
#792 = CARTESIAN_POINT ( 'NONE',  ( 167.9999999999999147, 6.000000000000000000, -63.00000000000000000 ) ) ;
#793 = ADVANCED_FACE ( 'NONE', ( #554 ), #388, .F. ) ;
#794 = EDGE_CURVE ( 'NONE', #509, #657, #1724, .T. ) ;
#795 = ORIENTED_EDGE ( 'NONE', *, *, #1447, .T. ) ;
#796 = VERTEX_POINT ( 'NONE', #259 ) ;
#797 = VERTEX_POINT ( 'NONE', #1642 ) ;
#798 = CARTESIAN_POINT ( 'NONE',  ( 215.9999999999999432, 3.000000000000000000, 63.00000000000000000 ) ) ;
#799 = ORIENTED_EDGE ( 'NONE', *, *, #1931, .F. ) ;
#800 = DIRECTION ( 'NONE',  ( 0.000000000000000000, 0.000000000000000000, 1.000000000000000000 ) ) ;
#801 = CIRCLE ( 'NONE', #268, 1.700000000000007061 ) ;
#802 =( LENGTH_UNIT ( ) NAMED_UNIT ( * ) SI_UNIT ( .MILLI., .METRE. ) );
#803 = CARTESIAN_POINT ( 'NONE',  ( 215.9999999999999432, 6.000000000000000000, 63.00000000000000000 ) ) ;
#804 = AXIS2_PLACEMENT_3D ( 'NONE', #1868, #1392, #296 ) ;
#805 = LINE ( 'NONE', #1901, #176 ) ;
#806 = VERTEX_POINT ( 'NONE', #1818 ) ;
#807 = ORIENTED_EDGE ( 'NONE', *, *, #1963, .F. ) ;
#808 = ORIENTED_EDGE ( 'NONE', *, *, #853, .T. ) ;
#809 = DIRECTION ( 'NONE',  ( 0.000000000000000000, 0.000000000000000000, 1.000000000000000000 ) ) ;
#810 = ORIENTED_EDGE ( 'NONE', *, *, #1931, .T. ) ;
#811 = LINE ( 'NONE', #151, #1959 ) ;
#812 = CARTESIAN_POINT ( 'NONE',  ( 215.9999999999999432, 0.000000000000000000, 63.00000000000000000 ) ) ;
#813 = CARTESIAN_POINT ( 'NONE',  ( -192.0000000000000568, 0.000000000000000000, 18.00000000000000000 ) ) ;
#814 = FACE_OUTER_BOUND ( 'NONE', #739, .T. ) ;
#815 = CIRCLE ( 'NONE', #490, 2.250000000000001776 ) ;
#816 = ORIENTED_EDGE ( 'NONE', *, *, #217, .T. ) ;
#817 = VECTOR ( 'NONE', #127, 1000.000000000000000 ) ;
#818 = ORIENTED_EDGE ( 'NONE', *, *, #1133, .F. ) ;
#819 = AXIS2_PLACEMENT_3D ( 'NONE', #1090, #1273, #899 ) ;
#820 = ORIENTED_EDGE ( 'NONE', *, *, #190, .F. ) ;
#821 = VERTEX_POINT ( 'NONE', #407 ) ;
#822 = PLANE ( 'NONE',  #1089 ) ;
#823 = EDGE_CURVE ( 'NONE', #1604, #1082, #1272, .T. ) ;
#824 = CARTESIAN_POINT ( 'NONE',  ( -168.0000000000000568, 6.000000000000000000, -66.25000000000000000 ) ) ;
#825 = LINE ( 'NONE', #974, #1052 ) ;
#826 = ORIENTED_EDGE ( 'NONE', *, *, #1133, .T. ) ;
#827 = ORIENTED_EDGE ( 'NONE', *, *, #429, .F. ) ;
#828 = ORIENTED_EDGE ( 'NONE', *, *, #2003, .F. ) ;
#829 = EDGE_LOOP ( 'NONE', ( #1113, #1912, #1514, #1894 ) ) ;
#830 = ADVANCED_FACE ( 'NONE', ( #233, #1001 ), #1978, .F. ) ;
#831 = DIRECTION ( 'NONE',  ( 0.000000000000000000, 0.000000000000000000, 1.000000000000000000 ) ) ;
#832 = FACE_OUTER_BOUND ( 'NONE', #2011, .T. ) ;
#833 = AXIS2_PLACEMENT_3D ( 'NONE', #1655, #70, #1637 ) ;
#834 = EDGE_LOOP ( 'NONE', ( #1137, #467, #1710, #1747 ) ) ;
#835 = ORIENTED_EDGE ( 'NONE', *, *, #119, .F. ) ;
#836 = AXIS2_PLACEMENT_3D ( 'NONE', #841, #213, #182 ) ;
#837 = ORIENTED_EDGE ( 'NONE', *, *, #418, .F. ) ;
#838 = VECTOR ( 'NONE', #617, 1000.000000000000000 ) ;
#839 = CARTESIAN_POINT ( 'NONE',  ( 191.9999999999999432, 0.000000000000000000, 22.00000000000000355 ) ) ;
#840 = CIRCLE ( 'NONE', #218, 3.250000000000002665 ) ;
#841 = CARTESIAN_POINT ( 'NONE',  ( 191.9999999999999432, 6.000000000000000000, 18.00000000000000000 ) ) ;
#842 = CARTESIAN_POINT ( 'NONE',  ( -192.0000000000000568, 6.000000000000000000, -20.25000000000000000 ) ) ;
#843 = DIRECTION ( 'NONE',  ( 0.000000000000000000, 0.000000000000000000, -1.000000000000000000 ) ) ;
#844 =( GEOMETRIC_REPRESENTATION_CONTEXT ( 3 ) GLOBAL_UNCERTAINTY_ASSIGNED_CONTEXT ( ( #2032 ) ) GLOBAL_UNIT_ASSIGNED_CONTEXT ( ( #709, #1339, #1522 ) ) REPRESENTATION_CONTEXT ( 'NONE', 'WORKASPACE' ) );
#845 = ORIENTED_EDGE ( 'NONE', *, *, #1371, .T. ) ;
#846 = DIRECTION ( 'NONE',  ( -0.000000000000000000, 1.000000000000000000, -0.000000000000000000 ) ) ;
#847 = FACE_OUTER_BOUND ( 'NONE', #1406, .T. ) ;
#848 = AXIS2_PLACEMENT_3D ( 'NONE', #747, #298, #1384 ) ;
#849 = DIRECTION ( 'NONE',  ( -0.000000000000000000, 1.000000000000000000, -0.000000000000000000 ) ) ;
#850 = ADVANCED_FACE ( 'NONE', ( #1488 ), #68, .F. ) ;
#851 = ADVANCED_FACE ( 'NONE', ( #1210, #1966 ), #1355, .F. ) ;
#852 = DIRECTION ( 'NONE',  ( 0.000000000000000000, 0.000000000000000000, 1.000000000000000000 ) ) ;
#853 = EDGE_CURVE ( 'NONE', #1757, #167, #331, .T. ) ;
#854 = EDGE_CURVE ( 'NONE', #229, #959, #1837, .T. ) ;
#855 = EDGE_CURVE ( 'NONE', #1829, #525, #594, .T. ) ;
#856 = VECTOR ( 'NONE', #1235, 1000.000000000000000 ) ;
#857 = VERTEX_POINT ( 'NONE', #128 ) ;
#858 = DIRECTION ( 'NONE',  ( 0.000000000000000000, 0.000000000000000000, 1.000000000000000000 ) ) ;
#859 = CARTESIAN_POINT ( 'NONE',  ( 217.6999999999999602, 3.000000000000000444, -63.00000000000000000 ) ) ;
#860 = CYLINDRICAL_SURFACE ( 'NONE', #1240, 3.250000000000002665 ) ;
#861 = DIRECTION ( 'NONE',  ( 0.000000000000000000, 0.000000000000000000, 1.000000000000000000 ) ) ;
#862 = FACE_OUTER_BOUND ( 'NONE', #719, .T. ) ;
#863 = DIRECTION ( 'NONE',  ( 0.000000000000000000, 0.000000000000000000, 1.000000000000000000 ) ) ;
#864 = AXIS2_PLACEMENT_3D ( 'NONE', #1411, #596, #931 ) ;
#865 = CIRCLE ( 'NONE', #1683, 4.000000000000003553 ) ;
#866 = ORIENTED_EDGE ( 'NONE', *, *, #1216, .T. ) ;
#867 = CARTESIAN_POINT ( 'NONE',  ( -168.0000000000000568, 3.000000000000000888, -61.29999999999999005 ) ) ;
#868 = DIRECTION ( 'NONE',  ( 0.000000000000000000, 0.000000000000000000, 1.000000000000000000 ) ) ;
#869 = CIRCLE ( 'NONE', #1888, 3.250000000000002665 ) ;
#870 = CARTESIAN_POINT ( 'NONE',  ( 167.9999999999999147, 3.000000000000000000, -59.75000000000000000 ) ) ;
#871 = DIRECTION ( 'NONE',  ( 0.000000000000000000, 0.000000000000000000, 1.000000000000000000 ) ) ;
#872 = DIRECTION ( 'NONE',  ( -0.000000000000000000, -1.000000000000000000, -0.000000000000000000 ) ) ;
#873 = ORIENTED_EDGE ( 'NONE', *, *, #1504, .T. ) ;
#874 = ORIENTED_EDGE ( 'NONE', *, *, #1815, .T. ) ;
#875 = CARTESIAN_POINT ( 'NONE',  ( 0.000000000000000000, 0.000000000000000000, 0.000000000000000000 ) ) ;
#876 = CARTESIAN_POINT ( 'NONE',  ( 191.9999999999999432, 4.000000000000000000, 18.00000000000000000 ) ) ;
#877 = CIRCLE ( 'NONE', #2025, 3.250000000000002665 ) ;
#878 = AXIS2_PLACEMENT_3D ( 'NONE', #579, #393, #1015 ) ;
#879 = DIRECTION ( 'NONE',  ( 0.000000000000000000, 0.000000000000000000, 1.000000000000000000 ) ) ;
#880 = ORIENTED_EDGE ( 'NONE', *, *, #2002, .T. ) ;
#881 = ORIENTED_EDGE ( 'NONE', *, *, #1374, .T. ) ;
#882 = DIRECTION ( 'NONE',  ( 0.000000000000000000, 0.000000000000000000, 1.000000000000000000 ) ) ;
#883 = DIRECTION ( 'NONE',  ( -0.000000000000000000, -1.000000000000000000, -0.000000000000000000 ) ) ;
#884 = CIRCLE ( 'NONE', #724, 2.250000000000001776 ) ;
#885 = CARTESIAN_POINT ( 'NONE',  ( 220.9999999999999432, 6.000000000000000000, -67.00000000000000000 ) ) ;
#886 = EDGE_CURVE ( 'NONE', #1604, #249, #1053, .T. ) ;
#887 = DIRECTION ( 'NONE',  ( -0.000000000000000000, -1.000000000000000000, -0.000000000000000000 ) ) ;
#888 = ORIENTED_EDGE ( 'NONE', *, *, #1157, .F. ) ;
#889 = STYLED_ITEM ( 'NONE', ( #1300 ), #671 ) ;
#890 = ORIENTED_EDGE ( 'NONE', *, *, #969, .F. ) ;
#891 = CARTESIAN_POINT ( 'NONE',  ( 167.9999999999999147, 3.000000000000000888, 61.29999999999999005 ) ) ;
#892 = AXIS2_PLACEMENT_3D ( 'NONE', #654, #1910, #1436 ) ;
#893 = DIRECTION ( 'NONE',  ( 0.000000000000000000, 1.000000000000000000, 0.000000000000000000 ) ) ;
#894 = CLOSED_SHELL ( 'NONE', ( #458, #355, #1413, #1855, #1516, #400, #763, #1521, #850, #1292, #1911, #1221, #1458, #424, #60, #793, #1942, #986, #2019, #1831, #1936, #1404, #559, #1531, #1800, #426, #86, #1734, #1723, #36, #1798, #1586, #1566, #188, #1075, #1224, #1369, #702, #512, #779, #830, #568, #566, #240, #267, #991, #1648, #502, #1857, #851, #1740, #199, #999, #126, #1323, #1644, #1650, #787, #1645, #1938, #1506, #273, #1004, #715, #1061, #1556 ) ) ;
#895 = CARTESIAN_POINT ( 'NONE',  ( 191.9999999999999432, 0.000000000000000000, -18.00000000000000000 ) ) ;
#896 = AXIS2_PLACEMENT_3D ( 'NONE', #876, #883, #1028 ) ;
#897 = DIRECTION ( 'NONE',  ( -0.000000000000000000, 1.000000000000000000, -0.000000000000000000 ) ) ;
#898 = CIRCLE ( 'NONE', #112, 1.700000000000007061 ) ;
#899 = DIRECTION ( 'NONE',  ( 0.000000000000000000, 0.000000000000000000, 1.000000000000000000 ) ) ;
#900 = ORIENTED_EDGE ( 'NONE', *, *, #1003, .F. ) ;
#901 = EDGE_LOOP ( 'NONE', ( #676, #1571, #1621, #1493 ) ) ;
#902 = AXIS2_PLACEMENT_3D ( 'NONE', #107, #253, #734 ) ;
#903 = CARTESIAN_POINT ( 'NONE',  ( -192.0000000000000568, 6.000000000000000000, 20.25000000000000000 ) ) ;
#904 = DIRECTION ( 'NONE',  ( 0.000000000000000000, 0.000000000000000000, 1.000000000000000000 ) ) ;
#905 = CARTESIAN_POINT ( 'NONE',  ( 191.9999999999999432, 0.000000000000000000, 18.00000000000000000 ) ) ;
#906 = CIRCLE ( 'NONE', #1697, 3.250000000000002665 ) ;
#907 = DIRECTION ( 'NONE',  ( 0.000000000000000000, 0.000000000000000000, -1.000000000000000000 ) ) ;
#908 = CARTESIAN_POINT ( 'NONE',  ( 191.9999999999999432, 4.000000000000000000, 15.74999999999999645 ) ) ;
#909 = DIRECTION ( 'NONE',  ( 0.000000000000000000, 0.000000000000000000, 1.000000000000000000 ) ) ;
#910 = ORIENTED_EDGE ( 'NONE', *, *, #794, .F. ) ;
#911 = EDGE_CURVE ( 'NONE', #599, #543, #742, .T. ) ;
#912 = ORIENTED_EDGE ( 'NONE', *, *, #2002, .F. ) ;
#913 = EDGE_CURVE ( 'NONE', #1962, #1229, #1555, .T. ) ;
#914 = ORIENTED_EDGE ( 'NONE', *, *, #996, .T. ) ;
#915 = CARTESIAN_POINT ( 'NONE',  ( 167.9999999999999147, 6.000000000000000000, 63.00000000000000000 ) ) ;
#916 = DIRECTION ( 'NONE',  ( -0.000000000000000000, -1.000000000000000000, -0.000000000000000000 ) ) ;
#917 = DIRECTION ( 'NONE',  ( -0.000000000000000000, -1.000000000000000000, -0.000000000000000000 ) ) ;
#918 = CIRCLE ( 'NONE', #1350, 1.700000000000007061 ) ;
#919 = CARTESIAN_POINT ( 'NONE',  ( 167.9999999999999147, 3.000000000000000888, 63.00000000000000000 ) ) ;
#920 = DIRECTION ( 'NONE',  ( 0.000000000000000000, -0.000000000000000000, 1.000000000000000000 ) ) ;
#921 = CARTESIAN_POINT ( 'NONE',  ( -168.0000000000000568, 0.000000000000000000, 63.00000000000000000 ) ) ;
#922 = VERTEX_POINT ( 'NONE', #1851 ) ;
#923 = EDGE_CURVE ( 'NONE', #189, #1806, #1120, .T. ) ;
#924 = ORIENTED_EDGE ( 'NONE', *, *, #630, .F. ) ;
#925 = ORIENTED_EDGE ( 'NONE', *, *, #1592, .T. ) ;
#926 = ORIENTED_EDGE ( 'NONE', *, *, #394, .T. ) ;
#927 = DIRECTION ( 'NONE',  ( -0.000000000000000000, -1.000000000000000000, -0.000000000000000000 ) ) ;
#928 = EDGE_CURVE ( 'NONE', #528, #1996, #1156, .T. ) ;
#929 = VECTOR ( 'NONE', #1726, 1000.000000000000000 ) ;
#930 = CARTESIAN_POINT ( 'NONE',  ( 215.9999999999999432, 6.000000000000000000, -63.00000000000000000 ) ) ;
#931 = DIRECTION ( 'NONE',  ( 0.000000000000000000, 0.000000000000000000, 1.000000000000000000 ) ) ;
#932 = AXIS2_PLACEMENT_3D ( 'NONE', #1490, #79, #852 ) ;
#933 = FACE_BOUND ( 'NONE', #83, .T. ) ;
#934 = CARTESIAN_POINT ( 'NONE',  ( 215.9999999999999432, 6.000000000000000000, 66.25000000000000000 ) ) ;
#935 = ORIENTED_EDGE ( 'NONE', *, *, #1793, .F. ) ;
#936 = ORIENTED_EDGE ( 'NONE', *, *, #1055, .F. ) ;
#937 = EDGE_LOOP ( 'NONE', ( #1544, #191, #1067, #1526 ) ) ;
#938 = FACE_BOUND ( 'NONE', #970, .T. ) ;
#939 = CIRCLE ( 'NONE', #551, 1.700000000000007061 ) ;
#940 = LINE ( 'NONE', #1, #744 ) ;
#941 = DIRECTION ( 'NONE',  ( 0.000000000000000000, -1.000000000000000000, 0.000000000000000000 ) ) ;
#942 = FACE_BOUND ( 'NONE', #1684, .T. ) ;
#943 = LINE ( 'NONE', #2020, #716 ) ;
#944 = EDGE_LOOP ( 'NONE', ( #1773, #1151 ) ) ;
#945 = ORIENTED_EDGE ( 'NONE', *, *, #1810, .F. ) ;
#946 = AXIS2_PLACEMENT_3D ( 'NONE', #588, #1405, #1693 ) ;
#947 = ORIENTED_EDGE ( 'NONE', *, *, #1442, .T. ) ;
#948 = DIRECTION ( 'NONE',  ( 0.000000000000000000, 0.000000000000000000, 1.000000000000000000 ) ) ;
#949 = ORIENTED_EDGE ( 'NONE', *, *, #1657, .T. ) ;
#950 = FACE_OUTER_BOUND ( 'NONE', #1208, .T. ) ;
#951 = CYLINDRICAL_SURFACE ( 'NONE', #1583, 2.250000000000001776 ) ;
#952 = AXIS2_PLACEMENT_3D ( 'NONE', #1201, #1826, #1366 ) ;
#953 = LINE ( 'NONE', #1293, #707 ) ;
#954 = CARTESIAN_POINT ( 'NONE',  ( -192.0000000000000568, 0.000000000000000000, -18.00000000000000000 ) ) ;
#955 = ORIENTED_EDGE ( 'NONE', *, *, #51, .T. ) ;
#956 = VERTEX_POINT ( 'NONE', #438 ) ;
#957 = ORIENTED_EDGE ( 'NONE', *, *, #1223, .F. ) ;
#958 = CARTESIAN_POINT ( 'NONE',  ( 220.9999999999999432, 0.000000000000000000, 67.00000000000000000 ) ) ;
#959 = VERTEX_POINT ( 'NONE', #603 ) ;
#960 = DIRECTION ( 'NONE',  ( 0.000000000000000000, 0.000000000000000000, -1.000000000000000000 ) ) ;
#961 = SURFACE_STYLE_USAGE ( .BOTH. , #172 ) ;
#962 = AXIS2_PLACEMENT_3D ( 'NONE', #919, #754, #130 ) ;
#963 = LINE ( 'NONE', #365, #1437 ) ;
#964 = AXIS2_PLACEMENT_3D ( 'NONE', #384, #1946, #861 ) ;
#965 = DIRECTION ( 'NONE',  ( -0.000000000000000000, 1.000000000000000000, -0.000000000000000000 ) ) ;
#966 = ORIENTED_EDGE ( 'NONE', *, *, #117, .F. ) ;
#967 = VERTEX_POINT ( 'NONE', #1546 ) ;
#968 = CIRCLE ( 'NONE', #1507, 3.250000000000002665 ) ;
#969 = EDGE_CURVE ( 'NONE', #599, #368, #260, .T. ) ;
#970 = EDGE_LOOP ( 'NONE', ( #975, #94 ) ) ;
#971 = VERTEX_POINT ( 'NONE', #1070 ) ;
#972 =( NAMED_UNIT ( * ) PLANE_ANGLE_UNIT ( ) SI_UNIT ( $, .RADIAN. ) );
#973 = DIRECTION ( 'NONE',  ( 0.000000000000000000, 0.000000000000000000, -1.000000000000000000 ) ) ;
#974 = CARTESIAN_POINT ( 'NONE',  ( 220.9999999999999432, 6.000000000000000000, -67.00000000000000000 ) ) ;
#975 = ORIENTED_EDGE ( 'NONE', *, *, #98, .F. ) ;
#976 = VECTOR ( 'NONE', #602, 1000.000000000000000 ) ;
#977 = ORIENTED_EDGE ( 'NONE', *, *, #911, .F. ) ;
#978 = EDGE_CURVE ( 'NONE', #1822, #1342, #1045, .T. ) ;
#979 = AXIS2_PLACEMENT_3D ( 'NONE', #466, #628, #1261 ) ;
#980 = ORIENTED_EDGE ( 'NONE', *, *, #1796, .T. ) ;
#981 = LINE ( 'NONE', #839, #350 ) ;
#982 = DIRECTION ( 'NONE',  ( 0.000000000000000000, 0.000000000000000000, 1.000000000000000000 ) ) ;
#983 = DIRECTION ( 'NONE',  ( -0.000000000000000000, 1.000000000000000000, -0.000000000000000000 ) ) ;
#984 = DIRECTION ( 'NONE',  ( 0.000000000000000000, 0.000000000000000000, 1.000000000000000000 ) ) ;
#985 = ORIENTED_EDGE ( 'NONE', *, *, #1360, .F. ) ;
#986 = ADVANCED_FACE ( 'NONE', ( #1690 ), #451, .F. ) ;
#987 = ORIENTED_EDGE ( 'NONE', *, *, #1649, .T. ) ;
#988 = ORIENTED_EDGE ( 'NONE', *, *, #204, .F. ) ;
#989 = CARTESIAN_POINT ( 'NONE',  ( -192.0000000000000568, 6.000000000000000000, -15.74999999999999645 ) ) ;
#990 = CARTESIAN_POINT ( 'NONE',  ( -168.0000000000000568, 3.000000000000000000, 63.00000000000000000 ) ) ;
#991 = ADVANCED_FACE ( 'NONE', ( #1057 ), #951, .F. ) ;
#992 = CARTESIAN_POINT ( 'NONE',  ( 215.9999999999999432, 6.000000000000000000, 59.75000000000000000 ) ) ;
#993 = DIRECTION ( 'NONE',  ( -0.000000000000000000, 1.000000000000000000, -0.000000000000000000 ) ) ;
#994 = EDGE_LOOP ( 'NONE', ( #1685, #1145, #1998, #534 ) ) ;
#995 = CIRCLE ( 'NONE', #380, 4.000000000000003553 ) ;
#996 = EDGE_CURVE ( 'NONE', #1564, #1139, #165, .T. ) ;
#997 = AXIS2_PLACEMENT_3D ( 'NONE', #284, #1059, #746 ) ;
#998 = CARTESIAN_POINT ( 'NONE',  ( -216.0000000000000853, 3.000000000000000888, 63.00000000000000000 ) ) ;
#999 = ADVANCED_FACE ( 'NONE', ( #1844, #1422 ), #1866, .F. ) ;
#1000 = AXIS2_PLACEMENT_3D ( 'NONE', #712, #846, #405 ) ;
#1001 = FACE_OUTER_BOUND ( 'NONE', #1317, .T. ) ;
#1002 = CYLINDRICAL_SURFACE ( 'NONE', #1948, 1.700000000000007061 ) ;
#1003 = EDGE_CURVE ( 'NONE', #622, #480, #673, .T. ) ;
#1004 = ADVANCED_FACE ( 'NONE', ( #745 ), #1887, .F. ) ;
#1005 = CARTESIAN_POINT ( 'NONE',  ( -192.0000000000000568, 4.000000000000000000, 15.74999999999999645 ) ) ;
#1006 = FACE_OUTER_BOUND ( 'NONE', #1892, .T. ) ;
#1007 = VERTEX_POINT ( 'NONE', #616 ) ;
#1008 = CIRCLE ( 'NONE', #1453, 1.700000000000007061 ) ;
#1009 = EDGE_LOOP ( 'NONE', ( #445, #276 ) ) ;
#1010 = LINE ( 'NONE', #251, #1175 ) ;
#1011 = DIRECTION ( 'NONE',  ( 0.000000000000000000, 0.000000000000000000, 1.000000000000000000 ) ) ;
#1012 = DIRECTION ( 'NONE',  ( 0.000000000000000000, 0.000000000000000000, -1.000000000000000000 ) ) ;
#1013 = DIRECTION ( 'NONE',  ( -0.000000000000000000, -1.000000000000000000, -0.000000000000000000 ) ) ;
#1014 = CYLINDRICAL_SURFACE ( 'NONE', #583, 3.250000000000002665 ) ;
#1015 = DIRECTION ( 'NONE',  ( 0.000000000000000000, 0.000000000000000000, -1.000000000000000000 ) ) ;
#1016 = ORIENTED_EDGE ( 'NONE', *, *, #854, .T. ) ;
#1017 = CARTESIAN_POINT ( 'NONE',  ( 167.9999999999999147, 0.000000000000000000, -63.00000000000000000 ) ) ;
#1018 = CARTESIAN_POINT ( 'NONE',  ( -216.0000000000000853, 6.000000000000000000, -63.00000000000000000 ) ) ;
#1019 = CARTESIAN_POINT ( 'NONE',  ( 167.9999999999999147, 3.000000000000000888, 64.70000000000000284 ) ) ;
#1020 = DIRECTION ( 'NONE',  ( 0.000000000000000000, 0.000000000000000000, 1.000000000000000000 ) ) ;
#1021 = CARTESIAN_POINT ( 'NONE',  ( -192.0000000000000568, 4.000000000000000000, -13.99999999999999467 ) ) ;
#1022 = VERTEX_POINT ( 'NONE', #463 ) ;
#1023 = CIRCLE ( 'NONE', #144, 1.700000000000007061 ) ;
#1024 = AXIS2_PLACEMENT_3D ( 'NONE', #607, #433, #920 ) ;
#1025 = ORIENTED_EDGE ( 'NONE', *, *, #316, .F. ) ;
#1026 = CARTESIAN_POINT ( 'NONE',  ( -216.0000000000000853, 6.000000000000000000, -59.75000000000000000 ) ) ;
#1027 = EDGE_CURVE ( 'NONE', #1962, #821, #74, .T. ) ;
#1028 = DIRECTION ( 'NONE',  ( 0.000000000000000000, 0.000000000000000000, -1.000000000000000000 ) ) ;
#1029 = DIRECTION ( 'NONE',  ( -0.000000000000000000, -1.000000000000000000, -0.000000000000000000 ) ) ;
#1030 = AXIS2_PLACEMENT_3D ( 'NONE', #587, #1947, #1639 ) ;
#1031 = DIRECTION ( 'NONE',  ( -0.000000000000000000, 1.000000000000000000, -0.000000000000000000 ) ) ;
#1032 = VERTEX_POINT ( 'NONE', #1087 ) ;
#1033 = VERTEX_POINT ( 'NONE', #1715 ) ;
#1034 = CARTESIAN_POINT ( 'NONE',  ( 191.9999999999999432, 0.000000000000000000, -22.00000000000000355 ) ) ;
#1035 = CARTESIAN_POINT ( 'NONE',  ( 191.9999999999999432, 0.000000000000000000, 18.00000000000000000 ) ) ;
#1036 = CARTESIAN_POINT ( 'NONE',  ( -168.0000000000000568, 3.000000000000000888, 63.00000000000000000 ) ) ;
#1037 = AXIS2_PLACEMENT_3D ( 'NONE', #1838, #1330, #1949 ) ;
#1038 = CARTESIAN_POINT ( 'NONE',  ( 191.9999999999999432, 4.000000000000000000, 18.00000000000000000 ) ) ;
#1039 = APPLICATION_CONTEXT ( 'automotive_design' ) ;
#1040 = CARTESIAN_POINT ( 'NONE',  ( -168.0000000000000568, 6.000000000000000000, -63.00000000000000000 ) ) ;
#1041 = ORIENTED_EDGE ( 'NONE', *, *, #1107, .F. ) ;
#1042 = VERTEX_POINT ( 'NONE', #116 ) ;
#1043 = AXIS2_PLACEMENT_3D ( 'NONE', #1568, #1073, #2017 ) ;
#1044 = FACE_OUTER_BOUND ( 'NONE', #1426, .T. ) ;
#1045 = LINE ( 'NONE', #1677, #1321 ) ;
#1046 = CARTESIAN_POINT ( 'NONE',  ( 215.9999999999999432, 6.000000000000000000, -66.25000000000000000 ) ) ;
#1047 = FACE_BOUND ( 'NONE', #1848, .T. ) ;
#1048 = DIRECTION ( 'NONE',  ( 0.000000000000000000, 1.000000000000000000, 0.000000000000000000 ) ) ;
#1049 = ORIENTED_EDGE ( 'NONE', *, *, #503, .T. ) ;
#1050 = VERTEX_POINT ( 'NONE', #283 ) ;
#1051 = CARTESIAN_POINT ( 'NONE',  ( -221.0000000000000568, 6.000000000000000000, 67.00000000000000000 ) ) ;
#1052 = VECTOR ( 'NONE', #356, 1000.000000000000000 ) ;
#1053 = LINE ( 'NONE', #281, #856 ) ;
#1054 = EDGE_CURVE ( 'NONE', #1913, #157, #1231, .T. ) ;
#1055 = EDGE_CURVE ( 'NONE', #1791, #323, #1301, .T. ) ;
#1056 = CARTESIAN_POINT ( 'NONE',  ( 167.9999999999999147, 0.000000000000000000, -63.00000000000000000 ) ) ;
#1057 = FACE_OUTER_BOUND ( 'NONE', #1915, .T. ) ;
#1058 = EDGE_CURVE ( 'NONE', #18, #1830, #1563, .T. ) ;
#1059 = DIRECTION ( 'NONE',  ( -0.000000000000000000, 1.000000000000000000, -0.000000000000000000 ) ) ;
#1060 = EDGE_CURVE ( 'NONE', #1923, #189, #636, .T. ) ;
#1061 = ADVANCED_FACE ( 'NONE', ( #776, #486 ), #626, .F. ) ;
#1062 = AXIS2_PLACEMENT_3D ( 'NONE', #1934, #234, #1945 ) ;
#1063 = EDGE_CURVE ( 'NONE', #1316, #357, #474, .T. ) ;
#1064 = CARTESIAN_POINT ( 'NONE',  ( 191.9999999999999432, 6.000000000000000000, 15.74999999999999645 ) ) ;
#1065 = EDGE_LOOP ( 'NONE', ( #301, #520, #93, #987 ) ) ;
#1066 = PRODUCT ( 'PEDISTAL-BASE_v001', 'PEDISTAL-BASE_v001', '', ( #413 ) ) ;
#1067 = ORIENTED_EDGE ( 'NONE', *, *, #1164, .T. ) ;
#1068 = ORIENTED_EDGE ( 'NONE', *, *, #250, .T. ) ;
#1069 = CARTESIAN_POINT ( 'NONE',  ( 215.9999999999999432, 0.000000000000000000, -63.00000000000000000 ) ) ;
#1070 = CARTESIAN_POINT ( 'NONE',  ( -192.0000000000000568, 0.000000000000000000, 22.00000000000000355 ) ) ;
#1071 = FACE_OUTER_BOUND ( 'NONE', #457, .T. ) ;
#1072 = VECTOR ( 'NONE', #1129, 1000.000000000000000 ) ;
#1073 = DIRECTION ( 'NONE',  ( -0.000000000000000000, 1.000000000000000000, -0.000000000000000000 ) ) ;
#1074 = AXIS2_PLACEMENT_3D ( 'NONE', #1069, #1832, #760 ) ;
#1075 = ADVANCED_FACE ( 'NONE', ( #318, #1576 ), #788, .F. ) ;
#1076 = DIRECTION ( 'NONE',  ( -0.000000000000000000, 1.000000000000000000, -0.000000000000000000 ) ) ;
#1077 = AXIS2_PLACEMENT_3D ( 'NONE', #1682, #247, #90 ) ;
#1078 = DIRECTION ( 'NONE',  ( -0.000000000000000000, 1.000000000000000000, -0.000000000000000000 ) ) ;
#1079 = ORIENTED_EDGE ( 'NONE', *, *, #672, .T. ) ;
#1080 = ORIENTED_EDGE ( 'NONE', *, *, #672, .F. ) ;
#1081 = EDGE_CURVE ( 'NONE', #1782, #1607, #1131, .T. ) ;
#1082 = VERTEX_POINT ( 'NONE', #1961 ) ;
#1083 = ORIENTED_EDGE ( 'NONE', *, *, #341, .T. ) ;
#1084 = DIRECTION ( 'NONE',  ( -0.000000000000000000, -1.000000000000000000, -0.000000000000000000 ) ) ;
#1085 = CARTESIAN_POINT ( 'NONE',  ( 215.9999999999999432, 6.000000000000000000, 66.25000000000000000 ) ) ;
#1086 = AXIS2_PLACEMENT_3D ( 'NONE', #895, #1703, #1237 ) ;
#1087 = CARTESIAN_POINT ( 'NONE',  ( 215.9999999999999432, 0.000000000000000000, 61.29999999999999005 ) ) ;
#1088 = DIRECTION ( 'NONE',  ( 0.000000000000000000, 0.000000000000000000, 1.000000000000000000 ) ) ;
#1089 = AXIS2_PLACEMENT_3D ( 'NONE', #1141, #35, #14 ) ;
#1090 = CARTESIAN_POINT ( 'NONE',  ( -216.0000000000000853, 3.000000000000000888, -63.00000000000000000 ) ) ;
#1091 = EDGE_LOOP ( 'NONE', ( #469, #1659 ) ) ;
#1092 = VERTEX_POINT ( 'NONE', #738 ) ;
#1093 = ORIENTED_EDGE ( 'NONE', *, *, #1055, .T. ) ;
#1094 = CARTESIAN_POINT ( 'NONE',  ( 191.9999999999999432, 0.000000000000000000, 13.99999999999999467 ) ) ;
#1095 = DIRECTION ( 'NONE',  ( -0.000000000000000000, 1.000000000000000000, -0.000000000000000000 ) ) ;
#1096 = CARTESIAN_POINT ( 'NONE',  ( 215.9999999999999432, 6.000000000000000000, 64.70000000000000284 ) ) ;
#1097 = PLANE ( 'NONE',  #314 ) ;
#1098 = CIRCLE ( 'NONE', #836, 2.250000000000001776 ) ;
#1099 = CARTESIAN_POINT ( 'NONE',  ( -216.0000000000000853, 6.000000000000000000, -66.25000000000000000 ) ) ;
#1100 = CIRCLE ( 'NONE', #1403, 3.250000000000002665 ) ;
#1101 = CIRCLE ( 'NONE', #279, 1.700000000000007061 ) ;
#1102 = ORIENTED_EDGE ( 'NONE', *, *, #1148, .F. ) ;
#1103 = ORIENTED_EDGE ( 'NONE', *, *, #1194, .T. ) ;
#1104 = ORIENTED_EDGE ( 'NONE', *, *, #410, .T. ) ;
#1105 = DIRECTION ( 'NONE',  ( 0.000000000000000000, 0.000000000000000000, -1.000000000000000000 ) ) ;
#1106 = PRODUCT_DEFINITION_FORMATION_WITH_SPECIFIED_SOURCE ( 'ANY', '', #1066, .NOT_KNOWN. ) ;
#1107 = EDGE_CURVE ( 'NONE', #959, #1622, #1651, .T. ) ;
#1108 = FACE_BOUND ( 'NONE', #1253, .T. ) ;
#1109 = CARTESIAN_POINT ( 'NONE',  ( 215.9999999999999432, 6.000000000000000000, -61.29999999999999005 ) ) ;
#1110 = DIRECTION ( 'NONE',  ( 0.000000000000000000, -1.000000000000000000, 0.000000000000000000 ) ) ;
#1111 = CARTESIAN_POINT ( 'NONE',  ( 220.9999999999999432, 6.000000000000000000, -67.00000000000000000 ) ) ;
#1112 = DIRECTION ( 'NONE',  ( -0.000000000000000000, 1.000000000000000000, -0.000000000000000000 ) ) ;
#1113 = ORIENTED_EDGE ( 'NONE', *, *, #752, .F. ) ;
#1114 = EDGE_LOOP ( 'NONE', ( #203, #1375, #1573, #1242 ) ) ;
#1115 = EDGE_LOOP ( 'NONE', ( #1917, #1870 ) ) ;
#1116 = CARTESIAN_POINT ( 'NONE',  ( -216.0000000000000853, 3.000000000000000000, 66.25000000000000000 ) ) ;
#1117 = FACE_BOUND ( 'NONE', #1407, .T. ) ;
#1118 = DIRECTION ( 'NONE',  ( 0.000000000000000000, 1.000000000000000000, 0.000000000000000000 ) ) ;
#1119 = FACE_OUTER_BOUND ( 'NONE', #375, .T. ) ;
#1120 = CIRCLE ( 'NONE', #232, 3.250000000000002665 ) ;
#1121 = CARTESIAN_POINT ( 'NONE',  ( -216.0000000000000853, 3.000000000000000000, -66.25000000000000000 ) ) ;
#1122 = CYLINDRICAL_SURFACE ( 'NONE', #7, 3.250000000000002665 ) ;
#1123 = EDGE_CURVE ( 'NONE', #601, #357, #764, .T. ) ;
#1124 = ORIENTED_EDGE ( 'NONE', *, *, #1159, .T. ) ;
#1125 = EDGE_LOOP ( 'NONE', ( #202, #1387, #2031, #807 ) ) ;
#1126 = CARTESIAN_POINT ( 'NONE',  ( 215.9999999999999432, 3.000000000000000888, 64.70000000000000284 ) ) ;
#1127 = EDGE_LOOP ( 'NONE', ( #818, #210, #103, #935 ) ) ;
#1128 = ORIENTED_EDGE ( 'NONE', *, *, #1885, .T. ) ;
#1129 = DIRECTION ( 'NONE',  ( -0.000000000000000000, 1.000000000000000000, -0.000000000000000000 ) ) ;
#1130 = CARTESIAN_POINT ( 'NONE',  ( 191.9999999999999432, 0.000000000000000000, 20.25000000000000000 ) ) ;
#1131 = CIRCLE ( 'NONE', #241, 1.700000000000007061 ) ;
#1132 = DIRECTION ( 'NONE',  ( -1.000000000000000000, 0.000000000000000000, -0.000000000000000000 ) ) ;
#1133 = EDGE_CURVE ( 'NONE', #757, #748, #1023, .T. ) ;
#1134 = CARTESIAN_POINT ( 'NONE',  ( -168.0000000000000568, 0.000000000000000000, 61.29999999999999005 ) ) ;
#1135 = EDGE_CURVE ( 'NONE', #238, #349, #1658, .T. ) ;
#1136 = ORIENTED_EDGE ( 'NONE', *, *, #1775, .F. ) ;
#1137 = ORIENTED_EDGE ( 'NONE', *, *, #1060, .F. ) ;
#1138 = VECTOR ( 'NONE', #726, 1000.000000000000000 ) ;
#1139 = VERTEX_POINT ( 'NONE', #411 ) ;
#1140 = VERTEX_POINT ( 'NONE', #1971 ) ;
#1141 = CARTESIAN_POINT ( 'NONE',  ( 169.6999999999999318, 3.000000000000000444, -63.00000000000000000 ) ) ;
#1142 = CARTESIAN_POINT ( 'NONE',  ( 167.9999999999999147, 3.000000000000000000, -63.00000000000000000 ) ) ;
#1143 = EDGE_CURVE ( 'NONE', #571, #1042, #364, .T. ) ;
#1144 = DIRECTION ( 'NONE',  ( -0.000000000000000000, -1.000000000000000000, -0.000000000000000000 ) ) ;
#1145 = ORIENTED_EDGE ( 'NONE', *, *, #1058, .T. ) ;
#1146 = CIRCLE ( 'NONE', #1377, 3.250000000000002665 ) ;
#1147 = EDGE_LOOP ( 'NONE', ( #1994, #332, #1862, #257 ) ) ;
#1148 = EDGE_CURVE ( 'NONE', #42, #784, #530, .T. ) ;
#1149 = AXIS2_PLACEMENT_3D ( 'NONE', #237, #718, #1214 ) ;
#1150 = EDGE_CURVE ( 'NONE', #1974, #650, #1492, .T. ) ;
#1151 = ORIENTED_EDGE ( 'NONE', *, *, #1058, .F. ) ;
#1152 = ORIENTED_EDGE ( 'NONE', *, *, #1940, .T. ) ;
#1153 = CARTESIAN_POINT ( 'NONE',  ( 191.9999999999999432, 4.000000000000000000, -15.74999999999999645 ) ) ;
#1154 = CARTESIAN_POINT ( 'NONE',  ( -216.0000000000000853, 3.000000000000000000, 59.75000000000000000 ) ) ;
#1155 = CYLINDRICAL_SURFACE ( 'NONE', #542, 4.000000000000003553 ) ;
#1156 = CIRCLE ( 'NONE', #1672, 1.700000000000007061 ) ;
#1157 = EDGE_CURVE ( 'NONE', #1440, #1749, #1315, .T. ) ;
#1158 = VERTEX_POINT ( 'NONE', #1021 ) ;
#1159 = EDGE_CURVE ( 'NONE', #1351, #110, #710, .T. ) ;
#1160 = ORIENTED_EDGE ( 'NONE', *, *, #638, .F. ) ;
#1161 = ORIENTED_EDGE ( 'NONE', *, *, #1995, .F. ) ;
#1162 = EDGE_CURVE ( 'NONE', #967, #249, #1833, .T. ) ;
#1163 = CARTESIAN_POINT ( 'NONE',  ( -192.0000000000000568, 6.000000000000000000, 18.00000000000000000 ) ) ;
#1164 = EDGE_CURVE ( 'NONE', #650, #122, #590, .T. ) ;
#1165 = DIRECTION ( 'NONE',  ( 0.000000000000000000, 0.000000000000000000, 1.000000000000000000 ) ) ;
#1166 = DIRECTION ( 'NONE',  ( -0.000000000000000000, -1.000000000000000000, -0.000000000000000000 ) ) ;
#1167 = CIRCLE ( 'NONE', #205, 1.700000000000007061 ) ;
#1168 = DIRECTION ( 'NONE',  ( 0.000000000000000000, 0.000000000000000000, 1.000000000000000000 ) ) ;
#1169 = AXIS2_PLACEMENT_3D ( 'NONE', #954, #1013, #391 ) ;
#1170 = EDGE_LOOP ( 'NONE', ( #1352, #949, #1254, #33 ) ) ;
#1171 = AXIS2_PLACEMENT_3D ( 'NONE', #564, #105, #1192 ) ;
#1172 = ORIENTED_EDGE ( 'NONE', *, *, #1718, .T. ) ;
#1173 = VECTOR ( 'NONE', #1076, 1000.000000000000000 ) ;
#1174 = CARTESIAN_POINT ( 'NONE',  ( -192.0000000000000568, 4.000000000000000000, 18.00000000000000000 ) ) ;
#1175 = VECTOR ( 'NONE', #1965, 1000.000000000000000 ) ;
#1176 = FACE_OUTER_BOUND ( 'NONE', #1712, .T. ) ;
#1177 = DIRECTION ( 'NONE',  ( -0.000000000000000000, 1.000000000000000000, -0.000000000000000000 ) ) ;
#1178 = DIRECTION ( 'NONE',  ( -0.000000000000000000, 1.000000000000000000, -0.000000000000000000 ) ) ;
#1179 = CARTESIAN_POINT ( 'NONE',  ( 191.9999999999999432, 6.000000000000000000, -15.74999999999999645 ) ) ;
#1180 = CARTESIAN_POINT ( 'NONE',  ( -192.0000000000000568, 0.000000000000000000, 15.74999999999999645 ) ) ;
#1181 = AXIS2_PLACEMENT_3D ( 'NONE', #1257, #800, #181 ) ;
#1182 = ORIENTED_EDGE ( 'NONE', *, *, #647, .T. ) ;
#1183 = DIRECTION ( 'NONE',  ( 0.000000000000000000, 0.000000000000000000, 1.000000000000000000 ) ) ;
#1184 = AXIS2_PLACEMENT_3D ( 'NONE', #792, #1717, #909 ) ;
#1185 = CARTESIAN_POINT ( 'NONE',  ( 167.9999999999999147, 0.000000000000000000, 61.29999999999999005 ) ) ;
#1186 = DIRECTION ( 'NONE',  ( -0.000000000000000000, 1.000000000000000000, -0.000000000000000000 ) ) ;
#1187 = CARTESIAN_POINT ( 'NONE',  ( 191.9999999999999432, 4.000000000000000000, 13.99999999999999467 ) ) ;
#1188 = CARTESIAN_POINT ( 'NONE',  ( -221.0000000000000568, 6.000000000000000000, -67.00000000000000000 ) ) ;
#1189 = EDGE_CURVE ( 'NONE', #1050, #749, #275, .T. ) ;
#1190 = AXIS2_PLACEMENT_3D ( 'NONE', #171, #1450, #651 ) ;
#1191 = DIRECTION ( 'NONE',  ( 0.000000000000000000, 1.000000000000000000, 0.000000000000000000 ) ) ;
#1192 = DIRECTION ( 'NONE',  ( 0.000000000000000000, 0.000000000000000000, 1.000000000000000000 ) ) ;
#1193 = DIRECTION ( 'NONE',  ( -1.000000000000000000, -0.000000000000000000, -0.000000000000000000 ) ) ;
#1194 = EDGE_CURVE ( 'NONE', #44, #102, #1864, .T. ) ;
#1195 = CARTESIAN_POINT ( 'NONE',  ( -168.0000000000000568, 3.000000000000000888, -63.00000000000000000 ) ) ;
#1196 = ORIENTED_EDGE ( 'NONE', *, *, #1346, .F. ) ;
#1197 = AXIS2_PLACEMENT_3D ( 'NONE', #670, #1304, #984 ) ;
#1198 = EDGE_LOOP ( 'NONE', ( #591, #820 ) ) ;
#1199 = CARTESIAN_POINT ( 'NONE',  ( 191.9999999999999432, 0.000000000000000000, 18.00000000000000000 ) ) ;
#1200 = VECTOR ( 'NONE', #1509, 1000.000000000000000 ) ;
#1201 = CARTESIAN_POINT ( 'NONE',  ( -166.3000000000000682, 3.000000000000000444, -63.00000000000000000 ) ) ;
#1202 = AXIS2_PLACEMENT_3D ( 'NONE', #442, #897, #1088 ) ;
#1203 = CYLINDRICAL_SURFACE ( 'NONE', #1525, 3.250000000000002665 ) ;
#1204 = DIRECTION ( 'NONE',  ( 0.000000000000000000, 0.000000000000000000, 1.000000000000000000 ) ) ;
#1205 = CIRCLE ( 'NONE', #1480, 1.700000000000007061 ) ;
#1206 = DIRECTION ( 'NONE',  ( -0.000000000000000000, 1.000000000000000000, -0.000000000000000000 ) ) ;
#1207 = ORIENTED_EDGE ( 'NONE', *, *, #923, .T. ) ;
#1208 = EDGE_LOOP ( 'NONE', ( #1215, #666, #1478, #2021 ) ) ;
#1209 = CARTESIAN_POINT ( 'NONE',  ( -168.0000000000000568, 6.000000000000000000, 63.00000000000000000 ) ) ;
#1210 = FACE_BOUND ( 'NONE', #386, .T. ) ;
#1211 = CARTESIAN_POINT ( 'NONE',  ( 215.9999999999999432, 3.000000000000000000, 59.75000000000000000 ) ) ;
#1212 = AXIS2_PLACEMENT_3D ( 'NONE', #2008, #1078, #1730 ) ;
#1213 = CARTESIAN_POINT ( 'NONE',  ( -192.0000000000000568, 0.000000000000000000, 13.99999999999999467 ) ) ;
#1214 = DIRECTION ( 'NONE',  ( 0.000000000000000000, 0.000000000000000000, -1.000000000000000000 ) ) ;
#1215 = ORIENTED_EDGE ( 'NONE', *, *, #1299, .F. ) ;
#1216 = EDGE_CURVE ( 'NONE', #1316, #1032, #1611, .T. ) ;
#1217 = ORIENTED_EDGE ( 'NONE', *, *, #346, .F. ) ;
#1218 = EDGE_CURVE ( 'NONE', #1745, #621, #688, .T. ) ;
#1219 = AXIS2_PLACEMENT_3D ( 'NONE', #859, #1663, #1519 ) ;
#1220 = PLANE ( 'NONE',  #1341 ) ;
#1221 = ADVANCED_FACE ( 'NONE', ( #72 ), #108, .F. ) ;
#1222 = DIRECTION ( 'NONE',  ( -0.000000000000000000, 1.000000000000000000, -0.000000000000000000 ) ) ;
#1223 = EDGE_CURVE ( 'NONE', #806, #543, #2026, .T. ) ;
#1224 = ADVANCED_FACE ( 'NONE', ( #1372 ), #1983, .F. ) ;
#1225 = LINE ( 'NONE', #305, #297 ) ;
#1226 = DIRECTION ( 'NONE',  ( -0.000000000000000000, 1.000000000000000000, -0.000000000000000000 ) ) ;
#1227 = FACE_OUTER_BOUND ( 'NONE', #263, .T. ) ;
#1228 = FACE_OUTER_BOUND ( 'NONE', #901, .T. ) ;
#1229 = VERTEX_POINT ( 'NONE', #1560 ) ;
#1230 = EDGE_LOOP ( 'NONE', ( #837, #1874, #1103, #1903 ) ) ;
#1231 = CIRCLE ( 'NONE', #962, 1.700000000000007061 ) ;
#1232 = EDGE_LOOP ( 'NONE', ( #334, #1605 ) ) ;
#1233 = DIRECTION ( 'NONE',  ( 0.000000000000000000, 0.000000000000000000, -1.000000000000000000 ) ) ;
#1234 = VECTOR ( 'NONE', #453, 1000.000000000000000 ) ;
#1235 = DIRECTION ( 'NONE',  ( -0.000000000000000000, -1.000000000000000000, -0.000000000000000000 ) ) ;
#1236 = AXIS2_PLACEMENT_3D ( 'NONE', #1584, #361, #212 ) ;
#1237 = DIRECTION ( 'NONE',  ( 0.000000000000000000, 0.000000000000000000, -1.000000000000000000 ) ) ;
#1238 = CARTESIAN_POINT ( 'NONE',  ( 167.9999999999999147, 3.000000000000000000, 63.00000000000000000 ) ) ;
#1239 = DIRECTION ( 'NONE',  ( 0.000000000000000000, 0.000000000000000000, 1.000000000000000000 ) ) ;
#1240 = AXIS2_PLACEMENT_3D ( 'NONE', #1952, #694, #558 ) ;
#1241 = CARTESIAN_POINT ( 'NONE',  ( 167.9999999999999147, 0.000000000000000000, -61.29999999999999005 ) ) ;
#1242 = ORIENTED_EDGE ( 'NONE', *, *, #2000, .T. ) ;
#1243 = ORIENTED_EDGE ( 'NONE', *, *, #123, .T. ) ;
#1244 = ORIENTED_EDGE ( 'NONE', *, *, #1963, .T. ) ;
#1245 = ORIENTED_EDGE ( 'NONE', *, *, #683, .T. ) ;
#1246 = CARTESIAN_POINT ( 'NONE',  ( -168.0000000000000568, 3.000000000000000888, 64.70000000000000284 ) ) ;
#1247 = DIRECTION ( 'NONE',  ( -0.000000000000000000, 1.000000000000000000, -0.000000000000000000 ) ) ;
#1248 = DIRECTION ( 'NONE',  ( -0.000000000000000000, -1.000000000000000000, -0.000000000000000000 ) ) ;
#1249 = CIRCLE ( 'NONE', #23, 4.000000000000003553 ) ;
#1250 = DIRECTION ( 'NONE',  ( -0.000000000000000000, -1.000000000000000000, -0.000000000000000000 ) ) ;
#1251 = AXIS2_PLACEMENT_3D ( 'NONE', #1821, #1048, #863 ) ;
#1252 = DIRECTION ( 'NONE',  ( 0.000000000000000000, 0.000000000000000000, 1.000000000000000000 ) ) ;
#1253 = EDGE_LOOP ( 'NONE', ( #1667, #2034 ) ) ;
#1254 = ORIENTED_EDGE ( 'NONE', *, *, #1081, .T. ) ;
#1255 = VERTEX_POINT ( 'NONE', #1241 ) ;
#1256 = CARTESIAN_POINT ( 'NONE',  ( 194.2499999999999432, 4.000000000000000000, 18.00000000000000000 ) ) ;
#1257 = CARTESIAN_POINT ( 'NONE',  ( -221.0000000000000568, 6.000000000000000000, -67.00000000000000000 ) ) ;
#1258 = AXIS2_PLACEMENT_3D ( 'NONE', #905, #450, #1835 ) ;
#1259 = DIRECTION ( 'NONE',  ( 0.000000000000000000, 1.000000000000000000, 0.000000000000000000 ) ) ;
#1260 = FACE_BOUND ( 'NONE', #1466, .T. ) ;
#1261 = DIRECTION ( 'NONE',  ( 0.000000000000000000, 0.000000000000000000, 1.000000000000000000 ) ) ;
#1262 = ORIENTED_EDGE ( 'NONE', *, *, #711, .F. ) ;
#1263 = PRODUCT_DEFINITION_CONTEXT ( 'detailed design', #142, 'design' ) ;
#1264 = EDGE_CURVE ( 'NONE', #730, #971, #598, .T. ) ;
#1265 = ORIENTED_EDGE ( 'NONE', *, *, #1164, .F. ) ;
#1266 = ORIENTED_EDGE ( 'NONE', *, *, #1289, .F. ) ;
#1267 =( GEOMETRIC_REPRESENTATION_CONTEXT ( 3 ) GLOBAL_UNCERTAINTY_ASSIGNED_CONTEXT ( ( #642 ) ) GLOBAL_UNIT_ASSIGNED_CONTEXT ( ( #802, #972, #1908 ) ) REPRESENTATION_CONTEXT ( 'NONE', 'WORKASPACE' ) );
#1268 = CARTESIAN_POINT ( 'NONE',  ( -192.0000000000000568, 0.000000000000000000, -18.00000000000000000 ) ) ;
#1269 = LINE ( 'NONE', #1109, #1072 ) ;
#1270 = CARTESIAN_POINT ( 'NONE',  ( 169.6999999999999318, 3.000000000000000444, 63.00000000000000000 ) ) ;
#1271 = CARTESIAN_POINT ( 'NONE',  ( -168.0000000000000568, 6.000000000000000000, 61.29999999999999005 ) ) ;
#1272 = CIRCLE ( 'NONE', #896, 4.000000000000003553 ) ;
#1273 = DIRECTION ( 'NONE',  ( -0.000000000000000000, 1.000000000000000000, -0.000000000000000000 ) ) ;
#1274 = CIRCLE ( 'NONE', #1975, 4.000000000000003553 ) ;
#1275 = VERTEX_POINT ( 'NONE', #639 ) ;
#1276 = ORIENTED_EDGE ( 'NONE', *, *, #711, .T. ) ;
#1277 = ORIENTED_EDGE ( 'NONE', *, *, #359, .F. ) ;
#1278 = DIRECTION ( 'NONE',  ( -1.000000000000000000, -0.000000000000000000, -0.000000000000000000 ) ) ;
#1279 = FACE_BOUND ( 'NONE', #351, .T. ) ;
#1280 = CYLINDRICAL_SURFACE ( 'NONE', #1618, 4.000000000000003553 ) ;
#1281 = CARTESIAN_POINT ( 'NONE',  ( 215.9999999999999432, 6.000000000000000000, -63.00000000000000000 ) ) ;
#1282 = CARTESIAN_POINT ( 'NONE',  ( 191.9999999999999432, 4.000000000000000000, -18.00000000000000000 ) ) ;
#1283 = AXIS2_PLACEMENT_3D ( 'NONE', #1268, #1904, #659 ) ;
#1284 = CARTESIAN_POINT ( 'NONE',  ( -168.0000000000000568, 6.000000000000000000, -61.29999999999999005 ) ) ;
#1285 = ORIENTED_EDGE ( 'NONE', *, *, #928, .T. ) ;
#1286 = ORIENTED_EDGE ( 'NONE', *, *, #1736, .F. ) ;
#1287 = CARTESIAN_POINT ( 'NONE',  ( -192.0000000000000568, 4.000000000000000000, 20.25000000000000000 ) ) ;
#1288 = FACE_BOUND ( 'NONE', #1902, .T. ) ;
#1289 = EDGE_CURVE ( 'NONE', #125, #110, #1772, .T. ) ;
#1290 = CARTESIAN_POINT ( 'NONE',  ( 191.9999999999999432, 6.000000000000000000, -18.00000000000000000 ) ) ;
#1291 = DIRECTION ( 'NONE',  ( -0.000000000000000000, 1.000000000000000000, -0.000000000000000000 ) ) ;
#1292 = ADVANCED_FACE ( 'NONE', ( #1891 ), #1744, .F. ) ;
#1293 = CARTESIAN_POINT ( 'NONE',  ( 167.9999999999999147, 6.000000000000000000, 64.70000000000000284 ) ) ;
#1294 = DIRECTION ( 'NONE',  ( -0.000000000000000000, -1.000000000000000000, -0.000000000000000000 ) ) ;
#1295 = ORIENTED_EDGE ( 'NONE', *, *, #494, .F. ) ;
#1296 = ORIENTED_EDGE ( 'NONE', *, *, #1696, .F. ) ;
#1297 = ORIENTED_EDGE ( 'NONE', *, *, #640, .F. ) ;
#1298 = ORIENTED_EDGE ( 'NONE', *, *, #6, .T. ) ;
#1299 = EDGE_CURVE ( 'NONE', #1158, #1092, #1702, .T. ) ;
#1300 = PRESENTATION_STYLE_ASSIGNMENT (( #961 ) ) ;
#1301 = CIRCLE ( 'NONE', #347, 3.250000000000002665 ) ;
#1302 = DIRECTION ( 'NONE',  ( -0.000000000000000000, -1.000000000000000000, -0.000000000000000000 ) ) ;
#1303 = CIRCLE ( 'NONE', #243, 1.700000000000007061 ) ;
#1304 = DIRECTION ( 'NONE',  ( -0.000000000000000000, 1.000000000000000000, -0.000000000000000000 ) ) ;
#1305 = EDGE_CURVE ( 'NONE', #1580, #44, #943, .T. ) ;
#1306 = ORIENTED_EDGE ( 'NONE', *, *, #701, .T. ) ;
#1307 = EDGE_LOOP ( 'NONE', ( #168, #873 ) ) ;
#1308 = VERTEX_POINT ( 'NONE', #780 ) ;
#1309 = EDGE_LOOP ( 'NONE', ( #827, #589, #925, #1708 ) ) ;
#1310 = CARTESIAN_POINT ( 'NONE',  ( -192.0000000000000568, 0.000000000000000000, -18.00000000000000000 ) ) ;
#1311 = CARTESIAN_POINT ( 'NONE',  ( -192.0000000000000568, 0.000000000000000000, -22.00000000000000355 ) ) ;
#1312 = FACE_OUTER_BOUND ( 'NONE', #829, .T. ) ;
#1313 = EDGE_LOOP ( 'NONE', ( #888, #1172, #665, #2023 ) ) ;
#1314 = ORIENTED_EDGE ( 'NONE', *, *, #1374, .F. ) ;
#1315 = CIRCLE ( 'NONE', #1251, 1.700000000000007061 ) ;
#1316 = VERTEX_POINT ( 'NONE', #1706 ) ;
#1317 = EDGE_LOOP ( 'NONE', ( #422, #914 ) ) ;
#1318 = FILL_AREA_STYLE ('',( #1616 ) ) ;
#1319 = CARTESIAN_POINT ( 'NONE',  ( -168.0000000000000568, 6.000000000000000000, -66.25000000000000000 ) ) ;
#1320 = CYLINDRICAL_SURFACE ( 'NONE', #1169, 4.000000000000003553 ) ;
#1321 = VECTOR ( 'NONE', #1391, 1000.000000000000000 ) ;
#1322 = VERTEX_POINT ( 'NONE', #1869 ) ;
#1323 = ADVANCED_FACE ( 'NONE', ( #1228 ), #1542, .F. ) ;
#1324 = DIRECTION ( 'NONE',  ( 0.000000000000000000, 1.000000000000000000, 0.000000000000000000 ) ) ;
#1325 = FACE_OUTER_BOUND ( 'NONE', #192, .T. ) ;
#1326 = DIRECTION ( 'NONE',  ( 0.000000000000000000, 0.000000000000000000, 1.000000000000000000 ) ) ;
#1327 = CARTESIAN_POINT ( 'NONE',  ( -168.0000000000000568, 0.000000000000000000, -64.70000000000000284 ) ) ;
#1328 = CARTESIAN_POINT ( 'NONE',  ( 215.9999999999999432, 3.000000000000000888, -64.70000000000000284 ) ) ;
#1329 = VECTOR ( 'NONE', #1737, 1000.000000000000000 ) ;
#1330 = DIRECTION ( 'NONE',  ( -0.000000000000000000, 1.000000000000000000, -0.000000000000000000 ) ) ;
#1331 = ORIENTED_EDGE ( 'NONE', *, *, #124, .F. ) ;
#1332 = CIRCLE ( 'NONE', #1474, 3.250000000000002665 ) ;
#1333 = CARTESIAN_POINT ( 'NONE',  ( -192.0000000000000568, 4.000000000000000000, 13.99999999999999467 ) ) ;
#1334 = DIRECTION ( 'NONE',  ( 0.000000000000000000, 0.000000000000000000, 1.000000000000000000 ) ) ;
#1335 = DIRECTION ( 'NONE',  ( 0.000000000000000000, 0.000000000000000000, 1.000000000000000000 ) ) ;
#1336 = EDGE_CURVE ( 'NONE', #9, #1351, #1382, .T. ) ;
#1337 = DIRECTION ( 'NONE',  ( -0.000000000000000000, 1.000000000000000000, -0.000000000000000000 ) ) ;
#1338 = CIRCLE ( 'NONE', #1979, 2.250000000000001776 ) ;
#1339 =( NAMED_UNIT ( * ) PLANE_ANGLE_UNIT ( ) SI_UNIT ( $, .RADIAN. ) );
#1340 = CARTESIAN_POINT ( 'NONE',  ( 191.9999999999999432, 0.000000000000000000, -15.74999999999999645 ) ) ;
#1341 = AXIS2_PLACEMENT_3D ( 'NONE', #1256, #1545, #313 ) ;
#1342 = VERTEX_POINT ( 'NONE', #1099 ) ;
#1343 = LINE ( 'NONE', #563, #608 ) ;
#1344 = AXIS2_PLACEMENT_3D ( 'NONE', #1040, #262, #1532 ) ;
#1345 = DIRECTION ( 'NONE',  ( 0.000000000000000000, 0.000000000000000000, -1.000000000000000000 ) ) ;
#1346 = EDGE_CURVE ( 'NONE', #1872, #1822, #1928, .T. ) ;
#1347 = CYLINDRICAL_SURFACE ( 'NONE', #1030, 3.250000000000002665 ) ;
#1348 = DIRECTION ( 'NONE',  ( 0.000000000000000000, 0.000000000000000000, 1.000000000000000000 ) ) ;
#1349 = ORIENTED_EDGE ( 'NONE', *, *, #1709, .T. ) ;
#1350 = AXIS2_PLACEMENT_3D ( 'NONE', #1056, #615, #1989 ) ;
#1351 = VERTEX_POINT ( 'NONE', #121 ) ;
#1352 = ORIENTED_EDGE ( 'NONE', *, *, #556, .F. ) ;
#1353 = PLANE ( 'NONE',  #1502 ) ;
#1354 = VECTOR ( 'NONE', #1751, 1000.000000000000000 ) ;
#1355 = PLANE ( 'NONE',  #952 ) ;
#1356 = EDGE_CURVE ( 'NONE', #311, #645, #326, .T. ) ;
#1357 = DIRECTION ( 'NONE',  ( 0.000000000000000000, 0.000000000000000000, 1.000000000000000000 ) ) ;
#1358 = LINE ( 'NONE', #1836, #1138 ) ;
#1359 = AXIS2_PLACEMENT_3D ( 'NONE', #106, #1980, #586 ) ;
#1360 = EDGE_CURVE ( 'NONE', #1749, #1440, #1987, .T. ) ;
#1361 = DIRECTION ( 'NONE',  ( 0.000000000000000000, 1.000000000000000000, 0.000000000000000000 ) ) ;
#1362 = VERTEX_POINT ( 'NONE', #1064 ) ;
#1363 = ORIENTED_EDGE ( 'NONE', *, *, #737, .T. ) ;
#1364 = DIRECTION ( 'NONE',  ( 0.000000000000000000, 0.000000000000000000, 1.000000000000000000 ) ) ;
#1365 = VECTOR ( 'NONE', #1635, 1000.000000000000000 ) ;
#1366 = DIRECTION ( 'NONE',  ( 0.000000000000000000, -0.000000000000000000, -1.000000000000000000 ) ) ;
#1367 = CIRCLE ( 'NONE', #1976, 2.250000000000001776 ) ;
#1368 = DIRECTION ( 'NONE',  ( -0.000000000000000000, 1.000000000000000000, -0.000000000000000000 ) ) ;
#1369 = ADVANCED_FACE ( 'NONE', ( #2030 ), #769, .F. ) ;
#1370 = DIRECTION ( 'NONE',  ( 0.000000000000000000, 0.000000000000000000, 1.000000000000000000 ) ) ;
#1371 = EDGE_CURVE ( 'NONE', #480, #622, #228, .T. ) ;
#1372 = FACE_OUTER_BOUND ( 'NONE', #1147, .T. ) ;
#1373 = ORIENTED_EDGE ( 'NONE', *, *, #1970, .F. ) ;
#1374 = EDGE_CURVE ( 'NONE', #1342, #5, #1456, .T. ) ;
#1375 = ORIENTED_EDGE ( 'NONE', *, *, #345, .F. ) ;
#1376 = EDGE_CURVE ( 'NONE', #612, #525, #610, .T. ) ;
#1377 = AXIS2_PLACEMENT_3D ( 'NONE', #169, #481, #1419 ) ;
#1378 = DIRECTION ( 'NONE',  ( 0.000000000000000000, 0.000000000000000000, 1.000000000000000000 ) ) ;
#1379 = DIRECTION ( 'NONE',  ( -0.000000000000000000, 1.000000000000000000, -0.000000000000000000 ) ) ;
#1380 = CARTESIAN_POINT ( 'NONE',  ( -192.0000000000000568, 4.000000000000000000, 18.00000000000000000 ) ) ;
#1381 = CARTESIAN_POINT ( 'NONE',  ( -192.0000000000000568, 0.000000000000000000, 18.00000000000000000 ) ) ;
#1382 = CIRCLE ( 'NONE', #783, 1.700000000000007061 ) ;
#1383 = CARTESIAN_POINT ( 'NONE',  ( 167.9999999999999147, 6.000000000000000000, -61.29999999999999005 ) ) ;
#1384 = DIRECTION ( 'NONE',  ( 0.000000000000000000, 0.000000000000000000, 1.000000000000000000 ) ) ;
#1385 = EDGE_LOOP ( 'NONE', ( #370, #2010 ) ) ;
#1386 = EDGE_LOOP ( 'NONE', ( #1630, #395 ) ) ;
#1387 = ORIENTED_EDGE ( 'NONE', *, *, #1135, .F. ) ;
#1388 = CYLINDRICAL_SURFACE ( 'NONE', #193, 1.700000000000007061 ) ;
#1389 = DIRECTION ( 'NONE',  ( -0.000000000000000000, 1.000000000000000000, -0.000000000000000000 ) ) ;
#1390 = DIRECTION ( 'NONE',  ( -0.000000000000000000, -1.000000000000000000, -0.000000000000000000 ) ) ;
#1391 = DIRECTION ( 'NONE',  ( -0.000000000000000000, 1.000000000000000000, -0.000000000000000000 ) ) ;
#1392 = DIRECTION ( 'NONE',  ( 0.000000000000000000, -1.000000000000000000, 0.000000000000000000 ) ) ;
#1393 = DIRECTION ( 'NONE',  ( 0.000000000000000000, 0.000000000000000000, 1.000000000000000000 ) ) ;
#1394 = EDGE_LOOP ( 'NONE', ( #1136, #53, #1562, #287 ) ) ;
#1395 = ORIENTED_EDGE ( 'NONE', *, *, #1793, .T. ) ;
#1396 = AXIS2_PLACEMENT_3D ( 'NONE', #1739, #1259, #1877 ) ;
#1397 = ORIENTED_EDGE ( 'NONE', *, *, #429, .T. ) ;
#1398 = CYLINDRICAL_SURFACE ( 'NONE', #557, 4.000000000000003553 ) ;
#1399 = VECTOR ( 'NONE', #1294, 1000.000000000000000 ) ;
#1400 = DIRECTION ( 'NONE',  ( 0.000000000000000000, 0.000000000000000000, 1.000000000000000000 ) ) ;
#1401 = DIRECTION ( 'NONE',  ( 0.000000000000000000, 0.000000000000000000, 1.000000000000000000 ) ) ;
#1402 = DIRECTION ( 'NONE',  ( 0.000000000000000000, -1.000000000000000000, 0.000000000000000000 ) ) ;
#1403 = AXIS2_PLACEMENT_3D ( 'NONE', #272, #464, #1239 ) ;
#1404 = ADVANCED_FACE ( 'NONE', ( #1424 ), #1570, .F. ) ;
#1405 = DIRECTION ( 'NONE',  ( -0.000000000000000000, 1.000000000000000000, -0.000000000000000000 ) ) ;
#1406 = EDGE_LOOP ( 'NONE', ( #1930, #198, #412, #1985 ) ) ;
#1407 = EDGE_LOOP ( 'NONE', ( #1781, #291 ) ) ;
#1408 = ORIENTED_EDGE ( 'NONE', *, *, #609, .F. ) ;
#1409 = CARTESIAN_POINT ( 'NONE',  ( -192.0000000000000568, 0.000000000000000000, -13.99999999999999467 ) ) ;
#1410 = FACE_OUTER_BOUND ( 'NONE', #277, .T. ) ;
#1411 = CARTESIAN_POINT ( 'NONE',  ( -192.0000000000000568, 6.000000000000000000, -18.00000000000000000 ) ) ;
#1412 = LINE ( 'NONE', #1271, #1173 ) ;
#1413 = ADVANCED_FACE ( 'NONE', ( #814 ), #1591, .F. ) ;
#1414 = AXIS2_PLACEMENT_3D ( 'NONE', #1955, #887, #562 ) ;
#1415 = CARTESIAN_POINT ( 'NONE',  ( 167.9999999999999147, 6.000000000000000000, 63.00000000000000000 ) ) ;
#1416 = ORIENTED_EDGE ( 'NONE', *, *, #1027, .F. ) ;
#1417 = ORIENTED_EDGE ( 'NONE', *, *, #134, .T. ) ;
#1418 = ORIENTED_EDGE ( 'NONE', *, *, #1815, .F. ) ;
#1419 = DIRECTION ( 'NONE',  ( 0.000000000000000000, 0.000000000000000000, 1.000000000000000000 ) ) ;
#1420 = VECTOR ( 'NONE', #1389, 1000.000000000000000 ) ;
#1421 = DIRECTION ( 'NONE',  ( 0.000000000000000000, 0.000000000000000000, 1.000000000000000000 ) ) ;
#1422 = FACE_OUTER_BOUND ( 'NONE', #570, .T. ) ;
#1423 = DIRECTION ( 'NONE',  ( -0.000000000000000000, 1.000000000000000000, -0.000000000000000000 ) ) ;
#1424 = FACE_OUTER_BOUND ( 'NONE', #1127, .T. ) ;
#1425 = ORIENTED_EDGE ( 'NONE', *, *, #1376, .T. ) ;
#1426 = EDGE_LOOP ( 'NONE', ( #613, #641 ) ) ;
#1427 = ORIENTED_EDGE ( 'NONE', *, *, #418, .T. ) ;
#1428 = VECTOR ( 'NONE', #1451, 1000.000000000000000 ) ;
#1429 = CYLINDRICAL_SURFACE ( 'NONE', #285, 1.700000000000007061 ) ;
#1430 = VECTOR ( 'NONE', #1771, 1000.000000000000000 ) ;
#1431 = EDGE_LOOP ( 'NONE', ( #1244, #444, #1217, #795 ) ) ;
#1432 = DIRECTION ( 'NONE',  ( 0.000000000000000000, 1.000000000000000000, 0.000000000000000000 ) ) ;
#1433 = LINE ( 'NONE', #1925, #1428 ) ;
#1434 = DIRECTION ( 'NONE',  ( -1.000000000000000000, 0.000000000000000000, 0.000000000000000000 ) ) ;
#1435 = EDGE_CURVE ( 'NONE', #797, #784, #344, .T. ) ;
#1436 = DIRECTION ( 'NONE',  ( 0.000000000000000000, 0.000000000000000000, -1.000000000000000000 ) ) ;
#1437 = VECTOR ( 'NONE', #504, 1000.000000000000000 ) ;
#1438 = EDGE_CURVE ( 'NONE', #1749, #299, #539, .T. ) ;
#1439 = AXIS2_PLACEMENT_3D ( 'NONE', #731, #1508, #95 ) ;
#1440 = VERTEX_POINT ( 'NONE', #1134 ) ;
#1441 = ORIENTED_EDGE ( 'NONE', *, *, #911, .T. ) ;
#1442 = EDGE_CURVE ( 'NONE', #323, #1791, #271, .T. ) ;
#1443 = ORIENTED_EDGE ( 'NONE', *, *, #1054, .T. ) ;
#1444 = CARTESIAN_POINT ( 'NONE',  ( -221.0000000000000568, 6.000000000000000000, -67.00000000000000000 ) ) ;
#1445 = EDGE_CURVE ( 'NONE', #1275, #102, #1628, .T. ) ;
#1446 = PRODUCT_DEFINITION ( 'UNKNOWN', '', #1106, #1263 ) ;
#1447 = EDGE_CURVE ( 'NONE', #857, #321, #825, .T. ) ;
#1448 = AXIS2_PLACEMENT_3D ( 'NONE', #1647, #392, #1511 ) ;
#1449 = ORIENTED_EDGE ( 'NONE', *, *, #1218, .T. ) ;
#1450 = DIRECTION ( 'NONE',  ( 0.000000000000000000, 1.000000000000000000, 0.000000000000000000 ) ) ;
#1451 = DIRECTION ( 'NONE',  ( -0.000000000000000000, 1.000000000000000000, -0.000000000000000000 ) ) ;
#1452 = DIRECTION ( 'NONE',  ( 0.000000000000000000, 0.000000000000000000, 1.000000000000000000 ) ) ;
#1453 = AXIS2_PLACEMENT_3D ( 'NONE', #2027, #1118, #1421 ) ;
#1454 = CIRCLE ( 'NONE', #1074, 1.700000000000007061 ) ;
#1455 = DIRECTION ( 'NONE',  ( 0.000000000000000000, 0.000000000000000000, -1.000000000000000000 ) ) ;
#1456 = CIRCLE ( 'NONE', #1956, 3.250000000000002665 ) ;
#1457 = ORIENTED_EDGE ( 'NONE', *, *, #1356, .T. ) ;
#1458 = ADVANCED_FACE ( 'NONE', ( #174 ), #1155, .F. ) ;
#1459 = EDGE_LOOP ( 'NONE', ( #492, #200, #1543, #1794 ) ) ;
#1460 = ORIENTED_EDGE ( 'NONE', *, *, #1223, .T. ) ;
#1461 = EDGE_LOOP ( 'NONE', ( #20, #1881 ) ) ;
#1462 = EDGE_CURVE ( 'NONE', #480, #621, #805, .T. ) ;
#1463 = DIRECTION ( 'NONE',  ( 0.000000000000000000, 0.000000000000000000, 1.000000000000000000 ) ) ;
#1464 = CARTESIAN_POINT ( 'NONE',  ( -168.0000000000000568, 6.000000000000000000, -63.00000000000000000 ) ) ;
#1465 = ORIENTED_EDGE ( 'NONE', *, *, #496, .F. ) ;
#1466 = EDGE_LOOP ( 'NONE', ( #1746, #40 ) ) ;
#1467 = ORIENTED_EDGE ( 'NONE', *, *, #1590, .T. ) ;
#1468 = DIRECTION ( 'NONE',  ( -0.000000000000000000, -1.000000000000000000, -0.000000000000000000 ) ) ;
#1469 = DIRECTION ( 'NONE',  ( -0.000000000000000000, 1.000000000000000000, -0.000000000000000000 ) ) ;
#1470 = DIRECTION ( 'NONE',  ( -0.000000000000000000, 1.000000000000000000, -0.000000000000000000 ) ) ;
#1471 = VECTOR ( 'NONE', #1178, 1000.000000000000000 ) ;
#1472 = DIRECTION ( 'NONE',  ( 0.000000000000000000, 0.000000000000000000, 1.000000000000000000 ) ) ;
#1473 = AXIS2_PLACEMENT_3D ( 'NONE', #1310, #363, #340 ) ;
#1474 = AXIS2_PLACEMENT_3D ( 'NONE', #1577, #1680, #452 ) ;
#1475 = ORIENTED_EDGE ( 'NONE', *, *, #778, .F. ) ;
#1476 = AXIS2_PLACEMENT_3D ( 'NONE', #998, #239, #572 ) ;
#1477 = ORIENTED_EDGE ( 'NONE', *, *, #1107, .T. ) ;
#1478 = ORIENTED_EDGE ( 'NONE', *, *, #65, .T. ) ;
#1479 = FACE_BOUND ( 'NONE', #1461, .T. ) ;
#1480 = AXIS2_PLACEMENT_3D ( 'NONE', #100, #71, #1370 ) ;
#1481 = CARTESIAN_POINT ( 'NONE',  ( 167.9999999999999147, 0.000000000000000000, 64.70000000000000284 ) ) ;
#1482 = FACE_OUTER_BOUND ( 'NONE', #1170, .T. ) ;
#1483 = DIRECTION ( 'NONE',  ( 0.000000000000000000, 0.000000000000000000, 1.000000000000000000 ) ) ;
#1484 = EDGE_CURVE ( 'NONE', #1806, #189, #1758, .T. ) ;
#1485 = EDGE_LOOP ( 'NONE', ( #828, #300 ) ) ;
#1486 = AXIS2_PLACEMENT_3D ( 'NONE', #698, #1361, #879 ) ;
#1487 = FACE_OUTER_BOUND ( 'NONE', #1972, .T. ) ;
#1488 = FACE_OUTER_BOUND ( 'NONE', #1847, .T. ) ;
#1489 = FACE_OUTER_BOUND ( 'NONE', #1459, .T. ) ;
#1490 = CARTESIAN_POINT ( 'NONE',  ( 215.9999999999999432, 3.000000000000000000, 63.00000000000000000 ) ) ;
#1491 = AXIS2_PLACEMENT_3D ( 'NONE', #75, #732, #1334 ) ;
#1492 = LINE ( 'NONE', #1340, #459 ) ;
#1493 = ORIENTED_EDGE ( 'NONE', *, *, #2014, .T. ) ;
#1494 = CARTESIAN_POINT ( 'NONE',  ( -221.0000000000000568, 6.000000000000000000, -67.00000000000000000 ) ) ;
#1495 = EDGE_CURVE ( 'NONE', #784, #42, #865, .T. ) ;
#1496 = DIRECTION ( 'NONE',  ( -0.000000000000000000, -1.000000000000000000, -0.000000000000000000 ) ) ;
#1497 = CARTESIAN_POINT ( 'NONE',  ( -168.0000000000000568, 6.000000000000000000, -63.00000000000000000 ) ) ;
#1498 = LINE ( 'NONE', #708, #76 ) ;
#1499 = AXIS2_PLACEMENT_3D ( 'NONE', #1270, #1110, #1990 ) ;
#1500 = DIRECTION ( 'NONE',  ( -0.000000000000000000, 1.000000000000000000, -0.000000000000000000 ) ) ;
#1501 = VECTOR ( 'NONE', #965, 1000.000000000000000 ) ;
#1502 = AXIS2_PLACEMENT_3D ( 'NONE', #875, #1795, #377 ) ;
#1503 = DIRECTION ( 'NONE',  ( -0.000000000000000000, -1.000000000000000000, -0.000000000000000000 ) ) ;
#1504 = EDGE_CURVE ( 'NONE', #730, #135, #767, .T. ) ;
#1505 = ORIENTED_EDGE ( 'NONE', *, *, #134, .F. ) ;
#1506 = ADVANCED_FACE ( 'NONE', ( #1753 ), #515, .F. ) ;
#1507 = AXIS2_PLACEMENT_3D ( 'NONE', #1497, #1186, #546 ) ;
#1508 = DIRECTION ( 'NONE',  ( -0.000000000000000000, -1.000000000000000000, -0.000000000000000000 ) ) ;
#1509 = DIRECTION ( 'NONE',  ( -0.000000000000000000, 1.000000000000000000, -0.000000000000000000 ) ) ;
#1510 = DIRECTION ( 'NONE',  ( -0.000000000000000000, 1.000000000000000000, -0.000000000000000000 ) ) ;
#1511 = DIRECTION ( 'NONE',  ( 0.000000000000000000, 0.000000000000000000, -1.000000000000000000 ) ) ;
#1512 = CARTESIAN_POINT ( 'NONE',  ( 215.9999999999999432, 3.000000000000000888, 63.00000000000000000 ) ) ;
#1513 = ORIENTED_EDGE ( 'NONE', *, *, #63, .T. ) ;
#1514 = ORIENTED_EDGE ( 'NONE', *, *, #1123, .T. ) ;
#1515 = CIRCLE ( 'NONE', #620, 2.250000000000001776 ) ;
#1516 = ADVANCED_FACE ( 'NONE', ( #832 ), #1122, .F. ) ;
#1517 = DIRECTION ( 'NONE',  ( 0.000000000000000000, 0.000000000000000000, -1.000000000000000000 ) ) ;
#1518 = AXIS2_PLACEMENT_3D ( 'NONE', #1523, #101, #421 ) ;
#1519 = DIRECTION ( 'NONE',  ( 0.000000000000000000, -0.000000000000000000, -1.000000000000000000 ) ) ;
#1520 = EDGE_CURVE ( 'NONE', #1774, #1229, #1598, .T. ) ;
#1521 = ADVANCED_FACE ( 'NONE', ( #38 ), #185, .F. ) ;
#1522 =( NAMED_UNIT ( * ) SI_UNIT ( $, .STERADIAN. ) SOLID_ANGLE_UNIT ( ) );
#1523 = CARTESIAN_POINT ( 'NONE',  ( 167.9999999999999147, 6.000000000000000000, 63.00000000000000000 ) ) ;
#1524 = ORIENTED_EDGE ( 'NONE', *, *, #1194, .F. ) ;
#1525 = AXIS2_PLACEMENT_3D ( 'NONE', #930, #1247, #575 ) ;
#1526 = ORIENTED_EDGE ( 'NONE', *, *, #503, .F. ) ;
#1527 = CARTESIAN_POINT ( 'NONE',  ( -168.0000000000000568, 6.000000000000000000, 63.00000000000000000 ) ) ;
#1528 = DIRECTION ( 'NONE',  ( 0.000000000000000000, 1.000000000000000000, 0.000000000000000000 ) ) ;
#1529 = DIRECTION ( 'NONE',  ( -0.000000000000000000, -1.000000000000000000, -0.000000000000000000 ) ) ;
#1530 = AXIS2_PLACEMENT_3D ( 'NONE', #2004, #604, #261 ) ;
#1531 = ADVANCED_FACE ( 'NONE', ( #1312 ), #373, .F. ) ;
#1532 = DIRECTION ( 'NONE',  ( 0.000000000000000000, 0.000000000000000000, 1.000000000000000000 ) ) ;
#1533 = EDGE_LOOP ( 'NONE', ( #156, #1016, #1477, #1615 ) ) ;
#1534 = EDGE_LOOP ( 'NONE', ( #845, #456 ) ) ;
#1535 = CYLINDRICAL_SURFACE ( 'NONE', #288, 1.700000000000007061 ) ;
#1536 = AXIS2_PLACEMENT_3D ( 'NONE', #96, #705, #417 ) ;
#1537 = CARTESIAN_POINT ( 'NONE',  ( 167.9999999999999147, 6.000000000000000000, -63.00000000000000000 ) ) ;
#1538 = CIRCLE ( 'NONE', #1062, 1.700000000000007061 ) ;
#1539 = AXIS2_PLACEMENT_3D ( 'NONE', #1163, #1191, #722 ) ;
#1540 = DIRECTION ( 'NONE',  ( 0.000000000000000000, 0.000000000000000000, -1.000000000000000000 ) ) ;
#1541 = FACE_BOUND ( 'NONE', #1893, .T. ) ;
#1542 = CYLINDRICAL_SURFACE ( 'NONE', #62, 1.700000000000007061 ) ;
#1543 = ORIENTED_EDGE ( 'NONE', *, *, #1520, .T. ) ;
#1544 = ORIENTED_EDGE ( 'NONE', *, *, #2003, .T. ) ;
#1545 = DIRECTION ( 'NONE',  ( 0.000000000000000000, 1.000000000000000000, 0.000000000000000000 ) ) ;
#1546 = CARTESIAN_POINT ( 'NONE',  ( 191.9999999999999432, 0.000000000000000000, 22.00000000000000355 ) ) ;
#1547 = CARTESIAN_POINT ( 'NONE',  ( 215.9999999999999432, 3.000000000000000888, 61.29999999999999005 ) ) ;
#1548 = DIRECTION ( 'NONE',  ( 0.000000000000000000, 0.000000000000000000, 1.000000000000000000 ) ) ;
#1549 = FACE_BOUND ( 'NONE', #507, .T. ) ;
#1550 = DIRECTION ( 'NONE',  ( 0.000000000000000000, 1.000000000000000000, 0.000000000000000000 ) ) ;
#1551 = ORIENTED_EDGE ( 'NONE', *, *, #269, .F. ) ;
#1552 = ORIENTED_EDGE ( 'NONE', *, *, #1435, .T. ) ;
#1553 = EDGE_LOOP ( 'NONE', ( #866, #1675 ) ) ;
#1554 = LINE ( 'NONE', #265, #362 ) ;
#1555 = LINE ( 'NONE', #1701, #431 ) ;
#1556 = ADVANCED_FACE ( 'NONE', ( #690 ), #1320, .F. ) ;
#1557 = CARTESIAN_POINT ( 'NONE',  ( 167.9999999999999147, 3.000000000000000000, 59.75000000000000000 ) ) ;
#1558 = DIRECTION ( 'NONE',  ( 0.000000000000000000, 0.000000000000000000, -1.000000000000000000 ) ) ;
#1559 = PLANE ( 'NONE',  #1024 ) ;
#1560 = CARTESIAN_POINT ( 'NONE',  ( -168.0000000000000568, 6.000000000000000000, -59.75000000000000000 ) ) ;
#1561 = EDGE_LOOP ( 'NONE', ( #988, #1306, #1754, #147 ) ) ;
#1562 = ORIENTED_EDGE ( 'NONE', *, *, #1162, .T. ) ;
#1563 = CIRCLE ( 'NONE', #864, 2.250000000000001776 ) ;
#1564 = VERTEX_POINT ( 'NONE', #226 ) ;
#1565 = DIRECTION ( 'NONE',  ( 0.000000000000000000, 0.000000000000000000, -1.000000000000000000 ) ) ;
#1566 = ADVANCED_FACE ( 'NONE', ( #1789 ), #695, .F. ) ;
#1567 = DIRECTION ( 'NONE',  ( -0.000000000000000000, -1.000000000000000000, -0.000000000000000000 ) ) ;
#1568 = CARTESIAN_POINT ( 'NONE',  ( 215.9999999999999432, 6.000000000000000000, -63.00000000000000000 ) ) ;
#1569 = FACE_BOUND ( 'NONE', #772, .T. ) ;
#1570 = CYLINDRICAL_SURFACE ( 'NONE', #1944, 1.700000000000007061 ) ;
#1571 = ORIENTED_EDGE ( 'NONE', *, *, #26, .F. ) ;
#1572 = EDGE_LOOP ( 'NONE', ( #1924, #1331, #1599, #1596 ) ) ;
#1573 = ORIENTED_EDGE ( 'NONE', *, *, #1765, .T. ) ;
#1574 = PLANE ( 'NONE',  #89 ) ;
#1575 = FACE_OUTER_BOUND ( 'NONE', #937, .T. ) ;
#1576 = FACE_OUTER_BOUND ( 'NONE', #1534, .T. ) ;
#1577 = CARTESIAN_POINT ( 'NONE',  ( 167.9999999999999147, 6.000000000000000000, 63.00000000000000000 ) ) ;
#1578 = CARTESIAN_POINT ( 'NONE',  ( -216.0000000000000853, 6.000000000000000000, 63.00000000000000000 ) ) ;
#1579 = ORIENTED_EDGE ( 'NONE', *, *, #761, .T. ) ;
#1580 = VERTEX_POINT ( 'NONE', #1327 ) ;
#1581 = ORIENTED_EDGE ( 'NONE', *, *, #1376, .F. ) ;
#1582 = FACE_OUTER_BOUND ( 'NONE', #148, .T. ) ;
#1583 = AXIS2_PLACEMENT_3D ( 'NONE', #2028, #1248, #907 ) ;
#1584 = CARTESIAN_POINT ( 'NONE',  ( -216.0000000000000853, 0.000000000000000000, 63.00000000000000000 ) ) ;
#1585 = CARTESIAN_POINT ( 'NONE',  ( -192.0000000000000568, 0.000000000000000000, -18.00000000000000000 ) ) ;
#1586 = ADVANCED_FACE ( 'NONE', ( #1646, #548 ), #1811, .F. ) ;
#1587 = DIRECTION ( 'NONE',  ( 0.000000000000000000, 0.000000000000000000, 1.000000000000000000 ) ) ;
#1588 = EDGE_CURVE ( 'NONE', #157, #1913, #1787, .T. ) ;
#1589 = FACE_OUTER_BOUND ( 'NONE', #136, .T. ) ;
#1590 = EDGE_CURVE ( 'NONE', #612, #644, #700, .T. ) ;
#1591 = CYLINDRICAL_SURFACE ( 'NONE', #892, 4.000000000000003553 ) ;
#1592 = EDGE_CURVE ( 'NONE', #323, #623, #1498, .T. ) ;
#1593 = EDGE_CURVE ( 'NONE', #368, #806, #1953, .T. ) ;
#1594 = ORIENTED_EDGE ( 'NONE', *, *, #1435, .F. ) ;
#1595 = ORIENTED_EDGE ( 'NONE', *, *, #190, .T. ) ;
#1596 = ORIENTED_EDGE ( 'NONE', *, *, #1626, .T. ) ;
#1597 = CARTESIAN_POINT ( 'NONE',  ( -216.0000000000000853, 6.000000000000000000, 61.29999999999999005 ) ) ;
#1598 = CIRCLE ( 'NONE', #2009, 3.250000000000002665 ) ;
#1599 = ORIENTED_EDGE ( 'NONE', *, *, #1445, .T. ) ;
#1600 = CARTESIAN_POINT ( 'NONE',  ( 191.9999999999999432, 4.000000000000000000, -18.00000000000000000 ) ) ;
#1601 = LINE ( 'NONE', #529, #1623 ) ;
#1602 = FACE_OUTER_BOUND ( 'NONE', #1849, .T. ) ;
#1603 = DIRECTION ( 'NONE',  ( -0.000000000000000000, -1.000000000000000000, -0.000000000000000000 ) ) ;
#1604 = VERTEX_POINT ( 'NONE', #1187 ) ;
#1605 = ORIENTED_EDGE ( 'NONE', *, *, #1143, .F. ) ;
#1606 = EDGE_LOOP ( 'NONE', ( #1467, #367 ) ) ;
#1607 = VERTEX_POINT ( 'NONE', #399 ) ;
#1608 = DIRECTION ( 'NONE',  ( 0.000000000000000000, 1.000000000000000000, 0.000000000000000000 ) ) ;
#1609 = CYLINDRICAL_SURFACE ( 'NONE', #111, 3.250000000000002665 ) ;
#1610 = CARTESIAN_POINT ( 'NONE',  ( -168.0000000000000568, 6.000000000000000000, 64.70000000000000284 ) ) ;
#1611 = CIRCLE ( 'NONE', #1486, 1.700000000000007061 ) ;
#1612 = ORIENTED_EDGE ( 'NONE', *, *, #1997, .T. ) ;
#1613 = ORIENTED_EDGE ( 'NONE', *, *, #923, .F. ) ;
#1614 = ORIENTED_EDGE ( 'NONE', *, *, #430, .F. ) ;
#1615 = ORIENTED_EDGE ( 'NONE', *, *, #98, .T. ) ;
#1616 = FILL_AREA_STYLE_COLOUR ( '', #1880 ) ;
#1617 = LINE ( 'NONE', #16, #577 ) ;
#1618 = AXIS2_PLACEMENT_3D ( 'NONE', #1585, #775, #500 ) ;
#1619 = CARTESIAN_POINT ( 'NONE',  ( -192.0000000000000568, 4.000000000000000000, 18.00000000000000000 ) ) ;
#1620 = ORIENTED_EDGE ( 'NONE', *, *, #1063, .T. ) ;
#1621 = ORIENTED_EDGE ( 'NONE', *, *, #316, .T. ) ;
#1622 = VERTEX_POINT ( 'NONE', #1005 ) ;
#1623 = VECTOR ( 'NONE', #25, 1000.000000000000000 ) ;
#1624 = ORIENTED_EDGE ( 'NONE', *, *, #1143, .T. ) ;
#1625 = CARTESIAN_POINT ( 'NONE',  ( -192.0000000000000568, 4.000000000000000000, 22.00000000000000355 ) ) ;
#1626 = EDGE_CURVE ( 'NONE', #102, #44, #1303, .T. ) ;
#1627 = DIRECTION ( 'NONE',  ( -0.000000000000000000, 1.000000000000000000, -0.000000000000000000 ) ) ;
#1628 = LINE ( 'NONE', #1284, #1430 ) ;
#1629 = VECTOR ( 'NONE', #849, 1000.000000000000000 ) ;
#1630 = ORIENTED_EDGE ( 'NONE', *, *, #1027, .T. ) ;
#1631 = CIRCLE ( 'NONE', #1889, 3.250000000000002665 ) ;
#1632 = APPLICATION_PROTOCOL_DEFINITION ( 'draft international standard', 'automotive_design', 1998, #142 ) ;
#1633 = DIRECTION ( 'NONE',  ( 0.000000000000000000, 1.000000000000000000, 0.000000000000000000 ) ) ;
#1634 = CIRCLE ( 'NONE', #902, 2.250000000000001776 ) ;
#1635 = DIRECTION ( 'NONE',  ( -0.000000000000000000, -1.000000000000000000, -0.000000000000000000 ) ) ;
#1636 = FACE_OUTER_BOUND ( 'NONE', #1572, .T. ) ;
#1637 = DIRECTION ( 'NONE',  ( 0.000000000000000000, 0.000000000000000000, 1.000000000000000000 ) ) ;
#1638 = CIRCLE ( 'NONE', #1896, 2.250000000000001776 ) ;
#1639 = DIRECTION ( 'NONE',  ( 0.000000000000000000, 0.000000000000000000, 1.000000000000000000 ) ) ;
#1640 = VERTEX_POINT ( 'NONE', #870 ) ;
#1641 = FACE_OUTER_BOUND ( 'NONE', #1394, .T. ) ;
#1642 = CARTESIAN_POINT ( 'NONE',  ( 191.9999999999999432, 4.000000000000000000, -13.99999999999999467 ) ) ;
#1643 = LINE ( 'NONE', #1319, #1629 ) ;
#1644 = ADVANCED_FACE ( 'NONE', ( #942, #768 ), #1705, .F. ) ;
#1645 = ADVANCED_FACE ( 'NONE', ( #1845, #2006 ), #755, .F. ) ;
#1646 = FACE_BOUND ( 'NONE', #1091, .T. ) ;
#1647 = CARTESIAN_POINT ( 'NONE',  ( -192.0000000000000568, 0.000000000000000000, 18.00000000000000000 ) ) ;
#1648 = ADVANCED_FACE ( 'NONE', ( #1047, #2018 ), #1559, .F. ) ;
#1649 = EDGE_CURVE ( 'NONE', #249, #967, #517, .T. ) ;
#1650 = ADVANCED_FACE ( 'NONE', ( #791 ), #307, .F. ) ;
#1651 = LINE ( 'NONE', #1180, #1656 ) ;
#1652 = DIRECTION ( 'NONE',  ( -0.000000000000000000, -1.000000000000000000, -0.000000000000000000 ) ) ;
#1653 = LINE ( 'NONE', #242, #1200 ) ;
#1654 = DIRECTION ( 'NONE',  ( -0.000000000000000000, 1.000000000000000000, -0.000000000000000000 ) ) ;
#1655 = CARTESIAN_POINT ( 'NONE',  ( 215.9999999999999432, 6.000000000000000000, 63.00000000000000000 ) ) ;
#1656 = VECTOR ( 'NONE', #1503, 1000.000000000000000 ) ;
#1657 = EDGE_CURVE ( 'NONE', #1764, #1782, #143, .T. ) ;
#1658 = LINE ( 'NONE', #402, #92 ) ;
#1659 = ORIENTED_EDGE ( 'NONE', *, *, #1123, .F. ) ;
#1660 = ORIENTED_EDGE ( 'NONE', *, *, #1504, .F. ) ;
#1661 = EDGE_CURVE ( 'NONE', #1255, #1607, #1856, .T. ) ;
#1662 = FACE_OUTER_BOUND ( 'NONE', #1125, .T. ) ;
#1663 = DIRECTION ( 'NONE',  ( 0.000000000000000000, -1.000000000000000000, 0.000000000000000000 ) ) ;
#1664 = DIRECTION ( 'NONE',  ( 0.000000000000000000, 0.000000000000000000, -1.000000000000000000 ) ) ;
#1665 = DIRECTION ( 'NONE',  ( 0.000000000000000000, 0.000000000000000000, 1.000000000000000000 ) ) ;
#1666 = ORIENTED_EDGE ( 'NONE', *, *, #978, .F. ) ;
#1667 = ORIENTED_EDGE ( 'NONE', *, *, #1360, .T. ) ;
#1668 = CARTESIAN_POINT ( 'NONE',  ( -168.0000000000000568, 3.000000000000000888, 63.00000000000000000 ) ) ;
#1669 = CARTESIAN_POINT ( 'NONE',  ( -192.0000000000000568, 0.000000000000000000, 20.25000000000000000 ) ) ;
#1670 = DIRECTION ( 'NONE',  ( 0.000000000000000000, 0.000000000000000000, 1.000000000000000000 ) ) ;
#1671 = CARTESIAN_POINT ( 'NONE',  ( -216.0000000000000853, 6.000000000000000000, -63.00000000000000000 ) ) ;
#1672 = AXIS2_PLACEMENT_3D ( 'NONE', #1842, #1687, #904 ) ;
#1673 = DIRECTION ( 'NONE',  ( 0.000000000000000000, 1.000000000000000000, 0.000000000000000000 ) ) ;
#1674 = ORIENTED_EDGE ( 'NONE', *, *, #123, .F. ) ;
#1675 = ORIENTED_EDGE ( 'NONE', *, *, #752, .T. ) ;
#1676 = FACE_OUTER_BOUND ( 'NONE', #1065, .T. ) ;
#1677 = CARTESIAN_POINT ( 'NONE',  ( -216.0000000000000853, 6.000000000000000000, -66.25000000000000000 ) ) ;
#1678 = CARTESIAN_POINT ( 'NONE',  ( 167.9999999999999147, 3.000000000000000888, -63.00000000000000000 ) ) ;
#1679 = EDGE_CURVE ( 'NONE', #623, #1022, #1100, .T. ) ;
#1680 = DIRECTION ( 'NONE',  ( -0.000000000000000000, 1.000000000000000000, -0.000000000000000000 ) ) ;
#1681 = VECTOR ( 'NONE', #1853, 1000.000000000000000 ) ;
#1682 = CARTESIAN_POINT ( 'NONE',  ( 191.9999999999999432, 0.000000000000000000, 18.00000000000000000 ) ) ;
#1683 = AXIS2_PLACEMENT_3D ( 'NONE', #330, #1144, #219 ) ;
#1684 = EDGE_LOOP ( 'NONE', ( #425, #91 ) ) ;
#1685 = ORIENTED_EDGE ( 'NONE', *, *, #6, .F. ) ;
#1686 = CARTESIAN_POINT ( 'NONE',  ( 220.9999999999999432, 0.000000000000000000, -67.00000000000000000 ) ) ;
#1687 = DIRECTION ( 'NONE',  ( -0.000000000000000000, 1.000000000000000000, -0.000000000000000000 ) ) ;
#1688 = AXIS2_PLACEMENT_3D ( 'NONE', #58, #1890, #342 ) ;
#1689 = CYLINDRICAL_SURFACE ( 'NONE', #1873, 3.250000000000002665 ) ;
#1690 = FACE_OUTER_BOUND ( 'NONE', #1561, .T. ) ;
#1691 = DIRECTION ( 'NONE',  ( 0.000000000000000000, 0.000000000000000000, -1.000000000000000000 ) ) ;
#1692 = CIRCLE ( 'NONE', #54, 2.250000000000001776 ) ;
#1693 = DIRECTION ( 'NONE',  ( 0.000000000000000000, 0.000000000000000000, 1.000000000000000000 ) ) ;
#1694 = ORIENTED_EDGE ( 'NONE', *, *, #969, .T. ) ;
#1695 = ORIENTED_EDGE ( 'NONE', *, *, #1657, .F. ) ;
#1696 = EDGE_CURVE ( 'NONE', #621, #1745, #1332, .T. ) ;
#1697 = AXIS2_PLACEMENT_3D ( 'NONE', #798, #1748, #1884 ) ;
#1698 = ORIENTED_EDGE ( 'NONE', *, *, #609, .T. ) ;
#1699 = LINE ( 'NONE', #1051, #455 ) ;
#1700 = CIRCLE ( 'NONE', #714, 1.700000000000007061 ) ;
#1701 = CARTESIAN_POINT ( 'NONE',  ( -168.0000000000000568, 6.000000000000000000, -59.75000000000000000 ) ) ;
#1702 = CIRCLE ( 'NONE', #159, 4.000000000000003553 ) ;
#1703 = DIRECTION ( 'NONE',  ( -0.000000000000000000, -1.000000000000000000, -0.000000000000000000 ) ) ;
#1704 = DIRECTION ( 'NONE',  ( -0.000000000000000000, 1.000000000000000000, -0.000000000000000000 ) ) ;
#1705 = PLANE ( 'NONE',  #574 ) ;
#1706 = CARTESIAN_POINT ( 'NONE',  ( 215.9999999999999432, 0.000000000000000000, 64.70000000000000284 ) ) ;
#1707 = ORIENTED_EDGE ( 'NONE', *, *, #59, .F. ) ;
#1708 = ORIENTED_EDGE ( 'NONE', *, *, #1679, .T. ) ;
#1709 = EDGE_CURVE ( 'NONE', #1822, #1872, #353, .T. ) ;
#1710 = ORIENTED_EDGE ( 'NONE', *, *, #789, .T. ) ;
#1711 = VECTOR ( 'NONE', #1390, 1000.000000000000000 ) ;
#1712 = EDGE_LOOP ( 'NONE', ( #133, #910, #1104, #1285 ) ) ;
#1713 = CARTESIAN_POINT ( 'NONE',  ( -192.0000000000000568, 4.000000000000000000, -18.00000000000000000 ) ) ;
#1714 = CYLINDRICAL_SURFACE ( 'NONE', #1258, 2.250000000000001776 ) ;
#1715 = CARTESIAN_POINT ( 'NONE',  ( -168.0000000000000568, 3.000000000000000888, 61.29999999999999005 ) ) ;
#1716 = FACE_BOUND ( 'NONE', #944, .T. ) ;
#1717 = DIRECTION ( 'NONE',  ( -0.000000000000000000, 1.000000000000000000, -0.000000000000000000 ) ) ;
#1718 = EDGE_CURVE ( 'NONE', #1440, #1033, #1412, .T. ) ;
#1719 = ORIENTED_EDGE ( 'NONE', *, *, #1588, .F. ) ;
#1720 = VERTEX_POINT ( 'NONE', #908 ) ;
#1721 = ORIENTED_EDGE ( 'NONE', *, *, #341, .F. ) ;
#1722 = CARTESIAN_POINT ( 'NONE',  ( -221.0000000000000568, 6.000000000000000000, -67.00000000000000000 ) ) ;
#1723 = ADVANCED_FACE ( 'NONE', ( #1716, #3, #1541, #933, #1569, #153, #475, #1549, #777, #2029, #627, #1260, #637 ), #1097, .T. ) ;
#1724 = CIRCLE ( 'NONE', #1171, 1.700000000000007061 ) ;
#1725 = CYLINDRICAL_SURFACE ( 'NONE', #120, 2.250000000000001776 ) ;
#1726 = DIRECTION ( 'NONE',  ( -0.000000000000000000, 1.000000000000000000, -0.000000000000000000 ) ) ;
#1727 = AXIS2_PLACEMENT_3D ( 'NONE', #803, #1919, #1463 ) ;
#1728 = AXIS2_PLACEMENT_3D ( 'NONE', #1017, #1324, #882 ) ;
#1729 = DIRECTION ( 'NONE',  ( 0.000000000000000000, 1.000000000000000000, 0.000000000000000000 ) ) ;
#1730 = DIRECTION ( 'NONE',  ( 0.000000000000000000, 0.000000000000000000, 1.000000000000000000 ) ) ;
#1731 = EDGE_LOOP ( 'NONE', ( #740, #1427 ) ) ;
#1732 = ORIENTED_EDGE ( 'NONE', *, *, #1997, .F. ) ;
#1733 = ORIENTED_EDGE ( 'NONE', *, *, #499, .T. ) ;
#1734 = ADVANCED_FACE ( 'NONE', ( #1227 ), #597, .F. ) ;
#1735 = FACE_OUTER_BOUND ( 'NONE', #519, .T. ) ;
#1736 = EDGE_CURVE ( 'NONE', #1308, #349, #1742, .T. ) ;
#1737 = DIRECTION ( 'NONE',  ( -0.000000000000000000, -1.000000000000000000, -0.000000000000000000 ) ) ;
#1738 = DIRECTION ( 'NONE',  ( -0.000000000000000000, 1.000000000000000000, -0.000000000000000000 ) ) ;
#1739 = CARTESIAN_POINT ( 'NONE',  ( -189.7500000000000568, 4.000000000000000000, -18.00000000000000000 ) ) ;
#1740 = ADVANCED_FACE ( 'NONE', ( #1589 ), #1609, .F. ) ;
#1741 = EDGE_CURVE ( 'NONE', #525, #1829, #735, .T. ) ;
#1742 = LINE ( 'NONE', #1900, #278 ) ;
#1743 = AXIS2_PLACEMENT_3D ( 'NONE', #1195, #1828, #1816 ) ;
#1744 = CYLINDRICAL_SURFACE ( 'NONE', #979, 1.700000000000007061 ) ;
#1745 = VERTEX_POINT ( 'NONE', #680 ) ;
#1746 = ORIENTED_EDGE ( 'NONE', *, *, #1741, .F. ) ;
#1747 = ORIENTED_EDGE ( 'NONE', *, *, #1484, .T. ) ;
#1748 = DIRECTION ( 'NONE',  ( -0.000000000000000000, 1.000000000000000000, -0.000000000000000000 ) ) ;
#1749 = VERTEX_POINT ( 'NONE', #1769 ) ;
#1750 = CARTESIAN_POINT ( 'NONE',  ( 167.9999999999999147, 3.000000000000000000, 66.25000000000000000 ) ) ;
#1751 = DIRECTION ( 'NONE',  ( -0.000000000000000000, -1.000000000000000000, -0.000000000000000000 ) ) ;
#1752 = CYLINDRICAL_SURFACE ( 'NONE', #1688, 1.700000000000007061 ) ;
#1753 = FACE_OUTER_BOUND ( 'NONE', #1533, .T. ) ;
#1754 = ORIENTED_EDGE ( 'NONE', *, *, #163, .T. ) ;
#1755 = EDGE_LOOP ( 'NONE', ( #527, #874 ) ) ;
#1756 = AXIS2_PLACEMENT_3D ( 'NONE', #1854, #2, #1548 ) ;
#1757 = VERTEX_POINT ( 'NONE', #1311 ) ;
#1758 = CIRCLE ( 'NONE', #674, 3.250000000000002665 ) ;
#1759 = ORIENTED_EDGE ( 'NONE', *, *, #1054, .F. ) ;
#1760 = SURFACE_STYLE_FILL_AREA ( #1318 ) ;
#1761 = CARTESIAN_POINT ( 'NONE',  ( -168.0000000000000568, 6.000000000000000000, -63.00000000000000000 ) ) ;
#1762 = CARTESIAN_POINT ( 'NONE',  ( 191.9999999999999432, 0.000000000000000000, -13.99999999999999467 ) ) ;
#1763 = ORIENTED_EDGE ( 'NONE', *, *, #346, .T. ) ;
#1764 = VERTEX_POINT ( 'NONE', #196 ) ;
#1765 = EDGE_CURVE ( 'NONE', #135, #2033, #963, .T. ) ;
#1766 = ORIENTED_EDGE ( 'NONE', *, *, #117, .T. ) ;
#1767 = ORIENTED_EDGE ( 'NONE', *, *, #630, .T. ) ;
#1768 = DIRECTION ( 'NONE',  ( 0.000000000000000000, 0.000000000000000000, 1.000000000000000000 ) ) ;
#1769 = CARTESIAN_POINT ( 'NONE',  ( -168.0000000000000568, 0.000000000000000000, 64.70000000000000284 ) ) ;
#1770 = VECTOR ( 'NONE', #437, 1000.000000000000000 ) ;
#1771 = DIRECTION ( 'NONE',  ( -0.000000000000000000, 1.000000000000000000, -0.000000000000000000 ) ) ;
#1772 = CIRCLE ( 'NONE', #819, 1.700000000000007061 ) ;
#1773 = ORIENTED_EDGE ( 'NONE', *, *, #394, .F. ) ;
#1774 = VERTEX_POINT ( 'NONE', #824 ) ;
#1775 = EDGE_CURVE ( 'NONE', #1082, #1604, #216, .T. ) ;
#1776 = ORIENTED_EDGE ( 'NONE', *, *, #1593, .F. ) ;
#1777 = ORIENTED_EDGE ( 'NONE', *, *, #1346, .T. ) ;
#1778 = DIRECTION ( 'NONE',  ( -0.000000000000000000, -1.000000000000000000, -0.000000000000000000 ) ) ;
#1779 = AXIS2_PLACEMENT_3D ( 'NONE', #743, #1865, #1357 ) ;
#1780 = DIRECTION ( 'NONE',  ( -0.000000000000000000, 1.000000000000000000, -0.000000000000000000 ) ) ;
#1781 = ORIENTED_EDGE ( 'NONE', *, *, #119, .T. ) ;
#1782 = VERTEX_POINT ( 'NONE', #173 ) ;
#1783 = EDGE_LOOP ( 'NONE', ( #1695, #835, #1882, #1182 ) ) ;
#1784 = AXIS2_PLACEMENT_3D ( 'NONE', #1281, #1469, #1165 ) ;
#1785 = CARTESIAN_POINT ( 'NONE',  ( 191.9999999999999432, 4.000000000000000000, -20.25000000000000000 ) ) ;
#1786 = CARTESIAN_POINT ( 'NONE',  ( -221.0000000000000568, 6.000000000000000000, 67.00000000000000000 ) ) ;
#1787 = CIRCLE ( 'NONE', #964, 1.700000000000007061 ) ;
#1788 = DIRECTION ( 'NONE',  ( -0.000000000000000000, 1.000000000000000000, -0.000000000000000000 ) ) ;
#1789 = FACE_OUTER_BOUND ( 'NONE', #691, .T. ) ;
#1790 = AXIS2_PLACEMENT_3D ( 'NONE', #1035, #1496, #1345 ) ;
#1791 = VERTEX_POINT ( 'NONE', #1154 ) ;
#1792 = CIRCLE ( 'NONE', #1439, 4.000000000000003553 ) ;
#1793 = EDGE_CURVE ( 'NONE', #748, #1913, #953, .T. ) ;
#1794 = ORIENTED_EDGE ( 'NONE', *, *, #913, .F. ) ;
#1795 = DIRECTION ( 'NONE',  ( 0.000000000000000000, 1.000000000000000000, 0.000000000000000000 ) ) ;
#1796 = EDGE_CURVE ( 'NONE', #1022, #623, #869, .T. ) ;
#1797 = DIRECTION ( 'NONE',  ( -0.000000000000000000, 1.000000000000000000, -0.000000000000000000 ) ) ;
#1798 = ADVANCED_FACE ( 'NONE', ( #48 ), #653, .F. ) ;
#1799 = DIRECTION ( 'NONE',  ( 0.000000000000000000, 0.000000000000000000, 1.000000000000000000 ) ) ;
#1800 = ADVANCED_FACE ( 'NONE', ( #689 ), #669, .F. ) ;
#1801 = EDGE_CURVE ( 'NONE', #1640, #1923, #1852, .T. ) ;
#1802 = CARTESIAN_POINT ( 'NONE',  ( -168.0000000000000568, 3.000000000000000888, -63.00000000000000000 ) ) ;
#1803 = AXIS2_PLACEMENT_3D ( 'NONE', #2035, #336, #1105 ) ;
#1804 = DIRECTION ( 'NONE',  ( 0.000000000000000000, 1.000000000000000000, 0.000000000000000000 ) ) ;
#1805 = CARTESIAN_POINT ( 'NONE',  ( 167.9999999999999147, 0.000000000000000000, 63.00000000000000000 ) ) ;
#1806 = VERTEX_POINT ( 'NONE', #531 ) ;
#1807 = DIRECTION ( 'NONE',  ( -0.000000000000000000, -0.000000000000000000, -1.000000000000000000 ) ) ;
#1808 = DIRECTION ( 'NONE',  ( -0.000000000000000000, 1.000000000000000000, -0.000000000000000000 ) ) ;
#1809 = CARTESIAN_POINT ( 'NONE',  ( 167.9999999999999147, 6.000000000000000000, 63.00000000000000000 ) ) ;
#1810 = EDGE_CURVE ( 'NONE', #757, #157, #1617, .T. ) ;
#1811 = PLANE ( 'NONE',  #146 ) ;
#1812 = CIRCLE ( 'NONE', #201, 4.000000000000003553 ) ;
#1813 = PRODUCT_DEFINITION_SHAPE ( 'NONE', 'NONE',  #1446 ) ;
#1814 = DIRECTION ( 'NONE',  ( 0.000000000000000000, 0.000000000000000000, 1.000000000000000000 ) ) ;
#1815 = EDGE_CURVE ( 'NONE', #797, #581, #1274, .T. ) ;
#1816 = DIRECTION ( 'NONE',  ( 0.000000000000000000, 0.000000000000000000, 1.000000000000000000 ) ) ;
#1817 = CARTESIAN_POINT ( 'NONE',  ( -216.0000000000000853, 3.000000000000000888, -61.29999999999999005 ) ) ;
#1818 = CARTESIAN_POINT ( 'NONE',  ( -168.0000000000000568, 6.000000000000000000, 59.75000000000000000 ) ) ;
#1819 = VECTOR ( 'NONE', #1226, 1000.000000000000000 ) ;
#1820 = LINE ( 'NONE', #236, #186 ) ;
#1821 = CARTESIAN_POINT ( 'NONE',  ( -168.0000000000000568, 0.000000000000000000, 63.00000000000000000 ) ) ;
#1822 = VERTEX_POINT ( 'NONE', #1121 ) ;
#1823 = ORIENTED_EDGE ( 'NONE', *, *, #1189, .F. ) ;
#1824 = ORIENTED_EDGE ( 'NONE', *, *, #1520, .F. ) ;
#1825 = FACE_OUTER_BOUND ( 'NONE', #629, .T. ) ;
#1826 = DIRECTION ( 'NONE',  ( 0.000000000000000000, -1.000000000000000000, 0.000000000000000000 ) ) ;
#1827 = CARTESIAN_POINT ( 'NONE',  ( 191.9999999999999432, 4.000000000000000000, -22.00000000000000355 ) ) ;
#1828 = DIRECTION ( 'NONE',  ( -0.000000000000000000, 1.000000000000000000, -0.000000000000000000 ) ) ;
#1829 = VERTEX_POINT ( 'NONE', #992 ) ;
#1830 = VERTEX_POINT ( 'NONE', #842 ) ;
#1831 = ADVANCED_FACE ( 'NONE', ( #1482 ), #1752, .F. ) ;
#1832 = DIRECTION ( 'NONE',  ( 0.000000000000000000, 1.000000000000000000, 0.000000000000000000 ) ) ;
#1833 = CIRCLE ( 'NONE', #1077, 4.000000000000003553 ) ;
#1834 = CARTESIAN_POINT ( 'NONE',  ( -192.0000000000000568, 0.000000000000000000, -18.00000000000000000 ) ) ;
#1835 = DIRECTION ( 'NONE',  ( 0.000000000000000000, 0.000000000000000000, -1.000000000000000000 ) ) ;
#1836 = CARTESIAN_POINT ( 'NONE',  ( -221.0000000000000568, 0.000000000000000000, -67.00000000000000000 ) ) ;
#1837 = CIRCLE ( 'NONE', #535, 2.250000000000001776 ) ;
#1838 = CARTESIAN_POINT ( 'NONE',  ( -168.0000000000000568, 6.000000000000000000, 63.00000000000000000 ) ) ;
#1839 = EDGE_LOOP ( 'NONE', ( #436, #1613 ) ) ;
#1840 = ORIENTED_EDGE ( 'NONE', *, *, #854, .F. ) ;
#1841 = DIRECTION ( 'NONE',  ( 0.000000000000000000, 1.000000000000000000, 0.000000000000000000 ) ) ;
#1842 = CARTESIAN_POINT ( 'NONE',  ( 215.9999999999999432, 3.000000000000000888, -63.00000000000000000 ) ) ;
#1843 = CARTESIAN_POINT ( 'NONE',  ( -221.0000000000000568, 0.000000000000000000, -67.00000000000000000 ) ) ;
#1844 = FACE_BOUND ( 'NONE', #1905, .T. ) ;
#1845 = FACE_BOUND ( 'NONE', #360, .T. ) ;
#1846 = DIRECTION ( 'NONE',  ( 0.000000000000000000, 1.000000000000000000, 0.000000000000000000 ) ) ;
#1847 = EDGE_LOOP ( 'NONE', ( #1262, #685, #1460, #977 ) ) ;
#1848 = EDGE_LOOP ( 'NONE', ( #1295, #1265 ) ) ;
#1849 = EDGE_LOOP ( 'NONE', ( #1766, #414, #720, #1041 ) ) ;
#1850 = DIRECTION ( 'NONE',  ( -0.000000000000000000, 1.000000000000000000, -0.000000000000000000 ) ) ;
#1851 = CARTESIAN_POINT ( 'NONE',  ( -216.0000000000000853, 3.000000000000000888, 61.29999999999999005 ) ) ;
#1852 = CIRCLE ( 'NONE', #81, 3.250000000000002665 ) ;
#1853 = DIRECTION ( 'NONE',  ( -0.000000000000000000, -0.000000000000000000, -1.000000000000000000 ) ) ;
#1854 = CARTESIAN_POINT ( 'NONE',  ( -168.0000000000000568, 3.000000000000000000, -63.00000000000000000 ) ) ;
#1855 = ADVANCED_FACE ( 'NONE', ( #1602 ), #184, .F. ) ;
#1856 = LINE ( 'NONE', #1383, #15 ) ;
#1857 = ADVANCED_FACE ( 'NONE', ( #1636 ), #1002, .F. ) ;
#1858 = DIRECTION ( 'NONE',  ( -0.000000000000000000, -1.000000000000000000, -0.000000000000000000 ) ) ;
#1859 = ORIENTED_EDGE ( 'NONE', *, *, #737, .F. ) ;
#1860 = ORIENTED_EDGE ( 'NONE', *, *, #996, .F. ) ;
#1861 = ORIENTED_EDGE ( 'NONE', *, *, #697, .F. ) ;
#1862 = ORIENTED_EDGE ( 'NONE', *, *, #1462, .T. ) ;
#1863 = CARTESIAN_POINT ( 'NONE',  ( 191.9999999999999432, 6.000000000000000000, -20.25000000000000000 ) ) ;
#1864 = CIRCLE ( 'NONE', #1743, 1.700000000000007061 ) ;
#1865 = DIRECTION ( 'NONE',  ( -0.000000000000000000, 1.000000000000000000, -0.000000000000000000 ) ) ;
#1866 = PLANE ( 'NONE',  #41 ) ;
#1867 = EDGE_CURVE ( 'NONE', #5, #1342, #382, .T. ) ;
#1868 = CARTESIAN_POINT ( 'NONE',  ( -214.3000000000000682, 3.000000000000000444, -63.00000000000000000 ) ) ;
#1869 = CARTESIAN_POINT ( 'NONE',  ( -216.0000000000000853, 0.000000000000000000, 64.70000000000000284 ) ) ;
#1870 = ORIENTED_EDGE ( 'NONE', *, *, #1162, .F. ) ;
#1871 = EDGE_CURVE ( 'NONE', #821, #1774, #1643, .T. ) ;
#1872 = VERTEX_POINT ( 'NONE', #69 ) ;
#1873 = AXIS2_PLACEMENT_3D ( 'NONE', #765, #1368, #1400 ) ;
#1874 = ORIENTED_EDGE ( 'NONE', *, *, #1305, .T. ) ;
#1875 = CARTESIAN_POINT ( 'NONE',  ( 215.9999999999999432, 3.000000000000000888, -63.00000000000000000 ) ) ;
#1876 = LINE ( 'NONE', #661, #1982 ) ;
#1877 = DIRECTION ( 'NONE',  ( 0.000000000000000000, -0.000000000000000000, 1.000000000000000000 ) ) ;
#1878 = CARTESIAN_POINT ( 'NONE',  ( 167.9999999999999147, 6.000000000000000000, -64.70000000000000284 ) ) ;
#1879 = CARTESIAN_POINT ( 'NONE',  ( -192.0000000000000568, 4.000000000000000000, -18.00000000000000000 ) ) ;
#1880 = COLOUR_RGB ( '',0.7921568627450980005, 0.8196078431372548767, 0.9333333333333333481 ) ;
#1881 = ORIENTED_EDGE ( 'NONE', *, *, #65, .F. ) ;
#1882 = ORIENTED_EDGE ( 'NONE', *, *, #1661, .T. ) ;
#1883 = ORIENTED_EDGE ( 'NONE', *, *, #499, .F. ) ;
#1884 = DIRECTION ( 'NONE',  ( 0.000000000000000000, 0.000000000000000000, 1.000000000000000000 ) ) ;
#1885 = EDGE_CURVE ( 'NONE', #357, #601, #1538, .T. ) ;
#1886 = DIRECTION ( 'NONE',  ( 0.000000000000000000, 0.000000000000000000, -1.000000000000000000 ) ) ;
#1887 = CYLINDRICAL_SURFACE ( 'NONE', #2007, 4.000000000000003553 ) ;
#1888 = AXIS2_PLACEMENT_3D ( 'NONE', #514, #37, #215 ) ;
#1889 = AXIS2_PLACEMENT_3D ( 'NONE', #1527, #1933, #84 ) ;
#1890 = DIRECTION ( 'NONE',  ( -0.000000000000000000, 1.000000000000000000, -0.000000000000000000 ) ) ;
#1891 = FACE_OUTER_BOUND ( 'NONE', #1313, .T. ) ;
#1892 = EDGE_LOOP ( 'NONE', ( #1860, #435, #1245, #1161 ) ) ;
#1893 = EDGE_LOOP ( 'NONE', ( #385, #1314 ) ) ;
#1894 = ORIENTED_EDGE ( 'NONE', *, *, #1063, .F. ) ;
#1895 = CARTESIAN_POINT ( 'NONE',  ( -168.0000000000000568, 3.000000000000000000, 59.75000000000000000 ) ) ;
#1896 = AXIS2_PLACEMENT_3D ( 'NONE', #1290, #1432, #634 ) ;
#1897 = CARTESIAN_POINT ( 'NONE',  ( -216.0000000000000853, 6.000000000000000000, -59.75000000000000000 ) ) ;
#1898 = LINE ( 'NONE', #472, #389 ) ;
#1899 = FACE_BOUND ( 'NONE', #1009, .T. ) ;
#1900 = CARTESIAN_POINT ( 'NONE',  ( 220.9999999999999432, 6.000000000000000000, 67.00000000000000000 ) ) ;
#1901 = CARTESIAN_POINT ( 'NONE',  ( 167.9999999999999147, 6.000000000000000000, 66.25000000000000000 ) ) ;
#1902 = EDGE_LOOP ( 'NONE', ( #460, #1079 ) ) ;
#1903 = ORIENTED_EDGE ( 'NONE', *, *, #1445, .F. ) ;
#1904 = DIRECTION ( 'NONE',  ( -0.000000000000000000, -1.000000000000000000, -0.000000000000000000 ) ) ;
#1905 = EDGE_LOOP ( 'NONE', ( #510, #728 ) ) ;
#1906 = ORIENTED_EDGE ( 'NONE', *, *, #401, .T. ) ;
#1907 = DIRECTION ( 'NONE',  ( -0.000000000000000000, -1.000000000000000000, -0.000000000000000000 ) ) ;
#1908 =( NAMED_UNIT ( * ) SI_UNIT ( $, .STERADIAN. ) SOLID_ANGLE_UNIT ( ) );
#1909 = DIRECTION ( 'NONE',  ( -0.000000000000000000, 1.000000000000000000, -0.000000000000000000 ) ) ;
#1910 = DIRECTION ( 'NONE',  ( -0.000000000000000000, -1.000000000000000000, -0.000000000000000000 ) ) ;
#1911 = ADVANCED_FACE ( 'NONE', ( #1489 ), #860, .F. ) ;
#1912 = ORIENTED_EDGE ( 'NONE', *, *, #59, .T. ) ;
#1913 = VERTEX_POINT ( 'NONE', #1019 ) ;
#1914 = AXIS2_PLACEMENT_3D ( 'NONE', #1512, #1031, #569 ) ;
#1915 = EDGE_LOOP ( 'NONE', ( #8, #1906, #1049, #256 ) ) ;
#1916 = AXIS2_PLACEMENT_3D ( 'NONE', #61, #993, #1483 ) ;
#1917 = ORIENTED_EDGE ( 'NONE', *, *, #1649, .F. ) ;
#1918 = CARTESIAN_POINT ( 'NONE',  ( 215.9999999999999432, 6.000000000000000000, -64.70000000000000284 ) ) ;
#1919 = DIRECTION ( 'NONE',  ( -0.000000000000000000, 1.000000000000000000, -0.000000000000000000 ) ) ;
#1920 = DIRECTION ( 'NONE',  ( -0.000000000000000000, -1.000000000000000000, -0.000000000000000000 ) ) ;
#1921 = ORIENTED_EDGE ( 'NONE', *, *, #1495, .T. ) ;
#1922 = ORIENTED_EDGE ( 'NONE', *, *, #1148, .T. ) ;
#1923 = VERTEX_POINT ( 'NONE', #381 ) ;
#1924 = ORIENTED_EDGE ( 'NONE', *, *, #1305, .F. ) ;
#1925 = CARTESIAN_POINT ( 'NONE',  ( -216.0000000000000853, 6.000000000000000000, -61.29999999999999005 ) ) ;
#1926 = DIRECTION ( 'NONE',  ( 0.000000000000000000, 0.000000000000000000, 1.000000000000000000 ) ) ;
#1927 = DIRECTION ( 'NONE',  ( -0.000000000000000000, 1.000000000000000000, -0.000000000000000000 ) ) ;
#1928 = CIRCLE ( 'NONE', #1212, 3.250000000000002665 ) ;
#1929 = EDGE_LOOP ( 'NONE', ( #799, #1824 ) ) ;
#1930 = ORIENTED_EDGE ( 'NONE', *, *, #1159, .F. ) ;
#1931 = EDGE_CURVE ( 'NONE', #1229, #1774, #968, .T. ) ;
#1932 = ORIENTED_EDGE ( 'NONE', *, *, #928, .F. ) ;
#1933 = DIRECTION ( 'NONE',  ( -0.000000000000000000, 1.000000000000000000, -0.000000000000000000 ) ) ;
#1934 = CARTESIAN_POINT ( 'NONE',  ( 215.9999999999999432, 3.000000000000000888, 63.00000000000000000 ) ) ;
#1935 = DIRECTION ( 'NONE',  ( 0.000000000000000000, 0.000000000000000000, 1.000000000000000000 ) ) ;
#1936 = ADVANCED_FACE ( 'NONE', ( #77 ), #538, .F. ) ;
#1937 = ORIENTED_EDGE ( 'NONE', *, *, #204, .T. ) ;
#1938 = ADVANCED_FACE ( 'NONE', ( #706 ), #398, .F. ) ;
#1939 = VECTOR ( 'NONE', #194, 1000.000000000000000 ) ;
#1940 = EDGE_CURVE ( 'NONE', #541, #238, #1358, .T. ) ;
#1941 = CYLINDRICAL_SURFACE ( 'NONE', #649, 4.000000000000003553 ) ;
#1942 = ADVANCED_FACE ( 'NONE', ( #1006 ), #1347, .F. ) ;
#1943 = LINE ( 'NONE', #713, #643 ) ;
#1944 = AXIS2_PLACEMENT_3D ( 'NONE', #1415, #4, #489 ) ;
#1945 = DIRECTION ( 'NONE',  ( 0.000000000000000000, 0.000000000000000000, 1.000000000000000000 ) ) ;
#1946 = DIRECTION ( 'NONE',  ( -0.000000000000000000, 1.000000000000000000, -0.000000000000000000 ) ) ;
#1947 = DIRECTION ( 'NONE',  ( -0.000000000000000000, 1.000000000000000000, -0.000000000000000000 ) ) ;
#1948 = AXIS2_PLACEMENT_3D ( 'NONE', #225, #1654, #1326 ) ;
#1949 = DIRECTION ( 'NONE',  ( 0.000000000000000000, 0.000000000000000000, 1.000000000000000000 ) ) ;
#1950 = DIRECTION ( 'NONE',  ( -0.000000000000000000, 1.000000000000000000, -0.000000000000000000 ) ) ;
#1951 = DIRECTION ( 'NONE',  ( -0.000000000000000000, -1.000000000000000000, -0.000000000000000000 ) ) ;
#1952 = CARTESIAN_POINT ( 'NONE',  ( -168.0000000000000568, 6.000000000000000000, -63.00000000000000000 ) ) ;
#1953 = LINE ( 'NONE', #561, #1471 ) ;
#1954 = VECTOR ( 'NONE', #179, 1000.000000000000000 ) ;
#1955 = CARTESIAN_POINT ( 'NONE',  ( 191.9999999999999432, 4.000000000000000000, -18.00000000000000000 ) ) ;
#1956 = AXIS2_PLACEMENT_3D ( 'NONE', #756, #320, #1393 ) ;
#1957 = FACE_BOUND ( 'NONE', #1553, .T. ) ;
#1958 = DIRECTION ( 'NONE',  ( 0.000000000000000000, 0.000000000000000000, 1.000000000000000000 ) ) ;
#1959 = VECTOR ( 'NONE', #511, 1000.000000000000000 ) ;
#1960 = DIRECTION ( 'NONE',  ( -0.000000000000000000, 1.000000000000000000, -0.000000000000000000 ) ) ;
#1961 = CARTESIAN_POINT ( 'NONE',  ( 191.9999999999999432, 4.000000000000000000, 22.00000000000000355 ) ) ;
#1962 = VERTEX_POINT ( 'NONE', #1968 ) ;
#1963 = EDGE_CURVE ( 'NONE', #321, #541, #567, .T. ) ;
#1964 = ORIENTED_EDGE ( 'NONE', *, *, #1495, .F. ) ;
#1965 = DIRECTION ( 'NONE',  ( -0.000000000000000000, 1.000000000000000000, -0.000000000000000000 ) ) ;
#1966 = FACE_OUTER_BOUND ( 'NONE', #1386, .T. ) ;
#1967 = CARTESIAN_POINT ( 'NONE',  ( -216.0000000000000853, 6.000000000000000000, 66.25000000000000000 ) ) ;
#1968 = CARTESIAN_POINT ( 'NONE',  ( -168.0000000000000568, 3.000000000000000000, -59.75000000000000000 ) ) ;
#1969 = AXIS2_PLACEMENT_3D ( 'NONE', #681, #1920, #1455 ) ;
#1970 = EDGE_CURVE ( 'NONE', #110, #125, #939, .T. ) ;
#1971 = CARTESIAN_POINT ( 'NONE',  ( -216.0000000000000853, 3.000000000000000888, 64.70000000000000284 ) ) ;
#1972 = EDGE_LOOP ( 'NONE', ( #1776, #890, #1441, #1243 ) ) ;
#1973 = AXIS2_PLACEMENT_3D ( 'NONE', #990, #1291, #1768 ) ;
#1974 = VERTEX_POINT ( 'NONE', #1179 ) ;
#1975 = AXIS2_PLACEMENT_3D ( 'NONE', #1282, #1778, #372 ) ;
#1976 = AXIS2_PLACEMENT_3D ( 'NONE', #1174, #1652, #258 ) ;
#1977 = LINE ( 'NONE', #113, #1770 ) ;
#1978 = PLANE ( 'NONE',  #1219 ) ;
#1979 = AXIS2_PLACEMENT_3D ( 'NONE', #1038, #1029, #1664 ) ;
#1980 = DIRECTION ( 'NONE',  ( -0.000000000000000000, -1.000000000000000000, -0.000000000000000000 ) ) ;
#1981 = DIRECTION ( 'NONE',  ( 0.000000000000000000, 0.000000000000000000, 1.000000000000000000 ) ) ;
#1982 = VECTOR ( 'NONE', #1738, 1000.000000000000000 ) ;
#1983 = CYLINDRICAL_SURFACE ( 'NONE', #946, 3.250000000000002665 ) ;
#1984 = ORIENTED_EDGE ( 'NONE', *, *, #1060, .T. ) ;
#1985 = ORIENTED_EDGE ( 'NONE', *, *, #1289, .T. ) ;
#1986 = FACE_OUTER_BOUND ( 'NONE', #289, .T. ) ;
#1987 = CIRCLE ( 'NONE', #498, 1.700000000000007061 ) ;
#1988 = CARTESIAN_POINT ( 'NONE',  ( -168.0000000000000568, 6.000000000000000000, 66.25000000000000000 ) ) ;
#1989 = DIRECTION ( 'NONE',  ( 0.000000000000000000, 0.000000000000000000, 1.000000000000000000 ) ) ;
#1990 = DIRECTION ( 'NONE',  ( 0.000000000000000000, -0.000000000000000000, -1.000000000000000000 ) ) ;
#1991 = CARTESIAN_POINT ( 'NONE',  ( 0.000000000000000000, 6.000000000000000000, 0.000000000000000000 ) ) ;
#1992 = AXIS2_PLACEMENT_3D ( 'NONE', #1834, #916, #593 ) ;
#1993 = CARTESIAN_POINT ( 'NONE',  ( 167.9999999999999147, 3.000000000000000000, 63.00000000000000000 ) ) ;
#1994 = ORIENTED_EDGE ( 'NONE', *, *, #415, .F. ) ;
#1995 = EDGE_CURVE ( 'NONE', #1139, #311, #1820, .T. ) ;
#1996 = VERTEX_POINT ( 'NONE', #1328 ) ;
#1997 = EDGE_CURVE ( 'NONE', #956, #1362, #1692, .T. ) ;
#1998 = ORIENTED_EDGE ( 'NONE', *, *, #274, .T. ) ;
#1999 = CARTESIAN_POINT ( 'NONE',  ( 191.9999999999999432, 0.000000000000000000, 18.00000000000000000 ) ) ;
#2000 = EDGE_CURVE ( 'NONE', #2033, #971, #682, .T. ) ;
#2001 = DIRECTION ( 'NONE',  ( 0.000000000000000000, 0.000000000000000000, 1.000000000000000000 ) ) ;
#2002 = EDGE_CURVE ( 'NONE', #1007, #1720, #1338, .T. ) ;
#2003 = EDGE_CURVE ( 'NONE', #302, #1974, #1634, .T. ) ;
#2004 = CARTESIAN_POINT ( 'NONE',  ( 167.9999999999999147, 0.000000000000000000, 63.00000000000000000 ) ) ;
#2005 = DIRECTION ( 'NONE',  ( 0.000000000000000000, 0.000000000000000000, 1.000000000000000000 ) ) ;
#2006 = FACE_OUTER_BOUND ( 'NONE', #660, .T. ) ;
#2007 = AXIS2_PLACEMENT_3D ( 'NONE', #1381, #328, #1558 ) ;
#2008 = CARTESIAN_POINT ( 'NONE',  ( -216.0000000000000853, 3.000000000000000000, -63.00000000000000000 ) ) ;
#2009 = AXIS2_PLACEMENT_3D ( 'NONE', #1464, #1780, #1472 ) ;
#2010 = ORIENTED_EDGE ( 'NONE', *, *, #468, .T. ) ;
#2011 = EDGE_LOOP ( 'NONE', ( #552, #39, #881, #1505 ) ) ;
#2012 = ORIENTED_EDGE ( 'NONE', *, *, #1218, .F. ) ;
#2013 = DIRECTION ( 'NONE',  ( 0.000000000000000000, 0.000000000000000000, -1.000000000000000000 ) ) ;
#2014 = EDGE_CURVE ( 'NONE', #1140, #922, #1205, .T. ) ;
#2015 = AXIS2_PLACEMENT_3D ( 'NONE', #1809, #1177, #1799 ) ;
#2016 = LINE ( 'NONE', #885, #1681 ) ;
#2017 = DIRECTION ( 'NONE',  ( 0.000000000000000000, 0.000000000000000000, 1.000000000000000000 ) ) ;
#2018 = FACE_OUTER_BOUND ( 'NONE', #1755, .T. ) ;
#2019 = ADVANCED_FACE ( 'NONE', ( #862 ), #1014, .F. ) ;
#2020 = CARTESIAN_POINT ( 'NONE',  ( -168.0000000000000568, 6.000000000000000000, -64.70000000000000284 ) ) ;
#2021 = ORIENTED_EDGE ( 'NONE', *, *, #648, .F. ) ;
#2022 = ORIENTED_EDGE ( 'NONE', *, *, #45, .T. ) ;
#2023 = ORIENTED_EDGE ( 'NONE', *, *, #1438, .F. ) ;
#2024 = FACE_BOUND ( 'NONE', #632, .T. ) ;
#2025 = AXIS2_PLACEMENT_3D ( 'NONE', #21, #324, #809 ) ;
#2026 = CIRCLE ( 'NONE', #1037, 3.250000000000002665 ) ;
#2027 = CARTESIAN_POINT ( 'NONE',  ( -168.0000000000000568, 0.000000000000000000, -63.00000000000000000 ) ) ;
#2028 = CARTESIAN_POINT ( 'NONE',  ( 191.9999999999999432, 0.000000000000000000, -18.00000000000000000 ) ) ;
#2029 = FACE_BOUND ( 'NONE', #1839, .T. ) ;
#2030 = FACE_OUTER_BOUND ( 'NONE', #1783, .T. ) ;
#2031 = ORIENTED_EDGE ( 'NONE', *, *, #1940, .F. ) ;
#2032 = UNCERTAINTY_MEASURE_WITH_UNIT (LENGTH_MEASURE( 1.000000000000000082E-05 ), #709, 'distance_accuracy_value', 'NONE');
#2033 = VERTEX_POINT ( 'NONE', #1213 ) ;
#2034 = ORIENTED_EDGE ( 'NONE', *, *, #1157, .T. ) ;
#2035 = CARTESIAN_POINT ( 'NONE',  ( -192.0000000000000568, 4.000000000000000000, 18.00000000000000000 ) ) ;
ENDSEC;
END-ISO-10303-21;
