ISO-10303-21;
HEADER;
FILE_DESCRIPTION (( 'STEP AP203' ),
    '1' );
FILE_NAME ('UNIVERSAL-MAIN-BLOCK-v001.STEP',
    '2019-08-12T17:58:17',
    ( '' ),
    ( '' ),
    'SwSTEP 2.0',
    'SolidWorks 2019',
    '' );
FILE_SCHEMA (( 'CONFIG_CONTROL_DESIGN' ));
ENDSEC;

DATA;
#1 = ORIENTED_EDGE ( 'NONE', *, *, #1646, .T. ) ;
#2 = ADVANCED_FACE ( 'NONE', ( #2599 ), #1430, .F. ) ;
#3 = ORIENTED_EDGE ( 'NONE', *, *, #1660, .F. ) ;
#4 = AXIS2_PLACEMENT_3D ( 'NONE', #99, #2711, #583 ) ;
#5 = DIRECTION ( 'NONE',  ( -0.0000000000000000000, 0.0000000000000000000, -1.000000000000000000 ) ) ;
#6 = LINE ( 'NONE', #1912, #2853 ) ;
#7 = EDGE_CURVE ( 'NONE', #218, #2857, #2229, .T. ) ;
#8 = CARTESIAN_POINT ( 'NONE',  ( 75.00000000000000000, 139.9999999999999716, 35.00000000000000000 ) ) ;
#9 = CONICAL_SURFACE ( 'NONE', #2048, 1.250000000000001110, 1.029744258676654090 ) ;
#10 = CARTESIAN_POINT ( 'NONE',  ( 52.49999999999997868, 155.0000000000000000, 35.00000000000000000 ) ) ;
#11 = DIRECTION ( 'NONE',  ( -1.000000000000000000, 0.0000000000000000000, 0.0000000000000000000 ) ) ;
#12 = EDGE_LOOP ( 'NONE', ( #648, #47, #322, #752 ) ) ;
#13 = ORIENTED_EDGE ( 'NONE', *, *, #261, .T. ) ;
#14 = CARTESIAN_POINT ( 'NONE',  ( -2.693923515634571110E-14, 165.0000000000000000, 40.00000000000000000 ) ) ;
#15 = ORIENTED_EDGE ( 'NONE', *, *, #3041, .T. ) ;
#16 = ADVANCED_FACE ( 'NONE', ( #2652 ), #599, .F. ) ;
#17 = ORIENTED_EDGE ( 'NONE', *, *, #2336, .F. ) ;
#18 = ORIENTED_EDGE ( 'NONE', *, *, #1105, .F. ) ;
#19 = EDGE_CURVE ( 'NONE', #701, #766, #110, .T. ) ;
#20 = ORIENTED_EDGE ( 'NONE', *, *, #2155, .T. ) ;
#21 = FACE_OUTER_BOUND ( 'NONE', #957, .T. ) ;
#22 = CARTESIAN_POINT ( 'NONE',  ( 67.74999999999997158, 137.7500000000000000, 4.999999999999997335 ) ) ;
#23 = LINE ( 'NONE', #1930, #1776 ) ;
#24 = EDGE_CURVE ( 'NONE', #2156, #286, #2278, .T. ) ;
#25 = DIRECTION ( 'NONE',  ( -0.0000000000000000000, -0.0000000000000000000, -1.000000000000000000 ) ) ;
#26 = DIRECTION ( 'NONE',  ( -1.000000000000000000, 0.0000000000000000000, 0.0000000000000000000 ) ) ;
#27 = CIRCLE ( 'NONE', #1764, 1.524999999999999467 ) ;
#28 = CARTESIAN_POINT ( 'NONE',  ( 14.99999999999995559, 10.00000000000000000, 35.00000000000000000 ) ) ;
#29 = ORIENTED_EDGE ( 'NONE', *, *, #19, .T. ) ;
#30 = ORIENTED_EDGE ( 'NONE', *, *, #741, .T. ) ;
#31 = AXIS2_PLACEMENT_3D ( 'NONE', #2372, #2148, #946 ) ;
#32 = EDGE_CURVE ( 'NONE', #1783, #2857, #2465, .T. ) ;
#33 = CIRCLE ( 'NONE', #1929, 5.000000000000000888 ) ;
#34 = EDGE_LOOP ( 'NONE', ( #2701, #866, #1600, #1403, #503, #1045, #2597, #985 ) ) ;
#35 = VECTOR ( 'NONE', #675, 1000.000000000000000 ) ;
#36 = VECTOR ( 'NONE', #922, 1000.000000000000000 ) ;
#37 = APPROVAL_STATUS ( 'not_yet_approved' ) ;
#38 = CIRCLE ( 'NONE', #1293, 5.066899999999999515 ) ;
#39 = LINE ( 'NONE', #2673, #1579 ) ;
#40 = AXIS2_PLACEMENT_3D ( 'NONE', #451, #1392, #2328 ) ;
#41 = CARTESIAN_POINT ( 'NONE',  ( 3.474999999999972999, 5.000000000000004441, -8.673617379884035472E-16 ) ) ;
#42 = ORIENTED_EDGE ( 'NONE', *, *, #1909, .F. ) ;
#43 = CONICAL_SURFACE ( 'NONE', #1777, 1.524999999999998579, 0.7853981633974437271 ) ;
#44 = AXIS2_PLACEMENT_3D ( 'NONE', #1077, #2066, #392 ) ;
#45 = DIRECTION ( 'NONE',  ( -0.0000000000000000000, 0.0000000000000000000, -1.000000000000000000 ) ) ;
#46 = CLOSED_SHELL ( 'NONE', ( #495, #1759, #1601, #1621, #1192, #2889, #2689, #2894, #1941, #2921, #1070, #1846, #2038, #1421, #2669, #391, #2255, #2475, #2968, #1624, #2843, #1116, #2458, #1672, #121, #1980, #1312, #415, #1467, #1749, #2640, #1090, #1061, #572, #2313, #2230, #982, #2931, #2012, #835, #2608, #223, #950, #178, #1138, #2111, #2275, #777, #653, #2146, #313, #1453, #1991, #2557, #1019, #719, #1446, #1428, #2418, #84, #2430, #1950, #2685, #2373, #1791, #810, #2653, #2573, #988, #1307, #2141, #591, #16, #726, #1200, #2405, #1737, #2, #1664, #1182, #2964, #363, #813, #282, #2600, #1252, #298, #1861, #2795, #201, #1730, #2244, #1602, #1320, #875, #861, #1222, #1555, #1998, #1113, #1682, #991, #654, #2419 ) ) ;
#47 = ORIENTED_EDGE ( 'NONE', *, *, #1470, .T. ) ;
#48 = FACE_BOUND ( 'NONE', #1619, .T. ) ;
#49 = CARTESIAN_POINT ( 'NONE',  ( 93.74999999999998579, 5.000000000000000000, 7.499999999999998224 ) ) ;
#50 = EDGE_CURVE ( 'NONE', #1260, #1612, #2445, .T. ) ;
#51 = EDGE_LOOP ( 'NONE', ( #2403, #2529, #1390, #1044 ) ) ;
#52 = VERTEX_POINT ( 'NONE', #2884 ) ;
#53 = ORIENTED_EDGE ( 'NONE', *, *, #848, .F. ) ;
#54 = EDGE_LOOP ( 'NONE', ( #1188, #1451, #2918, #2284 ) ) ;
#55 = DIRECTION ( 'NONE',  ( 0.0000000000000000000, 0.0000000000000000000, 1.000000000000000000 ) ) ;
#56 = CONICAL_SURFACE ( 'NONE', #1789, 1.250000000000000222, 1.029744258676653867 ) ;
#57 = EDGE_CURVE ( 'NONE', #2165, #1801, #1753, .T. ) ;
#58 = DIRECTION ( 'NONE',  ( 0.8571673007021120005, 1.049727191138618326E-16, -0.5150380749100547106 ) ) ;
#59 = DIRECTION ( 'NONE',  ( 0.0000000000000000000, 0.0000000000000000000, -1.000000000000000000 ) ) ;
#60 = EDGE_CURVE ( 'NONE', #1572, #488, #779, .T. ) ;
#61 = VECTOR ( 'NONE', #1014, 1000.000000000000000 ) ;
#62 = DIRECTION ( 'NONE',  ( -0.0000000000000000000, 1.000000000000000000, -0.0000000000000000000 ) ) ;
#63 = ORIENTED_EDGE ( 'NONE', *, *, #443, .T. ) ;
#64 = CONICAL_SURFACE ( 'NONE', #1362, 1.250000000000001110, 1.029744258676654090 ) ;
#65 = DIRECTION ( 'NONE',  ( -1.000000000000000000, 0.0000000000000000000, 0.0000000000000000000 ) ) ;
#66 = CARTESIAN_POINT ( 'NONE',  ( 0.0000000000000000000, 0.0000000000000000000, 40.00000000000000000 ) ) ;
#67 = EDGE_LOOP ( 'NONE', ( #479, #2977, #671, #1837 ) ) ;
#68 = ORIENTED_EDGE ( 'NONE', *, *, #2723, .F. ) ;
#69 = EDGE_CURVE ( 'NONE', #1651, #1840, #2474, .T. ) ;
#70 = ORIENTED_EDGE ( 'NONE', *, *, #2766, .T. ) ;
#71 = ORIENTED_EDGE ( 'NONE', *, *, #561, .F. ) ;
#72 = LINE ( 'NONE', #2634, #2518 ) ;
#73 = CARTESIAN_POINT ( 'NONE',  ( 49.99999999999999289, 4.999999999999990230, 8.251075773784450007 ) ) ;
#74 = EDGE_CURVE ( 'NONE', #161, #1783, #2481, .T. ) ;
#75 = EDGE_LOOP ( 'NONE', ( #1139, #2595, #2609 ) ) ;
#76 = CARTESIAN_POINT ( 'NONE',  ( 74.99999999999998579, 25.00000000000000000, 35.00000000000000000 ) ) ;
#77 = EDGE_LOOP ( 'NONE', ( #2436, #2122, #782, #2898 ) ) ;
#78 = EDGE_CURVE ( 'NONE', #2062, #2826, #96, .T. ) ;
#79 = APPROVAL_PERSON_ORGANIZATION ( #549, #1006, #2420 ) ;
#80 = DIRECTION ( 'NONE',  ( -1.000000000000000000, 0.0000000000000000000, -0.0000000000000000000 ) ) ;
#81 = DIRECTION ( 'NONE',  ( -0.8571673007021121116, 0.0000000000000000000, -0.5150380749100544886 ) ) ;
#82 = ORIENTED_EDGE ( 'NONE', *, *, #2637, .T. ) ;
#83 = EDGE_LOOP ( 'NONE', ( #2694, #1419, #1205, #1191 ) ) ;
#84 = ADVANCED_FACE ( 'NONE', ( #2930 ), #1349, .F. ) ;
#85 = CARTESIAN_POINT ( 'NONE',  ( -8.163404592832031007E-16, 4.999999999999999112, 40.00000000000000000 ) ) ;
#86 = EDGE_LOOP ( 'NONE', ( #3, #2168, #2258, #2737 ) ) ;
#87 = AXIS2_PLACEMENT_3D ( 'NONE', #333, #1493, #1949 ) ;
#88 = CARTESIAN_POINT ( 'NONE',  ( 24.99999999999997513, 160.0000000000000000, 35.00000000000000000 ) ) ;
#89 = EDGE_CURVE ( 'NONE', #358, #2485, #1025, .T. ) ;
#90 = AXIS2_PLACEMENT_3D ( 'NONE', #997, #818, #2675 ) ;
#91 = DIRECTION ( 'NONE',  ( 0.0000000000000000000, 0.0000000000000000000, 1.000000000000000000 ) ) ;
#92 = AXIS2_PLACEMENT_3D ( 'NONE', #1796, #2937, #619 ) ;
#93 = CARTESIAN_POINT ( 'NONE',  ( 6.524999999999971934, 85.00000000000000000, -8.673617379884035472E-16 ) ) ;
#94 = CIRCLE ( 'NONE', #2089, 5.000000000000004441 ) ;
#95 = DIRECTION ( 'NONE',  ( 0.0000000000000000000, 0.0000000000000000000, -1.000000000000000000 ) ) ;
#96 = LINE ( 'NONE', #2429, #2960 ) ;
#97 = EDGE_CURVE ( 'NONE', #119, #1002, #2914, .T. ) ;
#98 = EDGE_CURVE ( 'NONE', #563, #2416, #1057, .T. ) ;
#99 = CARTESIAN_POINT ( 'NONE',  ( 84.99999999999998579, 155.0000000000000000, 35.00000000000000000 ) ) ;
#100 = ORIENTED_EDGE ( 'NONE', *, *, #2880, .T. ) ;
#101 = EDGE_CURVE ( 'NONE', #2888, #2901, #1983, .T. ) ;
#102 = ORIENTED_EDGE ( 'NONE', *, *, #2336, .T. ) ;
#103 = LINE ( 'NONE', #1806, #254 ) ;
#104 = DIRECTION ( 'NONE',  ( -0.0000000000000000000, 0.0000000000000000000, -1.000000000000000000 ) ) ;
#105 = DIRECTION ( 'NONE',  ( 1.000000000000000000, 0.0000000000000000000, 0.0000000000000000000 ) ) ;
#106 = ORIENTED_EDGE ( 'NONE', *, *, #50, .F. ) ;
#107 = DIRECTION ( 'NONE',  ( -0.0000000000000000000, -0.0000000000000000000, -1.000000000000000000 ) ) ;
#108 = AXIS2_PLACEMENT_3D ( 'NONE', #2544, #2782, #976 ) ;
#109 = DIRECTION ( 'NONE',  ( -1.000000000000000000, 0.0000000000000000000, 0.0000000000000000000 ) ) ;
#110 = LINE ( 'NONE', #1015, #1781 ) ;
#111 = FACE_OUTER_BOUND ( 'NONE', #2087, .T. ) ;
#112 = ORIENTED_EDGE ( 'NONE', *, *, #515, .T. ) ;
#113 = VERTEX_POINT ( 'NONE', #2896 ) ;
#114 = FACE_OUTER_BOUND ( 'NONE', #711, .T. ) ;
#115 = ORIENTED_EDGE ( 'NONE', *, *, #1435, .T. ) ;
#116 = EDGE_CURVE ( 'NONE', #2760, #2105, #699, .T. ) ;
#117 = CARTESIAN_POINT ( 'NONE',  ( 74.99999999999998579, 25.00000000000000000, 35.00000000000000000 ) ) ;
#118 = DIRECTION ( 'NONE',  ( -0.0000000000000000000, -0.0000000000000000000, 1.000000000000000000 ) ) ;
#119 = VERTEX_POINT ( 'NONE', #1496 ) ;
#120 = LINE ( 'NONE', #1345, #1635 ) ;
#121 = ADVANCED_FACE ( 'NONE', ( #2707 ), #2088, .F. ) ;
#122 = CARTESIAN_POINT ( 'NONE',  ( 32.25000000000000000, 32.25000000000001421, 4.999999999999997335 ) ) ;
#123 = DIRECTION ( 'NONE',  ( -0.0000000000000000000, 1.000000000000000000, -0.0000000000000000000 ) ) ;
#124 = DIRECTION ( 'NONE',  ( -1.000000000000000000, 0.0000000000000000000, 0.0000000000000000000 ) ) ;
#125 = ORIENTED_EDGE ( 'NONE', *, *, #1514, .T. ) ;
#126 = DIRECTION ( 'NONE',  ( -0.0000000000000000000, -0.0000000000000000000, -1.000000000000000000 ) ) ;
#128 = ORIENTED_EDGE ( 'NONE', *, *, #3068, .T. ) ;
#127 = LOCAL_TIME ( 10, 58, 17.00000000000000000, #2272 ) ;
#129 = EDGE_CURVE ( 'NONE', #812, #1366, #807, .T. ) ;
#130 = VECTOR ( 'NONE', #527, 1000.000000000000000 ) ;
#131 = DIRECTION ( 'NONE',  ( -0.0000000000000000000, 1.000000000000000000, -0.0000000000000000000 ) ) ;
#132 = DIRECTION ( 'NONE',  ( -1.000000000000000000, 0.0000000000000000000, 0.0000000000000000000 ) ) ;
#133 = EDGE_CURVE ( 'NONE', #263, #602, #338, .T. ) ;
#134 = DIRECTION ( 'NONE',  ( 1.000000000000000000, 0.0000000000000000000, 0.0000000000000000000 ) ) ;
#135 = VECTOR ( 'NONE', #1782, 1000.000000000000000 ) ;
#136 = DESIGN_CONTEXT ( 'detailed design', #1190, 'design' ) ;
#137 = LINE ( 'NONE', #2771, #2702 ) ;
#138 = VECTOR ( 'NONE', #2703, 1000.000000000000000 ) ;
#139 = VECTOR ( 'NONE', #238, 1000.000000000000000 ) ;
#140 = CARTESIAN_POINT ( 'NONE',  ( 49.99999999999999289, 4.999999999999990230, 0.0000000000000000000 ) ) ;
#141 = CARTESIAN_POINT ( 'NONE',  ( 4.999999999999972466, 5.000000000000004441, 0.0000000000000000000 ) ) ;
#142 = AXIS2_PLACEMENT_3D ( 'NONE', #660, #175, #1813 ) ;
#143 = ORIENTED_EDGE ( 'NONE', *, *, #2527, .F. ) ;
#144 = AXIS2_PLACEMENT_3D ( 'NONE', #428, #464, #2454 ) ;
#145 = FACE_OUTER_BOUND ( 'NONE', #2003, .T. ) ;
#146 = ORIENTED_EDGE ( 'NONE', *, *, #1578, .F. ) ;
#147 = EDGE_CURVE ( 'NONE', #776, #113, #881, .T. ) ;
#148 = PERSON_AND_ORGANIZATION ( #523, #1202 ) ;
#149 = CARTESIAN_POINT ( 'NONE',  ( 4.999999999999972466, 5.000000000000004441, 0.2749999999999991895 ) ) ;
#150 = AXIS2_PLACEMENT_3D ( 'NONE', #942, #874, #2813 ) ;
#151 = CARTESIAN_POINT ( 'NONE',  ( 95.00000000000000000, 85.00000000000000000, 0.2749999999999991895 ) ) ;
#152 = DIRECTION ( 'NONE',  ( -0.0000000000000000000, -0.0000000000000000000, -1.000000000000000000 ) ) ;
#153 = ORIENTED_EDGE ( 'NONE', *, *, #69, .F. ) ;
#154 = EDGE_CURVE ( 'NONE', #1394, #2182, #2969, .T. ) ;
#155 = CARTESIAN_POINT ( 'NONE',  ( 32.25000000000000000, 37.25000000000001421, 4.999999999999997335 ) ) ;
#156 = CARTESIAN_POINT ( 'NONE',  ( 24.99999999999997513, 145.0000000000000000, 0.0000000000000000000 ) ) ;
#157 = DIRECTION ( 'NONE',  ( -1.000000000000000000, 0.0000000000000000000, 0.0000000000000000000 ) ) ;
#158 = CARTESIAN_POINT ( 'NONE',  ( 4.999999999999976907, 165.0000000000000000, -8.673617379884035472E-16 ) ) ;
#159 = DIRECTION ( 'NONE',  ( -1.000000000000000000, 0.0000000000000000000, 0.0000000000000000000 ) ) ;
#160 = ORIENTED_EDGE ( 'NONE', *, *, #749, .F. ) ;
#161 = VERTEX_POINT ( 'NONE', #904 ) ;
#162 = AXIS2_PLACEMENT_3D ( 'NONE', #364, #347, #634 ) ;
#163 = DIRECTION ( 'NONE',  ( -0.0000000000000000000, -0.0000000000000000000, -1.000000000000000000 ) ) ;
#164 = ORIENTED_EDGE ( 'NONE', *, *, #2897, .F. ) ;
#165 = EDGE_CURVE ( 'NONE', #2727, #678, #1799, .T. ) ;
#166 = CONICAL_SURFACE ( 'NONE', #108, 1.250000000000001110, 1.029744258676654090 ) ;
#167 = PERSON_AND_ORGANIZATION ( #523, #1202 ) ;
#168 = CARTESIAN_POINT ( 'NONE',  ( 6.249999999999972466, 5.000000000000004441, 0.0000000000000000000 ) ) ;
#169 = CARTESIAN_POINT ( 'NONE',  ( 32.25000000000001421, 137.7500000000000000, 4.999999999999997335 ) ) ;
#170 = CARTESIAN_POINT ( 'NONE',  ( 37.49999999999997868, 169.4797000000000082, 19.99999999999999289 ) ) ;
#171 = ORIENTED_EDGE ( 'NONE', *, *, #2586, .T. ) ;
#172 = DIRECTION ( 'NONE',  ( -1.000000000000000000, 0.0000000000000000000, 0.0000000000000000000 ) ) ;
#173 = VERTEX_POINT ( 'NONE', #2494 ) ;
#174 = DIRECTION ( 'NONE',  ( -0.0000000000000000000, 1.000000000000000000, -0.0000000000000000000 ) ) ;
#175 = DIRECTION ( 'NONE',  ( 0.0000000000000000000, -1.000000000000000000, 0.0000000000000000000 ) ) ;
#176 = CARTESIAN_POINT ( 'NONE',  ( 93.75000000000000000, 85.00000000000000000, 7.499999999999998224 ) ) ;
#177 = ORIENTED_EDGE ( 'NONE', *, *, #1470, .F. ) ;
#178 = ADVANCED_FACE ( 'NONE', ( #1834 ), #674, .F. ) ;
#179 = EDGE_LOOP ( 'NONE', ( #1708, #248, #349, #3016 ) ) ;
#180 = CARTESIAN_POINT ( 'NONE',  ( 4.999999999999972466, 85.00000000000000000, 0.2749999999999991895 ) ) ;
#181 = ORIENTED_EDGE ( 'NONE', *, *, #1986, .F. ) ;
#182 = ORIENTED_EDGE ( 'NONE', *, *, #2005, .F. ) ;
#183 = LINE ( 'NONE', #3015, #1984 ) ;
#184 = EDGE_CURVE ( 'NONE', #394, #1027, #3028, .T. ) ;
#185 = LINE ( 'NONE', #1143, #963 ) ;
#186 = CONICAL_SURFACE ( 'NONE', #388, 4.546599999999990871, 1.029744258676654978 ) ;
#187 = AXIS2_PLACEMENT_3D ( 'NONE', #1452, #2850, #2361 ) ;
#188 = CARTESIAN_POINT ( 'NONE',  ( 37.49999999999997868, 147.0130000000000052, 15.45340000000000202 ) ) ;
#189 = DIRECTION ( 'NONE',  ( -0.0000000000000000000, -0.0000000000000000000, -1.000000000000000000 ) ) ;
#190 = ORIENTED_EDGE ( 'NONE', *, *, #1357, .F. ) ;
#191 = EDGE_CURVE ( 'NONE', #2485, #3071, #2378, .T. ) ;
#192 = AXIS2_PLACEMENT_3D ( 'NONE', #170, #1794, #895 ) ;
#193 = CARTESIAN_POINT ( 'NONE',  ( 37.49999999999997868, 145.0000000000000000, 19.99999999999999289 ) ) ;
#194 = ORIENTED_EDGE ( 'NONE', *, *, #1891, .F. ) ;
#195 = FACE_OUTER_BOUND ( 'NONE', #2849, .T. ) ;
#196 = DIRECTION ( 'NONE',  ( -1.000000000000000000, 0.0000000000000000000, 0.0000000000000000000 ) ) ;
#197 = DIRECTION ( 'NONE',  ( -0.0000000000000000000, -0.0000000000000000000, 1.000000000000000000 ) ) ;
#198 = CIRCLE ( 'NONE', #2617, 4.999999999999999112 ) ;
#199 = DIRECTION ( 'NONE',  ( -1.000000000000000000, 0.0000000000000000000, 0.0000000000000000000 ) ) ;
#200 = ORIENTED_EDGE ( 'NONE', *, *, #941, .T. ) ;
#201 = ADVANCED_FACE ( 'NONE', ( #419 ), #1347, .F. ) ;
#202 = VECTOR ( 'NONE', #3025, 1000.000000000000000 ) ;
#203 = PLANE ( 'NONE',  #2912 ) ;
#204 = ORIENTED_EDGE ( 'NONE', *, *, #564, .T. ) ;
#205 = AXIS2_PLACEMENT_3D ( 'NONE', #2084, #912, #1337 ) ;
#206 = EDGE_CURVE ( 'NONE', #776, #2062, #1884, .T. ) ;
#207 = CARTESIAN_POINT ( 'NONE',  ( 3.474999999999976552, 165.0000000000000000, -8.673617379884035472E-16 ) ) ;
#208 = DIRECTION ( 'NONE',  ( -0.0000000000000000000, -0.0000000000000000000, -1.000000000000000000 ) ) ;
#209 = DIRECTION ( 'NONE',  ( 0.0000000000000000000, -0.0000000000000000000, 1.000000000000000000 ) ) ;
#210 = ORIENTED_EDGE ( 'NONE', *, *, #2527, .T. ) ;
#211 = CARTESIAN_POINT ( 'NONE',  ( 4.999999999999997335, 0.0000000000000000000, 40.00000000000000000 ) ) ;
#212 = ORIENTED_EDGE ( 'NONE', *, *, #936, .T. ) ;
#213 = DIRECTION ( 'NONE',  ( -0.0000000000000000000, -0.0000000000000000000, -1.000000000000000000 ) ) ;
#214 = CARTESIAN_POINT ( 'NONE',  ( 3.474999999999972999, 85.00000000000000000, -8.673617379884035472E-16 ) ) ;
#215 = DIRECTION ( 'NONE',  ( -0.0000000000000000000, 1.000000000000000000, -0.0000000000000000000 ) ) ;
#216 = VERTEX_POINT ( 'NONE', #1622 ) ;
#217 = CARTESIAN_POINT ( 'NONE',  ( 37.49999999999997868, 170.0000000000000000, 19.99999999999999289 ) ) ;
#218 = VERTEX_POINT ( 'NONE', #1363 ) ;
#219 = DIRECTION ( 'NONE',  ( 0.0000000000000000000, 0.0000000000000000000, -1.000000000000000000 ) ) ;
#220 = AXIS2_PLACEMENT_3D ( 'NONE', #677, #1175, #3011 ) ;
#221 = AXIS2_PLACEMENT_3D ( 'NONE', #1285, #570, #109 ) ;
#222 = CARTESIAN_POINT ( 'NONE',  ( 29.99999999999995737, 30.00000000000000355, 35.00000000000000000 ) ) ;
#223 = ADVANCED_FACE ( 'NONE', ( #2551 ), #1082, .F. ) ;
#224 = CARTESIAN_POINT ( 'NONE',  ( 4.999999999999999112, 0.0000000000000000000, 40.00000000000000000 ) ) ;
#225 = DIRECTION ( 'NONE',  ( -1.000000000000000000, 0.0000000000000000000, 0.0000000000000000000 ) ) ;
#226 = DIRECTION ( 'NONE',  ( -0.7071067811865474617, 0.0000000000000000000, -0.7071067811865474617 ) ) ;
#227 = ORIENTED_EDGE ( 'NONE', *, *, #2697, .F. ) ;
#228 = CARTESIAN_POINT ( 'NONE',  ( 49.99999999999999289, 4.999999999999990230, 7.499999999999998224 ) ) ;
#229 = CARTESIAN_POINT ( 'NONE',  ( 62.49999999999997158, 145.0000000000000000, 19.99999999999999289 ) ) ;
#230 = EDGE_CURVE ( 'NONE', #1288, #1062, #2036, .T. ) ;
#231 = ORIENTED_EDGE ( 'NONE', *, *, #60, .T. ) ;
#232 = DIRECTION ( 'NONE',  ( -1.000000000000000000, 0.0000000000000000000, 0.0000000000000000000 ) ) ;
#233 = EDGE_LOOP ( 'NONE', ( #252, #851, #2194, #3067 ) ) ;
#234 = ORIENTED_EDGE ( 'NONE', *, *, #1865, .T. ) ;
#235 = ORIENTED_EDGE ( 'NONE', *, *, #2697, .T. ) ;
#236 = EDGE_CURVE ( 'NONE', #2757, #1758, #2072, .T. ) ;
#237 = CARTESIAN_POINT ( 'NONE',  ( 4.999999999999976907, 165.0000000000000000, 0.0000000000000000000 ) ) ;
#238 = DIRECTION ( 'NONE',  ( -1.000000000000000000, -0.0000000000000000000, -0.0000000000000000000 ) ) ;
#239 = DIRECTION ( 'NONE',  ( -0.0000000000000000000, 0.0000000000000000000, -1.000000000000000000 ) ) ;
#240 = VERTEX_POINT ( 'NONE', #2094 ) ;
#241 = CARTESIAN_POINT ( 'NONE',  ( 72.75000000000000000, 37.25000000000000711, 40.00000000000000000 ) ) ;
#242 = ORIENTED_EDGE ( 'NONE', *, *, #741, .F. ) ;
#243 = VECTOR ( 'NONE', #2623, 1000.000000000000000 ) ;
#244 = EDGE_CURVE ( 'NONE', #1221, #1584, #353, .T. ) ;
#245 = CARTESIAN_POINT ( 'NONE',  ( 48.74999999999999289, 4.999999999999990230, 0.0000000000000000000 ) ) ;
#246 = CIRCLE ( 'NONE', #3003, 4.999999999999997335 ) ;
#247 = DIRECTION ( 'NONE',  ( 1.000000000000000000, 0.0000000000000000000, 0.0000000000000000000 ) ) ;
#248 = ORIENTED_EDGE ( 'NONE', *, *, #165, .F. ) ;
#249 = ORIENTED_EDGE ( 'NONE', *, *, #2808, .T. ) ;
#250 = VERTEX_POINT ( 'NONE', #399 ) ;
#251 = AXIS2_PLACEMENT_3D ( 'NONE', #1228, #2848, #2160 ) ;
#252 = ORIENTED_EDGE ( 'NONE', *, *, #2385, .F. ) ;
#253 = AXIS2_PLACEMENT_3D ( 'NONE', #325, #1040, #1979 ) ;
#254 = VECTOR ( 'NONE', #3033, 1000.000000000000000 ) ;
#255 = LINE ( 'NONE', #684, #970 ) ;
#256 = CARTESIAN_POINT ( 'NONE',  ( 4.999999999999976907, 165.0000000000000000, 0.0000000000000000000 ) ) ;
#257 = DIRECTION ( 'NONE',  ( -1.000000000000000000, -0.0000000000000000000, -0.0000000000000000000 ) ) ;
#258 = ORIENTED_EDGE ( 'NONE', *, *, #411, .F. ) ;
#259 = CARTESIAN_POINT ( 'NONE',  ( 93.74999999999998579, 165.0000000000000000, 7.499999999999998224 ) ) ;
#260 = DIRECTION ( 'NONE',  ( -0.0000000000000000000, -0.0000000000000000000, -1.000000000000000000 ) ) ;
#261 = EDGE_CURVE ( 'NONE', #728, #2383, #2282, .T. ) ;
#262 = LINE ( 'NONE', #2823, #370 ) ;
#263 = VERTEX_POINT ( 'NONE', #2953 ) ;
#264 = ORIENTED_EDGE ( 'NONE', *, *, #544, .T. ) ;
#265 = ORIENTED_EDGE ( 'NONE', *, *, #1746, .F. ) ;
#266 = VERTEX_POINT ( 'NONE', #849 ) ;
#267 = VECTOR ( 'NONE', #2158, 1000.000000000000000 ) ;
#268 = CARTESIAN_POINT ( 'NONE',  ( 67.74999999999997158, 137.7500000000000000, 40.00000000000000000 ) ) ;
#269 = AXIS2_PLACEMENT_3D ( 'NONE', #1056, #2883, #1024 ) ;
#270 = CARTESIAN_POINT ( 'NONE',  ( 37.49999999999997158, 144.2811271095293080, 19.99999999999999289 ) ) ;
#271 = FACE_OUTER_BOUND ( 'NONE', #709, .T. ) ;
#272 = ORIENTED_EDGE ( 'NONE', *, *, #1407, .T. ) ;
#273 = VERTEX_POINT ( 'NONE', #1118 ) ;
#274 = LINE ( 'NONE', #2819, #2902 ) ;
#275 = ORIENTED_EDGE ( 'NONE', *, *, #1043, .T. ) ;
#276 = PLANE ( 'NONE',  #346 ) ;
#277 = EDGE_CURVE ( 'NONE', #113, #2826, #38, .T. ) ;
#278 = CARTESIAN_POINT ( 'NONE',  ( 96.24999999999998579, 5.000000000000000000, 7.499999999999998224 ) ) ;
#279 = ORIENTED_EDGE ( 'NONE', *, *, #689, .F. ) ;
#280 = ORIENTED_EDGE ( 'NONE', *, *, #1284, .F. ) ;
#281 = VERTEX_POINT ( 'NONE', #1554 ) ;
#282 = ADVANCED_FACE ( 'NONE', ( #1328 ), #2262, .F. ) ;
#283 = FACE_OUTER_BOUND ( 'NONE', #328, .T. ) ;
#284 = VERTEX_POINT ( 'NONE', #214 ) ;
#285 = LINE ( 'NONE', #1241, #1042 ) ;
#286 = VERTEX_POINT ( 'NONE', #2568 ) ;
#287 = EDGE_CURVE ( 'NONE', #379, #2383, #456, .T. ) ;
#288 = AXIS2_PLACEMENT_3D ( 'NONE', #398, #2295, #2493 ) ;
#289 = PLANE ( 'NONE',  #1482 ) ;
#290 = AXIS2_PLACEMENT_3D ( 'NONE', #2582, #1199, #2136 ) ;
#291 = DIRECTION ( 'NONE',  ( 0.0000000000000000000, 0.0000000000000000000, -1.000000000000000000 ) ) ;
#292 = VERTEX_POINT ( 'NONE', #2332 ) ;
#293 = AXIS2_PLACEMENT_3D ( 'NONE', #577, #1506, #2687 ) ;
#294 = VERTEX_POINT ( 'NONE', #1577 ) ;
#295 = ADVANCED_BREP_SHAPE_REPRESENTATION ( 'UNIVERSAL-MAIN-BLOCK-v001', ( #2120, #796 ), #397 ) ;
#296 = ORIENTED_EDGE ( 'NONE', *, *, #1824, .T. ) ;
#297 = CIRCLE ( 'NONE', #396, 1.196405402028370091 ) ;
#298 = ADVANCED_FACE ( 'NONE', ( #667 ), #1873, .F. ) ;
#299 = VECTOR ( 'NONE', #332, 1000.000000000000000 ) ;
#300 = DATE_AND_TIME ( #1710, #506 ) ;
#301 = AXIS2_PLACEMENT_3D ( 'NONE', #2632, #1928, #992 ) ;
#302 = CARTESIAN_POINT ( 'NONE',  ( 48.74999999999999289, 165.0000000000000000, 7.499999999999998224 ) ) ;
#303 = AXIS2_PLACEMENT_3D ( 'NONE', #1587, #2040, #1083 ) ;
#304 = DIRECTION ( 'NONE',  ( 0.0000000000000000000, -0.0000000000000000000, 1.000000000000000000 ) ) ;
#305 = ORIENTED_EDGE ( 'NONE', *, *, #1076, .F. ) ;
#306 = AXIS2_PLACEMENT_3D ( 'NONE', #1109, #2558, #928 ) ;
#307 = CARTESIAN_POINT ( 'NONE',  ( 69.99999999999998579, 30.00000000000000000, 0.0000000000000000000 ) ) ;
#308 = DIRECTION ( 'NONE',  ( -1.000000000000000000, 0.0000000000000000000, 0.0000000000000000000 ) ) ;
#309 = VECTOR ( 'NONE', #2734, 1000.000000000000000 ) ;
#310 = DIRECTION ( 'NONE',  ( -1.000000000000000000, 0.0000000000000000000, 0.0000000000000000000 ) ) ;
#311 = ORIENTED_EDGE ( 'NONE', *, *, #603, .F. ) ;
#312 = ORIENTED_EDGE ( 'NONE', *, *, #2615, .T. ) ;
#313 = ADVANCED_FACE ( 'NONE', ( #704, #893 ), #2304, .F. ) ;
#314 = CONICAL_SURFACE ( 'NONE', #2425, 1.524999999999998579, 0.7853981633974437271 ) ;
#315 = EDGE_CURVE ( 'NONE', #1235, #1921, #185, .T. ) ;
#316 = CARTESIAN_POINT ( 'NONE',  ( 47.49999999999997868, 150.0000000000000000, 0.0000000000000000000 ) ) ;
#317 = VECTOR ( 'NONE', #1803, 1000.000000000000000 ) ;
#318 = PRODUCT ( 'UNIVERSAL-MAIN-BLOCK-v001', 'UNIVERSAL-MAIN-BLOCK-v001', '', ( #1718 ) ) ;
#319 = DIRECTION ( 'NONE',  ( 0.0000000000000000000, 0.0000000000000000000, -1.000000000000000000 ) ) ;
#320 = AXIS2_PLACEMENT_3D ( 'NONE', #2001, #1580, #823 ) ;
#321 = CARTESIAN_POINT ( 'NONE',  ( 6.524999999999977263, 165.0000000000000000, -8.673617379884035472E-16 ) ) ;
#322 = ORIENTED_EDGE ( 'NONE', *, *, #101, .T. ) ;
#323 = AXIS2_PLACEMENT_3D ( 'NONE', #2207, #573, #1305 ) ;
#324 = FACE_BOUND ( 'NONE', #1405, .T. ) ;
#325 = CARTESIAN_POINT ( 'NONE',  ( 62.49999999999997158, 147.0130000000000052, 19.99999999999999289 ) ) ;
#326 = ORIENTED_EDGE ( 'NONE', *, *, #2705, .T. ) ;
#327 = FACE_OUTER_BOUND ( 'NONE', #884, .T. ) ;
#328 = EDGE_LOOP ( 'NONE', ( #18, #2472, #2130, #143 ) ) ;
#329 = ORIENTED_EDGE ( 'NONE', *, *, #7, .F. ) ;
#330 = CARTESIAN_POINT ( 'NONE',  ( 96.52499999999999147, 5.000000000000000000, -8.673617379884035472E-16 ) ) ;
#331 = EDGE_CURVE ( 'NONE', #1727, #2563, #1615, .T. ) ;
#332 = DIRECTION ( 'NONE',  ( 0.0000000000000000000, 0.0000000000000000000, -1.000000000000000000 ) ) ;
#333 = CARTESIAN_POINT ( 'NONE',  ( 0.0000000000000000000, 0.0000000000000000000, 40.00000000000000000 ) ) ;
#334 = DIRECTION ( 'NONE',  ( -1.000000000000000000, 0.0000000000000000000, 0.0000000000000000000 ) ) ;
#335 = EDGE_LOOP ( 'NONE', ( #1017, #2395, #2197, #2009 ) ) ;
#336 = PLANE ( 'NONE',  #1174 ) ;
#337 = EDGE_CURVE ( 'NONE', #2670, #754, #2117, .T. ) ;
#338 = LINE ( 'NONE', #1994, #1096 ) ;
#339 = CIRCLE ( 'NONE', #2746, 1.250000000000001110 ) ;
#340 = DIRECTION ( 'NONE',  ( -0.0000000000000000000, 0.0000000000000000000, 1.000000000000000000 ) ) ;
#341 = VERTEX_POINT ( 'NONE', #631 ) ;
#342 = EDGE_CURVE ( 'NONE', #1418, #294, #1775, .T. ) ;
#343 = AXIS2_PLACEMENT_3D ( 'NONE', #801, #189, #2291 ) ;
#344 = PERSON_AND_ORGANIZATION ( #523, #1202 ) ;
#345 = DIRECTION ( 'NONE',  ( 0.0000000000000000000, 0.0000000000000000000, 1.000000000000000000 ) ) ;
#346 = AXIS2_PLACEMENT_3D ( 'NONE', #76, #1479, #804 ) ;
#347 = DIRECTION ( 'NONE',  ( 0.0000000000000000000, 0.0000000000000000000, -1.000000000000000000 ) ) ;
#348 = DIRECTION ( 'NONE',  ( 1.000000000000000000, 0.0000000000000000000, 0.0000000000000000000 ) ) ;
#349 = ORIENTED_EDGE ( 'NONE', *, *, #2298, .F. ) ;
#350 = VECTOR ( 'NONE', #1450, 1000.000000000000000 ) ;
#351 = CARTESIAN_POINT ( 'NONE',  ( 49.99999999999999289, 165.0000000000000000, 7.499999999999998224 ) ) ;
#352 = ORIENTED_EDGE ( 'NONE', *, *, #98, .F. ) ;
#353 = CIRCLE ( 'NONE', #799, 5.000000000000000888 ) ;
#354 = CONICAL_SURFACE ( 'NONE', #1253, 1.250000000000001110, 1.029744258676654090 ) ;
#355 = DIRECTION ( 'NONE',  ( -1.000000000000000000, 0.0000000000000000000, 0.0000000000000000000 ) ) ;
#356 = DIRECTION ( 'NONE',  ( 1.632680918566406547E-16, -1.000000000000000000, -0.0000000000000000000 ) ) ;
#357 = EDGE_CURVE ( 'NONE', #728, #1221, #1384, .T. ) ;
#358 = VERTEX_POINT ( 'NONE', #2543 ) ;
#359 = DIRECTION ( 'NONE',  ( -0.0000000000000000000, -0.0000000000000000000, -1.000000000000000000 ) ) ;
#360 = ORIENTED_EDGE ( 'NONE', *, *, #2637, .F. ) ;
#361 = EDGE_LOOP ( 'NONE', ( #651, #1879, #2044 ) ) ;
#362 = APPROVAL_DATE_TIME ( #2980, #3012 ) ;
#363 = ADVANCED_FACE ( 'NONE', ( #1127 ), #2958, .F. ) ;
#364 = CARTESIAN_POINT ( 'NONE',  ( 29.99999999999997158, 139.9999999999999716, 0.0000000000000000000 ) ) ;
#365 = DIRECTION ( 'NONE',  ( -0.0000000000000000000, -0.0000000000000000000, -1.000000000000000000 ) ) ;
#366 = EDGE_LOOP ( 'NONE', ( #459, #680, #545, #1890 ) ) ;
#367 = DIRECTION ( 'NONE',  ( 0.0000000000000000000, 0.0000000000000000000, 1.000000000000000000 ) ) ;
#368 = CIRCLE ( 'NONE', #662, 1.250000000000001110 ) ;
#369 = CARTESIAN_POINT ( 'NONE',  ( 49.99999999999999289, 4.999999999999990230, 0.2749999999999991895 ) ) ;
#370 = VECTOR ( 'NONE', #2872, 1000.000000000000000 ) ;
#371 = DIRECTION ( 'NONE',  ( 1.000000000000000000, -0.0000000000000000000, -0.0000000000000000000 ) ) ;
#372 = EDGE_CURVE ( 'NONE', #173, #1062, #3020, .T. ) ;
#373 = DIRECTION ( 'NONE',  ( 0.0000000000000000000, 0.0000000000000000000, 1.000000000000000000 ) ) ;
#374 = CARTESIAN_POINT ( 'NONE',  ( 94.99999999999998579, 165.0000000000000000, 0.0000000000000000000 ) ) ;
#375 = ORIENTED_EDGE ( 'NONE', *, *, #1219, .F. ) ;
#376 = ORIENTED_EDGE ( 'NONE', *, *, #277, .T. ) ;
#377 = LINE ( 'NONE', #1340, #867 ) ;
#378 = FACE_OUTER_BOUND ( 'NONE', #1942, .T. ) ;
#379 = VERTEX_POINT ( 'NONE', #1632 ) ;
#380 = CARTESIAN_POINT ( 'NONE',  ( 49.99999999999999289, 165.0000000000000000, 0.0000000000000000000 ) ) ;
#381 = DIRECTION ( 'NONE',  ( -1.000000000000000000, -0.0000000000000000000, -0.0000000000000000000 ) ) ;
#382 = DIRECTION ( 'NONE',  ( -0.0000000000000000000, -0.0000000000000000000, -1.000000000000000000 ) ) ;
#383 = DIRECTION ( 'NONE',  ( -1.000000000000000000, 1.272130549049658700E-16, 0.0000000000000000000 ) ) ;
#384 = VERTEX_POINT ( 'NONE', #2996 ) ;
#385 = DIRECTION ( 'NONE',  ( -0.0000000000000000000, 1.000000000000000000, -0.0000000000000000000 ) ) ;
#386 = ORIENTED_EDGE ( 'NONE', *, *, #3022, .F. ) ;
#387 = ORIENTED_EDGE ( 'NONE', *, *, #1856, .T. ) ;
#388 = AXIS2_PLACEMENT_3D ( 'NONE', #1784, #174, #2071 ) ;
#389 = CIRCLE ( 'NONE', #2455, 1.250000000000001110 ) ;
#390 = DIRECTION ( 'NONE',  ( -1.000000000000000000, 0.0000000000000000000, 0.0000000000000000000 ) ) ;
#391 = ADVANCED_FACE ( 'NONE', ( #1408 ), #845, .F. ) ;
#392 = DIRECTION ( 'NONE',  ( 0.0000000000000000000, 0.0000000000000000000, 1.000000000000000000 ) ) ;
#393 = CARTESIAN_POINT ( 'NONE',  ( 94.99999999999998579, 5.000000000000000000, 7.499999999999998224 ) ) ;
#394 = VERTEX_POINT ( 'NONE', #1843 ) ;
#395 = DIRECTION ( 'NONE',  ( -0.0000000000000000000, -0.0000000000000000000, -1.000000000000000000 ) ) ;
#396 = AXIS2_PLACEMENT_3D ( 'NONE', #786, #1259, #1231 ) ;
#397 =( GEOMETRIC_REPRESENTATION_CONTEXT ( 3 ) GLOBAL_UNCERTAINTY_ASSIGNED_CONTEXT ( ( #639 ) ) GLOBAL_UNIT_ASSIGNED_CONTEXT ( ( #771, #1502, #1270 ) ) REPRESENTATION_CONTEXT ( 'NONE', 'WORKASPACE' ) );
#398 = CARTESIAN_POINT ( 'NONE',  ( 32.25000000000000000, 37.25000000000001421, 4.999999999999997335 ) ) ;
#399 = CARTESIAN_POINT ( 'NONE',  ( -2.693923515634571110E-14, 165.0000000000000000, 0.0000000000000000000 ) ) ;
#400 = FACE_OUTER_BOUND ( 'NONE', #83, .T. ) ;
#401 = AXIS2_PLACEMENT_3D ( 'NONE', #140, #2039, #2988 ) ;
#402 = VECTOR ( 'NONE', #2290, 1000.000000000000114 ) ;
#403 = EDGE_LOOP ( 'NONE', ( #1488, #2785, #627, #1306 ) ) ;
#404 = VECTOR ( 'NONE', #798, 1000.000000000000000 ) ;
#405 = FACE_OUTER_BOUND ( 'NONE', #179, .T. ) ;
#406 = ORIENTED_EDGE ( 'NONE', *, *, #2498, .F. ) ;
#407 = ORIENTED_EDGE ( 'NONE', *, *, #2864, .F. ) ;
#408 = CARTESIAN_POINT ( 'NONE',  ( 94.99999999999998579, 5.000000000000000000, 7.499999999999998224 ) ) ;
#409 = DATE_TIME_ROLE ( 'classification_date' ) ;
#410 = CARTESIAN_POINT ( 'NONE',  ( 14.99999999999997513, 160.0000000000000000, 0.0000000000000000000 ) ) ;
#411 = EDGE_CURVE ( 'NONE', #2629, #1469, #596, .T. ) ;
#412 = CARTESIAN_POINT ( 'NONE',  ( 52.49999999999997868, 160.0000000000000000, 35.00000000000000000 ) ) ;
#413 = CARTESIAN_POINT ( 'NONE',  ( 67.74999999999997158, 132.7500000000000000, 40.00000000000000000 ) ) ;
#414 = ORIENTED_EDGE ( 'NONE', *, *, #206, .F. ) ;
#415 = ADVANCED_FACE ( 'NONE', ( #2341 ), #2320, .F. ) ;
#416 = DIRECTION ( 'NONE',  ( 0.0000000000000000000, 0.0000000000000000000, 1.000000000000000000 ) ) ;
#417 = DIRECTION ( 'NONE',  ( 0.0000000000000000000, 0.0000000000000000000, 1.000000000000000000 ) ) ;
#418 = VECTOR ( 'NONE', #2253, 1000.000000000000000 ) ;
#419 = FACE_OUTER_BOUND ( 'NONE', #737, .T. ) ;
#420 = CARTESIAN_POINT ( 'NONE',  ( 84.99999999999998579, 155.0000000000000000, 0.0000000000000000000 ) ) ;
#421 = VERTEX_POINT ( 'NONE', #2575 ) ;
#422 = ORIENTED_EDGE ( 'NONE', *, *, #32, .F. ) ;
#423 = VERTEX_POINT ( 'NONE', #448 ) ;
#424 = AXIS2_PLACEMENT_3D ( 'NONE', #1687, #502, #2584 ) ;
#425 = DIRECTION ( 'NONE',  ( -0.0000000000000000000, -0.0000000000000000000, -1.000000000000000000 ) ) ;
#426 = ORIENTED_EDGE ( 'NONE', *, *, #1646, .F. ) ;
#427 = AXIS2_PLACEMENT_3D ( 'NONE', #723, #5, #3021 ) ;
#428 = CARTESIAN_POINT ( 'NONE',  ( 67.74999999999998579, 37.25000000000000711, 4.999999999999997335 ) ) ;
#429 = VERTEX_POINT ( 'NONE', #207 ) ;
#430 = EDGE_CURVE ( 'NONE', #678, #1267, #2031, .T. ) ;
#431 = DIRECTION ( 'NONE',  ( -0.8571673007021121116, 0.0000000000000000000, -0.5150380749100544886 ) ) ;
#432 = CARTESIAN_POINT ( 'NONE',  ( 4.999999999999999112, 5.000000000000000000, 40.00000000000000000 ) ) ;
#433 = LINE ( 'NONE', #1372, #2461 ) ;
#434 = EDGE_CURVE ( 'NONE', #854, #1921, #2326, .T. ) ;
#435 = ORIENTED_EDGE ( 'NONE', *, *, #1278, .T. ) ;
#436 = DIRECTION ( 'NONE',  ( -1.000000000000000000, 0.0000000000000000000, 0.0000000000000000000 ) ) ;
#437 = VERTEX_POINT ( 'NONE', #1858 ) ;
#438 = CARTESIAN_POINT ( 'NONE',  ( 93.74999999999998579, 5.000000000000000000, 7.499999999999998224 ) ) ;
#439 = ORIENTED_EDGE ( 'NONE', *, *, #803, .F. ) ;
#440 = CARTESIAN_POINT ( 'NONE',  ( 94.99999999999998579, 5.000000000000000000, -8.673617379884035472E-16 ) ) ;
#441 = CARTESIAN_POINT ( 'NONE',  ( 94.99999999999998579, 5.000000000000000000, 8.251075773784450007 ) ) ;
#442 = EDGE_LOOP ( 'NONE', ( #2839, #1732, #1741, #2971 ) ) ;
#443 = EDGE_CURVE ( 'NONE', #2563, #1908, #2470, .T. ) ;
#444 = DIRECTION ( 'NONE',  ( 0.0000000000000000000, 0.0000000000000000000, -1.000000000000000000 ) ) ;
#445 = ORIENTED_EDGE ( 'NONE', *, *, #2073, .T. ) ;
#446 = FACE_OUTER_BOUND ( 'NONE', #2656, .T. ) ;
#447 = ORIENTED_EDGE ( 'NONE', *, *, #1503, .T. ) ;
#448 = CARTESIAN_POINT ( 'NONE',  ( 24.99999999999997158, 139.9999999999999716, 35.00000000000000000 ) ) ;
#449 = CARTESIAN_POINT ( 'NONE',  ( 69.99999999999998579, 139.9999999999999716, 35.00000000000000000 ) ) ;
#450 = DIRECTION ( 'NONE',  ( -1.000000000000000000, 0.0000000000000000000, 0.0000000000000000000 ) ) ;
#451 = CARTESIAN_POINT ( 'NONE',  ( 94.99999999999998579, 5.000000000000000000, 40.00000000000000000 ) ) ;
#452 = ORIENTED_EDGE ( 'NONE', *, *, #1051, .T. ) ;
#453 = CONICAL_SURFACE ( 'NONE', #2944, 5.066899999999999515, 0.7853981633974482790 ) ;
#454 = VECTOR ( 'NONE', #381, 1000.000000000000000 ) ;
#455 = CARTESIAN_POINT ( 'NONE',  ( 3.749999999999972466, 85.00000000000000000, 0.0000000000000000000 ) ) ;
#456 = LINE ( 'NONE', #1171, #1492 ) ;
#457 = PRODUCT_DEFINITION_FORMATION_WITH_SPECIFIED_SOURCE ( 'ANY', '', #318, .NOT_KNOWN. ) ;
#458 = FACE_OUTER_BOUND ( 'NONE', #1499, .T. ) ;
#459 = ORIENTED_EDGE ( 'NONE', *, *, #2082, .F. ) ;
#460 = AXIS2_PLACEMENT_3D ( 'NONE', #380, #1325, #2004 ) ;
#461 = DIRECTION ( 'NONE',  ( -0.0000000000000000000, -0.0000000000000000000, -1.000000000000000000 ) ) ;
#462 = ORIENTED_EDGE ( 'NONE', *, *, #532, .T. ) ;
#463 = EDGE_CURVE ( 'NONE', #1727, #1276, #1007, .T. ) ;
#464 = DIRECTION ( 'NONE',  ( 0.0000000000000000000, 0.0000000000000000000, -1.000000000000000000 ) ) ;
#465 = VECTOR ( 'NONE', #2836, 1000.000000000000000 ) ;
#466 = AXIS2_PLACEMENT_3D ( 'NONE', #151, #2489, #2256 ) ;
#467 = DIRECTION ( 'NONE',  ( -0.0000000000000000000, -0.0000000000000000000, -1.000000000000000000 ) ) ;
#468 = LINE ( 'NONE', #188, #1111 ) ;
#469 = CARTESIAN_POINT ( 'NONE',  ( 42.49999999999998579, 150.0000000000000000, 0.0000000000000000000 ) ) ;
#470 = DIRECTION ( 'NONE',  ( 1.000000000000000000, 0.0000000000000000000, 0.0000000000000000000 ) ) ;
#471 = ORIENTED_EDGE ( 'NONE', *, *, #2550, .T. ) ;
#472 = DIRECTION ( 'NONE',  ( 1.000000000000000000, 0.0000000000000000000, 0.0000000000000000000 ) ) ;
#473 = DIRECTION ( 'NONE',  ( 0.0000000000000000000, 0.0000000000000000000, -1.000000000000000000 ) ) ;
#474 = ORIENTED_EDGE ( 'NONE', *, *, #2352, .T. ) ;
#475 = EDGE_LOOP ( 'NONE', ( #1627, #811, #1028 ) ) ;
#476 = LINE ( 'NONE', #2164, #2151 ) ;
#477 = CIRCLE ( 'NONE', #814, 5.000000000000004441 ) ;
#478 = EDGE_CURVE ( 'NONE', #2888, #623, #937, .T. ) ;
#479 = ORIENTED_EDGE ( 'NONE', *, *, #2705, .F. ) ;
#480 = AXIS2_PLACEMENT_3D ( 'NONE', #557, #1495, #65 ) ;
#481 = AXIS2_PLACEMENT_3D ( 'NONE', #1038, #1977, #308 ) ;
#482 = VERTEX_POINT ( 'NONE', #744 ) ;
#483 = DIRECTION ( 'NONE',  ( -0.0000000000000000000, -0.0000000000000000000, -1.000000000000000000 ) ) ;
#484 = DIRECTION ( 'NONE',  ( -1.000000000000000000, 0.0000000000000000000, 0.0000000000000000000 ) ) ;
#485 = LINE ( 'NONE', #2090, #202 ) ;
#486 = FACE_OUTER_BOUND ( 'NONE', #403, .T. ) ;
#487 = CARTESIAN_POINT ( 'NONE',  ( 6.524999999999977263, 165.0000000000000000, -8.673617379884035472E-16 ) ) ;
#488 = VERTEX_POINT ( 'NONE', #2569 ) ;
#489 = DIRECTION ( 'NONE',  ( 0.0000000000000000000, 0.0000000000000000000, 1.000000000000000000 ) ) ;
#490 = ORIENTED_EDGE ( 'NONE', *, *, #1606, .T. ) ;
#491 = VERTEX_POINT ( 'NONE', #2381 ) ;
#492 = EDGE_CURVE ( 'NONE', #1651, #776, #952, .T. ) ;
#493 = DIRECTION ( 'NONE',  ( -1.000000000000000000, 0.0000000000000000000, 0.0000000000000000000 ) ) ;
#494 = CARTESIAN_POINT ( 'NONE',  ( 4.999999999999972466, 5.000000000000004441, 8.251075773784450007 ) ) ;
#495 = ADVANCED_FACE ( 'NONE', ( #458 ), #43, .F. ) ;
#496 = LINE ( 'NONE', #1148, #1827 ) ;
#497 = ORIENTED_EDGE ( 'NONE', *, *, #2210, .T. ) ;
#498 = CONICAL_SURFACE ( 'NONE', #1630, 1.250000000000000222, 1.029744258676653867 ) ;
#499 = CARTESIAN_POINT ( 'NONE',  ( 42.49999999999998579, 150.0000000000000000, 35.00000000000000000 ) ) ;
#500 = CARTESIAN_POINT ( 'NONE',  ( 37.49999999999997868, 170.0000000000000000, 15.45339999999999847 ) ) ;
#501 = VECTOR ( 'NONE', #1078, 1000.000000000000114 ) ;
#502 = DIRECTION ( 'NONE',  ( 1.000000000000000000, -9.251858538542971581E-17, 0.0000000000000000000 ) ) ;
#503 = ORIENTED_EDGE ( 'NONE', *, *, #2137, .T. ) ;
#504 = EDGE_CURVE ( 'NONE', #1840, #2062, #3070, .T. ) ;
#505 = CIRCLE ( 'NONE', #547, 1.250000000000001110 ) ;
#506 = LOCAL_TIME ( 10, 58, 17.00000000000000000, #1946 ) ;
#507 = AXIS2_PLACEMENT_3D ( 'NONE', #670, #2360, #1862 ) ;
#508 = ORIENTED_EDGE ( 'NONE', *, *, #1522, .T. ) ;
#509 = AXIS2_PLACEMENT_3D ( 'NONE', #2021, #2755, #642 ) ;
#510 = CYLINDRICAL_SURFACE ( 'NONE', #2676, 4.546599999999997976 ) ;
#511 = DIRECTION ( 'NONE',  ( -0.0000000000000000000, 1.000000000000000000, -0.0000000000000000000 ) ) ;
#512 = EDGE_CURVE ( 'NONE', #2128, #263, #1048, .T. ) ;
#513 = PLANE ( 'NONE',  #753 ) ;
#514 = CARTESIAN_POINT ( 'NONE',  ( 94.99999999999998579, 165.0000000000000000, 0.2749999999999991895 ) ) ;
#515 = EDGE_CURVE ( 'NONE', #2329, #2500, #2110, .T. ) ;
#516 = EDGE_CURVE ( 'NONE', #3000, #2041, #1393, .T. ) ;
#517 = LINE ( 'NONE', #2202, #1875 ) ;
#518 = DIRECTION ( 'NONE',  ( -0.0000000000000000000, -0.0000000000000000000, -1.000000000000000000 ) ) ;
#519 = EDGE_CURVE ( 'NONE', #2303, #2500, #2514, .T. ) ;
#520 = ORIENTED_EDGE ( 'NONE', *, *, #1240, .T. ) ;
#521 = ORIENTED_EDGE ( 'NONE', *, *, #1517, .T. ) ;
#522 = CONICAL_SURFACE ( 'NONE', #2240, 1.524999999999999467, 0.7853981633974482790 ) ;
#523 = PERSON ( 'UNSPECIFIED', 'UNSPECIFIED', 'UNSPECIFIED', ('UNSPECIFIED'), ('UNSPECIFIED'), ('UNSPECIFIED') ) ;
#524 = EDGE_CURVE ( 'NONE', #1352, #2540, #983, .T. ) ;
#525 = CARTESIAN_POINT ( 'NONE',  ( 4.999999999999972466, 85.00000000000000000, 7.499999999999998224 ) ) ;
#526 = CARTESIAN_POINT ( 'NONE',  ( 32.25000000000001421, 137.7500000000000000, 4.999999999999997335 ) ) ;
#527 = DIRECTION ( 'NONE',  ( -0.0000000000000000000, 0.0000000000000000000, -1.000000000000000000 ) ) ;
#528 = CARTESIAN_POINT ( 'NONE',  ( 49.99999999999999289, 4.999999999999990230, -8.673617379884035472E-16 ) ) ;
#529 = EDGE_CURVE ( 'NONE', #691, #1193, #751, .T. ) ;
#530 = DIRECTION ( 'NONE',  ( -1.000000000000000000, 0.0000000000000000000, 0.0000000000000000000 ) ) ;
#531 = ORIENTED_EDGE ( 'NONE', *, *, #504, .T. ) ;
#532 = EDGE_CURVE ( 'NONE', #754, #281, #1852, .T. ) ;
#533 = ORIENTED_EDGE ( 'NONE', *, *, #512, .F. ) ;
#534 = CARTESIAN_POINT ( 'NONE',  ( 4.999999999999972466, 85.00000000000000000, 0.2749999999999991895 ) ) ;
#535 = FACE_OUTER_BOUND ( 'NONE', #1654, .T. ) ;
#536 = CARTESIAN_POINT ( 'NONE',  ( 89.99999999999998579, 14.99999999999998579, 35.00000000000000000 ) ) ;
#537 = CIRCLE ( 'NONE', #2567, 1.250000000000001110 ) ;
#538 = CARTESIAN_POINT ( 'NONE',  ( 90.00000000000000000, 160.0000000000000000, 0.0000000000000000000 ) ) ;
#539 = DIRECTION ( 'NONE',  ( 0.0000000000000000000, 0.0000000000000000000, -1.000000000000000000 ) ) ;
#540 = EDGE_CURVE ( 'NONE', #2663, #643, #1203, .T. ) ;
#541 = AXIS2_PLACEMENT_3D ( 'NONE', #2423, #319, #2200 ) ;
#542 = EDGE_LOOP ( 'NONE', ( #664, #1, #1924, #2127 ) ) ;
#543 = ORIENTED_EDGE ( 'NONE', *, *, #2860, .F. ) ;
#544 = EDGE_CURVE ( 'NONE', #1049, #691, #2789, .T. ) ;
#545 = ORIENTED_EDGE ( 'NONE', *, *, #24, .F. ) ;
#546 = VERTEX_POINT ( 'NONE', #2804 ) ;
#547 = AXIS2_PLACEMENT_3D ( 'NONE', #2690, #2749, #172 ) ;
#548 = AXIS2_PLACEMENT_3D ( 'NONE', #2234, #2948, #2732 ) ;
#549 = PERSON_AND_ORGANIZATION ( #523, #1202 ) ;
#550 = VECTOR ( 'NONE', #575, 1000.000000000000000 ) ;
#551 = AXIS2_PLACEMENT_3D ( 'NONE', #1586, #123, #1567 ) ;
#552 = FACE_OUTER_BOUND ( 'NONE', #1897, .T. ) ;
#553 = VECTOR ( 'NONE', #905, 1000.000000000000000 ) ;
#554 = EDGE_CURVE ( 'NONE', #2501, #1194, #2852, .T. ) ;
#555 = DIRECTION ( 'NONE',  ( -1.000000000000000000, 0.0000000000000000000, 0.0000000000000000000 ) ) ;
#556 = CARTESIAN_POINT ( 'NONE',  ( 4.999999999999973355, 165.0000000000000000, 40.00000000000000000 ) ) ;
#557 = CARTESIAN_POINT ( 'NONE',  ( 94.99999999999998579, 165.0000000000000000, -8.673617379884035472E-16 ) ) ;
#558 = CARTESIAN_POINT ( 'NONE',  ( 4.999999999999976907, 165.0000000000000000, 0.2749999999999991895 ) ) ;
#559 = ORIENTED_EDGE ( 'NONE', *, *, #2073, .F. ) ;
#560 = VERTEX_POINT ( 'NONE', #2095 ) ;
#561 = EDGE_CURVE ( 'NONE', #2165, #250, #3056, .T. ) ;
#562 = VERTEX_POINT ( 'NONE', #1685 ) ;
#563 = VERTEX_POINT ( 'NONE', #441 ) ;
#564 = EDGE_CURVE ( 'NONE', #733, #119, #198, .T. ) ;
#565 = VECTOR ( 'NONE', #1145, 1000.000000000000000 ) ;
#566 = DIRECTION ( 'NONE',  ( -0.0000000000000000000, -0.0000000000000000000, -1.000000000000000000 ) ) ;
#567 = FACE_OUTER_BOUND ( 'NONE', #2714, .T. ) ;
#568 = DIRECTION ( 'NONE',  ( -1.000000000000000000, 0.0000000000000000000, 0.0000000000000000000 ) ) ;
#569 = AXIS2_PLACEMENT_3D ( 'NONE', #1317, #2861, #2448 ) ;
#570 = DIRECTION ( 'NONE',  ( -0.0000000000000000000, -0.0000000000000000000, -1.000000000000000000 ) ) ;
#571 = DIRECTION ( 'NONE',  ( 0.0000000000000000000, -1.000000000000000000, 0.0000000000000000000 ) ) ;
#572 = ADVANCED_FACE ( 'NONE', ( #2312, #2820, #3029 ), #1656, .F. ) ;
#573 = DIRECTION ( 'NONE',  ( -0.0000000000000000000, -0.0000000000000000000, -1.000000000000000000 ) ) ;
#574 = EDGE_LOOP ( 'NONE', ( #750, #731, #1237, #2779 ) ) ;
#575 = DIRECTION ( 'NONE',  ( -0.0000000000000000000, -0.0000000000000000000, -1.000000000000000000 ) ) ;
#576 = FACE_OUTER_BOUND ( 'NONE', #1558, .T. ) ;
#577 = CARTESIAN_POINT ( 'NONE',  ( 27.25000000000001421, 137.7500000000000000, 4.999999999999997335 ) ) ;
#578 = ORIENTED_EDGE ( 'NONE', *, *, #24, .T. ) ;
#579 = EDGE_CURVE ( 'NONE', #2994, #52, #899, .T. ) ;
#580 = CARTESIAN_POINT ( 'NONE',  ( 84.99999999999997158, 15.00000000000000000, 35.00000000000000000 ) ) ;
#581 = FACE_BOUND ( 'NONE', #2683, .T. ) ;
#582 = DIRECTION ( 'NONE',  ( 0.0000000000000000000, 0.0000000000000000000, -1.000000000000000000 ) ) ;
#583 = DIRECTION ( 'NONE',  ( 1.000000000000000000, 0.0000000000000000000, 0.0000000000000000000 ) ) ;
#584 = ORIENTED_EDGE ( 'NONE', *, *, #1805, .T. ) ;
#585 = CONICAL_SURFACE ( 'NONE', #996, 1.524999999999998579, 0.7853981633974437271 ) ;
#586 = AXIS2_PLACEMENT_3D ( 'NONE', #2798, #2578, #2119 ) ;
#587 = AXIS2_PLACEMENT_3D ( 'NONE', #2178, #1714, #2651 ) ;
#588 = AXIS2_PLACEMENT_3D ( 'NONE', #764, #1934, #1951 ) ;
#589 = DIRECTION ( 'NONE',  ( -1.000000000000000000, 0.0000000000000000000, 0.0000000000000000000 ) ) ;
#590 = DIRECTION ( 'NONE',  ( -1.000000000000000000, 0.0000000000000000000, 0.0000000000000000000 ) ) ;
#591 = ADVANCED_FACE ( 'NONE', ( #1963 ), #2649, .T. ) ;
#592 = ORIENTED_EDGE ( 'NONE', *, *, #2880, .F. ) ;
#593 = FACE_OUTER_BOUND ( 'NONE', #75, .T. ) ;
#594 = VERTEX_POINT ( 'NONE', #2412 ) ;
#595 = EDGE_LOOP ( 'NONE', ( #2709, #716 ) ) ;
#596 = CIRCLE ( 'NONE', #1939, 1.524999999999999467 ) ;
#597 = AXIS2_PLACEMENT_3D ( 'NONE', #864, #883, #1329 ) ;
#598 = DIRECTION ( 'NONE',  ( 0.0000000000000000000, 0.0000000000000000000, -1.000000000000000000 ) ) ;
#599 = CYLINDRICAL_SURFACE ( 'NONE', #1944, 5.000000000000000888 ) ;
#600 = CARTESIAN_POINT ( 'NONE',  ( 52.49999999999997868, 160.0000000000000000, 35.00000000000000000 ) ) ;
#601 = DIRECTION ( 'NONE',  ( -1.000000000000000000, 0.0000000000000000000, 0.0000000000000000000 ) ) ;
#602 = VERTEX_POINT ( 'NONE', #536 ) ;
#603 = EDGE_CURVE ( 'NONE', #119, #1016, #2424, .T. ) ;
#604 = LINE ( 'NONE', #1355, #2349 ) ;
#605 = CARTESIAN_POINT ( 'NONE',  ( -2.775557561562891351E-14, 170.0000000000000000, 0.0000000000000000000 ) ) ;
#606 = CYLINDRICAL_SURFACE ( 'NONE', #1878, 5.000000000000000888 ) ;
#607 = CONICAL_SURFACE ( 'NONE', #2878, 4.546599999999990871, 1.029744258676654978 ) ;
#608 = LINE ( 'NONE', #2310, #2170 ) ;
#609 = DIRECTION ( 'NONE',  ( -1.000000000000000000, 0.0000000000000000000, 0.0000000000000000000 ) ) ;
#610 = DIRECTION ( 'NONE',  ( 0.0000000000000000000, -1.000000000000000000, 0.0000000000000000000 ) ) ;
#611 = VECTOR ( 'NONE', #104, 1000.000000000000000 ) ;
#612 = DIRECTION ( 'NONE',  ( 0.0000000000000000000, 0.0000000000000000000, 1.000000000000000000 ) ) ;
#613 = EDGE_LOOP ( 'NONE', ( #825, #249, #1569, #82, #407, #1225, #2991, #889 ) ) ;
#614 = EDGE_CURVE ( 'NONE', #1332, #1762, #1013, .T. ) ;
#615 = VERTEX_POINT ( 'NONE', #1283 ) ;
#616 = DIRECTION ( 'NONE',  ( -0.0000000000000000000, -0.0000000000000000000, -1.000000000000000000 ) ) ;
#617 = DIRECTION ( 'NONE',  ( -1.000000000000000000, 0.0000000000000000000, 0.0000000000000000000 ) ) ;
#618 = ORIENTED_EDGE ( 'NONE', *, *, #129, .T. ) ;
#619 = DIRECTION ( 'NONE',  ( -1.000000000000000000, 0.0000000000000000000, 0.0000000000000000000 ) ) ;
#620 = LINE ( 'NONE', #156, #454 ) ;
#621 = DIRECTION ( 'NONE',  ( -0.0000000000000000000, -0.0000000000000000000, -1.000000000000000000 ) ) ;
#622 = CARTESIAN_POINT ( 'NONE',  ( 74.99999999999998579, 145.0000000000000000, 35.00000000000000000 ) ) ;
#623 = VERTEX_POINT ( 'NONE', #321 ) ;
#624 = ORIENTED_EDGE ( 'NONE', *, *, #2129, .T. ) ;
#625 = CARTESIAN_POINT ( 'NONE',  ( 95.00000000000000000, 85.00000000000000000, 0.2749999999999991895 ) ) ;
#626 = PRODUCT_DEFINITION ( 'UNKNOWN', '', #457, #136 ) ;
#627 = ORIENTED_EDGE ( 'NONE', *, *, #2024, .T. ) ;
#628 = VECTOR ( 'NONE', #2261, 1000.000000000000000 ) ;
#629 = CYLINDRICAL_SURFACE ( 'NONE', #1400, 1.250000000000001110 ) ;
#630 = EDGE_CURVE ( 'NONE', #2857, #218, #1771, .T. ) ;
#631 = CARTESIAN_POINT ( 'NONE',  ( 3.749999999999972911, 85.00000000000000000, 0.2749999999999991895 ) ) ;
#632 = CIRCLE ( 'NONE', #1039, 1.250000000000000222 ) ;
#633 = CONICAL_SURFACE ( 'NONE', #343, 1.525000000000000355, 0.7853981633974498333 ) ;
#634 = DIRECTION ( 'NONE',  ( -1.000000000000000000, 0.0000000000000000000, 0.0000000000000000000 ) ) ;
#635 = DIRECTION ( 'NONE',  ( -1.000000000000000000, 0.0000000000000000000, 0.0000000000000000000 ) ) ;
#636 = CARTESIAN_POINT ( 'NONE',  ( 14.99999999999995737, 10.00000000000000000, 35.00000000000000000 ) ) ;
#637 = CIRCLE ( 'NONE', #2659, 5.000000000000004441 ) ;
#638 = AXIS2_PLACEMENT_3D ( 'NONE', #1617, #962, #669 ) ;
#639 = UNCERTAINTY_MEASURE_WITH_UNIT (LENGTH_MEASURE( 1.000000000000000082E-05 ), #771, 'distance_accuracy_value', 'NONE');
#640 = DIRECTION ( 'NONE',  ( -0.8571673007021121116, 0.0000000000000000000, -0.5150380749100544886 ) ) ;
#641 = CARTESIAN_POINT ( 'NONE',  ( 37.49999999999997868, 170.0000000000000000, 25.06689999999999330 ) ) ;
#642 = DIRECTION ( 'NONE',  ( 0.0000000000000000000, 0.0000000000000000000, 1.000000000000000000 ) ) ;
#643 = VERTEX_POINT ( 'NONE', #1454 ) ;
#644 = AXIS2_PLACEMENT_3D ( 'NONE', #2008, #1316, #2954 ) ;
#645 = EDGE_CURVE ( 'NONE', #1394, #1290, #839, .T. ) ;
#646 = ORIENTED_EDGE ( 'NONE', *, *, #2325, .T. ) ;
#647 = DIRECTION ( 'NONE',  ( -0.0000000000000000000, -0.0000000000000000000, -1.000000000000000000 ) ) ;
#648 = ORIENTED_EDGE ( 'NONE', *, *, #2101, .F. ) ;
#649 = ORIENTED_EDGE ( 'NONE', *, *, #1633, .F. ) ;
#650 = CARTESIAN_POINT ( 'NONE',  ( 3.749999999999972022, 5.000000000000004441, 7.499999999999998224 ) ) ;
#651 = ORIENTED_EDGE ( 'NONE', *, *, #372, .F. ) ;
#652 = CARTESIAN_POINT ( 'NONE',  ( 48.74999999999999289, 4.999999999999990230, 7.499999999999998224 ) ) ;
#653 = ADVANCED_FACE ( 'NONE', ( #2392 ), #276, .F. ) ;
#654 = ADVANCED_FACE ( 'NONE', ( #1035 ), #1023, .T. ) ;
#655 = DIRECTION ( 'NONE',  ( -0.7071067811865441310, 0.0000000000000000000, -0.7071067811865507924 ) ) ;
#656 = DIRECTION ( 'NONE',  ( 0.0000000000000000000, 0.0000000000000000000, -1.000000000000000000 ) ) ;
#657 = EDGE_CURVE ( 'NONE', #938, #733, #1992, .T. ) ;
#658 = LINE ( 'NONE', #725, #1936 ) ;
#659 = CARTESIAN_POINT ( 'NONE',  ( 93.75000000000000000, 85.00000000000000000, 7.499999999999998224 ) ) ;
#660 = CARTESIAN_POINT ( 'NONE',  ( 27.24999999999999645, 32.25000000000001421, 4.999999999999997335 ) ) ;
#661 = CARTESIAN_POINT ( 'NONE',  ( 94.99999999999998579, 165.0000000000000000, 0.2749999999999991895 ) ) ;
#662 = AXIS2_PLACEMENT_3D ( 'NONE', #886, #647, #1557 ) ;
#663 = CARTESIAN_POINT ( 'NONE',  ( 96.24999999999998579, 165.0000000000000000, 7.499999999999998224 ) ) ;
#664 = ORIENTED_EDGE ( 'NONE', *, *, #2650, .T. ) ;
#665 = CARTESIAN_POINT ( 'NONE',  ( 69.99999999999998579, 145.0000000000000000, 35.00000000000000000 ) ) ;
#666 = ORIENTED_EDGE ( 'NONE', *, *, #2237, .F. ) ;
#667 = FACE_OUTER_BOUND ( 'NONE', #1948, .T. ) ;
#668 = DIRECTION ( 'NONE',  ( -0.0000000000000000000, 0.0000000000000000000, -1.000000000000000000 ) ) ;
#669 = DIRECTION ( 'NONE',  ( -1.000000000000000000, 0.0000000000000000000, 0.0000000000000000000 ) ) ;
#670 = CARTESIAN_POINT ( 'NONE',  ( 94.99999999999998579, 5.000000000000000000, -8.673617379884035472E-16 ) ) ;
#671 = ORIENTED_EDGE ( 'NONE', *, *, #1211, .T. ) ;
#672 = LINE ( 'NONE', #2720, #628 ) ;
#673 = EDGE_CURVE ( 'NONE', #384, #2268, #517, .T. ) ;
#674 = PLANE ( 'NONE',  #142 ) ;
#675 = DIRECTION ( 'NONE',  ( -1.315430123963455640E-16, 1.000000000000000000, -0.0000000000000000000 ) ) ;
#676 = EDGE_LOOP ( 'NONE', ( #102, #2145, #2787, #721 ) ) ;
#677 = CARTESIAN_POINT ( 'NONE',  ( 57.49999999999997158, 155.0000000000000000, 35.00000000000000000 ) ) ;
#678 = VERTEX_POINT ( 'NONE', #1975 ) ;
#679 = CARTESIAN_POINT ( 'NONE',  ( 0.0000000000000000000, 0.0000000000000000000, 4.999999999999997335 ) ) ;
#680 = ORIENTED_EDGE ( 'NONE', *, *, #1522, .F. ) ;
#681 = EDGE_CURVE ( 'NONE', #766, #2165, #951, .T. ) ;
#682 = SECURITY_CLASSIFICATION ( '', '', #2742 ) ;
#683 = CARTESIAN_POINT ( 'NONE',  ( 94.99999999999998579, 5.000000000000000000, -8.673617379884035472E-16 ) ) ;
#684 = CARTESIAN_POINT ( 'NONE',  ( 51.25000000000000000, 165.0000000000000000, 0.0000000000000000000 ) ) ;
#685 = CARTESIAN_POINT ( 'NONE',  ( 93.47500000000000853, 85.00000000000000000, -8.673617379884035472E-16 ) ) ;
#686 = VECTOR ( 'NONE', #348, 1000.000000000000000 ) ;
#687 = CARTESIAN_POINT ( 'NONE',  ( 14.99999999999997513, 155.0000000000000000, 35.00000000000000000 ) ) ;
#688 = EDGE_LOOP ( 'NONE', ( #1740, #2643, #2243, #831 ) ) ;
#689 = EDGE_CURVE ( 'NONE', #615, #2725, #297, .T. ) ;
#690 = DIRECTION ( 'NONE',  ( -0.0000000000000000000, -0.0000000000000000000, 1.000000000000000000 ) ) ;
#691 = VERTEX_POINT ( 'NONE', #2910 ) ;
#692 = AXIS2_PLACEMENT_3D ( 'NONE', #1917, #2362, #1866 ) ;
#693 = CARTESIAN_POINT ( 'NONE',  ( 84.99999999999997158, 15.00000000000000000, 0.0000000000000000000 ) ) ;
#694 = ORIENTED_EDGE ( 'NONE', *, *, #645, .F. ) ;
#695 = CONICAL_SURFACE ( 'NONE', #2411, 1.524999999999998579, 0.7853981633974437271 ) ;
#696 = CARTESIAN_POINT ( 'NONE',  ( 96.52499999999999147, 165.0000000000000000, -8.673617379884035472E-16 ) ) ;
#697 = VECTOR ( 'NONE', #1009, 1000.000000000000000 ) ;
#698 = ORIENTED_EDGE ( 'NONE', *, *, #2860, .T. ) ;
#699 = CIRCLE ( 'NONE', #2270, 1.524999999999998579 ) ;
#700 = EDGE_CURVE ( 'NONE', #1472, #423, #1576, .T. ) ;
#701 = VERTEX_POINT ( 'NONE', #775 ) ;
#702 = ORIENTED_EDGE ( 'NONE', *, *, #331, .F. ) ;
#703 = AXIS2_PLACEMENT_3D ( 'NONE', #222, #2796, #1162 ) ;
#704 = FACE_OUTER_BOUND ( 'NONE', #574, .T. ) ;
#705 = DIRECTION ( 'NONE',  ( -1.000000000000000000, 0.0000000000000000000, 0.0000000000000000000 ) ) ;
#706 = FACE_OUTER_BOUND ( 'NONE', #1334, .T. ) ;
#707 = CYLINDRICAL_SURFACE ( 'NONE', #40, 5.000000000000004441 ) ;
#708 = DIRECTION ( 'NONE',  ( -0.0000000000000000000, -0.0000000000000000000, -1.000000000000000000 ) ) ;
#709 = EDGE_LOOP ( 'NONE', ( #2978, #452, #1369, #2209 ) ) ;
#710 = CARTESIAN_POINT ( 'NONE',  ( 37.49999999999997868, 170.0000000000000000, 24.54659999999998732 ) ) ;
#711 = EDGE_LOOP ( 'NONE', ( #3009, #447, #2093, #2886 ) ) ;
#712 = EDGE_LOOP ( 'NONE', ( #3045, #1455, #698 ) ) ;
#713 = CYLINDRICAL_SURFACE ( 'NONE', #770, 4.999999999999997335 ) ;
#714 = AXIS2_PLACEMENT_3D ( 'NONE', #2371, #1433, #493 ) ;
#715 = ORIENTED_EDGE ( 'NONE', *, *, #2449, .T. ) ;
#716 = ORIENTED_EDGE ( 'NONE', *, *, #900, .F. ) ;
#717 = EDGE_LOOP ( 'NONE', ( #1480, #2790, #2077 ) ) ;
#718 = AXIS2_PLACEMENT_3D ( 'NONE', #217, #2972, #2956 ) ;
#719 = ADVANCED_FACE ( 'NONE', ( #1466 ), #289, .F. ) ;
#720 = AXIS2_PLACEMENT_3D ( 'NONE', #237, #2577, #914 ) ;
#721 = ORIENTED_EDGE ( 'NONE', *, *, #2305, .T. ) ;
#722 = VECTOR ( 'NONE', #444, 1000.000000000000000 ) ;
#723 = CARTESIAN_POINT ( 'NONE',  ( 57.49999999999997158, 150.0000000000000000, 35.00000000000000000 ) ) ;
#724 = LINE ( 'NONE', #1667, #550 ) ;
#725 = CARTESIAN_POINT ( 'NONE',  ( 84.99999999999997158, 10.00000000000000000, 0.0000000000000000000 ) ) ;
#726 = ADVANCED_FACE ( 'NONE', ( #1713 ), #1723, .F. ) ;
#727 = CARTESIAN_POINT ( 'NONE',  ( 0.0000000000000000000, 0.0000000000000000000, 35.00000000000000000 ) ) ;
#728 = VERTEX_POINT ( 'NONE', #2260 ) ;
#729 = ORIENTED_EDGE ( 'NONE', *, *, #331, .T. ) ;
#730 = CARTESIAN_POINT ( 'NONE',  ( 62.49999999999997158, 170.0000000000000000, 24.54659999999999087 ) ) ;
#731 = ORIENTED_EDGE ( 'NONE', *, *, #357, .T. ) ;
#732 = DIRECTION ( 'NONE',  ( -0.0000000000000000000, 0.0000000000000000000, 1.000000000000000000 ) ) ;
#733 = VERTEX_POINT ( 'NONE', #636 ) ;
#734 = ORIENTED_EDGE ( 'NONE', *, *, #2249, .T. ) ;
#735 = EDGE_LOOP ( 'NONE', ( #1853, #1233, #128 ) ) ;
#736 = EDGE_CURVE ( 'NONE', #1308, #2368, #2949, .T. ) ;
#737 = EDGE_LOOP ( 'NONE', ( #2025, #971, #210, #1705 ) ) ;
#738 = CARTESIAN_POINT ( 'NONE',  ( 37.49999999999997868, 160.0000000000000000, 15.45339999999999847 ) ) ;
#739 = DIRECTION ( 'NONE',  ( -1.000000000000000000, -0.0000000000000000000, -0.0000000000000000000 ) ) ;
#740 = CARTESIAN_POINT ( 'NONE',  ( 90.00000000000000000, 160.0000000000000000, 35.00000000000000000 ) ) ;
#741 = EDGE_CURVE ( 'NONE', #2540, #3000, #120, .T. ) ;
#742 = ORIENTED_EDGE ( 'NONE', *, *, #1036, .T. ) ;
#743 = DIRECTION ( 'NONE',  ( -0.0000000000000000000, -0.0000000000000000000, -1.000000000000000000 ) ) ;
#744 = CARTESIAN_POINT ( 'NONE',  ( 3.749999999999972022, 85.00000000000000000, 7.499999999999998224 ) ) ;
#745 = ORIENTED_EDGE ( 'NONE', *, *, #2982, .T. ) ;
#746 = AXIS2_PLACEMENT_3D ( 'NONE', #1829, #2067, #1356 ) ;
#747 = LINE ( 'NONE', #1416, #1460 ) ;
#748 = ORIENTED_EDGE ( 'NONE', *, *, #2396, .F. ) ;
#749 = EDGE_CURVE ( 'NONE', #1612, #294, #1099, .T. ) ;
#750 = ORIENTED_EDGE ( 'NONE', *, *, #261, .F. ) ;
#751 = CIRCLE ( 'NONE', #692, 4.546599999999997976 ) ;
#752 = ORIENTED_EDGE ( 'NONE', *, *, #3055, .F. ) ;
#753 = AXIS2_PLACEMENT_3D ( 'NONE', #1463, #1960, #2399 ) ;
#754 = VERTEX_POINT ( 'NONE', #2719 ) ;
#755 = AXIS2_PLACEMENT_3D ( 'NONE', #2100, #3037, #1808 ) ;
#756 = AXIS2_PLACEMENT_3D ( 'NONE', #2098, #1628, #345 ) ;
#757 = DIRECTION ( 'NONE',  ( -0.0000000000000000000, -0.0000000000000000000, -1.000000000000000000 ) ) ;
#758 = APPLICATION_PROTOCOL_DEFINITION ( 'international standard', 'config_control_design', 1994, #2342 ) ;
#759 = EDGE_CURVE ( 'NONE', #1783, #281, #505, .T. ) ;
#760 = FACE_OUTER_BOUND ( 'NONE', #2451, .T. ) ;
#761 = AXIS2_PLACEMENT_3D ( 'NONE', #2192, #1966, #1955 ) ;
#762 = DIRECTION ( 'NONE',  ( -1.000000000000000000, 0.0000000000000000000, 0.0000000000000000000 ) ) ;
#763 = EDGE_CURVE ( 'NONE', #602, #938, #637, .T. ) ;
#764 = CARTESIAN_POINT ( 'NONE',  ( 94.99999999999997158, 165.0000000000000000, 40.00000000000000000 ) ) ;
#765 = CARTESIAN_POINT ( 'NONE',  ( 32.25000000000000000, 37.25000000000001421, 40.00000000000000000 ) ) ;
#766 = VERTEX_POINT ( 'NONE', #2279 ) ;
#767 = ORIENTED_EDGE ( 'NONE', *, *, #865, .T. ) ;
#768 = ORIENTED_EDGE ( 'NONE', *, *, #1895, .F. ) ;
#769 = ORIENTED_EDGE ( 'NONE', *, *, #630, .F. ) ;
#770 = AXIS2_PLACEMENT_3D ( 'NONE', #956, #489, #247 ) ;
#771 =( LENGTH_UNIT ( ) NAMED_UNIT ( * ) SI_UNIT ( .MILLI., .METRE. ) );
#772 = CARTESIAN_POINT ( 'NONE',  ( 94.99999999999998579, 165.0000000000000000, -8.673617379884035472E-16 ) ) ;
#773 = DIRECTION ( 'NONE',  ( 0.0000000000000000000, 0.0000000000000000000, -1.000000000000000000 ) ) ;
#774 = CC_DESIGN_PERSON_AND_ORGANIZATION_ASSIGNMENT ( #1474, #1747, ( #318 ) ) ;
#775 = CARTESIAN_POINT ( 'NONE',  ( 94.99999999999997158, 170.0000000000000000, 40.00000000000000000 ) ) ;
#776 = VERTEX_POINT ( 'NONE', #2035 ) ;
#777 = ADVANCED_FACE ( 'NONE', ( #1115 ), #1765, .F. ) ;
#778 = PLANE ( 'NONE',  #2191 ) ;
#779 = LINE ( 'NONE', #1072, #2961 ) ;
#780 = EDGE_LOOP ( 'NONE', ( #2286, #204, #2196, #1324, #13, #100, #618, #2774, #2144, #805, #520, #1590, #521, #745, #231, #3002, #70, #490, #125, #1420, #2900, #1773, #275, #2566 ) ) ;
#781 = ORIENTED_EDGE ( 'NONE', *, *, #89, .T. ) ;
#782 = ORIENTED_EDGE ( 'NONE', *, *, #2740, .F. ) ;
#783 = DIRECTION ( 'NONE',  ( -1.000000000000000000, 0.0000000000000000000, 0.0000000000000000000 ) ) ;
#784 = DIRECTION ( 'NONE',  ( -1.000000000000000000, 0.0000000000000000000, 0.0000000000000000000 ) ) ;
#785 = LINE ( 'NONE', #1735, #686 ) ;
#786 = CARTESIAN_POINT ( 'NONE',  ( 37.49999999999997868, 145.0000000000000000, 19.99999999999999289 ) ) ;
#787 = EDGE_CURVE ( 'NONE', #1908, #2563, #2706, .T. ) ;
#788 = LINE ( 'NONE', #806, #61 ) ;
#789 = CIRCLE ( 'NONE', #2212, 5.000000000000000000 ) ;
#790 = DIRECTION ( 'NONE',  ( -0.0000000000000000000, -0.0000000000000000000, -1.000000000000000000 ) ) ;
#791 = AXIS2_PLACEMENT_3D ( 'NONE', #499, #1439, #105 ) ;
#792 = ORIENTED_EDGE ( 'NONE', *, *, #2842, .F. ) ;
#793 = AXIS2_PLACEMENT_3D ( 'NONE', #1389, #3023, #1181 ) ;
#794 = ORIENTED_EDGE ( 'NONE', *, *, #2838, .F. ) ;
#795 = VECTOR ( 'NONE', #2893, 1000.000000000000114 ) ;
#796 = AXIS2_PLACEMENT_3D ( 'NONE', #1031, #55, #1238 ) ;
#797 = VECTOR ( 'NONE', #3042, 1000.000000000000000 ) ;
#798 = DIRECTION ( 'NONE',  ( -1.644287654954319550E-16, -1.000000000000000000, 0.0000000000000000000 ) ) ;
#799 = AXIS2_PLACEMENT_3D ( 'NONE', #1851, #1785, #2788 ) ;
#800 = CARTESIAN_POINT ( 'NONE',  ( 95.00000000000000000, 85.00000000000000000, -8.673617379884035472E-16 ) ) ;
#801 = CARTESIAN_POINT ( 'NONE',  ( 4.999999999999976907, 165.0000000000000000, -8.673617379884035472E-16 ) ) ;
#802 = LOCAL_TIME ( 10, 58, 17.00000000000000000, #1321 ) ;
#803 = EDGE_CURVE ( 'NONE', #2329, #2303, #879, .T. ) ;
#804 = DIRECTION ( 'NONE',  ( 0.0000000000000000000, 0.0000000000000000000, 1.000000000000000000 ) ) ;
#805 = ORIENTED_EDGE ( 'NONE', *, *, #700, .T. ) ;
#806 = CARTESIAN_POINT ( 'NONE',  ( 48.74999999999999289, 165.0000000000000000, 0.0000000000000000000 ) ) ;
#807 = LINE ( 'NONE', #1739, #1830 ) ;
#808 = EDGE_LOOP ( 'NONE', ( #2959, #1770, #2370, #1754 ) ) ;
#809 = LINE ( 'NONE', #1086, #1898 ) ;
#810 = ADVANCED_FACE ( 'NONE', ( #1537 ), #606, .F. ) ;
#811 = ORIENTED_EDGE ( 'NONE', *, *, #1702, .T. ) ;
#812 = VERTEX_POINT ( 'NONE', #1358 ) ;
#813 = ADVANCED_FACE ( 'NONE', ( #1751 ), #2375, .F. ) ;
#814 = AXIS2_PLACEMENT_3D ( 'NONE', #449, #1180, #3051 ) ;
#815 = FACE_OUTER_BOUND ( 'NONE', #1095, .T. ) ;
#816 = CIRCLE ( 'NONE', #1792, 4.999999999999997335 ) ;
#817 = CARTESIAN_POINT ( 'NONE',  ( 37.49999999999997868, 160.0000000000000000, 19.99999999999999289 ) ) ;
#818 = DIRECTION ( 'NONE',  ( 0.0000000000000000000, 0.0000000000000000000, -1.000000000000000000 ) ) ;
#819 = FACE_OUTER_BOUND ( 'NONE', #1905, .T. ) ;
#820 = DIRECTION ( 'NONE',  ( -0.0000000000000000000, -0.0000000000000000000, -1.000000000000000000 ) ) ;
#821 = CARTESIAN_POINT ( 'NONE',  ( 96.24999999999998579, 165.0000000000000000, 0.2749999999999991895 ) ) ;
#822 = VERTEX_POINT ( 'NONE', #1300 ) ;
#823 = DIRECTION ( 'NONE',  ( -1.000000000000000000, 0.0000000000000000000, 0.0000000000000000000 ) ) ;
#824 = DIRECTION ( 'NONE',  ( -0.0000000000000000000, -0.0000000000000000000, 1.000000000000000000 ) ) ;
#825 = ORIENTED_EDGE ( 'NONE', *, *, #882, .F. ) ;
#826 = CARTESIAN_POINT ( 'NONE',  ( 52.49999999999997868, 160.0000000000000000, 0.0000000000000000000 ) ) ;
#827 = DIRECTION ( 'NONE',  ( 0.0000000000000000000, 0.0000000000000000000, 1.000000000000000000 ) ) ;
#828 = DIRECTION ( 'NONE',  ( -1.000000000000000000, 0.0000000000000000000, 0.0000000000000000000 ) ) ;
#829 = CONICAL_SURFACE ( 'NONE', #2564, 1.250000000000001110, 1.029744258676654090 ) ;
#830 = PLANE ( 'NONE',  #1156 ) ;
#831 = ORIENTED_EDGE ( 'NONE', *, *, #2498, .T. ) ;
#832 = AXIS2_PLACEMENT_3D ( 'NONE', #2347, #25, #762 ) ;
#833 = FACE_OUTER_BOUND ( 'NONE', #1969, .T. ) ;
#834 = VERTEX_POINT ( 'NONE', #844 ) ;
#835 = ADVANCED_FACE ( 'NONE', ( #2292 ), #1091, .F. ) ;
#836 = VERTEX_POINT ( 'NONE', #2508 ) ;
#837 = VECTOR ( 'NONE', #1346, 1000.000000000000000 ) ;
#838 = PERSON_AND_ORGANIZATION_ROLE ( 'creator' ) ;
#839 = CIRCLE ( 'NONE', #2907, 5.000000000000004441 ) ;
#840 = LINE ( 'NONE', #117, #2195 ) ;
#841 = DIRECTION ( 'NONE',  ( -0.0000000000000000000, -0.0000000000000000000, -1.000000000000000000 ) ) ;
#842 = VECTOR ( 'NONE', #2503, 1000.000000000000000 ) ;
#843 = CIRCLE ( 'NONE', #756, 5.066899999999999515 ) ;
#844 = CARTESIAN_POINT ( 'NONE',  ( 48.47499999999999432, 165.0000000000000000, -8.673617379884035472E-16 ) ) ;
#845 = CONICAL_SURFACE ( 'NONE', #205, 1.524999999999998579, 0.7853981633974437271 ) ;
#846 = VECTOR ( 'NONE', #978, 1000.000000000000000 ) ;
#847 = DIRECTION ( 'NONE',  ( -8.163404592832032733E-17, 1.000000000000000000, 0.0000000000000000000 ) ) ;
#848 = EDGE_CURVE ( 'NONE', #546, #2739, #2492, .T. ) ;
#849 = CARTESIAN_POINT ( 'NONE',  ( 93.74999999999998579, 165.0000000000000000, 0.2749999999999991895 ) ) ;
#850 = DIRECTION ( 'NONE',  ( -0.0000000000000000000, -0.0000000000000000000, 1.000000000000000000 ) ) ;
#851 = ORIENTED_EDGE ( 'NONE', *, *, #2990, .F. ) ;
#852 = CARTESIAN_POINT ( 'NONE',  ( 96.24999999999998579, 5.000000000000000000, 0.2749999999999991895 ) ) ;
#853 = VECTOR ( 'NONE', #356, 1000.000000000000000 ) ;
#854 = VERTEX_POINT ( 'NONE', #2462 ) ;
#855 = APPROVAL_STATUS ( 'not_yet_approved' ) ;
#856 = CARTESIAN_POINT ( 'NONE',  ( 6.524999999999971934, 5.000000000000004441, -8.673617379884035472E-16 ) ) ;
#857 = CIRCLE ( 'NONE', #569, 5.000000000000004441 ) ;
#858 = DIRECTION ( 'NONE',  ( 0.0000000000000000000, 0.0000000000000000000, -1.000000000000000000 ) ) ;
#859 = ORIENTED_EDGE ( 'NONE', *, *, #2129, .F. ) ;
#860 = FACE_OUTER_BOUND ( 'NONE', #86, .T. ) ;
#861 = ADVANCED_FACE ( 'NONE', ( #860 ), #1069, .F. ) ;
#862 = CARTESIAN_POINT ( 'NONE',  ( 14.99999999999995559, 14.99999999999998579, 35.00000000000000000 ) ) ;
#863 = CARTESIAN_POINT ( 'NONE',  ( 47.49999999999997868, 160.0000000000000000, 0.0000000000000000000 ) ) ;
#864 = CARTESIAN_POINT ( 'NONE',  ( 37.49999999999997868, 170.0000000000000000, 19.99999999999999289 ) ) ;
#865 = EDGE_CURVE ( 'NONE', #3024, #701, #2135, .T. ) ;
#866 = ORIENTED_EDGE ( 'NONE', *, *, #2082, .T. ) ;
#867 = VECTOR ( 'NONE', #655, 1000.000000000000114 ) ;
#868 = CARTESIAN_POINT ( 'NONE',  ( 4.999999999999972466, 5.000000000000004441, -8.673617379884035472E-16 ) ) ;
#869 = ORIENTED_EDGE ( 'NONE', *, *, #492, .T. ) ;
#870 = ORIENTED_EDGE ( 'NONE', *, *, #1456, .T. ) ;
#871 = CARTESIAN_POINT ( 'NONE',  ( 4.999999999999976907, 165.0000000000000000, 8.251075773784450007 ) ) ;
#872 = ORIENTED_EDGE ( 'NONE', *, *, #57, .F. ) ;
#873 = APPROVAL_ROLE ( '' ) ;
#874 = DIRECTION ( 'NONE',  ( -0.0000000000000000000, -0.0000000000000000000, -1.000000000000000000 ) ) ;
#875 = ADVANCED_FACE ( 'NONE', ( #593 ), #1532, .F. ) ;
#876 = CARTESIAN_POINT ( 'NONE',  ( 96.52499999999999147, 165.0000000000000000, -8.673617379884035472E-16 ) ) ;
#877 = CARTESIAN_POINT ( 'NONE',  ( 62.49999999999997158, 170.0000000000000000, 25.06689999999999330 ) ) ;
#878 = ORIENTED_EDGE ( 'NONE', *, *, #478, .T. ) ;
#879 = LINE ( 'NONE', #2528, #2265 ) ;
#880 = LINE ( 'NONE', #1566, #1625 ) ;
#881 = LINE ( 'NONE', #641, #2280 ) ;
#882 = EDGE_CURVE ( 'NONE', #3007, #1120, #496, .T. ) ;
#883 = DIRECTION ( 'NONE',  ( -0.0000000000000000000, 1.000000000000000000, -0.0000000000000000000 ) ) ;
#884 = EDGE_LOOP ( 'NONE', ( #1176, #2834, #2398 ) ) ;
#885 = ORIENTED_EDGE ( 'NONE', *, *, #342, .F. ) ;
#886 = CARTESIAN_POINT ( 'NONE',  ( 94.99999999999998579, 5.000000000000000000, 7.499999999999998224 ) ) ;
#887 = EDGE_LOOP ( 'NONE', ( #153, #2301 ) ) ;
#888 = EDGE_CURVE ( 'NONE', #3071, #2485, #1249, .T. ) ;
#889 = ORIENTED_EDGE ( 'NONE', *, *, #2723, .T. ) ;
#890 = LINE ( 'NONE', #88, #2327 ) ;
#891 = CIRCLE ( 'NONE', #2453, 1.250000000000001110 ) ;
#892 = EDGE_CURVE ( 'NONE', #2725, #615, #2269, .T. ) ;
#893 = FACE_BOUND ( 'NONE', #887, .T. ) ;
#894 = LINE ( 'NONE', #2945, #2975 ) ;
#895 = DIRECTION ( 'NONE',  ( 0.0000000000000000000, 0.0000000000000000000, 1.000000000000000000 ) ) ;
#896 = CC_DESIGN_APPROVAL ( #1234, ( #626 ) ) ;
#897 = CIRCLE ( 'NONE', #793, 5.000000000000004441 ) ;
#898 = DIRECTION ( 'NONE',  ( 1.000000000000000000, 1.315430123963455640E-16, 0.0000000000000000000 ) ) ;
#899 = CIRCLE ( 'NONE', #1089, 5.066899999999999515 ) ;
#900 = EDGE_CURVE ( 'NONE', #2500, #2303, #2223, .T. ) ;
#901 = DIRECTION ( 'NONE',  ( 1.000000000000000000, -0.0000000000000000000, -0.0000000000000000000 ) ) ;
#902 = VERTEX_POINT ( 'NONE', #1424 ) ;
#903 = VECTOR ( 'NONE', #226, 1000.000000000000114 ) ;
#904 = CARTESIAN_POINT ( 'NONE',  ( 51.25000000000000000, 4.999999999999990230, 7.499999999999998224 ) ) ;
#905 = DIRECTION ( 'NONE',  ( -0.7071067811865486830, 0.0000000000000000000, -0.7071067811865464625 ) ) ;
#906 = AXIS2_PLACEMENT_3D ( 'NONE', #2318, #2213, #2302 ) ;
#907 = ORIENTED_EDGE ( 'NONE', *, *, #1606, .F. ) ;
#908 = CARTESIAN_POINT ( 'NONE',  ( 48.74999999999999289, 165.0000000000000000, 0.2749999999999991895 ) ) ;
#909 = ORIENTED_EDGE ( 'NONE', *, *, #1574, .F. ) ;
#910 = EDGE_LOOP ( 'NONE', ( #907, #1445, #2404, #106 ) ) ;
#911 = FACE_OUTER_BOUND ( 'NONE', #712, .T. ) ;
#912 = DIRECTION ( 'NONE',  ( -0.0000000000000000000, -0.0000000000000000000, -1.000000000000000000 ) ) ;
#913 = EDGE_CURVE ( 'NONE', #341, #284, #1438, .T. ) ;
#914 = DIRECTION ( 'NONE',  ( -1.000000000000000000, 0.0000000000000000000, 0.0000000000000000000 ) ) ;
#915 = CARTESIAN_POINT ( 'NONE',  ( 62.49999999999997158, 170.0000000000000000, 19.99999999999999289 ) ) ;
#916 = ORIENTED_EDGE ( 'NONE', *, *, #2897, .T. ) ;
#917 = DIRECTION ( 'NONE',  ( -1.000000000000000000, 0.0000000000000000000, 0.0000000000000000000 ) ) ;
#918 = EDGE_LOOP ( 'NONE', ( #1849, #1609 ) ) ;
#919 = CARTESIAN_POINT ( 'NONE',  ( 4.999999999999973355, 165.0000000000000000, 40.00000000000000000 ) ) ;
#920 = VECTOR ( 'NONE', #1157, 1000.000000000000114 ) ;
#921 = CARTESIAN_POINT ( 'NONE',  ( 24.99999999999997513, 160.0000000000000000, 35.00000000000000000 ) ) ;
#922 = DIRECTION ( 'NONE',  ( -0.0000000000000000000, -0.0000000000000000000, -1.000000000000000000 ) ) ;
#923 = EDGE_CURVE ( 'NONE', #1194, #2739, #485, .T. ) ;
#924 = AXIS2_PLACEMENT_3D ( 'NONE', #868, #1570, #199 ) ;
#925 = CARTESIAN_POINT ( 'NONE',  ( 96.52500000000000568, 85.00000000000000000, -8.673617379884035472E-16 ) ) ;
#926 = EDGE_LOOP ( 'NONE', ( #1788, #878, #296, #1250 ) ) ;
#927 = DIRECTION ( 'NONE',  ( 0.0000000000000000000, 0.0000000000000000000, -1.000000000000000000 ) ) ;
#928 = DIRECTION ( 'NONE',  ( 0.0000000000000000000, 0.0000000000000000000, 1.000000000000000000 ) ) ;
#929 = EDGE_CURVE ( 'NONE', #1002, #728, #1339, .T. ) ;
#930 = FACE_OUTER_BOUND ( 'NONE', #2965, .T. ) ;
#931 = DIRECTION ( 'NONE',  ( -0.0000000000000000000, -0.0000000000000000000, 1.000000000000000000 ) ) ;
#932 = CARTESIAN_POINT ( 'NONE',  ( 42.49999999999998579, 155.0000000000000000, 35.00000000000000000 ) ) ;
#933 = EDGE_LOOP ( 'NONE', ( #279, #2903 ) ) ;
#934 = DIRECTION ( 'NONE',  ( -1.000000000000000000, 0.0000000000000000000, 0.0000000000000000000 ) ) ;
#935 = ORIENTED_EDGE ( 'NONE', *, *, #1559, .F. ) ;
#936 = EDGE_CURVE ( 'NONE', #938, #2128, #658, .T. ) ;
#937 = LINE ( 'NONE', #487, #2180 ) ;
#938 = VERTEX_POINT ( 'NONE', #2784 ) ;
#939 = DIRECTION ( 'NONE',  ( -0.0000000000000000000, -0.0000000000000000000, -1.000000000000000000 ) ) ;
#940 = ORIENTED_EDGE ( 'NONE', *, *, #1909, .T. ) ;
#941 = EDGE_CURVE ( 'NONE', #482, #1173, #1206, .T. ) ;
#942 = CARTESIAN_POINT ( 'NONE',  ( 4.999999999999972466, 5.000000000000004441, 0.0000000000000000000 ) ) ;
#943 = VECTOR ( 'NONE', #640, 1000.000000000000000 ) ;
#944 = AXIS2_PLACEMENT_3D ( 'NONE', #1426, #743, #1684 ) ;
#945 = DIRECTION ( 'NONE',  ( 1.049727191138618942E-16, 0.5150380749100537114, -0.8571673007021125557 ) ) ;
#946 = DIRECTION ( 'NONE',  ( -1.000000000000000000, 0.0000000000000000000, 0.0000000000000000000 ) ) ;
#947 = CONICAL_SURFACE ( 'NONE', #1974, 1.250000000000000222, 1.029744258676653867 ) ;
#948 = PLANE ( 'NONE',  #2951 ) ;
#949 = DIRECTION ( 'NONE',  ( 0.8571673007021121116, 1.049727191138618449E-16, -0.5150380749100544886 ) ) ;
#950 = ADVANCED_FACE ( 'NONE', ( #2832 ), #1198, .F. ) ;
#951 = CIRCLE ( 'NONE', #2083, 5.000000000000000000 ) ;
#952 = LINE ( 'NONE', #710, #465 ) ;
#953 = ORIENTED_EDGE ( 'NONE', *, *, #2298, .T. ) ;
#954 = ORIENTED_EDGE ( 'NONE', *, *, #230, .F. ) ;
#955 = AXIS2_PLACEMENT_3D ( 'NONE', #687, #239, #917 ) ;
#956 = CARTESIAN_POINT ( 'NONE',  ( 57.49999999999997158, 150.0000000000000000, 35.00000000000000000 ) ) ;
#957 = EDGE_LOOP ( 'NONE', ( #164, #2406, #1004, #1647 ) ) ;
#958 = CONICAL_SURFACE ( 'NONE', #1098, 1.250000000000000222, 1.029744258676653867 ) ;
#959 = ORIENTED_EDGE ( 'NONE', *, *, #3068, .F. ) ;
#960 = ORIENTED_EDGE ( 'NONE', *, *, #681, .F. ) ;
#961 = CARTESIAN_POINT ( 'NONE',  ( 27.25000000000001421, 132.7500000000000000, 4.999999999999997335 ) ) ;
#962 = DIRECTION ( 'NONE',  ( -0.0000000000000000000, -0.0000000000000000000, -1.000000000000000000 ) ) ;
#963 = VECTOR ( 'NONE', #2523, 1000.000000000000000 ) ;
#964 = DIRECTION ( 'NONE',  ( -0.0000000000000000000, -0.0000000000000000000, -1.000000000000000000 ) ) ;
#965 = EDGE_LOOP ( 'NONE', ( #935, #1981, #2426 ) ) ;
#966 = DIRECTION ( 'NONE',  ( -0.0000000000000000000, -0.0000000000000000000, -1.000000000000000000 ) ) ;
#967 = DIRECTION ( 'NONE',  ( 0.0000000000000000000, 0.0000000000000000000, -1.000000000000000000 ) ) ;
#968 = CC_DESIGN_PERSON_AND_ORGANIZATION_ASSIGNMENT ( #148, #2473, ( #457 ) ) ;
#969 = LINE ( 'NONE', #1444, #2428 ) ;
#970 = VECTOR ( 'NONE', #483, 1000.000000000000000 ) ;
#971 = ORIENTED_EDGE ( 'NONE', *, *, #941, .F. ) ;
#972 = EDGE_CURVE ( 'NONE', #1797, #1472, #2605, .T. ) ;
#973 = AXIS2_PLACEMENT_3D ( 'NONE', #1904, #518, #232 ) ;
#974 = ORIENTED_EDGE ( 'NONE', *, *, #1962, .F. ) ;
#975 = VECTOR ( 'NONE', #2434, 1000.000000000000000 ) ;
#976 = DIRECTION ( 'NONE',  ( -1.000000000000000000, 0.0000000000000000000, 0.0000000000000000000 ) ) ;
#977 = CARTESIAN_POINT ( 'NONE',  ( 6.249999999999976019, 165.0000000000000000, 0.2749999999999991895 ) ) ;
#978 = DIRECTION ( 'NONE',  ( -0.0000000000000000000, -0.0000000000000000000, 1.000000000000000000 ) ) ;
#979 = ORIENTED_EDGE ( 'NONE', *, *, #1361, .T. ) ;
#980 = CYLINDRICAL_SURFACE ( 'NONE', #944, 1.250000000000001110 ) ;
#981 = ORIENTED_EDGE ( 'NONE', *, *, #900, .T. ) ;
#982 = ADVANCED_FACE ( 'NONE', ( #2149 ), #1832, .F. ) ;
#983 = LINE ( 'NONE', #1172, #36 ) ;
#984 = DIRECTION ( 'NONE',  ( -0.8571673007021120005, 0.0000000000000000000, -0.5150380749100547106 ) ) ;
#985 = ORIENTED_EDGE ( 'NONE', *, *, #1888, .T. ) ;
#986 = ORIENTED_EDGE ( 'NONE', *, *, #2957, .F. ) ;
#987 = ORIENTED_EDGE ( 'NONE', *, *, #2237, .T. ) ;
#988 = ADVANCED_FACE ( 'NONE', ( #1637 ), #1650, .F. ) ;
#989 = ORIENTED_EDGE ( 'NONE', *, *, #1517, .F. ) ;
#990 = CARTESIAN_POINT ( 'NONE',  ( 4.999999999999972466, 5.000000000000004441, -8.673617379884035472E-16 ) ) ;
#991 = ADVANCED_FACE ( 'NONE', ( #1373 ), #707, .T. ) ;
#992 = DIRECTION ( 'NONE',  ( -1.000000000000000000, 0.0000000000000000000, 0.0000000000000000000 ) ) ;
#993 = DIRECTION ( 'NONE',  ( 0.0000000000000000000, -0.0000000000000000000, -1.000000000000000000 ) ) ;
#994 = ORIENTED_EDGE ( 'NONE', *, *, #1043, .F. ) ;
#995 = DIRECTION ( 'NONE',  ( -0.0000000000000000000, -0.0000000000000000000, -1.000000000000000000 ) ) ;
#996 = AXIS2_PLACEMENT_3D ( 'NONE', #2002, #2935, #555 ) ;
#997 = CARTESIAN_POINT ( 'NONE',  ( 69.99999999999998579, 139.9999999999999716, 35.00000000000000000 ) ) ;
#998 = AXIS2_PLACEMENT_3D ( 'NONE', #369, #1150, #1132 ) ;
#999 = VERTEX_POINT ( 'NONE', #211 ) ;
#1000 = CARTESIAN_POINT ( 'NONE',  ( 96.52500000000000568, 85.00000000000000000, -8.673617379884035472E-16 ) ) ;
#1001 = ORIENTED_EDGE ( 'NONE', *, *, #2468, .T. ) ;
#1002 = VERTEX_POINT ( 'NONE', #1167 ) ;
#1003 = AXIS2_PLACEMENT_3D ( 'NONE', #2662, #1273, #1313 ) ;
#1004 = ORIENTED_EDGE ( 'NONE', *, *, #2602, .T. ) ;
#1005 = EDGE_LOOP ( 'NONE', ( #2811, #559, #305, #311 ) ) ;
#1006 = APPROVAL ( #1490, 'UNSPECIFIED' ) ;
#1007 = CIRCLE ( 'NONE', #2712, 1.250000000000000222 ) ;
#1008 = CIRCLE ( 'NONE', #303, 1.250000000000001110 ) ;
#1009 = DIRECTION ( 'NONE',  ( -0.0000000000000000000, -0.0000000000000000000, -1.000000000000000000 ) ) ;
#1010 = EDGE_CURVE ( 'NONE', #2368, #2533, #1411, .T. ) ;
#1011 = CARTESIAN_POINT ( 'NONE',  ( 95.00000000000000000, 85.00000000000000000, 8.251075773784450007 ) ) ;
#1012 = CARTESIAN_POINT ( 'NONE',  ( 4.999999999999973355, 165.0000000000000000, 0.0000000000000000000 ) ) ;
#1013 = LINE ( 'NONE', #93, #795 ) ;
#1014 = DIRECTION ( 'NONE',  ( -0.0000000000000000000, -0.0000000000000000000, -1.000000000000000000 ) ) ;
#1015 = CARTESIAN_POINT ( 'NONE',  ( -2.775557561562891351E-14, 170.0000000000000000, 40.00000000000000000 ) ) ;
#1016 = VERTEX_POINT ( 'NONE', #2346 ) ;
#1017 = ORIENTED_EDGE ( 'NONE', *, *, #700, .F. ) ;
#1018 = AXIS2_PLACEMENT_3D ( 'NONE', #2364, #1207, #3073 ) ;
#1019 = ADVANCED_FACE ( 'NONE', ( #1183, #3053 ), #948, .F. ) ;
#1020 = DIRECTION ( 'NONE',  ( -1.000000000000000000, 0.0000000000000000000, 0.0000000000000000000 ) ) ;
#1021 = CIRCLE ( 'NONE', #320, 1.250000000000001110 ) ;
#1022 = DIRECTION ( 'NONE',  ( 0.7071067811865441310, 8.659560562354892183E-17, -0.7071067811865507924 ) ) ;
#1023 = CYLINDRICAL_SURFACE ( 'NONE', #588, 5.000000000000004441 ) ;
#1024 = DIRECTION ( 'NONE',  ( -1.000000000000000000, 0.0000000000000000000, 0.0000000000000000000 ) ) ;
#1025 = LINE ( 'NONE', #2680, #1588 ) ;
#1026 = ORIENTED_EDGE ( 'NONE', *, *, #1895, .T. ) ;
#1027 = VERTEX_POINT ( 'NONE', #316 ) ;
#1028 = ORIENTED_EDGE ( 'NONE', *, *, #892, .T. ) ;
#1029 = ORIENTED_EDGE ( 'NONE', *, *, #1527, .F. ) ;
#1030 = EDGE_CURVE ( 'NONE', #341, #1332, #2622, .T. ) ;
#1031 = CARTESIAN_POINT ( 'NONE',  ( 0.0000000000000000000, 0.0000000000000000000, 0.0000000000000000000 ) ) ;
#1032 = DIRECTION ( 'NONE',  ( -0.0000000000000000000, -0.0000000000000000000, -1.000000000000000000 ) ) ;
#1033 = AXIS2_PLACEMENT_3D ( 'NONE', #256, #2604, #1196 ) ;
#1034 = PLANE ( 'NONE',  #293 ) ;
#1035 = FACE_OUTER_BOUND ( 'NONE', #808, .T. ) ;
#1036 = EDGE_CURVE ( 'NONE', #834, #2268, #2761, .T. ) ;
#1037 = ORIENTED_EDGE ( 'NONE', *, *, #2069, .F. ) ;
#1038 = CARTESIAN_POINT ( 'NONE',  ( 4.999999999999976907, 165.0000000000000000, 7.499999999999998224 ) ) ;
#1039 = AXIS2_PLACEMENT_3D ( 'NONE', #1581, #841, #132 ) ;
#1040 = DIRECTION ( 'NONE',  ( -0.0000000000000000000, 1.000000000000000000, -0.0000000000000000000 ) ) ;
#1041 = PRODUCT_DEFINITION_SHAPE ( 'NONE', 'NONE',  #626 ) ;
#1042 = VECTOR ( 'NONE', #2636, 1000.000000000000000 ) ;
#1043 = EDGE_CURVE ( 'NONE', #1688, #602, #1475, .T. ) ;
#1044 = ORIENTED_EDGE ( 'NONE', *, *, #2487, .T. ) ;
#1045 = ORIENTED_EDGE ( 'NONE', *, *, #3059, .T. ) ;
#1046 = CARTESIAN_POINT ( 'NONE',  ( 52.49999999999997868, 155.0000000000000000, 35.00000000000000000 ) ) ;
#1047 = ORIENTED_EDGE ( 'NONE', *, *, #554, .F. ) ;
#1048 = CIRCLE ( 'NONE', #2862, 5.000000000000004441 ) ;
#1049 = VERTEX_POINT ( 'NONE', #2199 ) ;
#1050 = CARTESIAN_POINT ( 'NONE',  ( 49.99999999999999289, 4.999999999999990230, 7.499999999999998224 ) ) ;
#1051 = EDGE_CURVE ( 'NONE', #2339, #273, #2171, .T. ) ;
#1052 = LINE ( 'NONE', #2686, #2380 ) ;
#1053 = CIRCLE ( 'NONE', #1831, 5.000000000000004441 ) ;
#1054 = DIRECTION ( 'NONE',  ( -0.0000000000000000000, -0.0000000000000000000, 1.000000000000000000 ) ) ;
#1055 = DIRECTION ( 'NONE',  ( 0.0000000000000000000, 0.0000000000000000000, -1.000000000000000000 ) ) ;
#1056 = CARTESIAN_POINT ( 'NONE',  ( 4.999999999999976907, 165.0000000000000000, 0.2749999999999991895 ) ) ;
#1057 = LINE ( 'NONE', #49, #3017 ) ;
#1058 = EDGE_CURVE ( 'NONE', #1235, #854, #72, .T. ) ;
#1059 = VERTEX_POINT ( 'NONE', #1011 ) ;
#1060 = DIRECTION ( 'NONE',  ( -0.0000000000000000000, -0.0000000000000000000, -1.000000000000000000 ) ) ;
#1061 = ADVANCED_FACE ( 'NONE', ( #271 ), #513, .F. ) ;
#1062 = VERTEX_POINT ( 'NONE', #302 ) ;
#1063 = DATE_AND_TIME ( #2905, #1675 ) ;
#1064 = CARTESIAN_POINT ( 'NONE',  ( 67.74999999999998579, 37.25000000000000711, 40.00000000000000000 ) ) ;
#1065 = CIRCLE ( 'NONE', #480, 1.524999999999998579 ) ;
#1066 = DIRECTION ( 'NONE',  ( -0.0000000000000000000, -0.0000000000000000000, -1.000000000000000000 ) ) ;
#1067 = DIRECTION ( 'NONE',  ( -0.0000000000000000000, -1.000000000000000000, -0.0000000000000000000 ) ) ;
#1068 = ORIENTED_EDGE ( 'NONE', *, *, #1543, .T. ) ;
#1069 = CYLINDRICAL_SURFACE ( 'NONE', #460, 1.250000000000001110 ) ;
#1070 = ADVANCED_FACE ( 'NONE', ( #283 ), #1281, .F. ) ;
#1071 = LINE ( 'NONE', #2218, #1386 ) ;
#1072 = CARTESIAN_POINT ( 'NONE',  ( 75.00000000000000000, 160.0000000000000000, 35.00000000000000000 ) ) ;
#1073 = CARTESIAN_POINT ( 'NONE',  ( 57.49999999999997158, 155.0000000000000000, 35.00000000000000000 ) ) ;
#1074 = DIRECTION ( 'NONE',  ( 0.0000000000000000000, 0.0000000000000000000, 1.000000000000000000 ) ) ;
#1075 = ORIENTED_EDGE ( 'NONE', *, *, #681, .T. ) ;
#1076 = EDGE_CURVE ( 'NONE', #1016, #216, #1152, .T. ) ;
#1077 = CARTESIAN_POINT ( 'NONE',  ( 62.49999999999997158, 170.0000000000000000, 19.99999999999999289 ) ) ;
#1078 = DIRECTION ( 'NONE',  ( 0.0000000000000000000, 0.7071067811865474617, 0.7071067811865474617 ) ) ;
#1079 = ORIENTED_EDGE ( 'NONE', *, *, #1010, .F. ) ;
#1080 = DIRECTION ( 'NONE',  ( -0.7071067811865441310, 0.0000000000000000000, -0.7071067811865507924 ) ) ;
#1081 = DIRECTION ( 'NONE',  ( -1.000000000000000000, 0.0000000000000000000, 0.0000000000000000000 ) ) ;
#1082 = PLANE ( 'NONE',  #2664 ) ;
#1083 = DIRECTION ( 'NONE',  ( -1.000000000000000000, 0.0000000000000000000, 0.0000000000000000000 ) ) ;
#1084 = EDGE_CURVE ( 'NONE', #2885, #1727, #39, .T. ) ;
#1085 = ORIENTED_EDGE ( 'NONE', *, *, #1565, .F. ) ;
#1086 = CARTESIAN_POINT ( 'NONE',  ( 27.25000000000001421, 137.7500000000000000, 40.00000000000000000 ) ) ;
#1087 = AXIS2_PLACEMENT_3D ( 'NONE', #2618, #1227, #2323 ) ;
#1088 = ORIENTED_EDGE ( 'NONE', *, *, #645, .T. ) ;
#1089 = AXIS2_PLACEMENT_3D ( 'NONE', #2188, #62, #2216 ) ;
#1090 = ADVANCED_FACE ( 'NONE', ( #760 ), #2906, .F. ) ;
#1091 = CONICAL_SURFACE ( 'NONE', #1443, 5.066899999999999515, 0.7853981633974482790 ) ;
#1092 = DIRECTION ( 'NONE',  ( -0.0000000000000000000, -0.0000000000000000000, -1.000000000000000000 ) ) ;
#1093 = VECTOR ( 'NONE', #931, 1000.000000000000000 ) ;
#1094 = CARTESIAN_POINT ( 'NONE',  ( 51.52499999999999147, 4.999999999999990230, -8.673617379884035472E-16 ) ) ;
#1095 = EDGE_LOOP ( 'NONE', ( #954, #3049, #2859, #3061 ) ) ;
#1096 = VECTOR ( 'NONE', #2251, 1000.000000000000000 ) ;
#1097 = EDGE_CURVE ( 'NONE', #281, #218, #23, .T. ) ;
#1098 = AXIS2_PLACEMENT_3D ( 'NONE', #2288, #163, #1822 ) ;
#1099 = LINE ( 'NONE', #826, #135 ) ;
#1100 = DIRECTION ( 'NONE',  ( 0.0000000000000000000, 0.0000000000000000000, -1.000000000000000000 ) ) ;
#1101 = CARTESIAN_POINT ( 'NONE',  ( 37.49999999999997868, 170.0000000000000000, 19.99999999999999289 ) ) ;
#1102 = CARTESIAN_POINT ( 'NONE',  ( 6.249999999999971578, 85.00000000000000000, 0.2749999999999991895 ) ) ;
#1103 = ORIENTED_EDGE ( 'NONE', *, *, #1296, .F. ) ;
#1104 = DIRECTION ( 'NONE',  ( -1.000000000000000000, 0.0000000000000000000, 0.0000000000000000000 ) ) ;
#1105 = EDGE_CURVE ( 'NONE', #1173, #482, #2710, .T. ) ;
#1106 = ORIENTED_EDGE ( 'NONE', *, *, #561, .T. ) ;
#1107 = VERTEX_POINT ( 'NONE', #526 ) ;
#1108 = PERSON_AND_ORGANIZATION ( #523, #1202 ) ;
#1109 = CARTESIAN_POINT ( 'NONE',  ( 37.49999999999997868, 170.0000000000000000, 19.99999999999999289 ) ) ;
#1110 = CARTESIAN_POINT ( 'NONE',  ( 9.999999999999973355, 155.0000000000000000, 0.0000000000000000000 ) ) ;
#1111 = VECTOR ( 'NONE', #945, 1000.000000000000000 ) ;
#1112 = LINE ( 'NONE', #2086, #2505 ) ;
#1113 = ADVANCED_FACE ( 'NONE', ( #1711 ), #1397, .F. ) ;
#1114 = ORIENTED_EDGE ( 'NONE', *, *, #287, .F. ) ;
#1115 = FACE_OUTER_BOUND ( 'NONE', #1872, .T. ) ;
#1116 = ADVANCED_FACE ( 'NONE', ( #552 ), #695, .F. ) ;
#1117 = CYLINDRICAL_SURFACE ( 'NONE', #1432, 5.000000000000004441 ) ;
#1118 = CARTESIAN_POINT ( 'NONE',  ( 99.99999999999998579, 5.000000000000000000, 0.0000000000000000000 ) ) ;
#1119 = PLANE ( 'NONE',  #3019 ) ;
#1120 = VERTEX_POINT ( 'NONE', #2658 ) ;
#1121 = EDGE_LOOP ( 'NONE', ( #2324, #1976 ) ) ;
#1122 = ORIENTED_EDGE ( 'NONE', *, *, #2415, .T. ) ;
#1123 = EDGE_CURVE ( 'NONE', #2663, #1418, #1504, .T. ) ;
#1124 = FACE_OUTER_BOUND ( 'NONE', #475, .T. ) ;
#1125 = ORIENTED_EDGE ( 'NONE', *, *, #2808, .F. ) ;
#1126 = CARTESIAN_POINT ( 'NONE',  ( 6.249999999999972466, 85.00000000000000000, 7.499999999999998224 ) ) ;
#1127 = FACE_OUTER_BOUND ( 'NONE', #1137, .T. ) ;
#1128 = EDGE_CURVE ( 'NONE', #2182, #488, #2421, .T. ) ;
#1129 = CARTESIAN_POINT ( 'NONE',  ( 99.99999999999997158, 165.0000000000000000, 0.0000000000000000000 ) ) ;
#1130 = CARTESIAN_POINT ( 'NONE',  ( 93.47499999999999432, 165.0000000000000000, -8.673617379884035472E-16 ) ) ;
#1131 = CARTESIAN_POINT ( 'NONE',  ( 37.49999999999997868, 170.0000000000000000, 19.99999999999999289 ) ) ;
#1132 = DIRECTION ( 'NONE',  ( -1.000000000000000000, 0.0000000000000000000, 0.0000000000000000000 ) ) ;
#1133 = DIRECTION ( 'NONE',  ( -0.0000000000000000000, -0.0000000000000000000, -1.000000000000000000 ) ) ;
#1134 = CARTESIAN_POINT ( 'NONE',  ( 74.99999999999998579, 30.00000000000000000, 0.0000000000000000000 ) ) ;
#1135 = EDGE_LOOP ( 'NONE', ( #2459, #508, #1530, #387 ) ) ;
#1136 = PLANE ( 'NONE',  #1954 ) ;
#1137 = EDGE_LOOP ( 'NONE', ( #1215, #1037, #781, #2059 ) ) ;
#1138 = ADVANCED_FACE ( 'NONE', ( #1913 ), #203, .T. ) ;
#1139 = ORIENTED_EDGE ( 'NONE', *, *, #2524, .F. ) ;
#1140 = DIRECTION ( 'NONE',  ( 0.8571673007021120005, 1.049727191138618326E-16, -0.5150380749100547106 ) ) ;
#1141 = ORIENTED_EDGE ( 'NONE', *, *, #3059, .F. ) ;
#1142 = VECTOR ( 'NONE', #949, 1000.000000000000000 ) ;
#1143 = CARTESIAN_POINT ( 'NONE',  ( 6.249999999999976907, 165.0000000000000000, 7.499999999999998224 ) ) ;
#1144 = CIRCLE ( 'NONE', #586, 5.066899999999999515 ) ;
#1145 = DIRECTION ( 'NONE',  ( -0.0000000000000000000, 0.0000000000000000000, -1.000000000000000000 ) ) ;
#1146 = DIRECTION ( 'NONE',  ( 0.0000000000000000000, 0.0000000000000000000, -1.000000000000000000 ) ) ;
#1147 = ORIENTED_EDGE ( 'NONE', *, *, #1036, .F. ) ;
#1148 = CARTESIAN_POINT ( 'NONE',  ( 0.0000000000000000000, 0.0000000000000000000, 0.0000000000000000000 ) ) ;
#1149 = VECTOR ( 'NONE', #2125, 1000.000000000000000 ) ;
#1150 = DIRECTION ( 'NONE',  ( -0.0000000000000000000, -0.0000000000000000000, -1.000000000000000000 ) ) ;
#1151 = ORIENTED_EDGE ( 'NONE', *, *, #759, .T. ) ;
#1152 = CIRCLE ( 'NONE', #2321, 4.999999999999999112 ) ;
#1153 = CARTESIAN_POINT ( 'NONE',  ( 96.24999999999998579, 165.0000000000000000, 0.0000000000000000000 ) ) ;
#1154 = DIRECTION ( 'NONE',  ( -0.0000000000000000000, 0.0000000000000000000, -1.000000000000000000 ) ) ;
#1155 = AXIS2_PLACEMENT_3D ( 'NONE', #149, #2981, #2744 ) ;
#1156 = AXIS2_PLACEMENT_3D ( 'NONE', #600, #1835, #2773 ) ;
#1157 = DIRECTION ( 'NONE',  ( 0.7071067811865441310, 8.659560562354892183E-17, -0.7071067811865507924 ) ) ;
#1158 = ORIENTED_EDGE ( 'NONE', *, *, #763, .F. ) ;
#1159 = DIRECTION ( 'NONE',  ( -0.0000000000000000000, -0.0000000000000000000, -1.000000000000000000 ) ) ;
#1160 = EDGE_LOOP ( 'NONE', ( #190, #1461 ) ) ;
#1161 = VECTOR ( 'NONE', #539, 1000.000000000000000 ) ;
#1162 = DIRECTION ( 'NONE',  ( -1.000000000000000000, -6.938893903907227392E-16, 0.0000000000000000000 ) ) ;
#1163 = CARTESIAN_POINT ( 'NONE',  ( 9.999999999999973355, 160.0000000000000000, 0.0000000000000000000 ) ) ;
#1164 = EDGE_CURVE ( 'NONE', #2028, #1290, #1052, .T. ) ;
#1165 = DIRECTION ( 'NONE',  ( -1.000000000000000000, 0.0000000000000000000, 0.0000000000000000000 ) ) ;
#1166 = ORIENTED_EDGE ( 'NONE', *, *, #434, .T. ) ;
#1167 = CARTESIAN_POINT ( 'NONE',  ( 9.999999999999973355, 155.0000000000000000, 35.00000000000000000 ) ) ;
#1168 = ORIENTED_EDGE ( 'NONE', *, *, #657, .F. ) ;
#1169 = DIRECTION ( 'NONE',  ( -1.000000000000000000, 0.0000000000000000000, 0.0000000000000000000 ) ) ;
#1170 = AXIS2_PLACEMENT_3D ( 'NONE', #180, #1787, #159 ) ;
#1171 = CARTESIAN_POINT ( 'NONE',  ( 42.49999999999998579, 160.0000000000000000, 35.00000000000000000 ) ) ;
#1172 = CARTESIAN_POINT ( 'NONE',  ( 93.75000000000000000, 85.00000000000000000, 0.0000000000000000000 ) ) ;
#1173 = VERTEX_POINT ( 'NONE', #1126 ) ;
#1174 = AXIS2_PLACEMENT_3D ( 'NONE', #2413, #1738, #80 ) ;
#1175 = DIRECTION ( 'NONE',  ( -0.0000000000000000000, 0.0000000000000000000, -1.000000000000000000 ) ) ;
#1176 = ORIENTED_EDGE ( 'NONE', *, *, #2325, .F. ) ;
#1177 = LINE ( 'NONE', #2115, #1534 ) ;
#1178 = ORIENTED_EDGE ( 'NONE', *, *, #1304, .T. ) ;
#1179 = CARTESIAN_POINT ( 'NONE',  ( 57.49999999999997158, 155.0000000000000000, 0.0000000000000000000 ) ) ;
#1180 = DIRECTION ( 'NONE',  ( 0.0000000000000000000, -0.0000000000000000000, 1.000000000000000000 ) ) ;
#1181 = DIRECTION ( 'NONE',  ( -1.000000000000000000, 0.0000000000000000000, 0.0000000000000000000 ) ) ;
#1182 = ADVANCED_FACE ( 'NONE', ( #576 ), #354, .F. ) ;
#1183 = FACE_OUTER_BOUND ( 'NONE', #676, .T. ) ;
#1184 = ORIENTED_EDGE ( 'NONE', *, *, #1278, .F. ) ;
#1185 = FACE_OUTER_BOUND ( 'NONE', #780, .T. ) ;
#1186 = VERTEX_POINT ( 'NONE', #665 ) ;
#1187 = DIRECTION ( 'NONE',  ( 1.049727191138619312E-16, 0.5150380749100531563, -0.8571673007021129997 ) ) ;
#1188 = ORIENTED_EDGE ( 'NONE', *, *, #2367, .F. ) ;
#1189 = DIRECTION ( 'NONE',  ( 1.000000000000000000, 0.0000000000000000000, 0.0000000000000000000 ) ) ;
#1190 = APPLICATION_CONTEXT ( 'configuration controlled 3d designs of mechanical parts and assemblies' ) ;
#1191 = ORIENTED_EDGE ( 'NONE', *, *, #2058, .T. ) ;
#1192 = ADVANCED_FACE ( 'NONE', ( #815 ), #629, .F. ) ;
#1193 = VERTEX_POINT ( 'NONE', #1294 ) ;
#1194 = VERTEX_POINT ( 'NONE', #1857 ) ;
#1195 = LINE ( 'NONE', #1597, #2045 ) ;
#1196 = DIRECTION ( 'NONE',  ( -1.000000000000000000, 0.0000000000000000000, 0.0000000000000000000 ) ) ;
#1197 = EDGE_CURVE ( 'NONE', #240, #1173, #1573, .T. ) ;
#1198 = PLANE ( 'NONE',  #3060 ) ;
#1199 = DIRECTION ( 'NONE',  ( -0.0000000000000000000, -0.0000000000000000000, -1.000000000000000000 ) ) ;
#1200 = ADVANCED_FACE ( 'NONE', ( #2231 ), #1518, .F. ) ;
#1201 = AXIS2_PLACEMENT_3D ( 'NONE', #229, #215, #967 ) ;
#1202 = ORGANIZATION ( 'UNSPECIFIED', 'UNSPECIFIED', '' ) ;
#1203 = LINE ( 'NONE', #2140, #1149 ) ;
#1204 = ORIENTED_EDGE ( 'NONE', *, *, #2442, .F. ) ;
#1205 = ORIENTED_EDGE ( 'NONE', *, *, #2766, .F. ) ;
#1206 = CIRCLE ( 'NONE', #2661, 1.250000000000000222 ) ;
#1207 = DIRECTION ( 'NONE',  ( -0.0000000000000000000, 1.000000000000000000, -0.0000000000000000000 ) ) ;
#1208 = DIRECTION ( 'NONE',  ( -0.0000000000000000000, -0.0000000000000000000, -1.000000000000000000 ) ) ;
#1209 = CONICAL_SURFACE ( 'NONE', #906, 1.524999999999998579, 0.7853981633974437271 ) ;
#1210 = ORIENTED_EDGE ( 'NONE', *, *, #929, .F. ) ;
#1211 = EDGE_CURVE ( 'NONE', #2826, #113, #843, .T. ) ;
#1212 = CARTESIAN_POINT ( 'NONE',  ( 95.00000000000000000, 85.00000000000000000, -8.673617379884035472E-16 ) ) ;
#1213 = DIRECTION ( 'NONE',  ( 0.7071067811865474617, 8.659560562354932858E-17, -0.7071067811865474617 ) ) ;
#1214 = CARTESIAN_POINT ( 'NONE',  ( 62.49999999999997158, 145.0000000000000000, 19.99999999999999289 ) ) ;
#1215 = ORIENTED_EDGE ( 'NONE', *, *, #2615, .F. ) ;
#1216 = EDGE_CURVE ( 'NONE', #1120, #2384, #103, .T. ) ;
#1217 = DIRECTION ( 'NONE',  ( -0.0000000000000000000, -0.0000000000000000000, 1.000000000000000000 ) ) ;
#1218 = CARTESIAN_POINT ( 'NONE',  ( 62.49999999999997158, 147.0130000000000052, 15.45339999999999492 ) ) ;
#1219 = EDGE_CURVE ( 'NONE', #2501, #437, #94, .T. ) ;
#1220 = DIRECTION ( 'NONE',  ( 0.0000000000000000000, 0.0000000000000000000, -1.000000000000000000 ) ) ;
#1221 = VERTEX_POINT ( 'NONE', #2793 ) ;
#1222 = ADVANCED_FACE ( 'NONE', ( #446 ), #1209, .F. ) ;
#1223 = EDGE_LOOP ( 'NONE', ( #2478, #794, #1383, #2208 ) ) ;
#1224 = EDGE_LOOP ( 'NONE', ( #592, #1114, #227, #1029 ) ) ;
#1225 = ORIENTED_EDGE ( 'NONE', *, *, #1763, .T. ) ;
#1226 = LINE ( 'NONE', #268, #267 ) ;
#1227 = DIRECTION ( 'NONE',  ( -0.0000000000000000000, -0.0000000000000000000, -1.000000000000000000 ) ) ;
#1228 = CARTESIAN_POINT ( 'NONE',  ( 0.0000000000000000000, 0.0000000000000000000, 40.00000000000000000 ) ) ;
#1229 = ORIENTED_EDGE ( 'NONE', *, *, #1097, .T. ) ;
#1230 = CARTESIAN_POINT ( 'NONE',  ( 62.49999999999997158, 145.0000000000000000, 18.80359459797162458 ) ) ;
#1231 = DIRECTION ( 'NONE',  ( 0.0000000000000000000, 0.0000000000000000000, -1.000000000000000000 ) ) ;
#1232 = DIRECTION ( 'NONE',  ( 1.284980352575412453E-16, 1.000000000000000000, 0.0000000000000000000 ) ) ;
#1233 = ORIENTED_EDGE ( 'NONE', *, *, #337, .T. ) ;
#1234 = APPROVAL ( #37, 'UNSPECIFIED' ) ;
#1235 = VERTEX_POINT ( 'NONE', #871 ) ;
#1236 = EDGE_CURVE ( 'NONE', #2670, #161, #2572, .T. ) ;
#1237 = ORIENTED_EDGE ( 'NONE', *, *, #2379, .T. ) ;
#1238 = DIRECTION ( 'NONE',  ( 1.000000000000000000, 0.0000000000000000000, 0.0000000000000000000 ) ) ;
#1239 = CARTESIAN_POINT ( 'NONE',  ( 49.99999999999999289, 165.0000000000000000, -8.673617379884035472E-16 ) ) ;
#1240 = EDGE_CURVE ( 'NONE', #423, #678, #890, .T. ) ;
#1241 = CARTESIAN_POINT ( 'NONE',  ( 6.249999999999972466, 85.00000000000000000, 0.0000000000000000000 ) ) ;
#1242 = CIRCLE ( 'NONE', #2805, 4.999999999999997335 ) ;
#1243 = AXIS2_PLACEMENT_3D ( 'NONE', #2747, #365, #635 ) ;
#1244 = CARTESIAN_POINT ( 'NONE',  ( 47.49999999999997868, 160.0000000000000000, 35.00000000000000000 ) ) ;
#1245 = CYLINDRICAL_SURFACE ( 'NONE', #221, 1.250000000000001110 ) ;
#1246 = AXIS2_PLACEMENT_3D ( 'NONE', #2163, #2639, #2871 ) ;
#1247 = CARTESIAN_POINT ( 'NONE',  ( 51.25000000000000000, 4.999999999999990230, 0.0000000000000000000 ) ) ;
#1248 = ORIENTED_EDGE ( 'NONE', *, *, #463, .F. ) ;
#1249 = CIRCLE ( 'NONE', #507, 1.524999999999998579 ) ;
#1250 = ORIENTED_EDGE ( 'NONE', *, *, #1361, .F. ) ;
#1251 = CIRCLE ( 'NONE', #2814, 5.000000000000004441 ) ;
#1252 = ADVANCED_FACE ( 'NONE', ( #911 ), #958, .F. ) ;
#1253 = AXIS2_PLACEMENT_3D ( 'NONE', #408, #1159, #2556 ) ;
#1254 = ORIENTED_EDGE ( 'NONE', *, *, #614, .T. ) ;
#1255 = VECTOR ( 'NONE', #1886, 1000.000000000000000 ) ;
#1256 = DATE_AND_TIME ( #2407, #1391 ) ;
#1257 = DIRECTION ( 'NONE',  ( -0.8571673007021120005, 0.0000000000000000000, -0.5150380749100547106 ) ) ;
#1258 = CYLINDRICAL_SURFACE ( 'NONE', #541, 5.000000000000004441 ) ;
#1259 = DIRECTION ( 'NONE',  ( -0.0000000000000000000, 1.000000000000000000, -0.0000000000000000000 ) ) ;
#1260 = VERTEX_POINT ( 'NONE', #2762 ) ;
#1261 = DIRECTION ( 'NONE',  ( 1.000000000000000000, -0.0000000000000000000, -0.0000000000000000000 ) ) ;
#1262 = DIRECTION ( 'NONE',  ( 8.659560562354932858E-17, 0.7071067811865474617, -0.7071067811865474617 ) ) ;
#1263 = ORIENTED_EDGE ( 'NONE', *, *, #1335, .F. ) ;
#1264 = ORIENTED_EDGE ( 'NONE', *, *, #888, .T. ) ;
#1265 = ORIENTED_EDGE ( 'NONE', *, *, #516, .F. ) ;
#1266 = AXIS2_PLACEMENT_3D ( 'NONE', #1844, #208, #1387 ) ;
#1267 = VERTEX_POINT ( 'NONE', #2080 ) ;
#1268 = AXIS2_PLACEMENT_3D ( 'NONE', #1889, #2353, #3057 ) ;
#1269 = VECTOR ( 'NONE', #1066, 1000.000000000000000 ) ;
#1270 =( NAMED_UNIT ( * ) SI_UNIT ( $, .STERADIAN. ) SOLID_ANGLE_UNIT ( ) );
#1271 = DIRECTION ( 'NONE',  ( -1.000000000000000000, 0.0000000000000000000, 0.0000000000000000000 ) ) ;
#1272 = DIRECTION ( 'NONE',  ( -0.0000000000000000000, -0.0000000000000000000, -1.000000000000000000 ) ) ;
#1273 = DIRECTION ( 'NONE',  ( 0.0000000000000000000, 0.0000000000000000000, -1.000000000000000000 ) ) ;
#1274 = FACE_OUTER_BOUND ( 'NONE', #1816, .T. ) ;
#1275 = CARTESIAN_POINT ( 'NONE',  ( 62.49999999999997158, 147.0130000000000052, 19.99999999999999289 ) ) ;
#1276 = VERTEX_POINT ( 'NONE', #650 ) ;
#1277 = DIRECTION ( 'NONE',  ( -0.0000000000000000000, -0.0000000000000000000, -1.000000000000000000 ) ) ;
#1278 = EDGE_CURVE ( 'NONE', #822, #2182, #1582, .T. ) ;
#1279 = EDGE_LOOP ( 'NONE', ( #2909, #953, #1415, #2247, #17, #1815, #2776, #235, #2840, #2841, #649, #2876, #748, #2655, #1987, #2800, #2157, #2585, #160, #1552, #2571, #435, #1663, #1088 ) ) ;
#1280 = CARTESIAN_POINT ( 'NONE',  ( 67.74999999999998579, 37.25000000000000711, 4.999999999999997335 ) ) ;
#1281 = CYLINDRICAL_SURFACE ( 'NONE', #1774, 1.249999999999999778 ) ;
#1282 = CARTESIAN_POINT ( 'NONE',  ( 27.24999999999999645, 37.25000000000001421, 4.999999999999997335 ) ) ;
#1283 = CARTESIAN_POINT ( 'NONE',  ( 37.49999999999997868, 145.0000000000000000, 21.19640540202836476 ) ) ;
#1284 = EDGE_CURVE ( 'NONE', #266, #2760, #183, .T. ) ;
#1285 = CARTESIAN_POINT ( 'NONE',  ( 49.99999999999999289, 4.999999999999990230, 0.0000000000000000000 ) ) ;
#1286 = DIRECTION ( 'NONE',  ( 0.7071067811865441310, 8.659560562354892183E-17, -0.7071067811865507924 ) ) ;
#1287 = VECTOR ( 'NONE', #304, 1000.000000000000000 ) ;
#1288 = VERTEX_POINT ( 'NONE', #2777 ) ;
#1289 = CYLINDRICAL_SURFACE ( 'NONE', #2189, 1.250000000000001110 ) ;
#1290 = VERTEX_POINT ( 'NONE', #1613 ) ;
#1291 = AXIS2_PLACEMENT_3D ( 'NONE', #2333, #2152, #11 ) ;
#1292 = AXIS2_PLACEMENT_3D ( 'NONE', #534, #1683, #1020 ) ;
#1293 = AXIS2_PLACEMENT_3D ( 'NONE', #1101, #2721, #2056 ) ;
#1294 = CARTESIAN_POINT ( 'NONE',  ( 62.49999999999997158, 169.4797000000000082, 15.45339999999999492 ) ) ;
#1295 = VECTOR ( 'NONE', #2735, 1000.000000000000000 ) ;
#1296 = EDGE_CURVE ( 'NONE', #421, #286, #1177, .T. ) ;
#1297 = DIRECTION ( 'NONE',  ( -1.000000000000000000, 0.0000000000000000000, 0.0000000000000000000 ) ) ;
#1298 = LINE ( 'NONE', #2892, #2904 ) ;
#1299 = ORIENTED_EDGE ( 'NONE', *, *, #50, .T. ) ;
#1300 = CARTESIAN_POINT ( 'NONE',  ( 69.99999999999998579, 145.0000000000000000, 0.0000000000000000000 ) ) ;
#1301 = FACE_OUTER_BOUND ( 'NONE', #613, .T. ) ;
#1302 = DIRECTION ( 'NONE',  ( -0.0000000000000000000, 1.000000000000000000, -0.0000000000000000000 ) ) ;
#1303 = DIRECTION ( 'NONE',  ( 1.000000000000000000, 0.0000000000000000000, 0.0000000000000000000 ) ) ;
#1304 = EDGE_CURVE ( 'NONE', #1688, #902, #1404, .T. ) ;
#1305 = DIRECTION ( 'NONE',  ( -1.000000000000000000, 0.0000000000000000000, 0.0000000000000000000 ) ) ;
#1306 = ORIENTED_EDGE ( 'NONE', *, *, #524, .F. ) ;
#1307 = ADVANCED_FACE ( 'NONE', ( #2552 ), #1542, .F. ) ;
#1308 = VERTEX_POINT ( 'NONE', #2532 ) ;
#1309 = AXIS2_PLACEMENT_3D ( 'NONE', #525, #1277, #1529 ) ;
#1310 = CARTESIAN_POINT ( 'NONE',  ( 94.99999999999998579, 165.0000000000000000, 7.499999999999998224 ) ) ;
#1311 = CARTESIAN_POINT ( 'NONE',  ( 96.24999999999998579, 5.000000000000000000, 7.499999999999998224 ) ) ;
#1312 = ADVANCED_FACE ( 'NONE', ( #2512 ), #1885, .F. ) ;
#1313 = DIRECTION ( 'NONE',  ( -1.000000000000000000, 0.0000000000000000000, 0.0000000000000000000 ) ) ;
#1314 = FACE_OUTER_BOUND ( 'NONE', #1952, .T. ) ;
#1315 = CARTESIAN_POINT ( 'NONE',  ( 27.25000000000001421, 137.7500000000000000, 4.999999999999997335 ) ) ;
#1316 = DIRECTION ( 'NONE',  ( -0.0000000000000000000, -0.0000000000000000000, -1.000000000000000000 ) ) ;
#1317 = CARTESIAN_POINT ( 'NONE',  ( 94.99999999999997158, 165.0000000000000000, 0.0000000000000000000 ) ) ;
#1318 = ORIENTED_EDGE ( 'NONE', *, *, #2751, .F. ) ;
#1319 = ORIENTED_EDGE ( 'NONE', *, *, #1211, .F. ) ;
#1320 = ADVANCED_FACE ( 'NONE', ( #1814 ), #2139, .F. ) ;
#1321 = COORDINATED_UNIVERSAL_TIME_OFFSET ( 8, 0, .BEHIND. ) ;
#1322 = LINE ( 'NONE', #2699, #1269 ) ;
#1323 = LINE ( 'NONE', #1311, #2698 ) ;
#1324 = ORIENTED_EDGE ( 'NONE', *, *, #929, .T. ) ;
#1325 = DIRECTION ( 'NONE',  ( -0.0000000000000000000, -0.0000000000000000000, -1.000000000000000000 ) ) ;
#1326 = CARTESIAN_POINT ( 'NONE',  ( 24.99999999999996803, 10.00000000000000000, 0.0000000000000000000 ) ) ;
#1327 = VECTOR ( 'NONE', #847, 1000.000000000000000 ) ;
#1328 = FACE_OUTER_BOUND ( 'NONE', #1956, .T. ) ;
#1329 = DIRECTION ( 'NONE',  ( 0.0000000000000000000, 0.0000000000000000000, 1.000000000000000000 ) ) ;
#1330 = EDGE_LOOP ( 'NONE', ( #1085, #3026, #68, #2340 ) ) ;
#1331 = CARTESIAN_POINT ( 'NONE',  ( 24.99999999999996803, 10.00000000000000000, 35.00000000000000000 ) ) ;
#1332 = VERTEX_POINT ( 'NONE', #1102 ) ;
#1333 = ORIENTED_EDGE ( 'NONE', *, *, #2982, .F. ) ;
#1334 = EDGE_LOOP ( 'NONE', ( #2376, #1406, #1706, #2267 ) ) ;
#1335 = EDGE_CURVE ( 'NONE', #902, #491, #1053, .T. ) ;
#1336 = PERSON_AND_ORGANIZATION_ROLE ( 'classification_officer' ) ;
#1337 = DIRECTION ( 'NONE',  ( -1.000000000000000000, 0.0000000000000000000, 0.0000000000000000000 ) ) ;
#1338 = EDGE_CURVE ( 'NONE', #1352, #562, #1008, .T. ) ;
#1339 = CIRCLE ( 'NONE', #955, 5.000000000000000888 ) ;
#1340 = CARTESIAN_POINT ( 'NONE',  ( 48.47499999999999432, 165.0000000000000000, -8.673617379884035472E-16 ) ) ;
#1341 = DIRECTION ( 'NONE',  ( -1.000000000000000000, 0.0000000000000000000, 0.0000000000000000000 ) ) ;
#1342 = ORIENTED_EDGE ( 'NONE', *, *, #2550, .F. ) ;
#1343 = VECTOR ( 'NONE', #371, 1000.000000000000000 ) ;
#1344 = AXIS2_PLACEMENT_3D ( 'NONE', #141, #2495, #1568 ) ;
#1345 = CARTESIAN_POINT ( 'NONE',  ( 93.47500000000000853, 85.00000000000000000, -8.673617379884035472E-16 ) ) ;
#1346 = DIRECTION ( 'NONE',  ( 1.000000000000000000, 0.0000000000000000000, 0.0000000000000000000 ) ) ;
#1347 = CYLINDRICAL_SURFACE ( 'NONE', #1689, 1.249999999999999778 ) ;
#1348 = DIRECTION ( 'NONE',  ( 0.0000000000000000000, -0.0000000000000000000, -1.000000000000000000 ) ) ;
#1349 = CONICAL_SURFACE ( 'NONE', #2920, 4.546599999999997976, 1.029744258676655644 ) ;
#1350 = EDGE_LOOP ( 'NONE', ( #792, #2611, #115, #1819 ) ) ;
#1351 = LINE ( 'NONE', #2738, #722 ) ;
#1352 = VERTEX_POINT ( 'NONE', #176 ) ;
#1353 = DIRECTION ( 'NONE',  ( -1.000000000000000000, 0.0000000000000000000, 0.0000000000000000000 ) ) ;
#1354 = DIRECTION ( 'NONE',  ( 0.0000000000000000000, 1.000000000000000000, -0.0000000000000000000 ) ) ;
#1355 = CARTESIAN_POINT ( 'NONE',  ( 3.749999999999972022, 85.00000000000000000, 7.499999999999998224 ) ) ;
#1356 = DIRECTION ( 'NONE',  ( -1.000000000000000000, 0.0000000000000000000, 0.0000000000000000000 ) ) ;
#1357 = EDGE_CURVE ( 'NONE', #1049, #2835, #2030, .T. ) ;
#1358 = CARTESIAN_POINT ( 'NONE',  ( 47.49999999999997868, 155.0000000000000000, 35.00000000000000000 ) ) ;
#1359 = CIRCLE ( 'NONE', #973, 1.250000000000001110 ) ;
#1360 = DIRECTION ( 'NONE',  ( 1.000000000000000000, 0.0000000000000000000, 0.0000000000000000000 ) ) ;
#1361 = EDGE_CURVE ( 'NONE', #2901, #429, #2989, .T. ) ;
#1362 = AXIS2_PLACEMENT_3D ( 'NONE', #1310, #1092, #2032 ) ;
#1363 = CARTESIAN_POINT ( 'NONE',  ( 48.47499999999999432, 4.999999999999990230, -8.673617379884035472E-16 ) ) ;
#1364 = CARTESIAN_POINT ( 'NONE',  ( 3.474999999999976552, 165.0000000000000000, -8.673617379884035472E-16 ) ) ;
#1365 = CARTESIAN_POINT ( 'NONE',  ( 6.249999999999976907, 165.0000000000000000, 7.499999999999998224 ) ) ;
#1366 = VERTEX_POINT ( 'NONE', #2297 ) ;
#1367 = EDGE_LOOP ( 'NONE', ( #1549, #2068, #1166 ) ) ;
#1368 = DIRECTION ( 'NONE',  ( -1.000000000000000000, 0.0000000000000000000, 0.0000000000000000000 ) ) ;
#1369 = ORIENTED_EDGE ( 'NONE', *, *, #2831, .T. ) ;
#1370 = DIRECTION ( 'NONE',  ( -0.0000000000000000000, -0.0000000000000000000, -1.000000000000000000 ) ) ;
#1371 = DIRECTION ( 'NONE',  ( -1.000000000000000000, 0.0000000000000000000, 0.0000000000000000000 ) ) ;
#1372 = CARTESIAN_POINT ( 'NONE',  ( 74.99999999999998579, 145.0000000000000000, 35.00000000000000000 ) ) ;
#1373 = FACE_OUTER_BOUND ( 'NONE', #1330, .T. ) ;
#1374 = PRODUCT_RELATED_PRODUCT_CATEGORY ( 'detail', '', ( #318 ) ) ;
#1375 = CARTESIAN_POINT ( 'NONE',  ( 84.99999999999997158, 15.00000000000000000, 35.00000000000000000 ) ) ;
#1376 = EDGE_LOOP ( 'NONE', ( #1511, #2254, #264, #1401 ) ) ;
#1377 = CARTESIAN_POINT ( 'NONE',  ( 4.999999999999972466, 85.00000000000000000, 0.0000000000000000000 ) ) ;
#1378 = DIRECTION ( 'NONE',  ( -1.000000000000000000, 0.0000000000000000000, 0.0000000000000000000 ) ) ;
#1379 = DIRECTION ( 'NONE',  ( -1.000000000000000000, 0.0000000000000000000, 0.0000000000000000000 ) ) ;
#1380 = EDGE_LOOP ( 'NONE', ( #2973, #171, #869, #2633 ) ) ;
#1381 = VECTOR ( 'NONE', #2868, 1000.000000000000000 ) ;
#1382 = CARTESIAN_POINT ( 'NONE',  ( 6.249999999999972466, 85.00000000000000000, 7.499999999999998224 ) ) ;
#1383 = ORIENTED_EDGE ( 'NONE', *, *, #1914, .T. ) ;
#1384 = LINE ( 'NONE', #410, #842 ) ;
#1385 = CIRCLE ( 'NONE', #31, 4.999999999999997335 ) ;
#1386 = VECTOR ( 'NONE', #2691, 1000.000000000000000 ) ;
#1387 = DIRECTION ( 'NONE',  ( -1.000000000000000000, 0.0000000000000000000, 0.0000000000000000000 ) ) ;
#1388 = VECTOR ( 'NONE', #1902, 1000.000000000000000 ) ;
#1389 = CARTESIAN_POINT ( 'NONE',  ( 84.99999999999998579, 155.0000000000000000, 35.00000000000000000 ) ) ;
#1390 = ORIENTED_EDGE ( 'NONE', *, *, #1838, .T. ) ;
#1391 = LOCAL_TIME ( 10, 58, 17.00000000000000000, #2646 ) ;
#1392 = DIRECTION ( 'NONE',  ( 0.0000000000000000000, 0.0000000000000000000, -1.000000000000000000 ) ) ;
#1393 = CIRCLE ( 'NONE', #1291, 1.524999999999998579 ) ;
#1394 = VERTEX_POINT ( 'NONE', #1134 ) ;
#1395 = CARTESIAN_POINT ( 'NONE',  ( 32.25000000000000000, 32.25000000000001421, 40.00000000000000000 ) ) ;
#1396 = ORIENTED_EDGE ( 'NONE', *, *, #1514, .F. ) ;
#1397 = CONICAL_SURFACE ( 'NONE', #2026, 1.524999999999998579, 0.7853981633974437271 ) ;
#1398 = DIRECTION ( 'NONE',  ( -0.0000000000000000000, -0.0000000000000000000, 1.000000000000000000 ) ) ;
#1399 = DIRECTION ( 'NONE',  ( -1.000000000000000000, -1.040834085586083271E-15, 0.0000000000000000000 ) ) ;
#1400 = AXIS2_PLACEMENT_3D ( 'NONE', #2741, #1748, #2976 ) ;
#1401 = ORIENTED_EDGE ( 'NONE', *, *, #529, .T. ) ;
#1402 = FACE_OUTER_BOUND ( 'NONE', #1757, .T. ) ;
#1403 = ORIENTED_EDGE ( 'NONE', *, *, #736, .T. ) ;
#1404 = LINE ( 'NONE', #2338, #2955 ) ;
#1405 = EDGE_LOOP ( 'NONE', ( #258, #768 ) ) ;
#1406 = ORIENTED_EDGE ( 'NONE', *, *, #529, .F. ) ;
#1407 = EDGE_CURVE ( 'NONE', #250, #2696, #1608, .T. ) ;
#1408 = FACE_OUTER_BOUND ( 'NONE', #2348, .T. ) ;
#1409 = CYLINDRICAL_SURFACE ( 'NONE', #2635, 5.000000000000000000 ) ;
#1410 = CARTESIAN_POINT ( 'NONE',  ( 94.99999999999998579, 5.000000000000000000, 0.2749999999999991895 ) ) ;
#1411 = LINE ( 'NONE', #2106, #797 ) ;
#1412 = CARTESIAN_POINT ( 'NONE',  ( 29.99999999999995737, 25.00000000000000000, 35.00000000000000000 ) ) ;
#1413 = ORIENTED_EDGE ( 'NONE', *, *, #736, .F. ) ;
#1414 = DIRECTION ( 'NONE',  ( -1.000000000000000000, 0.0000000000000000000, 0.0000000000000000000 ) ) ;
#1415 = ORIENTED_EDGE ( 'NONE', *, *, #2294, .F. ) ;
#1416 = CARTESIAN_POINT ( 'NONE',  ( 69.99999999999998579, 145.0000000000000000, 35.00000000000000000 ) ) ;
#1417 = ORIENTED_EDGE ( 'NONE', *, *, #2537, .F. ) ;
#1418 = VERTEX_POINT ( 'NONE', #2970 ) ;
#1419 = ORIENTED_EDGE ( 'NONE', *, *, #2825, .T. ) ;
#1420 = ORIENTED_EDGE ( 'NONE', *, *, #1986, .T. ) ;
#1421 = ADVANCED_FACE ( 'NONE', ( #2940 ), #2238, .F. ) ;
#1422 = FACE_OUTER_BOUND ( 'NONE', #2351, .T. ) ;
#1423 = CYLINDRICAL_SURFACE ( 'NONE', #638, 1.250000000000001110 ) ;
#1424 = CARTESIAN_POINT ( 'NONE',  ( 90.00000000000000000, 155.0000000000000000, 0.0000000000000000000 ) ) ;
#1425 = EDGE_LOOP ( 'NONE', ( #2224, #2331, #1485, #1431 ) ) ;
#1426 = CARTESIAN_POINT ( 'NONE',  ( 95.00000000000000000, 85.00000000000000000, 0.0000000000000000000 ) ) ;
#1427 = DIRECTION ( 'NONE',  ( -1.000000000000000000, 0.0000000000000000000, 0.0000000000000000000 ) ) ;
#1428 = ADVANCED_FACE ( 'NONE', ( #111 ), #830, .F. ) ;
#1429 = DIRECTION ( 'NONE',  ( -0.0000000000000000000, -0.0000000000000000000, 1.000000000000000000 ) ) ;
#1430 = CYLINDRICAL_SURFACE ( 'NONE', #2626, 1.250000000000001110 ) ;
#1431 = ORIENTED_EDGE ( 'NONE', *, *, #2124, .T. ) ;
#1432 = AXIS2_PLACEMENT_3D ( 'NONE', #1375, #417, #1360 ) ;
#1433 = DIRECTION ( 'NONE',  ( -0.0000000000000000000, -0.0000000000000000000, -1.000000000000000000 ) ) ;
#1434 = DIRECTION ( 'NONE',  ( -0.0000000000000000000, -0.0000000000000000000, -1.000000000000000000 ) ) ;
#1435 = EDGE_CURVE ( 'NONE', #1758, #266, #2576, .T. ) ;
#1436 = AXIS2_PLACEMENT_3D ( 'NONE', #1599, #656, #2768 ) ;
#1437 = EDGE_CURVE ( 'NONE', #1487, #3024, #1800, .T. ) ;
#1438 = LINE ( 'NONE', #2591, #903 ) ;
#1439 = DIRECTION ( 'NONE',  ( 0.0000000000000000000, 0.0000000000000000000, 1.000000000000000000 ) ) ;
#1440 = EDGE_CURVE ( 'NONE', #429, #623, #3063, .T. ) ;
#1441 = AXIS2_PLACEMENT_3D ( 'NONE', #2596, #1700, #2925 ) ;
#1442 = DIRECTION ( 'NONE',  ( 0.7071067811865486830, 8.659560562354947649E-17, -0.7071067811865464625 ) ) ;
#1443 = AXIS2_PLACEMENT_3D ( 'NONE', #1131, #2070, #367 ) ;
#1444 = CARTESIAN_POINT ( 'NONE',  ( 27.24999999999999645, 32.25000000000001421, 4.999999999999997335 ) ) ;
#1445 = ORIENTED_EDGE ( 'NONE', *, *, #2825, .F. ) ;
#1446 = ADVANCED_FACE ( 'NONE', ( #400, #1786 ), #2722, .F. ) ;
#1447 = EDGE_LOOP ( 'NONE', ( #2806, #1744 ) ) ;
#1448 = DIRECTION ( 'NONE',  ( -0.0000000000000000000, 1.000000000000000000, -0.0000000000000000000 ) ) ;
#1449 = DIRECTION ( 'NONE',  ( 0.0000000000000000000, 0.0000000000000000000, 1.000000000000000000 ) ) ;
#1450 = DIRECTION ( 'NONE',  ( 0.0000000000000000000, 0.0000000000000000000, -1.000000000000000000 ) ) ;
#1451 = ORIENTED_EDGE ( 'NONE', *, *, #673, .T. ) ;
#1452 = CARTESIAN_POINT ( 'NONE',  ( 4.999999999999999112, 5.000000000000000000, 40.00000000000000000 ) ) ;
#1453 = ADVANCED_FACE ( 'NONE', ( #1556 ), #1119, .F. ) ;
#1454 = CARTESIAN_POINT ( 'NONE',  ( 84.99999999999998579, 160.0000000000000000, 35.00000000000000000 ) ) ;
#1455 = ORIENTED_EDGE ( 'NONE', *, *, #2176, .T. ) ;
#1456 = EDGE_CURVE ( 'NONE', #423, #1945, #2245, .T. ) ;
#1457 = LINE ( 'NONE', #2126, #1848 ) ;
#1458 = AXIS2_PLACEMENT_3D ( 'NONE', #2942, #126, #2241 ) ;
#1459 = ORIENTED_EDGE ( 'NONE', *, *, #1726, .F. ) ;
#1460 = VECTOR ( 'NONE', #1220, 1000.000000000000000 ) ;
#1461 = ORIENTED_EDGE ( 'NONE', *, *, #2079, .F. ) ;
#1462 = CARTESIAN_POINT ( 'NONE',  ( 90.00000000000000000, 160.0000000000000000, 0.0000000000000000000 ) ) ;
#1463 = CARTESIAN_POINT ( 'NONE',  ( 99.99999999999998579, 0.0000000000000000000, 40.00000000000000000 ) ) ;
#1464 = ORIENTED_EDGE ( 'NONE', *, *, #2352, .F. ) ;
#1465 = FACE_OUTER_BOUND ( 'NONE', #1907, .T. ) ;
#1466 = FACE_OUTER_BOUND ( 'NONE', #2308, .T. ) ;
#1467 = ADVANCED_FACE ( 'NONE', ( #2456 ), #2521, .F. ) ;
#1468 = CARTESIAN_POINT ( 'NONE',  ( 84.99999999999997158, 10.00000000000000000, 0.0000000000000000000 ) ) ;
#1469 = VERTEX_POINT ( 'NONE', #856 ) ;
#1470 = EDGE_CURVE ( 'NONE', #1921, #2888, #1535, .T. ) ;
#1471 = EDGE_LOOP ( 'NONE', ( #2446, #2051, #471 ) ) ;
#1472 = VERTEX_POINT ( 'NONE', #1560 ) ;
#1473 = EDGE_CURVE ( 'NONE', #1758, #2105, #2767, .T. ) ;
#1474 = PERSON_AND_ORGANIZATION ( #523, #1202 ) ;
#1475 = LINE ( 'NONE', #740, #1686 ) ;
#1476 = CARTESIAN_POINT ( 'NONE',  ( 4.999999999999972466, 5.000000000000004441, 7.499999999999998224 ) ) ;
#1477 = EDGE_CURVE ( 'NONE', #2540, #1694, #1778, .T. ) ;
#1478 = VECTOR ( 'NONE', #1699, 1000.000000000000114 ) ;
#1479 = DIRECTION ( 'NONE',  ( 0.0000000000000000000, 1.000000000000000000, -0.0000000000000000000 ) ) ;
#1480 = ORIENTED_EDGE ( 'NONE', *, *, #515, .F. ) ;
#1481 = FACE_BOUND ( 'NONE', #1279, .T. ) ;
#1482 = AXIS2_PLACEMENT_3D ( 'NONE', #1244, #2175, #45 ) ;
#1483 = DIRECTION ( 'NONE',  ( -0.0000000000000000000, -1.000000000000000000, -0.0000000000000000000 ) ) ;
#1484 = VECTOR ( 'NONE', #257, 1000.000000000000000 ) ;
#1485 = ORIENTED_EDGE ( 'NONE', *, *, #2864, .T. ) ;
#1486 = AXIS2_PLACEMENT_3D ( 'NONE', #1876, #2560, #450 ) ;
#1487 = VERTEX_POINT ( 'NONE', #1129 ) ;
#1488 = ORIENTED_EDGE ( 'NONE', *, *, #2520, .F. ) ;
#1489 = ORIENTED_EDGE ( 'NONE', *, *, #1746, .T. ) ;
#1490 = APPROVAL_STATUS ( 'not_yet_approved' ) ;
#1491 = DIRECTION ( 'NONE',  ( -1.000000000000000000, 0.0000000000000000000, 0.0000000000000000000 ) ) ;
#1492 = VECTOR ( 'NONE', #1398, 1000.000000000000000 ) ;
#1493 = DIRECTION ( 'NONE',  ( 1.000000000000000000, 1.632680918566406547E-16, -0.0000000000000000000 ) ) ;
#1494 = DIRECTION ( 'NONE',  ( -1.000000000000000000, 0.0000000000000000000, 0.0000000000000000000 ) ) ;
#1495 = DIRECTION ( 'NONE',  ( -0.0000000000000000000, -0.0000000000000000000, -1.000000000000000000 ) ) ;
#1496 = CARTESIAN_POINT ( 'NONE',  ( 9.999999999999955591, 14.99999999999998579, 35.00000000000000000 ) ) ;
#1497 = ORIENTED_EDGE ( 'NONE', *, *, #184, .T. ) ;
#1498 = CIRCLE ( 'NONE', #2682, 1.524999999999998579 ) ;
#1499 = EDGE_LOOP ( 'NONE', ( #2517, #2630, #734, #280 ) ) ;
#1500 = CIRCLE ( 'NONE', #269, 1.249999999999999334 ) ;
#1501 = CC_DESIGN_DATE_AND_TIME_ASSIGNMENT ( #1256, #1970, ( #626 ) ) ;
#1502 =( NAMED_UNIT ( * ) PLANE_ANGLE_UNIT ( ) SI_UNIT ( $, .RADIAN. ) );
#1503 = EDGE_CURVE ( 'NONE', #2835, #1193, #2476, .T. ) ;
#1504 = LINE ( 'NONE', #2440, #299 ) ;
#1505 = CONICAL_SURFACE ( 'NONE', #2778, 1.524999999999999467, 0.7853981633974482790 ) ;
#1506 = DIRECTION ( 'NONE',  ( -1.000000000000000000, 1.644287654954319550E-16, 0.0000000000000000000 ) ) ;
#1507 = EDGE_CURVE ( 'NONE', #1918, #834, #377, .T. ) ;
#1508 = DIRECTION ( 'NONE',  ( 0.7071067811865441310, 8.659560562354892183E-17, -0.7071067811865507924 ) ) ;
#1509 = FACE_BOUND ( 'NONE', #1447, .T. ) ;
#1510 = CARTESIAN_POINT ( 'NONE',  ( 94.99999999999998579, 165.0000000000000000, -8.673617379884035472E-16 ) ) ;
#1511 = ORIENTED_EDGE ( 'NONE', *, *, #1503, .F. ) ;
#1512 = DIRECTION ( 'NONE',  ( -1.644287654954319550E-16, -1.000000000000000000, 0.0000000000000000000 ) ) ;
#1513 = ORIENTED_EDGE ( 'NONE', *, *, #2677, .T. ) ;
#1514 = EDGE_CURVE ( 'NONE', #1260, #1883, #2013, .T. ) ;
#1515 = ORIENTED_EDGE ( 'NONE', *, *, #434, .F. ) ;
#1516 = APPLICATION_PROTOCOL_DEFINITION ( 'international standard', 'config_control_design', 1994, #1190 ) ;
#1517 = EDGE_CURVE ( 'NONE', #1267, #2561, #840, .T. ) ;
#1518 = CYLINDRICAL_SURFACE ( 'NONE', #144, 5.000000000000004441 ) ;
#1519 = AXIS2_PLACEMENT_3D ( 'NONE', #2786, #1620, #2281 ) ;
#1520 = CARTESIAN_POINT ( 'NONE',  ( 29.99999999999997158, 145.0000000000000000, 35.00000000000000000 ) ) ;
#1521 = ORIENTED_EDGE ( 'NONE', *, *, #74, .F. ) ;
#1522 = EDGE_CURVE ( 'NONE', #286, #1107, #2232, .T. ) ;
#1523 = DIRECTION ( 'NONE',  ( 0.0000000000000000000, 0.5150380749100531563, 0.8571673007021129997 ) ) ;
#1524 = ORIENTED_EDGE ( 'NONE', *, *, #2201, .T. ) ;
#1525 = AXIS2_PLACEMENT_3D ( 'NONE', #2214, #1054, #2908 ) ;
#1526 = CARTESIAN_POINT ( 'NONE',  ( 29.99999999999995737, 30.00000000000000355, 0.0000000000000000000 ) ) ;
#1527 = EDGE_CURVE ( 'NONE', #812, #394, #2745, .T. ) ;
#1528 = DIRECTION ( 'NONE',  ( -0.7071067811865441310, 0.0000000000000000000, -0.7071067811865507924 ) ) ;
#1529 = DIRECTION ( 'NONE',  ( -1.000000000000000000, 0.0000000000000000000, 0.0000000000000000000 ) ) ;
#1530 = ORIENTED_EDGE ( 'NONE', *, *, #3018, .F. ) ;
#1531 = VECTOR ( 'NONE', #473, 1000.000000000000000 ) ;
#1532 = CONICAL_SURFACE ( 'NONE', #2812, 1.250000000000001110, 1.029744258676654090 ) ;
#1533 = AXIS2_PLACEMENT_3D ( 'NONE', #683, #3050, #2047 ) ;
#1534 = VECTOR ( 'NONE', #3048, 1000.000000000000000 ) ;
#1535 = LINE ( 'NONE', #2525, #1940 ) ;
#1536 = DIRECTION ( 'NONE',  ( -0.0000000000000000000, -0.0000000000000000000, -1.000000000000000000 ) ) ;
#1537 = FACE_OUTER_BOUND ( 'NONE', #2693, .T. ) ;
#1538 = VECTOR ( 'NONE', #2236, 1000.000000000000000 ) ;
#1539 = EDGE_CURVE ( 'NONE', #1945, #292, #2882, .T. ) ;
#1540 = LINE ( 'NONE', #2928, #1769 ) ;
#1541 = CARTESIAN_POINT ( 'NONE',  ( 51.52499999999999147, 4.999999999999990230, -8.673617379884035472E-16 ) ) ;
#1542 = CYLINDRICAL_SURFACE ( 'NONE', #1642, 4.999999999999997335 ) ;
#1543 = EDGE_CURVE ( 'NONE', #1193, #52, #894, .T. ) ;
#1544 = LINE ( 'NONE', #2484, #418 ) ;
#1545 = ORIENTED_EDGE ( 'NONE', *, *, #2359, .F. ) ;
#1546 = CIRCLE ( 'NONE', #220, 4.999999999999997335 ) ;
#1547 = CARTESIAN_POINT ( 'NONE',  ( 94.99999999999998579, 5.000000000000000000, 40.00000000000000000 ) ) ;
#1548 = CARTESIAN_POINT ( 'NONE',  ( 72.74999999999998579, 132.7500000000000000, 4.999999999999997335 ) ) ;
#1549 = ORIENTED_EDGE ( 'NONE', *, *, #315, .F. ) ;
#1550 = AXIS2_PLACEMENT_3D ( 'NONE', #1547, #1828, #1297 ) ;
#1551 = DIRECTION ( 'NONE',  ( -1.000000000000000000, 0.0000000000000000000, 0.0000000000000000000 ) ) ;
#1552 = ORIENTED_EDGE ( 'NONE', *, *, #2645, .T. ) ;
#1553 = CARTESIAN_POINT ( 'NONE',  ( 99.99999999999998579, 5.000000000000000000, 40.00000000000000000 ) ) ;
#1554 = CARTESIAN_POINT ( 'NONE',  ( 48.74999999999999289, 4.999999999999990230, 0.2749999999999991895 ) ) ;
#1555 = ADVANCED_FACE ( 'NONE', ( #1779 ), #64, .F. ) ;
#1556 = FACE_OUTER_BOUND ( 'NONE', #688, .T. ) ;
#1557 = DIRECTION ( 'NONE',  ( -1.000000000000000000, 0.0000000000000000000, 0.0000000000000000000 ) ) ;
#1558 = EDGE_LOOP ( 'NONE', ( #1968, #2334, #1670 ) ) ;
#1559 = EDGE_CURVE ( 'NONE', #240, #482, #604, .T. ) ;
#1560 = CARTESIAN_POINT ( 'NONE',  ( 29.99999999999997158, 145.0000000000000000, 35.00000000000000000 ) ) ;
#1561 = CARTESIAN_POINT ( 'NONE',  ( 37.49999999999997868, 170.0000000000000000, 14.93309999999999427 ) ) ;
#1562 = EDGE_LOOP ( 'NONE', ( #1141, #426, #375, #2319 ) ) ;
#1563 = DIRECTION ( 'NONE',  ( -0.0000000000000000000, 0.0000000000000000000, 1.000000000000000000 ) ) ;
#1564 = ORIENTED_EDGE ( 'NONE', *, *, #2359, .T. ) ;
#1565 = EDGE_CURVE ( 'NONE', #2384, #2339, #2592, .T. ) ;
#1566 = CARTESIAN_POINT ( 'NONE',  ( 24.99999999999997513, 160.0000000000000000, 0.0000000000000000000 ) ) ;
#1567 = DIRECTION ( 'NONE',  ( 0.0000000000000000000, 0.0000000000000000000, 1.000000000000000000 ) ) ;
#1568 = DIRECTION ( 'NONE',  ( -1.000000000000000000, 0.0000000000000000000, 0.0000000000000000000 ) ) ;
#1569 = ORIENTED_EDGE ( 'NONE', *, *, #1407, .F. ) ;
#1570 = DIRECTION ( 'NONE',  ( -0.0000000000000000000, -0.0000000000000000000, -1.000000000000000000 ) ) ;
#1571 = ORIENTED_EDGE ( 'NONE', *, *, #2602, .F. ) ;
#1572 = VERTEX_POINT ( 'NONE', #2504 ) ;
#1573 = LINE ( 'NONE', #1382, #2764 ) ;
#1574 = EDGE_CURVE ( 'NONE', #2268, #834, #1795, .T. ) ;
#1575 = APPROVAL_DATE_TIME ( #1063, #1006 ) ;
#1576 = CIRCLE ( 'NONE', #1246, 5.000000000000000888 ) ;
#1577 = CARTESIAN_POINT ( 'NONE',  ( 52.49999999999997868, 155.0000000000000000, 0.0000000000000000000 ) ) ;
#1578 = EDGE_CURVE ( 'NONE', #1276, #1908, #1322, .T. ) ;
#1579 = VECTOR ( 'NONE', #58, 1000.000000000000000 ) ;
#1580 = DIRECTION ( 'NONE',  ( -0.0000000000000000000, -0.0000000000000000000, -1.000000000000000000 ) ) ;
#1581 = CARTESIAN_POINT ( 'NONE',  ( 4.999999999999972466, 5.000000000000004441, 7.499999999999998224 ) ) ;
#1582 = CIRCLE ( 'NONE', #2471, 5.000000000000004441 ) ;
#1583 = DIRECTION ( 'NONE',  ( -1.000000000000000000, 0.0000000000000000000, 0.0000000000000000000 ) ) ;
#1584 = VERTEX_POINT ( 'NONE', #1110 ) ;
#1585 = CYLINDRICAL_SURFACE ( 'NONE', #288, 5.000000000000000888 ) ;
#1586 = CARTESIAN_POINT ( 'NONE',  ( 37.49999999999997868, 169.4797000000000082, 19.99999999999999289 ) ) ;
#1587 = CARTESIAN_POINT ( 'NONE',  ( 95.00000000000000000, 85.00000000000000000, 7.499999999999998224 ) ) ;
#1588 = VECTOR ( 'NONE', #1528, 1000.000000000000114 ) ;
#1589 = EDGE_CURVE ( 'NONE', #1062, #1288, #1021, .T. ) ;
#1590 = ORIENTED_EDGE ( 'NONE', *, *, #430, .T. ) ;
#1591 = FACE_OUTER_BOUND ( 'NONE', #1380, .T. ) ;
#1592 = ORIENTED_EDGE ( 'NONE', *, *, #2487, .F. ) ;
#1593 = CARTESIAN_POINT ( 'NONE',  ( 69.99999999999998579, 139.9999999999999716, 0.0000000000000000000 ) ) ;
#1594 = ORIENTED_EDGE ( 'NONE', *, *, #89, .F. ) ;
#1595 = CALENDAR_DATE ( 2019, 12, 8 ) ;
#1596 = DIRECTION ( 'NONE',  ( -0.0000000000000000000, -0.0000000000000000000, 1.000000000000000000 ) ) ;
#1597 = CARTESIAN_POINT ( 'NONE',  ( 67.74999999999998579, 32.25000000000001421, 4.999999999999997335 ) ) ;
#1598 = CONICAL_SURFACE ( 'NONE', #1309, 1.250000000000000222, 1.029744258676653867 ) ;
#1599 = CARTESIAN_POINT ( 'NONE',  ( 94.99999999999998579, 5.000000000000000000, 0.0000000000000000000 ) ) ;
#1600 = ORIENTED_EDGE ( 'NONE', *, *, #3072, .T. ) ;
#1601 = ADVANCED_FACE ( 'NONE', ( #2588 ), #9, .F. ) ;
#1602 = ADVANCED_FACE ( 'NONE', ( #2603 ), #3038, .F. ) ;
#1603 = DIRECTION ( 'NONE',  ( 0.0000000000000000000, 0.0000000000000000000, -1.000000000000000000 ) ) ;
#1604 = CIRCLE ( 'NONE', #2638, 5.000000000000000888 ) ;
#1605 = CARTESIAN_POINT ( 'NONE',  ( 42.49999999999998579, 150.0000000000000000, 35.00000000000000000 ) ) ;
#1606 = EDGE_CURVE ( 'NONE', #1611, #1260, #2393, .T. ) ;
#1607 = CARTESIAN_POINT ( 'NONE',  ( 75.00000000000000000, 160.0000000000000000, 0.0000000000000000000 ) ) ;
#1608 = LINE ( 'NONE', #2074, #2665 ) ;
#1609 = ORIENTED_EDGE ( 'NONE', *, *, #2927, .F. ) ;
#1610 = DIRECTION ( 'NONE',  ( -0.0000000000000000000, -0.0000000000000000000, -1.000000000000000000 ) ) ;
#1611 = VERTEX_POINT ( 'NONE', #1911 ) ;
#1612 = VERTEX_POINT ( 'NONE', #1666 ) ;
#1613 = CARTESIAN_POINT ( 'NONE',  ( 69.99999999999998579, 25.00000000000000000, 0.0000000000000000000 ) ) ;
#1614 = ORIENTED_EDGE ( 'NONE', *, *, #1473, .F. ) ;
#1615 = LINE ( 'NONE', #168, #2671 ) ;
#1616 = CARTESIAN_POINT ( 'NONE',  ( 95.00000000000000000, 85.00000000000000000, -8.673617379884035472E-16 ) ) ;
#1617 = CARTESIAN_POINT ( 'NONE',  ( 94.99999999999998579, 5.000000000000000000, 0.0000000000000000000 ) ) ;
#1618 = DIRECTION ( 'NONE',  ( 0.0000000000000000000, 0.0000000000000000000, -1.000000000000000000 ) ) ;
#1619 = EDGE_LOOP ( 'NONE', ( #1704, #1869 ) ) ;
#1620 = DIRECTION ( 'NONE',  ( -0.0000000000000000000, -0.0000000000000000000, -1.000000000000000000 ) ) ;
#1621 = ADVANCED_FACE ( 'NONE', ( #3064 ), #2827, .F. ) ;
#1622 = CARTESIAN_POINT ( 'NONE',  ( 14.99999999999995559, 10.00000000000000000, 0.0000000000000000000 ) ) ;
#1623 = DIRECTION ( 'NONE',  ( -0.0000000000000000000, 1.000000000000000000, -0.0000000000000000000 ) ) ;
#1624 = ADVANCED_FACE ( 'NONE', ( #2085 ), #2845, .F. ) ;
#1625 = VECTOR ( 'NONE', #901, 1000.000000000000000 ) ;
#1626 = DIRECTION ( 'NONE',  ( -0.0000000000000000000, -0.0000000000000000000, -1.000000000000000000 ) ) ;
#1627 = ORIENTED_EDGE ( 'NONE', *, *, #2422, .F. ) ;
#1628 = DIRECTION ( 'NONE',  ( -0.0000000000000000000, 1.000000000000000000, -0.0000000000000000000 ) ) ;
#1629 = ORIENTED_EDGE ( 'NONE', *, *, #1304, .F. ) ;
#1630 = AXIS2_PLACEMENT_3D ( 'NONE', #2307, #2050, #1761 ) ;
#1631 = CIRCLE ( 'NONE', #1681, 4.546599999999994424 ) ;
#1632 = CARTESIAN_POINT ( 'NONE',  ( 42.49999999999998579, 160.0000000000000000, 0.0000000000000000000 ) ) ;
#1633 = EDGE_CURVE ( 'NONE', #1016, #1584, #2828, .T. ) ;
#1634 = CARTESIAN_POINT ( 'NONE',  ( 96.25000000000000000, 85.00000000000000000, 0.2749999999999991895 ) ) ;
#1635 = VECTOR ( 'NONE', #1080, 1000.000000000000114 ) ;
#1636 = LINE ( 'NONE', #2358, #139 ) ;
#1637 = FACE_OUTER_BOUND ( 'NONE', #1224, .T. ) ;
#1638 = AXIS2_PLACEMENT_3D ( 'NONE', #2891, #1697, #2877 ) ;
#1639 = CIRCLE ( 'NONE', #301, 1.250000000000001110 ) ;
#1640 = CARTESIAN_POINT ( 'NONE',  ( 74.99999999999998579, 145.0000000000000000, 0.0000000000000000000 ) ) ;
#1641 = ORIENTED_EDGE ( 'NONE', *, *, #357, .F. ) ;
#1642 = AXIS2_PLACEMENT_3D ( 'NONE', #1073, #373, #1303 ) ;
#1643 = CARTESIAN_POINT ( 'NONE',  ( 72.74999999999998579, 137.7500000000000000, 40.00000000000000000 ) ) ;
#1644 = FACE_OUTER_BOUND ( 'NONE', #910, .T. ) ;
#1645 = ORIENTED_EDGE ( 'NONE', *, *, #2751, .T. ) ;
#1646 = EDGE_CURVE ( 'NONE', #437, #560, #1195, .T. ) ;
#1647 = ORIENTED_EDGE ( 'NONE', *, *, #411, .T. ) ;
#1648 = FACE_OUTER_BOUND ( 'NONE', #442, .T. ) ;
#1649 = DIRECTION ( 'NONE',  ( -0.0000000000000000000, -0.0000000000000000000, 1.000000000000000000 ) ) ;
#1650 = CYLINDRICAL_SURFACE ( 'NONE', #1728, 4.999999999999997335 ) ;
#1651 = VERTEX_POINT ( 'NONE', #1859 ) ;
#1652 = VECTOR ( 'NONE', #2815, 1000.000000000000000 ) ;
#1653 = CARTESIAN_POINT ( 'NONE',  ( 93.75000000000000000, 85.00000000000000000, 0.2749999999999991895 ) ) ;
#1654 = EDGE_LOOP ( 'NONE', ( #2587, #2759, #1755 ) ) ;
#1655 = CIRCLE ( 'NONE', #1707, 1.250000000000000222 ) ;
#1656 = PLANE ( 'NONE',  #1441 ) ;
#1657 = ORIENTED_EDGE ( 'NONE', *, *, #2016, .T. ) ;
#1658 = ORIENTED_EDGE ( 'NONE', *, *, #2624, .F. ) ;
#1659 = PLANE ( 'NONE',  #2929 ) ;
#1660 = EDGE_CURVE ( 'NONE', #1288, #384, #255, .T. ) ;
#1661 = VERTEX_POINT ( 'NONE', #961 ) ;
#1662 = CIRCLE ( 'NONE', #2052, 1.524999999999999467 ) ;
#1663 = ORIENTED_EDGE ( 'NONE', *, *, #154, .F. ) ;
#1664 = ADVANCED_FACE ( 'NONE', ( #2118 ), #314, .F. ) ;
#1665 = EDGE_LOOP ( 'NONE', ( #329, #769 ) ) ;
#1666 = CARTESIAN_POINT ( 'NONE',  ( 52.49999999999997868, 150.0000000000000000, 0.0000000000000000000 ) ) ;
#1667 = CARTESIAN_POINT ( 'NONE',  ( 96.25000000000000000, 85.00000000000000000, 0.0000000000000000000 ) ) ;
#1668 = DIRECTION ( 'NONE',  ( -1.315430123963455640E-16, 1.000000000000000000, 0.0000000000000000000 ) ) ;
#1669 = FACE_OUTER_BOUND ( 'NONE', #233, .T. ) ;
#1670 = ORIENTED_EDGE ( 'NONE', *, *, #2838, .T. ) ;
#1671 = CARTESIAN_POINT ( 'NONE',  ( -2.693923515634571110E-14, 165.0000000000000000, 40.00000000000000000 ) ) ;
#1672 = ADVANCED_FACE ( 'NONE', ( #930 ), #166, .F. ) ;
#1673 = CARTESIAN_POINT ( 'NONE',  ( 3.749999999999972022, 5.000000000000004441, 7.499999999999998224 ) ) ;
#1674 = EDGE_LOOP ( 'NONE', ( #352, #2499, #2822 ) ) ;
#1675 = LOCAL_TIME ( 10, 58, 17.00000000000000000, #2198 ) ;
#1676 = ORIENTED_EDGE ( 'NONE', *, *, #2016, .F. ) ;
#1677 = EDGE_LOOP ( 'NONE', ( #859, #1657, #2264 ) ) ;
#1678 = VECTOR ( 'NONE', #1081, 1000.000000000000000 ) ;
#1679 = CARTESIAN_POINT ( 'NONE',  ( 62.49999999999997158, 170.0000000000000000, 19.99999999999999289 ) ) ;
#1680 = CARTESIAN_POINT ( 'NONE',  ( 3.749999999999977351, 165.0000000000000000, 0.2749999999999991895 ) ) ;
#1681 = AXIS2_PLACEMENT_3D ( 'NONE', #817, #1067, #91 ) ;
#1682 = ADVANCED_FACE ( 'NONE', ( #1422 ), #1409, .T. ) ;
#1683 = DIRECTION ( 'NONE',  ( -0.0000000000000000000, -0.0000000000000000000, -1.000000000000000000 ) ) ;
#1684 = DIRECTION ( 'NONE',  ( -1.000000000000000000, 0.0000000000000000000, 0.0000000000000000000 ) ) ;
#1685 = CARTESIAN_POINT ( 'NONE',  ( 96.25000000000000000, 85.00000000000000000, 7.499999999999998224 ) ) ;
#1686 = VECTOR ( 'NONE', #1734, 1000.000000000000000 ) ;
#1687 = CARTESIAN_POINT ( 'NONE',  ( 90.00000000000000000, 160.0000000000000000, 35.00000000000000000 ) ) ;
#1688 = VERTEX_POINT ( 'NONE', #2797 ) ;
#1689 = AXIS2_PLACEMENT_3D ( 'NONE', #1377, #621, #157 ) ;
#1690 = VECTOR ( 'NONE', #1793, 1000.000000000000000 ) ;
#1691 = ORIENTED_EDGE ( 'NONE', *, *, #1128, .T. ) ;
#1692 = ORIENTED_EDGE ( 'NONE', *, *, #3055, .T. ) ;
#1693 = CC_DESIGN_APPROVAL ( #3012, ( #682 ) ) ;
#1694 = VERTEX_POINT ( 'NONE', #1634 ) ;
#1695 = DIRECTION ( 'NONE',  ( -1.000000000000000000, 0.0000000000000000000, 0.0000000000000000000 ) ) ;
#1696 = PERSON_AND_ORGANIZATION ( #523, #1202 ) ;
#1697 = DIRECTION ( 'NONE',  ( -0.0000000000000000000, -0.0000000000000000000, -1.000000000000000000 ) ) ;
#1698 = ORIENTED_EDGE ( 'NONE', *, *, #2650, .F. ) ;
#1699 = DIRECTION ( 'NONE',  ( -0.7071067811865474617, 0.0000000000000000000, -0.7071067811865474617 ) ) ;
#1700 = DIRECTION ( 'NONE',  ( 0.0000000000000000000, -1.000000000000000000, 0.0000000000000000000 ) ) ;
#1701 = PLANE ( 'NONE',  #424 ) ;
#1702 = EDGE_CURVE ( 'NONE', #2936, #2725, #468, .T. ) ;
#1703 = ORIENTED_EDGE ( 'NONE', *, *, #1891, .T. ) ;
#1704 = ORIENTED_EDGE ( 'NONE', *, *, #191, .F. ) ;
#1705 = ORIENTED_EDGE ( 'NONE', *, *, #1030, .T. ) ;
#1706 = ORIENTED_EDGE ( 'NONE', *, *, #2743, .T. ) ;
#1707 = AXIS2_PLACEMENT_3D ( 'NONE', #1868, #939, #2809 ) ;
#1708 = ORIENTED_EDGE ( 'NONE', *, *, #430, .F. ) ;
#1709 = EDGE_CURVE ( 'NONE', #999, #3007, #2343, .T. ) ;
#1710 = CALENDAR_DATE ( 2019, 12, 8 ) ;
#1711 = FACE_OUTER_BOUND ( 'NONE', #1887, .T. ) ;
#1712 = DIRECTION ( 'NONE',  ( -1.000000000000000000, 0.0000000000000000000, 0.0000000000000000000 ) ) ;
#1713 = FACE_OUTER_BOUND ( 'NONE', #77, .T. ) ;
#1714 = DIRECTION ( 'NONE',  ( 0.0000000000000000000, 0.0000000000000000000, -1.000000000000000000 ) ) ;
#1715 = DIRECTION ( 'NONE',  ( 1.027984282060330011E-16, 1.000000000000000000, -0.0000000000000000000 ) ) ;
#1716 = EDGE_CURVE ( 'NONE', #2041, #3000, #1498, .T. ) ;
#1717 = EDGE_LOOP ( 'NONE', ( #1698, #2601, #265, #578, #1103, #3035, #1047, #2060 ) ) ;
#1718 = MECHANICAL_CONTEXT ( 'NONE', #2342, 'mechanical' ) ;
#1719 = DIRECTION ( 'NONE',  ( -1.000000000000000000, 0.0000000000000000000, 0.0000000000000000000 ) ) ;
#1720 = CARTESIAN_POINT ( 'NONE',  ( 27.25000000000001421, 132.7500000000000000, 40.00000000000000000 ) ) ;
#1721 = AXIS2_PLACEMENT_3D ( 'NONE', #1012, #59, #2187 ) ;
#1722 = CONICAL_SURFACE ( 'NONE', #1243, 1.250000000000001110, 1.029744258676654090 ) ;
#1723 = CYLINDRICAL_SURFACE ( 'NONE', #1003, 5.000000000000004441 ) ;
#1724 = FACE_BOUND ( 'NONE', #1802, .T. ) ;
#1725 = DIRECTION ( 'NONE',  ( -1.000000000000000000, 0.0000000000000000000, 0.0000000000000000000 ) ) ;
#1726 = EDGE_CURVE ( 'NONE', #488, #1186, #477, .T. ) ;
#1727 = VERTEX_POINT ( 'NONE', #1874 ) ;
#1728 = AXIS2_PLACEMENT_3D ( 'NONE', #932, #2580, #470 ) ;
#1729 = AXIS2_PLACEMENT_3D ( 'NONE', #2289, #1354, #1826 ) ;
#1730 = ADVANCED_FACE ( 'NONE', ( #1648 ), #1505, .F. ) ;
#1731 = AXIS2_PLACEMENT_3D ( 'NONE', #158, #2252, #124 ) ;
#1732 = ORIENTED_EDGE ( 'NONE', *, *, #1030, .F. ) ;
#1733 = DIRECTION ( 'NONE',  ( -0.0000000000000000000, 0.0000000000000000000, 1.000000000000000000 ) ) ;
#1734 = DIRECTION ( 'NONE',  ( -9.251858538542971581E-17, -1.000000000000000000, 0.0000000000000000000 ) ) ;
#1735 = CARTESIAN_POINT ( 'NONE',  ( 27.24999999999999645, 32.25000000000001421, 40.00000000000000000 ) ) ;
#1736 = CARTESIAN_POINT ( 'NONE',  ( 9.999999999999957367, 14.99999999999998579, 0.0000000000000000000 ) ) ;
#1737 = ADVANCED_FACE ( 'NONE', ( #327 ), #2389, .F. ) ;
#1738 = DIRECTION ( 'NONE',  ( 0.0000000000000000000, 0.0000000000000000000, -1.000000000000000000 ) ) ;
#1739 = CARTESIAN_POINT ( 'NONE',  ( 47.49999999999997868, 160.0000000000000000, 35.00000000000000000 ) ) ;
#1740 = ORIENTED_EDGE ( 'NONE', *, *, #97, .F. ) ;
#1741 = ORIENTED_EDGE ( 'NONE', *, *, #913, .T. ) ;
#1742 = CIRCLE ( 'NONE', #2926, 1.525000000000000355 ) ;
#1743 = DIRECTION ( 'NONE',  ( -0.0000000000000000000, 0.0000000000000000000, 1.000000000000000000 ) ) ;
#1744 = ORIENTED_EDGE ( 'NONE', *, *, #1824, .F. ) ;
#1745 = EDGE_CURVE ( 'NONE', #1918, #384, #1906, .T. ) ;
#1746 = EDGE_CURVE ( 'NONE', #2156, #594, #809, .T. ) ;
#1747 = PERSON_AND_ORGANIZATION_ROLE ( 'design_owner' ) ;
#1748 = DIRECTION ( 'NONE',  ( -0.0000000000000000000, -0.0000000000000000000, -1.000000000000000000 ) ) ;
#1749 = ADVANCED_FACE ( 'NONE', ( #114 ), #510, .F. ) ;
#1750 = CARTESIAN_POINT ( 'NONE',  ( 3.474999999999972999, 5.000000000000004441, -8.673617379884035472E-16 ) ) ;
#1751 = FACE_OUTER_BOUND ( 'NONE', #735, .T. ) ;
#1752 = CARTESIAN_POINT ( 'NONE',  ( 51.52499999999999147, 165.0000000000000000, -8.673617379884035472E-16 ) ) ;
#1753 = LINE ( 'NONE', #66, #853 ) ;
#1754 = ORIENTED_EDGE ( 'NONE', *, *, #2185, .F. ) ;
#1755 = ORIENTED_EDGE ( 'NONE', *, *, #463, .T. ) ;
#1756 = FACE_OUTER_BOUND ( 'NONE', #1350, .T. ) ;
#1757 = EDGE_LOOP ( 'NONE', ( #2108, #445, #1168, #212 ) ) ;
#1758 = VERTEX_POINT ( 'NONE', #821 ) ;
#1759 = ADVANCED_FACE ( 'NONE', ( #1756 ), #1289, .F. ) ;
#1760 = DIRECTION ( 'NONE',  ( 0.0000000000000000000, 0.0000000000000000000, -1.000000000000000000 ) ) ;
#1761 = DIRECTION ( 'NONE',  ( -1.000000000000000000, 0.0000000000000000000, 0.0000000000000000000 ) ) ;
#1762 = VERTEX_POINT ( 'NONE', #1772 ) ;
#1763 = EDGE_CURVE ( 'NONE', #2097, #1487, #857, .T. ) ;
#1764 = AXIS2_PLACEMENT_3D ( 'NONE', #2377, #966, #1169 ) ;
#1765 = PLANE ( 'NONE',  #2132 ) ;
#1766 = FACE_BOUND ( 'NONE', #1717, .T. ) ;
#1767 = DIRECTION ( 'NONE',  ( -1.000000000000000000, 0.0000000000000000000, 0.0000000000000000000 ) ) ;
#1768 = DIRECTION ( 'NONE',  ( -0.0000000000000000000, -0.0000000000000000000, -1.000000000000000000 ) ) ;
#1769 = VECTOR ( 'NONE', #598, 1000.000000000000000 ) ;
#1770 = ORIENTED_EDGE ( 'NONE', *, *, #1437, .F. ) ;
#1771 = CIRCLE ( 'NONE', #3010, 1.524999999999998579 ) ;
#1772 = CARTESIAN_POINT ( 'NONE',  ( 6.524999999999971934, 85.00000000000000000, -8.673617379884035472E-16 ) ) ;
#1773 = ORIENTED_EDGE ( 'NONE', *, *, #2957, .T. ) ;
#1774 = AXIS2_PLACEMENT_3D ( 'NONE', #1971, #2621, #2186 ) ;
#1775 = CIRCLE ( 'NONE', #2177, 4.999999999999997335 ) ;
#1776 = VECTOR ( 'NONE', #1947, 1000.000000000000114 ) ;
#1777 = AXIS2_PLACEMENT_3D ( 'NONE', #2350, #260, #1427 ) ;
#1778 = CIRCLE ( 'NONE', #466, 1.250000000000001110 ) ;
#1779 = FACE_OUTER_BOUND ( 'NONE', #2654, .T. ) ;
#1780 = CARTESIAN_POINT ( 'NONE',  ( 4.999999999999999112, 5.000000000000000000, 0.0000000000000000000 ) ) ;
#1781 = VECTOR ( 'NONE', #2667, 1000.000000000000000 ) ;
#1782 = DIRECTION ( 'NONE',  ( -0.0000000000000000000, 1.000000000000000000, -0.0000000000000000000 ) ) ;
#1783 = VERTEX_POINT ( 'NONE', #1995 ) ;
#1784 = CARTESIAN_POINT ( 'NONE',  ( 37.49999999999997868, 147.0130000000000052, 19.99999999999999289 ) ) ;
#1785 = DIRECTION ( 'NONE',  ( -0.0000000000000000000, -0.0000000000000000000, 1.000000000000000000 ) ) ;
#1786 = FACE_BOUND ( 'NONE', #595, .T. ) ;
#1787 = DIRECTION ( 'NONE',  ( -0.0000000000000000000, -0.0000000000000000000, -1.000000000000000000 ) ) ;
#1788 = ORIENTED_EDGE ( 'NONE', *, *, #101, .F. ) ;
#1789 = AXIS2_PLACEMENT_3D ( 'NONE', #2096, #1626, #2791 ) ;
#1790 = CALENDAR_DATE ( 2019, 12, 8 ) ;
#1791 = ADVANCED_FACE ( 'NONE', ( #833 ), #2695, .F. ) ;
#1792 = AXIS2_PLACEMENT_3D ( 'NONE', #2837, #732, #1189 ) ;
#1793 = DIRECTION ( 'NONE',  ( 0.0000000000000000000, 0.0000000000000000000, -1.000000000000000000 ) ) ;
#1794 = DIRECTION ( 'NONE',  ( -0.0000000000000000000, 1.000000000000000000, -0.0000000000000000000 ) ) ;
#1795 = CIRCLE ( 'NONE', #1903, 1.524999999999998579 ) ;
#1796 = CARTESIAN_POINT ( 'NONE',  ( 94.99999999999997158, 165.0000000000000000, 40.00000000000000000 ) ) ;
#1797 = VERTEX_POINT ( 'NONE', #2386 ) ;
#1798 = LINE ( 'NONE', #1833, #837 ) ;
#1799 = LINE ( 'NONE', #3005, #309 ) ;
#1800 = LINE ( 'NONE', #2482, #1295 ) ;
#1801 = VERTEX_POINT ( 'NONE', #85 ) ;
#1802 = EDGE_LOOP ( 'NONE', ( #1147, #909 ) ) ;
#1803 = DIRECTION ( 'NONE',  ( 0.8571673007021121116, 1.049727191138618449E-16, -0.5150380749100544886 ) ) ;
#1804 = ORIENTED_EDGE ( 'NONE', *, *, #1559, .T. ) ;
#1805 = EDGE_CURVE ( 'NONE', #546, #2501, #2010, .T. ) ;
#1806 = CARTESIAN_POINT ( 'NONE',  ( 94.99999999999998579, 0.0000000000000000000, 40.00000000000000000 ) ) ;
#1807 = ORIENTED_EDGE ( 'NONE', *, *, #2990, .T. ) ;
#1808 = DIRECTION ( 'NONE',  ( -1.000000000000000000, 0.0000000000000000000, 0.0000000000000000000 ) ) ;
#1809 = DIRECTION ( 'NONE',  ( 1.000000000000000000, -0.0000000000000000000, -0.0000000000000000000 ) ) ;
#1810 = CARTESIAN_POINT ( 'NONE',  ( 42.49999999999998579, 155.0000000000000000, 0.0000000000000000000 ) ) ;
#1811 = CARTESIAN_POINT ( 'NONE',  ( 14.99999999999997513, 155.0000000000000000, 35.00000000000000000 ) ) ;
#1812 = CARTESIAN_POINT ( 'NONE',  ( 62.49999999999996447, 144.2811271095293080, 19.99999999999999289 ) ) ;
#1813 = DIRECTION ( 'NONE',  ( 0.0000000000000000000, -0.0000000000000000000, -1.000000000000000000 ) ) ;
#1814 = FACE_OUTER_BOUND ( 'NONE', #2794, .T. ) ;
#1815 = ORIENTED_EDGE ( 'NONE', *, *, #2947, .T. ) ;
#1816 = EDGE_LOOP ( 'NONE', ( #1342, #2354, #1151, #2513 ) ) ;
#1817 = CIRCLE ( 'NONE', #832, 1.250000000000001110 ) ;
#1818 = CARTESIAN_POINT ( 'NONE',  ( 94.99999999999998579, 165.0000000000000000, 0.0000000000000000000 ) ) ;
#1819 = ORIENTED_EDGE ( 'NONE', *, *, #1838, .F. ) ;
#1820 = AXIS2_PLACEMENT_3D ( 'NONE', #413, #858, #2545 ) ;
#1821 = ORIENTED_EDGE ( 'NONE', *, *, #1197, .F. ) ;
#1822 = DIRECTION ( 'NONE',  ( -1.000000000000000000, 0.0000000000000000000, 0.0000000000000000000 ) ) ;
#1823 = ORIENTED_EDGE ( 'NONE', *, *, #1164, .T. ) ;
#1824 = EDGE_CURVE ( 'NONE', #623, #429, #1742, .T. ) ;
#1825 = VECTOR ( 'NONE', #2401, 1000.000000000000000 ) ;
#1826 = DIRECTION ( 'NONE',  ( 0.0000000000000000000, 0.0000000000000000000, 1.000000000000000000 ) ) ;
#1827 = VECTOR ( 'NONE', #2309, 1000.000000000000000 ) ;
#1828 = DIRECTION ( 'NONE',  ( -0.0000000000000000000, -0.0000000000000000000, 1.000000000000000000 ) ) ;
#1829 = CARTESIAN_POINT ( 'NONE',  ( 4.999999999999972466, 85.00000000000000000, -8.673617379884035472E-16 ) ) ;
#1830 = VECTOR ( 'NONE', #571, 1000.000000000000000 ) ;
#1831 = AXIS2_PLACEMENT_3D ( 'NONE', #420, #850, #2263 ) ;
#1832 = CYLINDRICAL_SURFACE ( 'NONE', #2866, 4.546599999999997976 ) ;
#1833 = CARTESIAN_POINT ( 'NONE',  ( 0.0000000000000000000, 0.0000000000000000000, 40.00000000000000000 ) ) ;
#1834 = FACE_OUTER_BOUND ( 'NONE', #542, .T. ) ;
#1835 = DIRECTION ( 'NONE',  ( -1.000000000000000000, 0.0000000000000000000, 0.0000000000000000000 ) ) ;
#1836 = ORIENTED_EDGE ( 'NONE', *, *, #78, .F. ) ;
#1837 = ORIENTED_EDGE ( 'NONE', *, *, #147, .F. ) ;
#1838 = EDGE_CURVE ( 'NONE', #2433, #266, #1544, .T. ) ;
#1839 = DIRECTION ( 'NONE',  ( -1.000000000000000000, 0.0000000000000000000, 0.0000000000000000000 ) ) ;
#1840 = VERTEX_POINT ( 'NONE', #738 ) ;
#1841 = ORIENTED_EDGE ( 'NONE', *, *, #1284, .T. ) ;
#1842 = DIRECTION ( 'NONE',  ( -0.7071067811865441310, 0.0000000000000000000, -0.7071067811865507924 ) ) ;
#1843 = CARTESIAN_POINT ( 'NONE',  ( 47.49999999999997868, 155.0000000000000000, 0.0000000000000000000 ) ) ;
#1844 = CARTESIAN_POINT ( 'NONE',  ( 94.99999999999998579, 5.000000000000000000, 0.0000000000000000000 ) ) ;
#1845 = FACE_OUTER_BOUND ( 'NONE', #1223, .T. ) ;
#1846 = ADVANCED_FACE ( 'NONE', ( #2616 ), #1598, .F. ) ;
#1847 = DIRECTION ( 'NONE',  ( -0.0000000000000000000, 1.000000000000000000, -0.0000000000000000000 ) ) ;
#1848 = VECTOR ( 'NONE', #2153, 1000.000000000000000 ) ;
#1849 = ORIENTED_EDGE ( 'NONE', *, *, #579, .F. ) ;
#1850 = DIRECTION ( 'NONE',  ( -1.000000000000000000, 0.0000000000000000000, 0.0000000000000000000 ) ) ;
#1851 = CARTESIAN_POINT ( 'NONE',  ( 14.99999999999997513, 155.0000000000000000, 0.0000000000000000000 ) ) ;
#1852 = LINE ( 'NONE', #245, #1388 ) ;
#1853 = ORIENTED_EDGE ( 'NONE', *, *, #1236, .F. ) ;
#1854 = CYLINDRICAL_SURFACE ( 'NONE', #3034, 5.000000000000000888 ) ;
#1855 = EDGE_LOOP ( 'NONE', ( #1836, #414, #2300, #376 ) ) ;
#1856 = EDGE_CURVE ( 'NONE', #3040, #421, #1226, .T. ) ;
#1857 = CARTESIAN_POINT ( 'NONE',  ( 72.74999999999998579, 132.7500000000000000, 40.00000000000000000 ) ) ;
#1858 = CARTESIAN_POINT ( 'NONE',  ( 67.74999999999998579, 32.25000000000001421, 40.00000000000000000 ) ) ;
#1859 = CARTESIAN_POINT ( 'NONE',  ( 37.49999999999997868, 160.0000000000000000, 24.54659999999998732 ) ) ;
#1860 = CARTESIAN_POINT ( 'NONE',  ( 62.49999999999997158, 170.0000000000000000, 25.06689999999999330 ) ) ;
#1861 = ADVANCED_FACE ( 'NONE', ( #21 ), #522, .F. ) ;
#1862 = DIRECTION ( 'NONE',  ( -1.000000000000000000, 0.0000000000000000000, 0.0000000000000000000 ) ) ;
#1863 = ORIENTED_EDGE ( 'NONE', *, *, #2422, .T. ) ;
#1864 = LINE ( 'NONE', #455, #2856 ) ;
#1865 = EDGE_CURVE ( 'NONE', #902, #263, #2631, .T. ) ;
#1866 = DIRECTION ( 'NONE',  ( 0.0000000000000000000, 0.0000000000000000000, 1.000000000000000000 ) ) ;
#1867 = EDGE_LOOP ( 'NONE', ( #2536, #1863, #2242 ) ) ;
#1868 = CARTESIAN_POINT ( 'NONE',  ( 4.999999999999976907, 165.0000000000000000, 7.499999999999998224 ) ) ;
#1869 = ORIENTED_EDGE ( 'NONE', *, *, #888, .F. ) ;
#1870 = AXIS2_PLACEMENT_3D ( 'NONE', #919, #1100, #1850 ) ;
#1871 = EDGE_LOOP ( 'NONE', ( #2917, #2619, #2063 ) ) ;
#1872 = EDGE_LOOP ( 'NONE', ( #1922, #940, #1943, #1691 ) ) ;
#1873 = CYLINDRICAL_SURFACE ( 'NONE', #150, 1.249999999999999778 ) ;
#1874 = CARTESIAN_POINT ( 'NONE',  ( 6.249999999999972466, 5.000000000000004441, 7.499999999999998224 ) ) ;
#1875 = VECTOR ( 'NONE', #1508, 1000.000000000000114 ) ;
#1876 = CARTESIAN_POINT ( 'NONE',  ( 94.99999999999998579, 5.000000000000000000, -8.673617379884035472E-16 ) ) ;
#1877 = CARTESIAN_POINT ( 'NONE',  ( 24.99999999999997513, 145.0000000000000000, 35.00000000000000000 ) ) ;
#1878 = AXIS2_PLACEMENT_3D ( 'NONE', #1811, #416, #2966 ) ;
#1879 = ORIENTED_EDGE ( 'NONE', *, *, #2524, .T. ) ;
#1880 = AXIS2_PLACEMENT_3D ( 'NONE', #1280, #1733, #2863 ) ;
#1881 = CIRCLE ( 'NONE', #2027, 1.250000000000001110 ) ;
#1882 = FACE_OUTER_BOUND ( 'NONE', #1471, .T. ) ;
#1883 = VERTEX_POINT ( 'NONE', #1046 ) ;
#1884 = CIRCLE ( 'NONE', #551, 4.546599999999997976 ) ;
#1885 = CONICAL_SURFACE ( 'NONE', #597, 5.066899999999999515, 0.7853981633974482790 ) ;
#1886 = DIRECTION ( 'NONE',  ( -0.0000000000000000000, 1.000000000000000000, -0.0000000000000000000 ) ) ;
#1887 = EDGE_LOOP ( 'NONE', ( #1614, #1592, #1841, #1985 ) ) ;
#1888 = EDGE_CURVE ( 'NONE', #2739, #3040, #2594, .T. ) ;
#1889 = CARTESIAN_POINT ( 'NONE',  ( 62.49999999999997158, 160.0000000000000000, 19.99999999999999289 ) ) ;
#1890 = ORIENTED_EDGE ( 'NONE', *, *, #2677, .F. ) ;
#1891 = EDGE_CURVE ( 'NONE', #1694, #2041, #2681, .T. ) ;
#1892 = EDGE_LOOP ( 'NONE', ( #2642, #531, #326, #1997 ) ) ;
#1893 = DIRECTION ( 'NONE',  ( -1.000000000000000000, 0.0000000000000000000, 0.0000000000000000000 ) ) ;
#1894 = FACE_OUTER_BOUND ( 'NONE', #361, .T. ) ;
#1895 = EDGE_CURVE ( 'NONE', #1469, #2629, #1662, .T. ) ;
#1896 = CARTESIAN_POINT ( 'NONE',  ( 72.74999999999998579, 137.7500000000000000, 4.999999999999997335 ) ) ;
#1897 = EDGE_LOOP ( 'NONE', ( #2356, #1703, #2875, #242 ) ) ;
#1898 = VECTOR ( 'NONE', #1512, 1000.000000000000000 ) ;
#1899 = PLANE ( 'NONE',  #2507 ) ;
#1900 = ORIENTED_EDGE ( 'NONE', *, *, #554, .T. ) ;
#1901 = CIRCLE ( 'NONE', #2107, 1.250000000000001110 ) ;
#1902 = DIRECTION ( 'NONE',  ( -0.0000000000000000000, -0.0000000000000000000, -1.000000000000000000 ) ) ;
#1903 = AXIS2_PLACEMENT_3D ( 'NONE', #2934, #2276, #589 ) ;
#1904 = CARTESIAN_POINT ( 'NONE',  ( 94.99999999999998579, 5.000000000000000000, 0.2749999999999991895 ) ) ;
#1905 = EDGE_LOOP ( 'NONE', ( #1524, #20, #2548, #2432 ) ) ;
#1906 = CIRCLE ( 'NONE', #1458, 1.250000000000001110 ) ;
#1907 = EDGE_LOOP ( 'NONE', ( #422, #1464, #1229, #1916 ) ) ;
#1908 = VERTEX_POINT ( 'NONE', #2775 ) ;
#1909 = EDGE_CURVE ( 'NONE', #1572, #1394, #1351, .T. ) ;
#1910 = EDGE_LOOP ( 'NONE', ( #989, #2193, #1823, #1564 ) ) ;
#1911 = CARTESIAN_POINT ( 'NONE',  ( 57.49999999999997158, 145.0000000000000000, 35.00000000000000000 ) ) ;
#1912 = CARTESIAN_POINT ( 'NONE',  ( 6.524999999999971934, 5.000000000000004441, -8.673617379884035472E-16 ) ) ;
#1913 = FACE_OUTER_BOUND ( 'NONE', #34, .T. ) ;
#1914 = EDGE_CURVE ( 'NONE', #2416, #358, #2515, .T. ) ;
#1915 = DIRECTION ( 'NONE',  ( 0.0000000000000000000, 0.0000000000000000000, 1.000000000000000000 ) ) ;
#1916 = ORIENTED_EDGE ( 'NONE', *, *, #7, .T. ) ;
#1917 = CARTESIAN_POINT ( 'NONE',  ( 62.49999999999997158, 169.4797000000000082, 19.99999999999999289 ) ) ;
#1918 = VERTEX_POINT ( 'NONE', #908 ) ;
#1919 = DIRECTION ( 'NONE',  ( 1.000000000000000000, 0.0000000000000000000, 0.0000000000000000000 ) ) ;
#1920 = CARTESIAN_POINT ( 'NONE',  ( 49.99999999999999289, 4.999999999999990230, -8.673617379884035472E-16 ) ) ;
#1921 = VERTEX_POINT ( 'NONE', #1365 ) ;
#1922 = ORIENTED_EDGE ( 'NONE', *, *, #60, .F. ) ;
#1923 = CC_DESIGN_PERSON_AND_ORGANIZATION_ASSIGNMENT ( #2522, #838, ( #457 ) ) ;
#1924 = ORIENTED_EDGE ( 'NONE', *, *, #2137, .F. ) ;
#1925 = VECTOR ( 'NONE', #1932, 1000.000000000000000 ) ;
#1926 = CIRCLE ( 'NONE', #1820, 5.000000000000004441 ) ;
#1927 = DIRECTION ( 'NONE',  ( -0.0000000000000000000, -0.0000000000000000000, -1.000000000000000000 ) ) ;
#1928 = DIRECTION ( 'NONE',  ( -0.0000000000000000000, -0.0000000000000000000, -1.000000000000000000 ) ) ;
#1929 = AXIS2_PLACEMENT_3D ( 'NONE', #1526, #95, #355 ) ;
#1930 = CARTESIAN_POINT ( 'NONE',  ( 48.47499999999999432, 4.999999999999990230, -8.673617379884035472E-16 ) ) ;
#1931 = VERTEX_POINT ( 'NONE', #852 ) ;
#1932 = DIRECTION ( 'NONE',  ( -1.000000000000000000, 0.0000000000000000000, 0.0000000000000000000 ) ) ;
#1933 = VECTOR ( 'NONE', #1623, 1000.000000000000000 ) ;
#1934 = DIRECTION ( 'NONE',  ( 0.0000000000000000000, 0.0000000000000000000, -1.000000000000000000 ) ) ;
#1935 = ORIENTED_EDGE ( 'NONE', *, *, #133, .T. ) ;
#1936 = VECTOR ( 'NONE', #1603, 1000.000000000000000 ) ;
#1937 = LINE ( 'NONE', #28, #2589 ) ;
#1938 = EDGE_LOOP ( 'NONE', ( #182, #497, #2974, #2516 ) ) ;
#1939 = AXIS2_PLACEMENT_3D ( 'NONE', #2274, #1370, #2781 ) ;
#1940 = VECTOR ( 'NONE', #616, 1000.000000000000000 ) ;
#1941 = ADVANCED_FACE ( 'NONE', ( #2299 ), #56, .F. ) ;
#1942 = EDGE_LOOP ( 'NONE', ( #1821, #1804, #200 ) ) ;
#1943 = ORIENTED_EDGE ( 'NONE', *, *, #154, .T. ) ;
#1944 = AXIS2_PLACEMENT_3D ( 'NONE', #2692, #582, #1725 ) ;
#1945 = VERTEX_POINT ( 'NONE', #3031 ) ;
#1946 = COORDINATED_UNIVERSAL_TIME_OFFSET ( 8, 0, .BEHIND. ) ;
#1947 = DIRECTION ( 'NONE',  ( -0.7071067811865441310, 0.0000000000000000000, -0.7071067811865507924 ) ) ;
#1948 = EDGE_LOOP ( 'NONE', ( #702, #543, #2337, #2802 ) ) ;
#1949 = DIRECTION ( 'NONE',  ( -1.632680918566406547E-16, 1.000000000000000000, 0.0000000000000000000 ) ) ;
#1950 = ADVANCED_FACE ( 'NONE', ( #405 ), #1854, .T. ) ;
#1951 = DIRECTION ( 'NONE',  ( -1.000000000000000000, 0.0000000000000000000, 0.0000000000000000000 ) ) ;
#1952 = EDGE_LOOP ( 'NONE', ( #1158, #2496, #533, #2363 ) ) ;
#1953 = CARTESIAN_POINT ( 'NONE',  ( 4.999999999999973355, 170.0000000000000000, 0.0000000000000000000 ) ) ;
#1954 = AXIS2_PLACEMENT_3D ( 'NONE', #1331, #2570, #2992 ) ;
#1955 = DIRECTION ( 'NONE',  ( -1.000000000000000000, 0.0000000000000000000, 0.0000000000000000000 ) ) ;
#1956 = EDGE_LOOP ( 'NONE', ( #1521, #959, #462, #474 ) ) ;
#1957 = VECTOR ( 'NONE', #131, 1000.000000000000000 ) ;
#1958 = EDGE_LOOP ( 'NONE', ( #1333, #1545, #694, #42 ) ) ;
#1959 = LINE ( 'NONE', #2890, #697 ) ;
#1960 = DIRECTION ( 'NONE',  ( -1.000000000000000000, -8.163404592832032733E-17, 0.0000000000000000000 ) ) ;
#1961 = PLANE ( 'NONE',  #87 ) ;
#1962 = EDGE_CURVE ( 'NONE', #1332, #341, #2483, .T. ) ;
#1963 = FACE_OUTER_BOUND ( 'NONE', #2614, .T. ) ;
#1964 = ORIENTED_EDGE ( 'NONE', *, *, #165, .T. ) ;
#1965 = FACE_BOUND ( 'NONE', #1665, .T. ) ;
#1966 = DIRECTION ( 'NONE',  ( 0.0000000000000000000, 0.0000000000000000000, -1.000000000000000000 ) ) ;
#1967 = ORIENTED_EDGE ( 'NONE', *, *, #1216, .T. ) ;
#1968 = ORIENTED_EDGE ( 'NONE', *, *, #2846, .F. ) ;
#1969 = EDGE_LOOP ( 'NONE', ( #986, #1973, #1263, #1629 ) ) ;
#1970 = DATE_TIME_ROLE ( 'creation_date' ) ;
#1971 = CARTESIAN_POINT ( 'NONE',  ( 4.999999999999972466, 85.00000000000000000, 0.0000000000000000000 ) ) ;
#1972 = FACE_OUTER_BOUND ( 'NONE', #926, .T. ) ;
#1973 = ORIENTED_EDGE ( 'NONE', *, *, #2155, .F. ) ;
#1974 = AXIS2_PLACEMENT_3D ( 'NONE', #1476, #1272, #1989 ) ;
#1975 = CARTESIAN_POINT ( 'NONE',  ( 24.99999999999995737, 30.00000000000000000, 35.00000000000000000 ) ) ;
#1976 = ORIENTED_EDGE ( 'NONE', *, *, #2249, .F. ) ;
#1977 = DIRECTION ( 'NONE',  ( -0.0000000000000000000, -0.0000000000000000000, -1.000000000000000000 ) ) ;
#1978 = AXIS2_PLACEMENT_3D ( 'NONE', #155, #1563, #134 ) ;
#1979 = DIRECTION ( 'NONE',  ( 0.0000000000000000000, 0.0000000000000000000, 1.000000000000000000 ) ) ;
#1980 = ADVANCED_FACE ( 'NONE', ( #1124 ), #607, .F. ) ;
#1981 = ORIENTED_EDGE ( 'NONE', *, *, #1197, .T. ) ;
#1982 = CARTESIAN_POINT ( 'NONE',  ( 67.74999999999997158, 132.7500000000000000, 4.999999999999997335 ) ) ;
#1983 = CIRCLE ( 'NONE', #2029, 1.249999999999999334 ) ;
#1984 = VECTOR ( 'NONE', #1842, 1000.000000000000114 ) ;
#1985 = ORIENTED_EDGE ( 'NONE', *, *, #116, .T. ) ;
#1986 = EDGE_CURVE ( 'NONE', #1883, #2663, #1546, .T. ) ;
#1987 = ORIENTED_EDGE ( 'NONE', *, *, #1865, .F. ) ;
#1988 = DIRECTION ( 'NONE',  ( -1.284980352575412453E-16, -1.000000000000000000, 0.0000000000000000000 ) ) ;
#1989 = DIRECTION ( 'NONE',  ( -1.000000000000000000, 0.0000000000000000000, 0.0000000000000000000 ) ) ;
#1990 = EDGE_LOOP ( 'NONE', ( #1900, #2509, #53, #584 ) ) ;
#1991 = ADVANCED_FACE ( 'NONE', ( #1402 ), #1136, .F. ) ;
#1992 = LINE ( 'NONE', #2625, #2574 ) ;
#1993 = CARTESIAN_POINT ( 'NONE',  ( 62.49999999999997158, 145.0000000000000000, 21.19640540202836476 ) ) ;
#1994 = CARTESIAN_POINT ( 'NONE',  ( 89.99999999999998579, 15.00000000000000000, 35.00000000000000000 ) ) ;
#1995 = CARTESIAN_POINT ( 'NONE',  ( 51.25000000000000000, 4.999999999999990230, 0.2749999999999991895 ) ) ;
#1996 = ORIENTED_EDGE ( 'NONE', *, *, #1745, .F. ) ;
#1997 = ORIENTED_EDGE ( 'NONE', *, *, #492, .F. ) ;
#1998 = ADVANCED_FACE ( 'NONE', ( #2042 ), #2076, .F. ) ;
#1999 = VECTOR ( 'NONE', #1760, 1000.000000000000000 ) ;
#2000 = DIRECTION ( 'NONE',  ( 1.000000000000000000, 0.0000000000000000000, 0.0000000000000000000 ) ) ;
#2001 = CARTESIAN_POINT ( 'NONE',  ( 49.99999999999999289, 165.0000000000000000, 7.499999999999998224 ) ) ;
#2002 = CARTESIAN_POINT ( 'NONE',  ( 49.99999999999999289, 4.999999999999990230, -8.673617379884035472E-16 ) ) ;
#2003 = EDGE_LOOP ( 'NONE', ( #2718, #916, #1026, #1571 ) ) ;
#2004 = DIRECTION ( 'NONE',  ( -1.000000000000000000, 0.0000000000000000000, 0.0000000000000000000 ) ) ;
#2005 = EDGE_CURVE ( 'NONE', #2112, #2416, #368, .T. ) ;
#2006 = PLANE ( 'NONE',  #587 ) ;
#2007 = CARTESIAN_POINT ( 'NONE',  ( 37.49999999999997868, 160.0000000000000000, 19.99999999999999289 ) ) ;
#2008 = CARTESIAN_POINT ( 'NONE',  ( 4.999999999999976907, 165.0000000000000000, -8.673617379884035472E-16 ) ) ;
#2009 = ORIENTED_EDGE ( 'NONE', *, *, #1456, .F. ) ;
#2010 = LINE ( 'NONE', #2469, #2539 ) ;
#2011 = ORIENTED_EDGE ( 'NONE', *, *, #2183, .F. ) ;
#2012 = ADVANCED_FACE ( 'NONE', ( #1591 ), #2335, .F. ) ;
#2013 = LINE ( 'NONE', #412, #1957 ) ;
#2014 = CARTESIAN_POINT ( 'NONE',  ( 96.24999999999998579, 165.0000000000000000, 7.499999999999998224 ) ) ;
#2015 = ORIENTED_EDGE ( 'NONE', *, *, #882, .T. ) ;
#2016 = EDGE_CURVE ( 'NONE', #836, #2757, #2554, .T. ) ;
#2017 = CARTESIAN_POINT ( 'NONE',  ( 4.999999999999972466, 5.000000000000004441, 0.2749999999999991895 ) ) ;
#2018 = CIRCLE ( 'NONE', #1721, 5.000000000000000000 ) ;
#2019 = LINE ( 'NONE', #659, #943 ) ;
#2020 = DIRECTION ( 'NONE',  ( -0.0000000000000000000, 1.000000000000000000, 0.0000000000000000000 ) ) ;
#2021 = CARTESIAN_POINT ( 'NONE',  ( 62.49999999999997158, 160.0000000000000000, 19.99999999999999289 ) ) ;
#2022 = DIRECTION ( 'NONE',  ( -1.000000000000000000, 0.0000000000000000000, 0.0000000000000000000 ) ) ;
#2023 = EDGE_LOOP ( 'NONE', ( #234, #1935, #994, #1178 ) ) ;
#2024 = EDGE_CURVE ( 'NONE', #1694, #2540, #1901, .T. ) ;
#2025 = ORIENTED_EDGE ( 'NONE', *, *, #2620, .F. ) ;
#2026 = AXIS2_PLACEMENT_3D ( 'NONE', #772, #2647, #784 ) ;
#2027 = AXIS2_PLACEMENT_3D ( 'NONE', #1410, #2345, #225 ) ;
#2028 = VERTEX_POINT ( 'NONE', #2497 ) ;
#2029 = AXIS2_PLACEMENT_3D ( 'NONE', #558, #820, #828 ) ;
#2030 = CIRCLE ( 'NONE', #509, 4.546599999999997976 ) ;
#2031 = CIRCLE ( 'NONE', #703, 5.000000000000000888 ) ;
#2032 = DIRECTION ( 'NONE',  ( -1.000000000000000000, 0.0000000000000000000, 0.0000000000000000000 ) ) ;
#2033 = CARTESIAN_POINT ( 'NONE',  ( -8.163404592832031007E-16, 4.999999999999999112, 0.0000000000000000000 ) ) ;
#2034 = ORIENTED_EDGE ( 'NONE', *, *, #1527, .T. ) ;
#2035 = CARTESIAN_POINT ( 'NONE',  ( 37.49999999999997868, 169.4797000000000082, 24.54659999999999087 ) ) ;
#2036 = CIRCLE ( 'NONE', #2763, 1.250000000000001110 ) ;
#2037 = FACE_OUTER_BOUND ( 'NONE', #1005, .T. ) ;
#2038 = ADVANCED_FACE ( 'NONE', ( #145 ), #3036, .F. ) ;
#2039 = DIRECTION ( 'NONE',  ( -0.0000000000000000000, -0.0000000000000000000, -1.000000000000000000 ) ) ;
#2040 = DIRECTION ( 'NONE',  ( -0.0000000000000000000, -0.0000000000000000000, -1.000000000000000000 ) ) ;
#2041 = VERTEX_POINT ( 'NONE', #1000 ) ;
#2042 = FACE_OUTER_BOUND ( 'NONE', #51, .T. ) ;
#2043 = ORIENTED_EDGE ( 'NONE', *, *, #277, .F. ) ;
#2044 = ORIENTED_EDGE ( 'NONE', *, *, #230, .T. ) ;
#2045 = VECTOR ( 'NONE', #2102, 1000.000000000000000 ) ;
#2046 = SHAPE_DEFINITION_REPRESENTATION ( #1041, #295 ) ;
#2047 = DIRECTION ( 'NONE',  ( -1.000000000000000000, 0.0000000000000000000, 0.0000000000000000000 ) ) ;
#2048 = AXIS2_PLACEMENT_3D ( 'NONE', #2306, #2322, #2131 ) ;
#2049 = DIRECTION ( 'NONE',  ( -0.0000000000000000000, 1.000000000000000000, -0.0000000000000000000 ) ) ;
#2050 = DIRECTION ( 'NONE',  ( -0.0000000000000000000, -0.0000000000000000000, -1.000000000000000000 ) ) ;
#2051 = ORIENTED_EDGE ( 'NONE', *, *, #1236, .T. ) ;
#2052 = AXIS2_PLACEMENT_3D ( 'NONE', #2266, #425, #1104 ) ;
#2053 = DIRECTION ( 'NONE',  ( -1.000000000000000000, 1.027984282060330011E-16, 0.0000000000000000000 ) ) ;
#2054 = CC_DESIGN_PERSON_AND_ORGANIZATION_ASSIGNMENT ( #344, #2159, ( #626 ) ) ;
#2055 = CARTESIAN_POINT ( 'NONE',  ( 42.49999999999998579, 160.0000000000000000, 35.00000000000000000 ) ) ;
#2056 = DIRECTION ( 'NONE',  ( 0.0000000000000000000, 0.0000000000000000000, 1.000000000000000000 ) ) ;
#2057 = DIRECTION ( 'NONE',  ( -1.272130549049658700E-16, -1.000000000000000000, 0.0000000000000000000 ) ) ;
#2058 = EDGE_CURVE ( 'NONE', #1186, #822, #747, .T. ) ;
#2059 = ORIENTED_EDGE ( 'NONE', *, *, #191, .T. ) ;
#2060 = ORIENTED_EDGE ( 'NONE', *, *, #1219, .T. ) ;
#2061 = CARTESIAN_POINT ( 'NONE',  ( 37.49999999999997868, 147.0130000000000052, 19.99999999999999289 ) ) ;
#2062 = VERTEX_POINT ( 'NONE', #2627 ) ;
#2063 = ORIENTED_EDGE ( 'NONE', *, *, #2101, .T. ) ;
#2064 = DIRECTION ( 'NONE',  ( 1.000000000000000000, -0.0000000000000000000, -0.0000000000000000000 ) ) ;
#2065 = CARTESIAN_POINT ( 'NONE',  ( 48.74999999999999289, 165.0000000000000000, 7.499999999999998224 ) ) ;
#2066 = DIRECTION ( 'NONE',  ( -0.0000000000000000000, 1.000000000000000000, -0.0000000000000000000 ) ) ;
#2067 = DIRECTION ( 'NONE',  ( -0.0000000000000000000, -0.0000000000000000000, -1.000000000000000000 ) ) ;
#2068 = ORIENTED_EDGE ( 'NONE', *, *, #1058, .T. ) ;
#2069 = EDGE_CURVE ( 'NONE', #358, #1931, #1359, .T. ) ;
#2070 = DIRECTION ( 'NONE',  ( -0.0000000000000000000, 1.000000000000000000, -0.0000000000000000000 ) ) ;
#2071 = DIRECTION ( 'NONE',  ( 0.0000000000000000000, 0.0000000000000000000, 1.000000000000000000 ) ) ;
#2072 = LINE ( 'NONE', #1153, #2226 ) ;
#2073 = EDGE_CURVE ( 'NONE', #216, #733, #1937, .T. ) ;
#2074 = CARTESIAN_POINT ( 'NONE',  ( 0.0000000000000000000, 0.0000000000000000000, 0.0000000000000000000 ) ) ;
#2075 = CONICAL_SURFACE ( 'NONE', #290, 1.250000000000001110, 1.029744258676654090 ) ;
#2076 = CYLINDRICAL_SURFACE ( 'NONE', #2103, 1.250000000000001110 ) ;
#2077 = ORIENTED_EDGE ( 'NONE', *, *, #519, .T. ) ;
#2078 = CIRCLE ( 'NONE', #746, 1.524999999999999467 ) ;
#2079 = EDGE_CURVE ( 'NONE', #2835, #1049, #2679, .T. ) ;
#2080 = CARTESIAN_POINT ( 'NONE',  ( 29.99999999999995737, 25.00000000000000000, 35.00000000000000000 ) ) ;
#2081 = EDGE_LOOP ( 'NONE', ( #2043, #1319 ) ) ;
#2082 = EDGE_CURVE ( 'NONE', #1107, #1661, #816, .T. ) ;
#2083 = AXIS2_PLACEMENT_3D ( 'NONE', #556, #2881, #334 ) ;
#2084 = CARTESIAN_POINT ( 'NONE',  ( 49.99999999999999289, 4.999999999999990230, -8.673617379884035472E-16 ) ) ;
#2085 = FACE_OUTER_BOUND ( 'NONE', #1938, .T. ) ;
#2086 = CARTESIAN_POINT ( 'NONE',  ( 57.49999999999997158, 145.0000000000000000, 35.00000000000000000 ) ) ;
#2087 = EDGE_LOOP ( 'NONE', ( #2355, #715, #1396, #1299 ) ) ;
#2088 = CONICAL_SURFACE ( 'NONE', #253, 4.546599999999997976, 1.029744258676655644 ) ;
#2089 = AXIS2_PLACEMENT_3D ( 'NONE', #1064, #927, #1353 ) ;
#2090 = CARTESIAN_POINT ( 'NONE',  ( 72.74999999999998579, 132.7500000000000000, 4.999999999999997335 ) ) ;
#2091 = ORIENTED_EDGE ( 'NONE', *, *, #2927, .T. ) ;
#2092 = LINE ( 'NONE', #2950, #1327 ) ;
#2093 = ORIENTED_EDGE ( 'NONE', *, *, #2169, .T. ) ;
#2094 = CARTESIAN_POINT ( 'NONE',  ( 4.999999999999972466, 85.00000000000000000, 8.251075773784450007 ) ) ;
#2095 = CARTESIAN_POINT ( 'NONE',  ( 67.74999999999998579, 32.25000000000001421, 4.999999999999997335 ) ) ;
#2096 = CARTESIAN_POINT ( 'NONE',  ( 4.999999999999976907, 165.0000000000000000, 7.499999999999998224 ) ) ;
#2097 = VERTEX_POINT ( 'NONE', #3046 ) ;
#2098 = CARTESIAN_POINT ( 'NONE',  ( 37.49999999999997868, 170.0000000000000000, 19.99999999999999289 ) ) ;
#2099 = ORIENTED_EDGE ( 'NONE', *, *, #32, .T. ) ;
#2100 = CARTESIAN_POINT ( 'NONE',  ( 4.999999999999976907, 165.0000000000000000, 7.499999999999998224 ) ) ;
#2101 = EDGE_CURVE ( 'NONE', #1921, #854, #1655, .T. ) ;
#2102 = DIRECTION ( 'NONE',  ( -0.0000000000000000000, -0.0000000000000000000, -1.000000000000000000 ) ) ;
#2103 = AXIS2_PLACEMENT_3D ( 'NONE', #1818, #461, #1839 ) ;
#2104 = LINE ( 'NONE', #2830, #1093 ) ;
#2105 = VERTEX_POINT ( 'NONE', #696 ) ;
#2106 = CARTESIAN_POINT ( 'NONE',  ( 32.25000000000000000, 32.25000000000001421, 40.00000000000000000 ) ) ;
#2107 = AXIS2_PLACEMENT_3D ( 'NONE', #625, #1610, #2315 ) ;
#2108 = ORIENTED_EDGE ( 'NONE', *, *, #2396, .T. ) ;
#2109 = DIRECTION ( 'NONE',  ( -1.000000000000000000, 0.0000000000000000000, 0.0000000000000000000 ) ) ;
#2110 = LINE ( 'NONE', #1218, #2464 ) ;
#2111 = ADVANCED_FACE ( 'NONE', ( #2402 ), #1701, .F. ) ;
#2112 = VERTEX_POINT ( 'NONE', #278 ) ;
#2113 = LINE ( 'NONE', #2235, #2488 ) ;
#2114 = EDGE_LOOP ( 'NONE', ( #1413, #1658, #2011, #1079 ) ) ;
#2115 = CARTESIAN_POINT ( 'NONE',  ( 27.25000000000001421, 137.7500000000000000, 40.00000000000000000 ) ) ;
#2116 = EDGE_LOOP ( 'NONE', ( #2206, #2491, #2731, #2143, #1122, #767, #29, #1075 ) ) ;
#2117 = LINE ( 'NONE', #652, #2138 ) ;
#2118 = FACE_OUTER_BOUND ( 'NONE', #2724, .T. ) ;
#2119 = DIRECTION ( 'NONE',  ( 0.0000000000000000000, 0.0000000000000000000, 1.000000000000000000 ) ) ;
#2120 = MANIFOLD_SOLID_BREP ( 'Fillet3', #46 ) ;
#2121 = DIRECTION ( 'NONE',  ( -1.000000000000000000, 0.0000000000000000000, 0.0000000000000000000 ) ) ;
#2122 = ORIENTED_EDGE ( 'NONE', *, *, #923, .F. ) ;
#2123 = CARTESIAN_POINT ( 'NONE',  ( 69.99999999999998579, 25.00000000000000000, 35.00000000000000000 ) ) ;
#2124 = EDGE_CURVE ( 'NONE', #2227, #766, #1457, .T. ) ;
#2125 = DIRECTION ( 'NONE',  ( 1.000000000000000000, -0.0000000000000000000, -0.0000000000000000000 ) ) ;
#2126 = CARTESIAN_POINT ( 'NONE',  ( 4.999999999999973355, 170.0000000000000000, 40.00000000000000000 ) ) ;
#2127 = ORIENTED_EDGE ( 'NONE', *, *, #1010, .T. ) ;
#2128 = VERTEX_POINT ( 'NONE', #1468 ) ;
#2129 = EDGE_CURVE ( 'NONE', #836, #2433, #262, .T. ) ;
#2130 = ORIENTED_EDGE ( 'NONE', *, *, #1962, .T. ) ;
#2131 = DIRECTION ( 'NONE',  ( -1.000000000000000000, 0.0000000000000000000, 0.0000000000000000000 ) ) ;
#2132 = AXIS2_PLACEMENT_3D ( 'NONE', #3001, #2053, #2986 ) ;
#2133 = CARTESIAN_POINT ( 'NONE',  ( 4.999999999999997335, 0.0000000000000000000, 0.0000000000000000000 ) ) ;
#2134 = CARTESIAN_POINT ( 'NONE',  ( 4.999999999999972466, 85.00000000000000000, 7.499999999999998224 ) ) ;
#2135 = CIRCLE ( 'NONE', #92, 5.000000000000004441 ) ;
#2136 = DIRECTION ( 'NONE',  ( -1.000000000000000000, 0.0000000000000000000, 0.0000000000000000000 ) ) ;
#2137 = EDGE_CURVE ( 'NONE', #2368, #560, #969, .T. ) ;
#2138 = VECTOR ( 'NONE', #2765, 1000.000000000000000 ) ;
#2139 = CONICAL_SURFACE ( 'NONE', #644, 1.525000000000000355, 0.7853981633974498333 ) ;
#2140 = CARTESIAN_POINT ( 'NONE',  ( 90.00000000000000000, 160.0000000000000000, 35.00000000000000000 ) ) ;
#2141 = ADVANCED_FACE ( 'NONE', ( #1644 ), #713, .F. ) ;
#2142 = FACE_OUTER_BOUND ( 'NONE', #2993, .T. ) ;
#2143 = ORIENTED_EDGE ( 'NONE', *, *, #1565, .T. ) ;
#2144 = ORIENTED_EDGE ( 'NONE', *, *, #972, .T. ) ;
#2145 = ORIENTED_EDGE ( 'NONE', *, *, #2612, .T. ) ;
#2146 = ADVANCED_FACE ( 'NONE', ( #2142 ), #1659, .F. ) ;
#2147 = DIRECTION ( 'NONE',  ( -0.0000000000000000000, -0.0000000000000000000, -1.000000000000000000 ) ) ;
#2148 = DIRECTION ( 'NONE',  ( -0.0000000000000000000, 0.0000000000000000000, -1.000000000000000000 ) ) ;
#2149 = FACE_OUTER_BOUND ( 'NONE', #1376, .T. ) ;
#2150 = LINE ( 'NONE', #1640, #1925 ) ;
#2151 = VECTOR ( 'NONE', #1429, 1000.000000000000000 ) ;
#2152 = DIRECTION ( 'NONE',  ( -0.0000000000000000000, -0.0000000000000000000, -1.000000000000000000 ) ) ;
#2153 = DIRECTION ( 'NONE',  ( -0.0000000000000000000, -0.0000000000000000000, 1.000000000000000000 ) ) ;
#2154 = DIRECTION ( 'NONE',  ( -1.000000000000000000, 0.0000000000000000000, 0.0000000000000000000 ) ) ;
#2155 = EDGE_CURVE ( 'NONE', #491, #643, #476, .T. ) ;
#2156 = VERTEX_POINT ( 'NONE', #2382 ) ;
#2157 = ORIENTED_EDGE ( 'NONE', *, *, #2201, .F. ) ;
#2158 = DIRECTION ( 'NONE',  ( 0.0000000000000000000, -0.0000000000000000000, 1.000000000000000000 ) ) ;
#2159 = PERSON_AND_ORGANIZATION_ROLE ( 'creator' ) ;
#2160 = DIRECTION ( 'NONE',  ( 0.0000000000000000000, -0.0000000000000000000, 1.000000000000000000 ) ) ;
#2161 = ORIENTED_EDGE ( 'NONE', *, *, #1338, .F. ) ;
#2162 = LINE ( 'NONE', #1412, #1381 ) ;
#2163 = CARTESIAN_POINT ( 'NONE',  ( 29.99999999999997158, 139.9999999999999716, 35.00000000000000000 ) ) ;
#2164 = CARTESIAN_POINT ( 'NONE',  ( 84.99999999999998579, 160.0000000000000000, 35.00000000000000000 ) ) ;
#2165 = VERTEX_POINT ( 'NONE', #14 ) ;
#2166 = CC_DESIGN_APPROVAL ( #1006, ( #457 ) ) ;
#2167 = CIRCLE ( 'NONE', #2997, 4.999999999999997335 ) ;
#2168 = ORIENTED_EDGE ( 'NONE', *, *, #1589, .F. ) ;
#2169 = EDGE_CURVE ( 'NONE', #1193, #691, #2542, .T. ) ;
#2170 = VECTOR ( 'NONE', #3004, 1000.000000000000000 ) ;
#2171 = LINE ( 'NONE', #2408, #350 ) ;
#2172 = LINE ( 'NONE', #1282, #130 ) ;
#2173 = EDGE_LOOP ( 'NONE', ( #181, #2397, #885, #2447 ) ) ;
#2174 = AXIS2_PLACEMENT_3D ( 'NONE', #193, #1847, #1618 ) ;
#2175 = DIRECTION ( 'NONE',  ( 1.000000000000000000, 0.0000000000000000000, -0.0000000000000000000 ) ) ;
#2176 = EDGE_CURVE ( 'NONE', #2885, #1276, #2641, .T. ) ;
#2177 = AXIS2_PLACEMENT_3D ( 'NONE', #1179, #1596, #390 ) ;
#2178 = CARTESIAN_POINT ( 'NONE',  ( 0.0000000000000000000, 0.0000000000000000000, 40.00000000000000000 ) ) ;
#2179 = DIRECTION ( 'NONE',  ( 0.0000000000000000000, 0.0000000000000000000, 1.000000000000000000 ) ) ;
#2180 = VECTOR ( 'NONE', #1442, 1000.000000000000000 ) ;
#2181 = VECTOR ( 'NONE', #2049, 1000.000000000000000 ) ;
#2182 = VERTEX_POINT ( 'NONE', #2854 ) ;
#2183 = EDGE_CURVE ( 'NONE', #2533, #594, #1604, .T. ) ;
#2184 = CARTESIAN_POINT ( 'NONE',  ( 27.25000000000001421, 137.7500000000000000, 4.999999999999997335 ) ) ;
#2185 = EDGE_CURVE ( 'NONE', #701, #2097, #2113, .T. ) ;
#2186 = DIRECTION ( 'NONE',  ( -1.000000000000000000, 0.0000000000000000000, 0.0000000000000000000 ) ) ;
#2187 = DIRECTION ( 'NONE',  ( -1.000000000000000000, 0.0000000000000000000, 0.0000000000000000000 ) ) ;
#2188 = CARTESIAN_POINT ( 'NONE',  ( 62.49999999999997158, 170.0000000000000000, 19.99999999999999289 ) ) ;
#2189 = AXIS2_PLACEMENT_3D ( 'NONE', #374, #359, #2225 ) ;
#2190 = FACE_BOUND ( 'NONE', #2985, .T. ) ;
#2191 = AXIS2_PLACEMENT_3D ( 'NONE', #2678, #2444, #827 ) ;
#2192 = CARTESIAN_POINT ( 'NONE',  ( 32.25000000000001421, 132.7500000000000000, 40.00000000000000000 ) ) ;
#2193 = ORIENTED_EDGE ( 'NONE', *, *, #2502, .T. ) ;
#2194 = ORIENTED_EDGE ( 'NONE', *, *, #2947, .F. ) ;
#2195 = VECTOR ( 'NONE', #1809, 1000.000000000000000 ) ;
#2196 = ORIENTED_EDGE ( 'NONE', *, *, #97, .T. ) ;
#2197 = ORIENTED_EDGE ( 'NONE', *, *, #1539, .F. ) ;
#2198 = COORDINATED_UNIVERSAL_TIME_OFFSET ( 8, 0, .BEHIND. ) ;
#2199 = CARTESIAN_POINT ( 'NONE',  ( 62.49999999999997158, 160.0000000000000000, 24.54659999999999087 ) ) ;
#2200 = DIRECTION ( 'NONE',  ( -1.000000000000000000, 0.0000000000000000000, 0.0000000000000000000 ) ) ;
#2201 = EDGE_CURVE ( 'NONE', #1418, #491, #2938, .T. ) ;
#2202 = CARTESIAN_POINT ( 'NONE',  ( 51.52499999999999147, 165.0000000000000000, -8.673617379884035472E-16 ) ) ;
#2203 = LINE ( 'NONE', #2704, #2829 ) ;
#2204 = DIRECTION ( 'NONE',  ( -0.0000000000000000000, -0.0000000000000000000, -1.000000000000000000 ) ) ;
#2205 = ORIENTED_EDGE ( 'NONE', *, *, #2624, .T. ) ;
#2206 = ORIENTED_EDGE ( 'NONE', *, *, #57, .T. ) ;
#2207 = CARTESIAN_POINT ( 'NONE',  ( 95.00000000000000000, 85.00000000000000000, 7.499999999999998224 ) ) ;
#2208 = ORIENTED_EDGE ( 'NONE', *, *, #2069, .T. ) ;
#2209 = ORIENTED_EDGE ( 'NONE', *, *, #1437, .T. ) ;
#2210 = EDGE_CURVE ( 'NONE', #2112, #1931, #2203, .T. ) ;
#2211 = LINE ( 'NONE', #2184, #404 ) ;
#2212 = AXIS2_PLACEMENT_3D ( 'NONE', #1780, #1146, #2730 ) ;
#2213 = DIRECTION ( 'NONE',  ( -0.0000000000000000000, -0.0000000000000000000, -1.000000000000000000 ) ) ;
#2214 = CARTESIAN_POINT ( 'NONE',  ( 57.49999999999997158, 150.0000000000000000, 0.0000000000000000000 ) ) ;
#2215 = ORIENTED_EDGE ( 'NONE', *, *, #2058, .F. ) ;
#2216 = DIRECTION ( 'NONE',  ( 0.0000000000000000000, 0.0000000000000000000, 1.000000000000000000 ) ) ;
#2217 = APPROVAL_PERSON_ORGANIZATION ( #1696, #1234, #2452 ) ;
#2218 = CARTESIAN_POINT ( 'NONE',  ( 24.99999999999997513, 160.0000000000000000, 0.0000000000000000000 ) ) ;
#2219 = AXIS2_PLACEMENT_3D ( 'NONE', #2017, #395, #1583 ) ;
#2220 = CONICAL_SURFACE ( 'NONE', #1486, 1.524999999999998579, 0.7853981633974437271 ) ;
#2221 = CARTESIAN_POINT ( 'NONE',  ( 9.999999999999973355, 160.0000000000000000, 35.00000000000000000 ) ) ;
#2222 = EDGE_CURVE ( 'NONE', #1062, #1918, #788, .T. ) ;
#2223 = CIRCLE ( 'NONE', #2467, 1.196405402028370091 ) ;
#2224 = ORIENTED_EDGE ( 'NONE', *, *, #19, .F. ) ;
#2225 = DIRECTION ( 'NONE',  ( -1.000000000000000000, 0.0000000000000000000, 0.0000000000000000000 ) ) ;
#2226 = VECTOR ( 'NONE', #2511, 1000.000000000000000 ) ;
#2227 = VERTEX_POINT ( 'NONE', #1953 ) ;
#2228 = ORIENTED_EDGE ( 'NONE', *, *, #2169, .F. ) ;
#2229 = CIRCLE ( 'NONE', #2579, 1.524999999999998579 ) ;
#2230 = ADVANCED_FACE ( 'NONE', ( #2480, #1724, #1509, #581, #324, #1965, #48, #2190, #1481, #1301 ), #336, .T. ) ;
#2231 = FACE_OUTER_BOUND ( 'NONE', #1562, .T. ) ;
#2232 = LINE ( 'NONE', #169, #611 ) ;
#2233 = CARTESIAN_POINT ( 'NONE',  ( 29.99999999999997158, 139.9999999999999716, 35.00000000000000000 ) ) ;
#2234 = CARTESIAN_POINT ( 'NONE',  ( 49.99999999999999289, 4.999999999999990230, 7.499999999999998224 ) ) ;
#2235 = CARTESIAN_POINT ( 'NONE',  ( 94.99999999999997158, 170.0000000000000000, 40.00000000000000000 ) ) ;
#2236 = DIRECTION ( 'NONE',  ( 1.272130549049658700E-16, 1.000000000000000000, -0.0000000000000000000 ) ) ;
#2237 = EDGE_CURVE ( 'NONE', #2901, #2888, #1500, .T. ) ;
#2238 = CYLINDRICAL_SURFACE ( 'NONE', #1344, 1.249999999999999778 ) ;
#2239 = ORIENTED_EDGE ( 'NONE', *, *, #1128, .F. ) ;
#2240 = AXIS2_PLACEMENT_3D ( 'NONE', #990, #757, #1695 ) ;
#2241 = DIRECTION ( 'NONE',  ( -1.000000000000000000, 0.0000000000000000000, 0.0000000000000000000 ) ) ;
#2242 = ORIENTED_EDGE ( 'NONE', *, *, #689, .T. ) ;
#2243 = ORIENTED_EDGE ( 'NONE', *, *, #1633, .T. ) ;
#2244 = ADVANCED_FACE ( 'NONE', ( #2895 ), #2780, .F. ) ;
#2245 = LINE ( 'NONE', #2983, #1690 ) ;
#2246 = CARTESIAN_POINT ( 'NONE',  ( 94.99999999999998579, 165.0000000000000000, 7.499999999999998224 ) ) ;
#2247 = ORIENTED_EDGE ( 'NONE', *, *, #1539, .T. ) ;
#2248 = DIRECTION ( 'NONE',  ( -0.0000000000000000000, 0.0000000000000000000, -1.000000000000000000 ) ) ;
#2249 = EDGE_CURVE ( 'NONE', #2105, #2760, #1065, .T. ) ;
#2250 = DIRECTION ( 'NONE',  ( -0.0000000000000000000, 0.0000000000000000000, -1.000000000000000000 ) ) ;
#2251 = DIRECTION ( 'NONE',  ( -0.0000000000000000000, -0.0000000000000000000, 1.000000000000000000 ) ) ;
#2252 = DIRECTION ( 'NONE',  ( -0.0000000000000000000, -0.0000000000000000000, -1.000000000000000000 ) ) ;
#2253 = DIRECTION ( 'NONE',  ( -0.0000000000000000000, -0.0000000000000000000, -1.000000000000000000 ) ) ;
#2254 = ORIENTED_EDGE ( 'NONE', *, *, #2079, .T. ) ;
#2255 = ADVANCED_FACE ( 'NONE', ( #1274 ), #1245, .F. ) ;
#2256 = DIRECTION ( 'NONE',  ( -1.000000000000000000, 0.0000000000000000000, 0.0000000000000000000 ) ) ;
#2257 = DIRECTION ( 'NONE',  ( 0.8571673007021121116, 1.049727191138618449E-16, -0.5150380749100544886 ) ) ;
#2258 = ORIENTED_EDGE ( 'NONE', *, *, #2222, .T. ) ;
#2259 = AXIS2_PLACEMENT_3D ( 'NONE', #862, #1915, #472 ) ;
#2260 = CARTESIAN_POINT ( 'NONE',  ( 14.99999999999997513, 160.0000000000000000, 35.00000000000000000 ) ) ;
#2261 = DIRECTION ( 'NONE',  ( 0.0000000000000000000, 0.5150380749100537114, 0.8571673007021125557 ) ) ;
#2262 = CYLINDRICAL_SURFACE ( 'NONE', #401, 1.250000000000001110 ) ;
#2263 = DIRECTION ( 'NONE',  ( -1.000000000000000000, 0.0000000000000000000, 0.0000000000000000000 ) ) ;
#2264 = ORIENTED_EDGE ( 'NONE', *, *, #2842, .T. ) ;
#2265 = VECTOR ( 'NONE', #1523, 1000.000000000000227 ) ;
#2266 = CARTESIAN_POINT ( 'NONE',  ( 4.999999999999972466, 5.000000000000004441, -8.673617379884035472E-16 ) ) ;
#2267 = ORIENTED_EDGE ( 'NONE', *, *, #579, .T. ) ;
#2268 = VERTEX_POINT ( 'NONE', #1752 ) ;
#2269 = CIRCLE ( 'NONE', #2174, 1.196405402028370091 ) ;
#2270 = AXIS2_PLACEMENT_3D ( 'NONE', #1510, #790, #1767 ) ;
#2271 = VECTOR ( 'NONE', #2995, 1000.000000000000000 ) ;
#2272 = COORDINATED_UNIVERSAL_TIME_OFFSET ( 8, 0, .BEHIND. ) ;
#2273 = CIRCLE ( 'NONE', #2867, 1.250000000000001110 ) ;
#2274 = CARTESIAN_POINT ( 'NONE',  ( 4.999999999999972466, 5.000000000000004441, -8.673617379884035472E-16 ) ) ;
#2275 = ADVANCED_FACE ( 'NONE', ( #819, #2913 ), #778, .F. ) ;
#2276 = DIRECTION ( 'NONE',  ( -0.0000000000000000000, -0.0000000000000000000, -1.000000000000000000 ) ) ;
#2277 = DIRECTION ( 'NONE',  ( -1.000000000000000000, 0.0000000000000000000, 0.0000000000000000000 ) ) ;
#2278 = CIRCLE ( 'NONE', #761, 5.000000000000000888 ) ;
#2279 = CARTESIAN_POINT ( 'NONE',  ( 4.999999999999973355, 170.0000000000000000, 40.00000000000000000 ) ) ;
#2280 = VECTOR ( 'NONE', #2772, 1000.000000000000114 ) ;
#2281 = DIRECTION ( 'NONE',  ( -1.000000000000000000, 0.0000000000000000000, 0.0000000000000000000 ) ) ;
#2282 = LINE ( 'NONE', #921, #1343 ) ;
#2283 = CARTESIAN_POINT ( 'NONE',  ( 9.999999999999973355, 160.0000000000000000, 35.00000000000000000 ) ) ;
#2284 = ORIENTED_EDGE ( 'NONE', *, *, #1507, .F. ) ;
#2285 = CARTESIAN_POINT ( 'NONE',  ( 29.99999999999995737, 30.00000000000000355, 35.00000000000000000 ) ) ;
#2286 = ORIENTED_EDGE ( 'NONE', *, *, #657, .T. ) ;
#2287 = ORIENTED_EDGE ( 'NONE', *, *, #2294, .T. ) ;
#2288 = CARTESIAN_POINT ( 'NONE',  ( 4.999999999999972466, 5.000000000000004441, 7.499999999999998224 ) ) ;
#2289 = CARTESIAN_POINT ( 'NONE',  ( 24.99999999999997513, 160.0000000000000000, 35.00000000000000000 ) ) ;
#2290 = DIRECTION ( 'NONE',  ( 0.7071067811865441310, 8.659560562354892183E-17, -0.7071067811865507924 ) ) ;
#2291 = DIRECTION ( 'NONE',  ( -1.000000000000000000, 0.0000000000000000000, 0.0000000000000000000 ) ) ;
#2292 = FACE_OUTER_BOUND ( 'NONE', #1855, .T. ) ;
#2293 = EDGE_LOOP ( 'NONE', ( #974, #1254, #1645, #2450 ) ) ;
#2294 = EDGE_CURVE ( 'NONE', #1945, #2727, #1071, .T. ) ;
#2295 = DIRECTION ( 'NONE',  ( 0.0000000000000000000, 0.0000000000000000000, -1.000000000000000000 ) ) ;
#2296 = CARTESIAN_POINT ( 'NONE',  ( 49.99999999999999289, 165.0000000000000000, 7.499999999999998224 ) ) ;
#2297 = CARTESIAN_POINT ( 'NONE',  ( 47.49999999999997868, 150.0000000000000000, 35.00000000000000000 ) ) ;
#2298 = EDGE_CURVE ( 'NONE', #2028, #2727, #33, .T. ) ;
#2299 = FACE_OUTER_BOUND ( 'NONE', #1871, .T. ) ;
#2300 = ORIENTED_EDGE ( 'NONE', *, *, #147, .T. ) ;
#2301 = ORIENTED_EDGE ( 'NONE', *, *, #2586, .F. ) ;
#2302 = DIRECTION ( 'NONE',  ( -1.000000000000000000, 0.0000000000000000000, 0.0000000000000000000 ) ) ;
#2303 = VERTEX_POINT ( 'NONE', #1993 ) ;
#2304 = PLANE ( 'NONE',  #1729 ) ;
#2305 = EDGE_CURVE ( 'NONE', #1797, #3032, #1540, .T. ) ;
#2306 = CARTESIAN_POINT ( 'NONE',  ( 94.99999999999998579, 165.0000000000000000, 7.499999999999998224 ) ) ;
#2307 = CARTESIAN_POINT ( 'NONE',  ( 4.999999999999972466, 85.00000000000000000, 7.499999999999998224 ) ) ;
#2308 = EDGE_LOOP ( 'NONE', ( #1497, #1807, #3013, #2034 ) ) ;
#2309 = DIRECTION ( 'NONE',  ( 1.000000000000000000, 0.0000000000000000000, 0.0000000000000000000 ) ) ;
#2310 = CARTESIAN_POINT ( 'NONE',  ( 96.25000000000000000, 85.00000000000000000, 7.499999999999998224 ) ) ;
#2311 = DIRECTION ( 'NONE',  ( 0.0000000000000000000, -0.0000000000000000000, 1.000000000000000000 ) ) ;
#2312 = FACE_BOUND ( 'NONE', #2081, .T. ) ;
#2313 = ADVANCED_FACE ( 'NONE', ( #1766, #2463 ), #2006, .F. ) ;
#2314 = ORIENTED_EDGE ( 'NONE', *, *, #524, .T. ) ;
#2315 = DIRECTION ( 'NONE',  ( -1.000000000000000000, 0.0000000000000000000, 0.0000000000000000000 ) ) ;
#2316 = ORIENTED_EDGE ( 'NONE', *, *, #1716, .F. ) ;
#2317 = CIRCLE ( 'NONE', #998, 1.250000000000001110 ) ;
#2318 = CARTESIAN_POINT ( 'NONE',  ( 49.99999999999999289, 165.0000000000000000, -8.673617379884035472E-16 ) ) ;
#2319 = ORIENTED_EDGE ( 'NONE', *, *, #1805, .F. ) ;
#2320 = CYLINDRICAL_SURFACE ( 'NONE', #306, 4.546599999999994424 ) ;
#2321 = AXIS2_PLACEMENT_3D ( 'NONE', #2388, #2865, #1491 ) ;
#2322 = DIRECTION ( 'NONE',  ( -0.0000000000000000000, -0.0000000000000000000, -1.000000000000000000 ) ) ;
#2323 = DIRECTION ( 'NONE',  ( -1.000000000000000000, 0.0000000000000000000, 0.0000000000000000000 ) ) ;
#2324 = ORIENTED_EDGE ( 'NONE', *, *, #116, .F. ) ;
#2325 = EDGE_CURVE ( 'NONE', #1059, #562, #608, .T. ) ;
#2326 = CIRCLE ( 'NONE', #755, 1.250000000000000222 ) ;
#2327 = VECTOR ( 'NONE', #1988, 1000.000000000000000 ) ;
#2328 = DIRECTION ( 'NONE',  ( -1.000000000000000000, 0.0000000000000000000, 0.0000000000000000000 ) ) ;
#2329 = VERTEX_POINT ( 'NONE', #1812 ) ;
#2330 = CARTESIAN_POINT ( 'NONE',  ( 51.25000000000000000, 165.0000000000000000, 7.499999999999998224 ) ) ;
#2331 = ORIENTED_EDGE ( 'NONE', *, *, #2185, .T. ) ;
#2332 = CARTESIAN_POINT ( 'NONE',  ( 29.99999999999997158, 145.0000000000000000, 0.0000000000000000000 ) ) ;
#2333 = CARTESIAN_POINT ( 'NONE',  ( 95.00000000000000000, 85.00000000000000000, -8.673617379884035472E-16 ) ) ;
#2334 = ORIENTED_EDGE ( 'NONE', *, *, #98, .T. ) ;
#2335 = CYLINDRICAL_SURFACE ( 'NONE', #718, 4.546599999999994424 ) ;
#2336 = EDGE_CURVE ( 'NONE', #3032, #292, #620, .T. ) ;
#2337 = ORIENTED_EDGE ( 'NONE', *, *, #1578, .T. ) ;
#2338 = CARTESIAN_POINT ( 'NONE',  ( 90.00000000000000000, 155.0000000000000000, 0.0000000000000000000 ) ) ;
#2339 = VERTEX_POINT ( 'NONE', #1553 ) ;
#2340 = ORIENTED_EDGE ( 'NONE', *, *, #1051, .F. ) ;
#2341 = FACE_OUTER_BOUND ( 'NONE', #1892, .T. ) ;
#2342 = APPLICATION_CONTEXT ( 'configuration controlled 3d designs of mechanical parts and assemblies' ) ;
#2343 = LINE ( 'NONE', #224, #565 ) ;
#2344 = EDGE_CURVE ( 'NONE', #999, #2384, #1798, .T. ) ;
#2345 = DIRECTION ( 'NONE',  ( -0.0000000000000000000, -0.0000000000000000000, -1.000000000000000000 ) ) ;
#2346 = CARTESIAN_POINT ( 'NONE',  ( 9.999999999999955591, 14.99999999999998579, 0.0000000000000000000 ) ) ;
#2347 = CARTESIAN_POINT ( 'NONE',  ( 95.00000000000000000, 85.00000000000000000, 7.499999999999998224 ) ) ;
#2348 = EDGE_LOOP ( 'NONE', ( #2546, #2099, #2824, #2437 ) ) ;
#2349 = VECTOR ( 'NONE', #2962, 1000.000000000000000 ) ;
#2350 = CARTESIAN_POINT ( 'NONE',  ( 94.99999999999998579, 165.0000000000000000, -8.673617379884035472E-16 ) ) ;
#2351 = EDGE_LOOP ( 'NONE', ( #1204, #2688, #1125, #2899 ) ) ;
#2352 = EDGE_CURVE ( 'NONE', #281, #1783, #2317, .T. ) ;
#2353 = DIRECTION ( 'NONE',  ( -0.0000000000000000000, -1.000000000000000000, 0.0000000000000000000 ) ) ;
#2354 = ORIENTED_EDGE ( 'NONE', *, *, #74, .T. ) ;
#2355 = ORIENTED_EDGE ( 'NONE', *, *, #749, .T. ) ;
#2356 = ORIENTED_EDGE ( 'NONE', *, *, #2024, .F. ) ;
#2357 = CARTESIAN_POINT ( 'NONE',  ( 4.999999999999972466, 85.00000000000000000, -8.673617379884035472E-16 ) ) ;
#2358 = CARTESIAN_POINT ( 'NONE',  ( 27.25000000000001421, 137.7500000000000000, 4.999999999999997335 ) ) ;
#2359 = EDGE_CURVE ( 'NONE', #1290, #2561, #137, .T. ) ;
#2360 = DIRECTION ( 'NONE',  ( -0.0000000000000000000, -0.0000000000000000000, -1.000000000000000000 ) ) ;
#2361 = DIRECTION ( 'NONE',  ( -1.000000000000000000, 0.0000000000000000000, 0.0000000000000000000 ) ) ;
#2362 = DIRECTION ( 'NONE',  ( -0.0000000000000000000, 1.000000000000000000, -0.0000000000000000000 ) ) ;
#2363 = ORIENTED_EDGE ( 'NONE', *, *, #936, .F. ) ;
#2364 = CARTESIAN_POINT ( 'NONE',  ( 62.49999999999997158, 169.4797000000000082, 19.99999999999999289 ) ) ;
#2365 = VECTOR ( 'NONE', #2946, 1000.000000000000000 ) ;
#2366 = CARTESIAN_POINT ( 'NONE',  ( 95.00000000000000000, 85.00000000000000000, 0.0000000000000000000 ) ) ;
#2367 = EDGE_CURVE ( 'NONE', #384, #1918, #2851, .T. ) ;
#2368 = VERTEX_POINT ( 'NONE', #122 ) ;
#2369 = CIRCLE ( 'NONE', #192, 4.546599999999997976 ) ;
#2370 = ORIENTED_EDGE ( 'NONE', *, *, #1763, .F. ) ;
#2371 = CARTESIAN_POINT ( 'NONE',  ( 49.99999999999999289, 165.0000000000000000, -8.673617379884035472E-16 ) ) ;
#2372 = CARTESIAN_POINT ( 'NONE',  ( 42.49999999999998579, 155.0000000000000000, 35.00000000000000000 ) ) ;
#2373 = ADVANCED_FACE ( 'NONE', ( #1314 ), #1117, .F. ) ;
#2374 = CARTESIAN_POINT ( 'NONE',  ( 24.99999999999997513, 145.0000000000000000, 35.00000000000000000 ) ) ;
#2375 = CONICAL_SURFACE ( 'NONE', #548, 1.250000000000001110, 1.029744258676654090 ) ;
#2376 = ORIENTED_EDGE ( 'NONE', *, *, #1543, .F. ) ;
#2377 = CARTESIAN_POINT ( 'NONE',  ( 4.999999999999972466, 85.00000000000000000, -8.673617379884035472E-16 ) ) ;
#2378 = CIRCLE ( 'NONE', #2911, 1.524999999999998579 ) ;
#2379 = EDGE_CURVE ( 'NONE', #1221, #379, #880, .T. ) ;
#2380 = VECTOR ( 'NONE', #2064, 1000.000000000000000 ) ;
#2381 = CARTESIAN_POINT ( 'NONE',  ( 84.99999999999998579, 160.0000000000000000, 0.0000000000000000000 ) ) ;
#2382 = CARTESIAN_POINT ( 'NONE',  ( 27.25000000000001421, 132.7500000000000000, 40.00000000000000000 ) ) ;
#2383 = VERTEX_POINT ( 'NONE', #2055 ) ;
#2384 = VERTEX_POINT ( 'NONE', #2510 ) ;
#2385 = EDGE_CURVE ( 'NONE', #1366, #1797, #2167, .T. ) ;
#2386 = CARTESIAN_POINT ( 'NONE',  ( 42.49999999999998579, 145.0000000000000000, 35.00000000000000000 ) ) ;
#2387 = CYLINDRICAL_SURFACE ( 'NONE', #1033, 1.249999999999999778 ) ;
#2388 = CARTESIAN_POINT ( 'NONE',  ( 14.99999999999995559, 14.99999999999998579, 0.0000000000000000000 ) ) ;
#2389 = CONICAL_SURFACE ( 'NONE', #323, 1.250000000000001110, 1.029744258676654090 ) ;
#2390 = CARTESIAN_POINT ( 'NONE',  ( -8.163404592832031007E-16, 4.999999999999999112, 40.00000000000000000 ) ) ;
#2391 = VECTOR ( 'NONE', #1261, 1000.000000000000000 ) ;
#2392 = FACE_OUTER_BOUND ( 'NONE', #1910, .T. ) ;
#2393 = CIRCLE ( 'NONE', #427, 4.999999999999997335 ) ;
#2394 = DIRECTION ( 'NONE',  ( -0.0000000000000000000, -0.0000000000000000000, 1.000000000000000000 ) ) ;
#2395 = ORIENTED_EDGE ( 'NONE', *, *, #2612, .F. ) ;
#2396 = EDGE_CURVE ( 'NONE', #2128, #216, #2753, .T. ) ;
#2397 = ORIENTED_EDGE ( 'NONE', *, *, #2449, .F. ) ;
#2398 = ORIENTED_EDGE ( 'NONE', *, *, #1338, .T. ) ;
#2399 = DIRECTION ( 'NONE',  ( 8.163404592832032733E-17, -1.000000000000000000, 0.0000000000000000000 ) ) ;
#2400 = LINE ( 'NONE', #1750, #1478 ) ;
#2401 = DIRECTION ( 'NONE',  ( 0.0000000000000000000, 0.0000000000000000000, -1.000000000000000000 ) ) ;
#2402 = FACE_OUTER_BOUND ( 'NONE', #2023, .T. ) ;
#2403 = ORIENTED_EDGE ( 'NONE', *, *, #236, .F. ) ;
#2404 = ORIENTED_EDGE ( 'NONE', *, *, #2645, .F. ) ;
#2405 = ADVANCED_FACE ( 'NONE', ( #2549 ), #1585, .F. ) ;
#2406 = ORIENTED_EDGE ( 'NONE', *, *, #787, .F. ) ;
#2407 = CALENDAR_DATE ( 2019, 12, 8 ) ;
#2408 = CARTESIAN_POINT ( 'NONE',  ( 99.99999999999998579, 5.000000000000000000, 40.00000000000000000 ) ) ;
#2409 = EDGE_CURVE ( 'NONE', #1059, #1352, #2019, .T. ) ;
#2410 = LINE ( 'NONE', #1720, #1287 ) ;
#2411 = AXIS2_PLACEMENT_3D ( 'NONE', #800, #566, #1719 ) ;
#2412 = CARTESIAN_POINT ( 'NONE',  ( 27.24999999999999645, 37.25000000000000711, 40.00000000000000000 ) ) ;
#2413 = CARTESIAN_POINT ( 'NONE',  ( 0.0000000000000000000, 0.0000000000000000000, 0.0000000000000000000 ) ) ;
#2414 = DIRECTION ( 'NONE',  ( 0.0000000000000000000, 0.0000000000000000000, 1.000000000000000000 ) ) ;
#2415 = EDGE_CURVE ( 'NONE', #2339, #3024, #2092, .T. ) ;
#2416 = VERTEX_POINT ( 'NONE', #438 ) ;
#2417 = EDGE_LOOP ( 'NONE', ( #2228, #1068, #2091, #2922 ) ) ;
#2418 = ADVANCED_FACE ( 'NONE', ( #2530 ), #186, .F. ) ;
#2419 = ADVANCED_FACE ( 'NONE', ( #195 ), #3027, .T. ) ;
#2420 = APPROVAL_ROLE ( '' ) ;
#2421 = LINE ( 'NONE', #8, #846 ) ;
#2422 = EDGE_CURVE ( 'NONE', #2936, #615, #672, .T. ) ;
#2423 = CARTESIAN_POINT ( 'NONE',  ( 69.99999999999998579, 30.00000000000000000, 35.00000000000000000 ) ) ;
#2424 = LINE ( 'NONE', #1736, #1825 ) ;
#2425 = AXIS2_PLACEMENT_3D ( 'NONE', #1212, #2147, #1893 ) ;
#2426 = ORIENTED_EDGE ( 'NONE', *, *, #1105, .T. ) ;
#2427 = DIRECTION ( 'NONE',  ( 0.0000000000000000000, 0.0000000000000000000, -1.000000000000000000 ) ) ;
#2428 = VECTOR ( 'NONE', #1919, 1000.000000000000000 ) ;
#2429 = CARTESIAN_POINT ( 'NONE',  ( 37.49999999999997868, 170.0000000000000000, 14.93309999999999427 ) ) ;
#2430 = ADVANCED_FACE ( 'NONE', ( #2037 ), #2967, .F. ) ;
#2431 = ORIENTED_EDGE ( 'NONE', *, *, #2344, .F. ) ;
#2432 = ORIENTED_EDGE ( 'NONE', *, *, #1123, .T. ) ;
#2433 = VERTEX_POINT ( 'NONE', #259 ) ;
#2434 = DIRECTION ( 'NONE',  ( -9.251858538542971581E-17, -1.000000000000000000, 0.0000000000000000000 ) ) ;
#2435 = VECTOR ( 'NONE', #2726, 1000.000000000000000 ) ;
#2436 = ORIENTED_EDGE ( 'NONE', *, *, #1888, .F. ) ;
#2437 = ORIENTED_EDGE ( 'NONE', *, *, #1097, .F. ) ;
#2438 = DIRECTION ( 'NONE',  ( -0.0000000000000000000, -0.0000000000000000000, -1.000000000000000000 ) ) ;
#2439 = EDGE_CURVE ( 'NONE', #822, #2769, #2150, .T. ) ;
#2440 = CARTESIAN_POINT ( 'NONE',  ( 57.49999999999997158, 160.0000000000000000, 0.0000000000000000000 ) ) ;
#2441 = CYLINDRICAL_SURFACE ( 'NONE', #2807, 5.000000000000000888 ) ;
#2442 = EDGE_CURVE ( 'NONE', #1801, #999, #2803, .T. ) ;
#2443 = DIRECTION ( 'NONE',  ( -0.0000000000000000000, -0.0000000000000000000, -1.000000000000000000 ) ) ;
#2444 = DIRECTION ( 'NONE',  ( 0.0000000000000000000, 1.000000000000000000, -0.0000000000000000000 ) ) ;
#2445 = LINE ( 'NONE', #2939, #1161 ) ;
#2446 = ORIENTED_EDGE ( 'NONE', *, *, #337, .F. ) ;
#2447 = ORIENTED_EDGE ( 'NONE', *, *, #1123, .F. ) ;
#2448 = DIRECTION ( 'NONE',  ( -1.000000000000000000, 0.0000000000000000000, 0.0000000000000000000 ) ) ;
#2449 = EDGE_CURVE ( 'NONE', #294, #1883, #2593, .T. ) ;
#2450 = ORIENTED_EDGE ( 'NONE', *, *, #913, .F. ) ;
#2451 = EDGE_LOOP ( 'NONE', ( #2431, #2644, #2015, #1967 ) ) ;
#2452 = APPROVAL_ROLE ( '' ) ;
#2453 = AXIS2_PLACEMENT_3D ( 'NONE', #2246, #1536, #2277 ) ;
#2454 = DIRECTION ( 'NONE',  ( -1.000000000000000000, 0.0000000000000000000, 0.0000000000000000000 ) ) ;
#2455 = AXIS2_PLACEMENT_3D ( 'NONE', #514, #995, #934 ) ;
#2456 = FACE_OUTER_BOUND ( 'NONE', #2417, .T. ) ;
#2457 = FACE_OUTER_BOUND ( 'NONE', #2466, .T. ) ;
#2458 = ADVANCED_FACE ( 'NONE', ( #486 ), #980, .F. ) ;
#2459 = ORIENTED_EDGE ( 'NONE', *, *, #1296, .T. ) ;
#2460 = CONICAL_SURFACE ( 'NONE', #1087, 1.524999999999999467, 0.7853981633974482790 ) ;
#2461 = VECTOR ( 'NONE', #617, 1000.000000000000000 ) ;
#2462 = CARTESIAN_POINT ( 'NONE',  ( 3.749999999999976463, 165.0000000000000000, 7.499999999999998224 ) ) ;
#2463 = FACE_OUTER_BOUND ( 'NONE', #2116, .T. ) ;
#2464 = VECTOR ( 'NONE', #1187, 1000.000000000000227 ) ;
#2465 = LINE ( 'NONE', #1541, #2715 ) ;
#2466 = EDGE_LOOP ( 'NONE', ( #272, #1001, #872, #1106 ) ) ;
#2467 = AXIS2_PLACEMENT_3D ( 'NONE', #1214, #3066, #2799 ) ;
#2468 = EDGE_CURVE ( 'NONE', #2696, #1801, #2801, .T. ) ;
#2469 = CARTESIAN_POINT ( 'NONE',  ( 72.75000000000000000, 37.25000000000000711, 40.00000000000000000 ) ) ;
#2470 = CIRCLE ( 'NONE', #1155, 1.249999999999999334 ) ;
#2471 = AXIS2_PLACEMENT_3D ( 'NONE', #1593, #2538, #1368 ) ;
#2472 = ORIENTED_EDGE ( 'NONE', *, *, #2620, .T. ) ;
#2473 = PERSON_AND_ORGANIZATION_ROLE ( 'design_supplier' ) ;
#2474 = CIRCLE ( 'NONE', #2668, 4.546599999999994424 ) ;
#2475 = ADVANCED_FACE ( 'NONE', ( #1882 ), #2075, .F. ) ;
#2476 = LINE ( 'NONE', #2716, #2181 ) ;
#2477 = FACE_OUTER_BOUND ( 'NONE', #1674, .T. ) ;
#2478 = ORIENTED_EDGE ( 'NONE', *, *, #2210, .F. ) ;
#2479 = CARTESIAN_POINT ( 'NONE',  ( 72.74999999999998579, 137.7500000000000000, 4.999999999999997335 ) ) ;
#2480 = FACE_BOUND ( 'NONE', #1121, .T. ) ;
#2481 = LINE ( 'NONE', #1247, #2873 ) ;
#2482 = CARTESIAN_POINT ( 'NONE',  ( 99.99999999999997158, 165.0000000000000000, 40.00000000000000000 ) ) ;
#2483 = CIRCLE ( 'NONE', #1170, 1.249999999999999334 ) ;
#2484 = CARTESIAN_POINT ( 'NONE',  ( 93.74999999999998579, 165.0000000000000000, 0.0000000000000000000 ) ) ;
#2485 = VERTEX_POINT ( 'NONE', #3069 ) ;
#2486 = CC_DESIGN_SECURITY_CLASSIFICATION ( #682, ( #457 ) ) ;
#2487 = EDGE_CURVE ( 'NONE', #266, #1758, #389, .T. ) ;
#2488 = VECTOR ( 'NONE', #2427, 1000.000000000000000 ) ;
#2489 = DIRECTION ( 'NONE',  ( -0.0000000000000000000, -0.0000000000000000000, -1.000000000000000000 ) ) ;
#2490 = CARTESIAN_POINT ( 'NONE',  ( 57.49999999999997158, 145.0000000000000000, 0.0000000000000000000 ) ) ;
#2491 = ORIENTED_EDGE ( 'NONE', *, *, #2442, .T. ) ;
#2492 = LINE ( 'NONE', #2479, #138 ) ;
#2493 = DIRECTION ( 'NONE',  ( -1.000000000000000000, 0.0000000000000000000, 0.0000000000000000000 ) ) ;
#2494 = CARTESIAN_POINT ( 'NONE',  ( 49.99999999999999289, 165.0000000000000000, 8.251075773784450007 ) ) ;
#2495 = DIRECTION ( 'NONE',  ( -0.0000000000000000000, -0.0000000000000000000, -1.000000000000000000 ) ) ;
#2496 = ORIENTED_EDGE ( 'NONE', *, *, #133, .F. ) ;
#2497 = CARTESIAN_POINT ( 'NONE',  ( 29.99999999999995737, 25.00000000000000000, 0.0000000000000000000 ) ) ;
#2498 = EDGE_CURVE ( 'NONE', #1584, #1002, #274, .T. ) ;
#2499 = ORIENTED_EDGE ( 'NONE', *, *, #2846, .T. ) ;
#2500 = VERTEX_POINT ( 'NONE', #1230 ) ;
#2501 = VERTEX_POINT ( 'NONE', #241 ) ;
#2502 = EDGE_CURVE ( 'NONE', #1267, #2028, #2162, .T. ) ;
#2503 = DIRECTION ( 'NONE',  ( 0.0000000000000000000, 0.0000000000000000000, -1.000000000000000000 ) ) ;
#2504 = CARTESIAN_POINT ( 'NONE',  ( 74.99999999999998579, 30.00000000000000000, 35.00000000000000000 ) ) ;
#2505 = VECTOR ( 'NONE', #824, 1000.000000000000000 ) ;
#2506 = LINE ( 'NONE', #2984, #2365 ) ;
#2507 = AXIS2_PLACEMENT_3D ( 'NONE', #727, #2833, #3043 ) ;
#2508 = CARTESIAN_POINT ( 'NONE',  ( 94.99999999999998579, 165.0000000000000000, 8.251075773784450007 ) ) ;
#2509 = ORIENTED_EDGE ( 'NONE', *, *, #923, .T. ) ;
#2510 = CARTESIAN_POINT ( 'NONE',  ( 94.99999999999995737, 0.0000000000000000000, 40.00000000000000000 ) ) ;
#2511 = DIRECTION ( 'NONE',  ( -0.0000000000000000000, -0.0000000000000000000, -1.000000000000000000 ) ) ;
#2512 = FACE_OUTER_BOUND ( 'NONE', #67, .T. ) ;
#2513 = ORIENTED_EDGE ( 'NONE', *, *, #532, .F. ) ;
#2514 = CIRCLE ( 'NONE', #1201, 1.196405402028370091 ) ;
#2515 = LINE ( 'NONE', #2535, #2435 ) ;
#2516 = ORIENTED_EDGE ( 'NONE', *, *, #1914, .F. ) ;
#2517 = ORIENTED_EDGE ( 'NONE', *, *, #1435, .F. ) ;
#2518 = VECTOR ( 'NONE', #1257, 1000.000000000000000 ) ;
#2519 = CARTESIAN_POINT ( 'NONE',  ( 51.25000000000000000, 4.999999999999990230, 7.499999999999998224 ) ) ;
#2520 = EDGE_CURVE ( 'NONE', #562, #1352, #1817, .T. ) ;
#2521 = CONICAL_SURFACE ( 'NONE', #44, 5.066899999999999515, 0.7853981633974482790 ) ;
#2522 = PERSON_AND_ORGANIZATION ( #523, #1202 ) ;
#2523 = DIRECTION ( 'NONE',  ( 0.8571673007021120005, 1.049727191138618326E-16, -0.5150380749100547106 ) ) ;
#2524 = EDGE_CURVE ( 'NONE', #173, #1288, #2565, .T. ) ;
#2525 = CARTESIAN_POINT ( 'NONE',  ( 6.249999999999976019, 165.0000000000000000, 0.0000000000000000000 ) ) ;
#2526 = CARTESIAN_POINT ( 'NONE',  ( 37.49999999999997868, 145.0000000000000000, 18.80359459797162458 ) ) ;
#2527 = EDGE_CURVE ( 'NONE', #482, #341, #1864, .T. ) ;
#2528 = CARTESIAN_POINT ( 'NONE',  ( 62.49999999999997158, 147.0130000000000052, 24.54659999999999087 ) ) ;
#2529 = ORIENTED_EDGE ( 'NONE', *, *, #3041, .F. ) ;
#2530 = FACE_OUTER_BOUND ( 'NONE', #1867, .T. ) ;
#2531 = DIRECTION ( 'NONE',  ( 1.027984282060330011E-16, 1.000000000000000000, -0.0000000000000000000 ) ) ;
#2532 = CARTESIAN_POINT ( 'NONE',  ( 27.24999999999999645, 37.25000000000000711, 4.999999999999997335 ) ) ;
#2533 = VERTEX_POINT ( 'NONE', #1395 ) ;
#2534 = ORIENTED_EDGE ( 'NONE', *, *, #244, .F. ) ;
#2535 = CARTESIAN_POINT ( 'NONE',  ( 93.74999999999998579, 5.000000000000000000, 0.0000000000000000000 ) ) ;
#2536 = ORIENTED_EDGE ( 'NONE', *, *, #1702, .F. ) ;
#2537 = EDGE_CURVE ( 'NONE', #284, #1762, #27, .T. ) ;
#2538 = DIRECTION ( 'NONE',  ( 0.0000000000000000000, 0.0000000000000000000, -1.000000000000000000 ) ) ;
#2540 = VERTEX_POINT ( 'NONE', #1653 ) ;
#2539 = VECTOR ( 'NONE', #340, 1000.000000000000000 ) ;
#2541 = DATE_AND_TIME ( #1595, #127 ) ;
#2542 = CIRCLE ( 'NONE', #1018, 4.546599999999997976 ) ;
#2543 = CARTESIAN_POINT ( 'NONE',  ( 93.74999999999998579, 5.000000000000000000, 0.2749999999999991895 ) ) ;
#2544 = CARTESIAN_POINT ( 'NONE',  ( 95.00000000000000000, 85.00000000000000000, 7.499999999999998224 ) ) ;
#2545 = DIRECTION ( 'NONE',  ( -1.000000000000000000, 0.0000000000000000000, 0.0000000000000000000 ) ) ;
#2546 = ORIENTED_EDGE ( 'NONE', *, *, #759, .F. ) ;
#2547 = CARTESIAN_POINT ( 'NONE',  ( 62.49999999999997158, 170.0000000000000000, 19.99999999999999289 ) ) ;
#2548 = ORIENTED_EDGE ( 'NONE', *, *, #540, .F. ) ;
#2549 = FACE_OUTER_BOUND ( 'NONE', #2114, .T. ) ;
#2550 = EDGE_CURVE ( 'NONE', #161, #754, #537, .T. ) ;
#2551 = FACE_OUTER_BOUND ( 'NONE', #1135, .T. ) ;
#2552 = FACE_OUTER_BOUND ( 'NONE', #2173, .T. ) ;
#2553 = ORIENTED_EDGE ( 'NONE', *, *, #2409, .F. ) ;
#2554 = LINE ( 'NONE', #663, #317 ) ;
#2555 = ORIENTED_EDGE ( 'NONE', *, *, #3030, .F. ) ;
#2556 = DIRECTION ( 'NONE',  ( -1.000000000000000000, 0.0000000000000000000, 0.0000000000000000000 ) ) ;
#2557 = ADVANCED_FACE ( 'NONE', ( #1185 ), #1899, .T. ) ;
#2558 = DIRECTION ( 'NONE',  ( -0.0000000000000000000, 1.000000000000000000, -0.0000000000000000000 ) ) ;
#2559 = DIRECTION ( 'NONE',  ( -0.0000000000000000000, -0.0000000000000000000, -1.000000000000000000 ) ) ;
#2560 = DIRECTION ( 'NONE',  ( -0.0000000000000000000, -0.0000000000000000000, -1.000000000000000000 ) ) ;
#2561 = VERTEX_POINT ( 'NONE', #2123 ) ;
#2562 = DIRECTION ( 'NONE',  ( -0.0000000000000000000, 1.000000000000000000, -0.0000000000000000000 ) ) ;
#2563 = VERTEX_POINT ( 'NONE', #3054 ) ;
#2564 = AXIS2_PLACEMENT_3D ( 'NONE', #2590, #1434, #484 ) ;
#2565 = LINE ( 'NONE', #2330, #1142 ) ;
#2566 = ORIENTED_EDGE ( 'NONE', *, *, #763, .T. ) ;
#2567 = AXIS2_PLACEMENT_3D ( 'NONE', #228, #213, #2109 ) ;
#2568 = CARTESIAN_POINT ( 'NONE',  ( 32.25000000000001421, 137.7500000000000000, 40.00000000000000000 ) ) ;
#2569 = CARTESIAN_POINT ( 'NONE',  ( 75.00000000000000000, 139.9999999999999716, 35.00000000000000000 ) ) ;
#2570 = DIRECTION ( 'NONE',  ( 0.0000000000000000000, -1.000000000000000000, 0.0000000000000000000 ) ) ;
#2571 = ORIENTED_EDGE ( 'NONE', *, *, #2439, .F. ) ;
#2572 = LINE ( 'NONE', #2519, #2271 ) ;
#2573 = ADVANCED_FACE ( 'NONE', ( #1669 ), #2606, .F. ) ;
#2574 = VECTOR ( 'NONE', #1494, 1000.000000000000000 ) ;
#2575 = CARTESIAN_POINT ( 'NONE',  ( 67.74999999999997158, 137.7500000000000000, 40.00000000000000000 ) ) ;
#2576 = CIRCLE ( 'NONE', #2870, 1.250000000000001110 ) ;
#2577 = DIRECTION ( 'NONE',  ( -0.0000000000000000000, -0.0000000000000000000, -1.000000000000000000 ) ) ;
#2578 = DIRECTION ( 'NONE',  ( -0.0000000000000000000, 1.000000000000000000, -0.0000000000000000000 ) ) ;
#2579 = AXIS2_PLACEMENT_3D ( 'NONE', #1920, #2855, #310 ) ;
#2580 = DIRECTION ( 'NONE',  ( 0.0000000000000000000, 0.0000000000000000000, 1.000000000000000000 ) ) ;
#2581 = ORIENTED_EDGE ( 'NONE', *, *, #1440, .T. ) ;
#2582 = CARTESIAN_POINT ( 'NONE',  ( 49.99999999999999289, 4.999999999999990230, 7.499999999999998224 ) ) ;
#2583 = CARTESIAN_POINT ( 'NONE',  ( 14.99999999999995559, 14.99999999999998579, 35.00000000000000000 ) ) ;
#2584 = DIRECTION ( 'NONE',  ( 9.251858538542971581E-17, 1.000000000000000000, 0.0000000000000000000 ) ) ;
#2585 = ORIENTED_EDGE ( 'NONE', *, *, #342, .T. ) ;
#2586 = EDGE_CURVE ( 'NONE', #1840, #1651, #1631, .T. ) ;
#2587 = ORIENTED_EDGE ( 'NONE', *, *, #2176, .F. ) ;
#2588 = FACE_OUTER_BOUND ( 'NONE', #1677, .T. ) ;
#2589 = VECTOR ( 'NONE', #2394, 1000.000000000000000 ) ;
#2590 = CARTESIAN_POINT ( 'NONE',  ( 49.99999999999999289, 165.0000000000000000, 7.499999999999998224 ) ) ;
#2591 = CARTESIAN_POINT ( 'NONE',  ( 3.474999999999972999, 85.00000000000000000, -8.673617379884035472E-16 ) ) ;
#2592 = CIRCLE ( 'NONE', #1550, 5.000000000000004441 ) ;
#2593 = LINE ( 'NONE', #10, #2748 ) ;
#2594 = CIRCLE ( 'NONE', #2979, 5.000000000000004441 ) ;
#2595 = ORIENTED_EDGE ( 'NONE', *, *, #372, .T. ) ;
#2596 = CARTESIAN_POINT ( 'NONE',  ( -2.775557561562891351E-14, 170.0000000000000000, 40.00000000000000000 ) ) ;
#2597 = ORIENTED_EDGE ( 'NONE', *, *, #848, .T. ) ;
#2598 = CARTESIAN_POINT ( 'NONE',  ( 24.99999999999997513, 160.0000000000000000, 35.00000000000000000 ) ) ;
#2599 = FACE_OUTER_BOUND ( 'NONE', #2941, .T. ) ;
#2600 = ADVANCED_FACE ( 'NONE', ( #1465 ), #585, .F. ) ;
#2601 = ORIENTED_EDGE ( 'NONE', *, *, #2183, .T. ) ;
#2602 = EDGE_CURVE ( 'NONE', #1908, #2629, #2400, .T. ) ;
#2603 = FACE_OUTER_BOUND ( 'NONE', #2916, .T. ) ;
#2604 = DIRECTION ( 'NONE',  ( -0.0000000000000000000, -0.0000000000000000000, -1.000000000000000000 ) ) ;
#2605 = LINE ( 'NONE', #2374, #1484 ) ;
#2606 = CYLINDRICAL_SURFACE ( 'NONE', #791, 4.999999999999997335 ) ;
#2607 = CARTESIAN_POINT ( 'NONE',  ( 4.999999999999972466, 5.000000000000004441, 7.499999999999998224 ) ) ;
#2608 = ADVANCED_FACE ( 'NONE', ( #567 ), #1034, .F. ) ;
#2609 = ORIENTED_EDGE ( 'NONE', *, *, #1589, .T. ) ;
#2610 = DIRECTION ( 'NONE',  ( 1.000000000000000000, -1.284980352575412453E-16, 0.0000000000000000000 ) ) ;
#2611 = ORIENTED_EDGE ( 'NONE', *, *, #236, .T. ) ;
#2612 = EDGE_CURVE ( 'NONE', #292, #1472, #2660, .T. ) ;
#2613 = VECTOR ( 'NONE', #2924, 1000.000000000000000 ) ;
#2614 = EDGE_LOOP ( 'NONE', ( #1459, #2239, #1184, #2215 ) ) ;
#2615 = EDGE_CURVE ( 'NONE', #1931, #3071, #1298, .T. ) ;
#2616 = FACE_OUTER_BOUND ( 'NONE', #965, .T. ) ;
#2617 = AXIS2_PLACEMENT_3D ( 'NONE', #2583, #1154, #1378 ) ;
#2618 = CARTESIAN_POINT ( 'NONE',  ( 4.999999999999972466, 85.00000000000000000, -8.673617379884035472E-16 ) ) ;
#2619 = ORIENTED_EDGE ( 'NONE', *, *, #315, .T. ) ;
#2620 = EDGE_CURVE ( 'NONE', #1173, #1332, #285, .T. ) ;
#2621 = DIRECTION ( 'NONE',  ( -0.0000000000000000000, -0.0000000000000000000, -1.000000000000000000 ) ) ;
#2622 = CIRCLE ( 'NONE', #1292, 1.249999999999999334 ) ;
#2623 = DIRECTION ( 'NONE',  ( 0.0000000000000000000, -0.0000000000000000000, 1.000000000000000000 ) ) ;
#2624 = EDGE_CURVE ( 'NONE', #594, #1308, #2172, .T. ) ;
#2625 = CARTESIAN_POINT ( 'NONE',  ( 89.99999999999998579, 10.00000000000000000, 35.00000000000000000 ) ) ;
#2626 = AXIS2_PLACEMENT_3D ( 'NONE', #2366, #1208, #2154 ) ;
#2627 = CARTESIAN_POINT ( 'NONE',  ( 37.49999999999997868, 169.4797000000000082, 15.45339999999999492 ) ) ;
#2628 = ORIENTED_EDGE ( 'NONE', *, *, #516, .T. ) ;
#2629 = VERTEX_POINT ( 'NONE', #41 ) ;
#2630 = ORIENTED_EDGE ( 'NONE', *, *, #1473, .T. ) ;
#2631 = LINE ( 'NONE', #1462, #975 ) ;
#2632 = CARTESIAN_POINT ( 'NONE',  ( 94.99999999999998579, 165.0000000000000000, 7.499999999999998224 ) ) ;
#2633 = ORIENTED_EDGE ( 'NONE', *, *, #206, .T. ) ;
#2634 = CARTESIAN_POINT ( 'NONE',  ( 3.749999999999976463, 165.0000000000000000, 7.499999999999998224 ) ) ;
#2635 = AXIS2_PLACEMENT_3D ( 'NONE', #432, #668, #1371 ) ;
#2636 = DIRECTION ( 'NONE',  ( -0.0000000000000000000, -0.0000000000000000000, -1.000000000000000000 ) ) ;
#2637 = EDGE_CURVE ( 'NONE', #250, #2227, #2018, .T. ) ;
#2638 = AXIS2_PLACEMENT_3D ( 'NONE', #765, #291, #530 ) ;
#2639 = DIRECTION ( 'NONE',  ( 0.0000000000000000000, -0.0000000000000000000, 1.000000000000000000 ) ) ;
#2640 = ADVANCED_FACE ( 'NONE', ( #2457 ), #1961, .F. ) ;
#2641 = LINE ( 'NONE', #1673, #2728 ) ;
#2642 = ORIENTED_EDGE ( 'NONE', *, *, #69, .T. ) ;
#2643 = ORIENTED_EDGE ( 'NONE', *, *, #603, .T. ) ;
#2644 = ORIENTED_EDGE ( 'NONE', *, *, #1709, .T. ) ;
#2645 = EDGE_CURVE ( 'NONE', #1612, #2769, #2858, .T. ) ;
#2646 = COORDINATED_UNIVERSAL_TIME_OFFSET ( 8, 0, .BEHIND. ) ;
#2647 = DIRECTION ( 'NONE',  ( -0.0000000000000000000, -0.0000000000000000000, -1.000000000000000000 ) ) ;
#2648 = CARTESIAN_POINT ( 'NONE',  ( 57.49999999999997158, 160.0000000000000000, 35.00000000000000000 ) ) ;
#2649 = CYLINDRICAL_SURFACE ( 'NONE', #90, 5.000000000000004441 ) ;
#2650 = EDGE_CURVE ( 'NONE', #2533, #437, #785, .T. ) ;
#2651 = DIRECTION ( 'NONE',  ( -1.000000000000000000, 0.0000000000000000000, -0.0000000000000000000 ) ) ;
#2652 = FACE_OUTER_BOUND ( 'NONE', #366, .T. ) ;
#2653 = ADVANCED_FACE ( 'NONE', ( #2879 ), #2441, .T. ) ;
#2654 = EDGE_LOOP ( 'NONE', ( #1676, #624, #15 ) ) ;
#2655 = ORIENTED_EDGE ( 'NONE', *, *, #512, .T. ) ;
#2656 = EDGE_LOOP ( 'NONE', ( #2736, #1996, #2874, #742 ) ) ;
#2657 = APPROVAL_DATE_TIME ( #300, #1234 ) ;
#2658 = CARTESIAN_POINT ( 'NONE',  ( 94.99999999999995737, 0.0000000000000000000, 0.0000000000000000000 ) ) ;
#2659 = AXIS2_PLACEMENT_3D ( 'NONE', #580, #2248, #1551 ) ;
#2660 = LINE ( 'NONE', #1520, #2613 ) ;
#2661 = AXIS2_PLACEMENT_3D ( 'NONE', #2134, #964, #2121 ) ;
#2662 = CARTESIAN_POINT ( 'NONE',  ( 67.74999999999997158, 132.7500000000000000, 4.999999999999997335 ) ) ;
#2663 = VERTEX_POINT ( 'NONE', #2648 ) ;
#2664 = AXIS2_PLACEMENT_3D ( 'NONE', #1315, #2020, #2311 ) ;
#2665 = VECTOR ( 'NONE', #3006, 1000.000000000000000 ) ;
#2666 = DIRECTION ( 'NONE',  ( -0.0000000000000000000, -0.0000000000000000000, -1.000000000000000000 ) ) ;
#2667 = DIRECTION ( 'NONE',  ( -1.000000000000000000, -0.0000000000000000000, -0.0000000000000000000 ) ) ;
#2668 = AXIS2_PLACEMENT_3D ( 'NONE', #2007, #1483, #2414 ) ;
#2669 = ADVANCED_FACE ( 'NONE', ( #535 ), #947, .F. ) ;
#2670 = VERTEX_POINT ( 'NONE', #73 ) ;
#2671 = VECTOR ( 'NONE', #467, 1000.000000000000000 ) ;
#2672 = CARTESIAN_POINT ( 'NONE',  ( 42.49999999999998579, 145.0000000000000000, 0.0000000000000000000 ) ) ;
#2673 = CARTESIAN_POINT ( 'NONE',  ( 6.249999999999972466, 5.000000000000004441, 7.499999999999998224 ) ) ;
#2674 = FACE_OUTER_BOUND ( 'NONE', #1958, .T. ) ;
#2675 = DIRECTION ( 'NONE',  ( -1.000000000000000000, 0.0000000000000000000, 0.0000000000000000000 ) ) ;
#2676 = AXIS2_PLACEMENT_3D ( 'NONE', #1679, #1448, #1074 ) ;
#2677 = EDGE_CURVE ( 'NONE', #1661, #2156, #2410, .T. ) ;
#2678 = CARTESIAN_POINT ( 'NONE',  ( 90.00000000000000000, 160.0000000000000000, 35.00000000000000000 ) ) ;
#2679 = CIRCLE ( 'NONE', #1268, 4.546599999999997976 ) ;
#2680 = CARTESIAN_POINT ( 'NONE',  ( 93.47499999999999432, 5.000000000000000000, -8.673617379884035472E-16 ) ) ;
#2681 = LINE ( 'NONE', #925, #920 ) ;
#2682 = AXIS2_PLACEMENT_3D ( 'NONE', #1616, #2559, #705 ) ;
#2683 = EDGE_LOOP ( 'NONE', ( #1417, #1318 ) ) ;
#2684 = CC_DESIGN_DATE_AND_TIME_ASSIGNMENT ( #2541, #409, ( #682 ) ) ;
#2685 = ADVANCED_FACE ( 'NONE', ( #2674 ), #1258, .T. ) ;
#2686 = CARTESIAN_POINT ( 'NONE',  ( 74.99999999999998579, 25.00000000000000000, 0.0000000000000000000 ) ) ;
#2687 = DIRECTION ( 'NONE',  ( -1.644287654954319550E-16, -1.000000000000000000, 0.0000000000000000000 ) ) ;
#2688 = ORIENTED_EDGE ( 'NONE', *, *, #2468, .F. ) ;
#2689 = ADVANCED_FACE ( 'NONE', ( #1972 ), #633, .F. ) ;
#2690 = CARTESIAN_POINT ( 'NONE',  ( 49.99999999999999289, 4.999999999999990230, 0.2749999999999991895 ) ) ;
#2691 = DIRECTION ( 'NONE',  ( -1.284980352575412453E-16, -1.000000000000000000, 0.0000000000000000000 ) ) ;
#2692 = CARTESIAN_POINT ( 'NONE',  ( 32.25000000000001421, 132.7500000000000000, 4.999999999999997335 ) ) ;
#2693 = EDGE_LOOP ( 'NONE', ( #1210, #406, #2534, #1641 ) ) ;
#2694 = ORIENTED_EDGE ( 'NONE', *, *, #2439, .T. ) ;
#2695 = CYLINDRICAL_SURFACE ( 'NONE', #4, 5.000000000000004441 ) ;
#2696 = VERTEX_POINT ( 'NONE', #2033 ) ;
#2697 = EDGE_CURVE ( 'NONE', #394, #379, #246, .T. ) ;
#2698 = VECTOR ( 'NONE', #2257, 1000.000000000000000 ) ;
#2699 = CARTESIAN_POINT ( 'NONE',  ( 3.749999999999972466, 5.000000000000004441, 0.0000000000000000000 ) ) ;
#2700 = CARTESIAN_POINT ( 'NONE',  ( 62.49999999999997158, 160.0000000000000000, 15.45339999999999492 ) ) ;
#2701 = ORIENTED_EDGE ( 'NONE', *, *, #3018, .T. ) ;
#2702 = VECTOR ( 'NONE', #2733, 1000.000000000000000 ) ;
#2703 = DIRECTION ( 'NONE',  ( -1.315430123963455640E-16, 1.000000000000000000, -0.0000000000000000000 ) ) ;
#2704 = CARTESIAN_POINT ( 'NONE',  ( 96.24999999999998579, 5.000000000000000000, 0.0000000000000000000 ) ) ;
#2705 = EDGE_CURVE ( 'NONE', #2062, #776, #2369, .T. ) ;
#2706 = CIRCLE ( 'NONE', #2219, 1.249999999999999334 ) ;
#2707 = FACE_OUTER_BOUND ( 'NONE', #3058, .T. ) ;
#2708 = DIRECTION ( 'NONE',  ( -1.000000000000000000, 0.0000000000000000000, 0.0000000000000000000 ) ) ;
#2709 = ORIENTED_EDGE ( 'NONE', *, *, #519, .F. ) ;
#2710 = CIRCLE ( 'NONE', #1638, 1.250000000000000222 ) ;
#2711 = DIRECTION ( 'NONE',  ( 0.0000000000000000000, 0.0000000000000000000, 1.000000000000000000 ) ) ;
#2712 = AXIS2_PLACEMENT_3D ( 'NONE', #2607, #3044, #1414 ) ;
#2713 = AXIS2_PLACEMENT_3D ( 'NONE', #622, #610, #1348 ) ;
#2714 = EDGE_LOOP ( 'NONE', ( #2756, #1513, #1489, #2205 ) ) ;
#2715 = VECTOR ( 'NONE', #1286, 1000.000000000000114 ) ;
#2716 = CARTESIAN_POINT ( 'NONE',  ( 62.49999999999997158, 170.0000000000000000, 15.45339999999999492 ) ) ;
#2717 = LINE ( 'NONE', #605, #2750 ) ;
#2718 = ORIENTED_EDGE ( 'NONE', *, *, #443, .F. ) ;
#2719 = CARTESIAN_POINT ( 'NONE',  ( 48.74999999999999289, 4.999999999999990230, 7.499999999999998224 ) ) ;
#2720 = CARTESIAN_POINT ( 'NONE',  ( 37.49999999999997868, 147.0130000000000052, 24.54659999999998377 ) ) ;
#2721 = DIRECTION ( 'NONE',  ( -0.0000000000000000000, 1.000000000000000000, -0.0000000000000000000 ) ) ;
#2722 = PLANE ( 'NONE',  #2713 ) ;
#2723 = EDGE_CURVE ( 'NONE', #273, #1120, #2752, .T. ) ;
#2724 = EDGE_LOOP ( 'NONE', ( #194, #2844, #30, #2628 ) ) ;
#2725 = VERTEX_POINT ( 'NONE', #2526 ) ;
#2726 = DIRECTION ( 'NONE',  ( -0.0000000000000000000, -0.0000000000000000000, -1.000000000000000000 ) ) ;
#2727 = VERTEX_POINT ( 'NONE', #2963 ) ;
#2728 = VECTOR ( 'NONE', #984, 1000.000000000000000 ) ;
#2729 = DIRECTION ( 'NONE',  ( 8.659560562354932858E-17, 0.7071067811865474617, -0.7071067811865474617 ) ) ;
#2730 = DIRECTION ( 'NONE',  ( -1.000000000000000000, 0.0000000000000000000, 0.0000000000000000000 ) ) ;
#2731 = ORIENTED_EDGE ( 'NONE', *, *, #2344, .T. ) ;
#2732 = DIRECTION ( 'NONE',  ( -1.000000000000000000, 0.0000000000000000000, 0.0000000000000000000 ) ) ;
#2733 = DIRECTION ( 'NONE',  ( -0.0000000000000000000, 0.0000000000000000000, 1.000000000000000000 ) ) ;
#2734 = DIRECTION ( 'NONE',  ( -0.0000000000000000000, -0.0000000000000000000, 1.000000000000000000 ) ) ;
#2735 = DIRECTION ( 'NONE',  ( -0.0000000000000000000, -0.0000000000000000000, 1.000000000000000000 ) ) ;
#2736 = ORIENTED_EDGE ( 'NONE', *, *, #673, .F. ) ;
#2737 = ORIENTED_EDGE ( 'NONE', *, *, #1745, .T. ) ;
#2738 = CARTESIAN_POINT ( 'NONE',  ( 74.99999999999998579, 30.00000000000000000, 35.00000000000000000 ) ) ;
#2739 = VERTEX_POINT ( 'NONE', #1548 ) ;
#2740 = EDGE_CURVE ( 'NONE', #421, #1194, #1926, .T. ) ;
#2741 = CARTESIAN_POINT ( 'NONE',  ( 49.99999999999999289, 165.0000000000000000, 0.0000000000000000000 ) ) ;
#2742 = SECURITY_CLASSIFICATION_LEVEL ( 'unclassified' ) ;
#2743 = EDGE_CURVE ( 'NONE', #691, #2994, #2999, .T. ) ;
#2744 = DIRECTION ( 'NONE',  ( -1.000000000000000000, 0.0000000000000000000, 0.0000000000000000000 ) ) ;
#2745 = LINE ( 'NONE', #2998, #1999 ) ;
#2746 = AXIS2_PLACEMENT_3D ( 'NONE', #393, #152, #590 ) ;
#2747 = CARTESIAN_POINT ( 'NONE',  ( 94.99999999999998579, 5.000000000000000000, 7.499999999999998224 ) ) ;
#2748 = VECTOR ( 'NONE', #690, 1000.000000000000000 ) ;
#2749 = DIRECTION ( 'NONE',  ( -0.0000000000000000000, -0.0000000000000000000, -1.000000000000000000 ) ) ;
#2750 = VECTOR ( 'NONE', #739, 1000.000000000000000 ) ;
#2751 = EDGE_CURVE ( 'NONE', #1762, #284, #2078, .T. ) ;
#2752 = CIRCLE ( 'NONE', #1436, 5.000000000000004441 ) ;
#2753 = LINE ( 'NONE', #1326, #1678 ) ;
#2754 = DIRECTION ( 'NONE',  ( 0.0000000000000000000, -1.000000000000000000, 0.0000000000000000000 ) ) ;
#2755 = DIRECTION ( 'NONE',  ( -0.0000000000000000000, -1.000000000000000000, 0.0000000000000000000 ) ) ;
#2756 = ORIENTED_EDGE ( 'NONE', *, *, #3072, .F. ) ;
#2757 = VERTEX_POINT ( 'NONE', #2014 ) ;
#2758 = DIRECTION ( 'NONE',  ( 0.0000000000000000000, 0.0000000000000000000, -1.000000000000000000 ) ) ;
#2759 = ORIENTED_EDGE ( 'NONE', *, *, #1084, .T. ) ;
#2760 = VERTEX_POINT ( 'NONE', #1130 ) ;
#2761 = CIRCLE ( 'NONE', #3014, 1.524999999999998579 ) ;
#2762 = CARTESIAN_POINT ( 'NONE',  ( 52.49999999999997868, 150.0000000000000000, 35.00000000000000000 ) ) ;
#2763 = AXIS2_PLACEMENT_3D ( 'NONE', #2296, #1133, #196 ) ;
#2764 = VECTOR ( 'NONE', #1140, 1000.000000000000000 ) ;
#2765 = DIRECTION ( 'NONE',  ( -0.8571673007021121116, 0.0000000000000000000, -0.5150380749100544886 ) ) ;
#2766 = EDGE_CURVE ( 'NONE', #1186, #1611, #433, .T. ) ;
#2767 = LINE ( 'NONE', #876, #402 ) ;
#2768 = DIRECTION ( 'NONE',  ( -1.000000000000000000, 0.0000000000000000000, 0.0000000000000000000 ) ) ;
#2769 = VERTEX_POINT ( 'NONE', #2490 ) ;
#2770 = DIRECTION ( 'NONE',  ( 0.0000000000000000000, 0.0000000000000000000, 1.000000000000000000 ) ) ;
#2771 = CARTESIAN_POINT ( 'NONE',  ( 69.99999999999998579, 25.00000000000000000, 35.00000000000000000 ) ) ;
#2772 = DIRECTION ( 'NONE',  ( 0.0000000000000000000, 0.7071067811865474617, 0.7071067811865474617 ) ) ;
#2773 = DIRECTION ( 'NONE',  ( 0.0000000000000000000, 0.0000000000000000000, 1.000000000000000000 ) ) ;
#2774 = ORIENTED_EDGE ( 'NONE', *, *, #2385, .T. ) ;
#2775 = CARTESIAN_POINT ( 'NONE',  ( 3.749999999999972911, 5.000000000000004441, 0.2749999999999991895 ) ) ;
#2776 = ORIENTED_EDGE ( 'NONE', *, *, #184, .F. ) ;
#2777 = CARTESIAN_POINT ( 'NONE',  ( 51.25000000000000000, 165.0000000000000000, 7.499999999999998224 ) ) ;
#2779 = ORIENTED_EDGE ( 'NONE', *, *, #287, .T. ) ;
#2778 = AXIS2_PLACEMENT_3D ( 'NONE', #2357, #1927, #2022 ) ;
#2780 = CONICAL_SURFACE ( 'NONE', #481, 1.250000000000000222, 1.029744258676653867 ) ;
#2781 = DIRECTION ( 'NONE',  ( -1.000000000000000000, 0.0000000000000000000, 0.0000000000000000000 ) ) ;
#2782 = DIRECTION ( 'NONE',  ( -0.0000000000000000000, -0.0000000000000000000, -1.000000000000000000 ) ) ;
#2783 = DIRECTION ( 'NONE',  ( -1.000000000000000000, 0.0000000000000000000, 0.0000000000000000000 ) ) ;
#2784 = CARTESIAN_POINT ( 'NONE',  ( 84.99999999999997158, 10.00000000000000000, 35.00000000000000000 ) ) ;
#2785 = ORIENTED_EDGE ( 'NONE', *, *, #3030, .T. ) ;
#2786 = CARTESIAN_POINT ( 'NONE',  ( 49.99999999999999289, 165.0000000000000000, 0.2749999999999991895 ) ) ;
#2787 = ORIENTED_EDGE ( 'NONE', *, *, #972, .F. ) ;
#2788 = DIRECTION ( 'NONE',  ( -1.000000000000000000, 0.0000000000000000000, 0.0000000000000000000 ) ) ;
#2789 = LINE ( 'NONE', #730, #1933 ) ;
#2790 = ORIENTED_EDGE ( 'NONE', *, *, #803, .T. ) ;
#2791 = DIRECTION ( 'NONE',  ( -1.000000000000000000, 0.0000000000000000000, 0.0000000000000000000 ) ) ;
#2792 = ORIENTED_EDGE ( 'NONE', *, *, #1240, .F. ) ;
#2793 = CARTESIAN_POINT ( 'NONE',  ( 14.99999999999997513, 160.0000000000000000, 0.0000000000000000000 ) ) ;
#2794 = EDGE_LOOP ( 'NONE', ( #2943, #666, #979, #2581 ) ) ;
#2795 = ADVANCED_FACE ( 'NONE', ( #378 ), #498, .F. ) ;
#2796 = DIRECTION ( 'NONE',  ( 0.0000000000000000000, -0.0000000000000000000, 1.000000000000000000 ) ) ;
#2797 = CARTESIAN_POINT ( 'NONE',  ( 90.00000000000000000, 155.0000000000000000, 35.00000000000000000 ) ) ;
#2798 = CARTESIAN_POINT ( 'NONE',  ( 62.49999999999997158, 170.0000000000000000, 19.99999999999999289 ) ) ;
#2799 = DIRECTION ( 'NONE',  ( 0.0000000000000000000, 0.0000000000000000000, -1.000000000000000000 ) ) ;
#2800 = ORIENTED_EDGE ( 'NONE', *, *, #1335, .T. ) ;
#2801 = LINE ( 'NONE', #2390, #243 ) ;
#2802 = ORIENTED_EDGE ( 'NONE', *, *, #787, .T. ) ;
#2803 = CIRCLE ( 'NONE', #187, 5.000000000000000000 ) ;
#2804 = CARTESIAN_POINT ( 'NONE',  ( 72.75000000000000000, 37.25000000000000711, 4.999999999999997335 ) ) ;
#2805 = AXIS2_PLACEMENT_3D ( 'NONE', #469, #1649, #2783 ) ;
#2806 = ORIENTED_EDGE ( 'NONE', *, *, #1440, .F. ) ;
#2807 = AXIS2_PLACEMENT_3D ( 'NONE', #2233, #773, #1712 ) ;
#2808 = EDGE_CURVE ( 'NONE', #3007, #2696, #789, .T. ) ;
#2809 = DIRECTION ( 'NONE',  ( -1.000000000000000000, 0.0000000000000000000, 0.0000000000000000000 ) ) ;
#2810 = ORIENTED_EDGE ( 'NONE', *, *, #2520, .T. ) ;
#2811 = ORIENTED_EDGE ( 'NONE', *, *, #564, .F. ) ;
#2812 = AXIS2_PLACEMENT_3D ( 'NONE', #351, #107, #436 ) ;
#2813 = DIRECTION ( 'NONE',  ( -1.000000000000000000, 0.0000000000000000000, 0.0000000000000000000 ) ) ;
#2814 = AXIS2_PLACEMENT_3D ( 'NONE', #3039, #209, #1165 ) ;
#2815 = DIRECTION ( 'NONE',  ( 1.272130549049658700E-16, 1.000000000000000000, -0.0000000000000000000 ) ) ;
#2816 = FACE_OUTER_BOUND ( 'NONE', #2293, .T. ) ;
#2817 = DIRECTION ( 'NONE',  ( 0.0000000000000000000, -1.000000000000000000, 0.0000000000000000000 ) ) ;
#2818 = ORIENTED_EDGE ( 'NONE', *, *, #2124, .F. ) ;
#2819 = CARTESIAN_POINT ( 'NONE',  ( 9.999999999999973355, 155.0000000000000000, 35.00000000000000000 ) ) ;
#2820 = FACE_BOUND ( 'NONE', #918, .T. ) ;
#2821 = VECTOR ( 'NONE', #2754, 1000.000000000000000 ) ;
#2822 = ORIENTED_EDGE ( 'NONE', *, *, #2005, .T. ) ;
#2823 = CARTESIAN_POINT ( 'NONE',  ( 93.74999999999998579, 165.0000000000000000, 7.499999999999998224 ) ) ;
#2824 = ORIENTED_EDGE ( 'NONE', *, *, #630, .T. ) ;
#2825 = EDGE_CURVE ( 'NONE', #2769, #1611, #1112, .T. ) ;
#2826 = VERTEX_POINT ( 'NONE', #1561 ) ;
#2827 = CONICAL_SURFACE ( 'NONE', #714, 1.524999999999998579, 0.7853981633974437271 ) ;
#2828 = LINE ( 'NONE', #1163, #1652 ) ;
#2829 = VECTOR ( 'NONE', #2666, 1000.000000000000000 ) ;
#2830 = CARTESIAN_POINT ( 'NONE',  ( 47.49999999999997868, 150.0000000000000000, 35.00000000000000000 ) ) ;
#2831 = EDGE_CURVE ( 'NONE', #273, #1487, #2506, .T. ) ;
#2832 = FACE_OUTER_BOUND ( 'NONE', #1990, .T. ) ;
#2833 = DIRECTION ( 'NONE',  ( 0.0000000000000000000, 0.0000000000000000000, -1.000000000000000000 ) ) ;
#2834 = ORIENTED_EDGE ( 'NONE', *, *, #2409, .T. ) ;
#2835 = VERTEX_POINT ( 'NONE', #2700 ) ;
#2836 = DIRECTION ( 'NONE',  ( -0.0000000000000000000, 1.000000000000000000, -0.0000000000000000000 ) ) ;
#2837 = CARTESIAN_POINT ( 'NONE',  ( 32.25000000000001421, 132.7500000000000000, 4.999999999999997335 ) ) ;
#2838 = EDGE_CURVE ( 'NONE', #2416, #2112, #339, .T. ) ;
#2839 = ORIENTED_EDGE ( 'NONE', *, *, #614, .F. ) ;
#2840 = ORIENTED_EDGE ( 'NONE', *, *, #2379, .F. ) ;
#2841 = ORIENTED_EDGE ( 'NONE', *, *, #244, .T. ) ;
#2842 = EDGE_CURVE ( 'NONE', #2757, #2433, #891, .T. ) ;
#2843 = ADVANCED_FACE ( 'NONE', ( #2477 ), #1722, .F. ) ;
#2844 = ORIENTED_EDGE ( 'NONE', *, *, #1477, .F. ) ;
#2845 = CYLINDRICAL_SURFACE ( 'NONE', #1266, 1.250000000000001110 ) ;
#2846 = EDGE_CURVE ( 'NONE', #563, #2112, #1323, .T. ) ;
#2847 = FACE_OUTER_BOUND ( 'NONE', #12, .T. ) ;
#2848 = DIRECTION ( 'NONE',  ( 0.0000000000000000000, 1.000000000000000000, 0.0000000000000000000 ) ) ;
#2849 = EDGE_LOOP ( 'NONE', ( #960, #2818, #360, #71 ) ) ;
#2850 = DIRECTION ( 'NONE',  ( -0.0000000000000000000, -0.0000000000000000000, 1.000000000000000000 ) ) ;
#2851 = CIRCLE ( 'NONE', #1519, 1.250000000000001110 ) ;
#2852 = LINE ( 'NONE', #1643, #35 ) ;
#2853 = VECTOR ( 'NONE', #1213, 1000.000000000000114 ) ;
#2854 = CARTESIAN_POINT ( 'NONE',  ( 75.00000000000000000, 139.9999999999999716, 0.0000000000000000000 ) ) ;
#2855 = DIRECTION ( 'NONE',  ( -0.0000000000000000000, -0.0000000000000000000, -1.000000000000000000 ) ) ;
#2856 = VECTOR ( 'NONE', #708, 1000.000000000000000 ) ;
#2857 = VERTEX_POINT ( 'NONE', #1094 ) ;
#2858 = CIRCLE ( 'NONE', #1525, 4.999999999999997335 ) ;
#2859 = ORIENTED_EDGE ( 'NONE', *, *, #2367, .T. ) ;
#2860 = EDGE_CURVE ( 'NONE', #1276, #1727, #632, .T. ) ;
#2861 = DIRECTION ( 'NONE',  ( 0.0000000000000000000, 0.0000000000000000000, -1.000000000000000000 ) ) ;
#2862 = AXIS2_PLACEMENT_3D ( 'NONE', #693, #197, #1399 ) ;
#2863 = DIRECTION ( 'NONE',  ( 1.000000000000000000, 0.0000000000000000000, 0.0000000000000000000 ) ) ;
#2864 = EDGE_CURVE ( 'NONE', #2097, #2227, #2717, .T. ) ;
#2865 = DIRECTION ( 'NONE',  ( -0.0000000000000000000, -0.0000000000000000000, 1.000000000000000000 ) ) ;
#2866 = AXIS2_PLACEMENT_3D ( 'NONE', #2547, #2562, #2770 ) ;
#2867 = AXIS2_PLACEMENT_3D ( 'NONE', #1050, #2438, #783 ) ;
#2868 = DIRECTION ( 'NONE',  ( 0.0000000000000000000, -0.0000000000000000000, -1.000000000000000000 ) ) ;
#2869 = VECTOR ( 'NONE', #431, 1000.000000000000000 ) ;
#2870 = AXIS2_PLACEMENT_3D ( 'NONE', #661, #1768, #2708 ) ;
#2871 = DIRECTION ( 'NONE',  ( -1.000000000000000000, 0.0000000000000000000, 0.0000000000000000000 ) ) ;
#2872 = DIRECTION ( 'NONE',  ( -0.8571673007021121116, 0.0000000000000000000, -0.5150380749100544886 ) ) ;
#2873 = VECTOR ( 'NONE', #2204, 1000.000000000000000 ) ;
#2874 = ORIENTED_EDGE ( 'NONE', *, *, #1507, .T. ) ;
#2875 = ORIENTED_EDGE ( 'NONE', *, *, #1716, .T. ) ;
#2876 = ORIENTED_EDGE ( 'NONE', *, *, #1076, .T. ) ;
#2877 = DIRECTION ( 'NONE',  ( -1.000000000000000000, 0.0000000000000000000, 0.0000000000000000000 ) ) ;
#2878 = AXIS2_PLACEMENT_3D ( 'NONE', #2061, #385, #612 ) ;
#2879 = FACE_OUTER_BOUND ( 'NONE', #335, .T. ) ;
#2880 = EDGE_CURVE ( 'NONE', #2383, #812, #1385, .T. ) ;
#2881 = DIRECTION ( 'NONE',  ( -0.0000000000000000000, -0.0000000000000000000, 1.000000000000000000 ) ) ;
#2882 = CIRCLE ( 'NONE', #162, 5.000000000000000888 ) ;
#2883 = DIRECTION ( 'NONE',  ( -0.0000000000000000000, -0.0000000000000000000, -1.000000000000000000 ) ) ;
#2884 = CARTESIAN_POINT ( 'NONE',  ( 62.49999999999997158, 170.0000000000000000, 14.93309999999999427 ) ) ;
#2885 = VERTEX_POINT ( 'NONE', #494 ) ;
#2886 = ORIENTED_EDGE ( 'NONE', *, *, #544, .F. ) ;
#2887 = EDGE_LOOP ( 'NONE', ( #386, #312, #1264, #1594 ) ) ;
#2888 = VERTEX_POINT ( 'NONE', #977 ) ;
#2889 = ADVANCED_FACE ( 'NONE', ( #1894 ), #829, .F. ) ;
#2890 = CARTESIAN_POINT ( 'NONE',  ( 3.749999999999976907, 165.0000000000000000, 0.0000000000000000000 ) ) ;
#2891 = CARTESIAN_POINT ( 'NONE',  ( 4.999999999999972466, 85.00000000000000000, 7.499999999999998224 ) ) ;
#2892 = CARTESIAN_POINT ( 'NONE',  ( 96.52499999999999147, 5.000000000000000000, -8.673617379884035472E-16 ) ) ;
#2893 = DIRECTION ( 'NONE',  ( 0.7071067811865474617, 8.659560562354932858E-17, -0.7071067811865474617 ) ) ;
#2894 = ADVANCED_FACE ( 'NONE', ( #2847 ), #2387, .F. ) ;
#2895 = FACE_OUTER_BOUND ( 'NONE', #1367, .T. ) ;
#2896 = CARTESIAN_POINT ( 'NONE',  ( 37.49999999999997868, 170.0000000000000000, 25.06689999999999330 ) ) ;
#2897 = EDGE_CURVE ( 'NONE', #2563, #1469, #6, .T. ) ;
#2898 = ORIENTED_EDGE ( 'NONE', *, *, #1856, .F. ) ;
#2899 = ORIENTED_EDGE ( 'NONE', *, *, #1709, .F. ) ;
#2900 = ORIENTED_EDGE ( 'NONE', *, *, #540, .T. ) ;
#2901 = VERTEX_POINT ( 'NONE', #1680 ) ;
#2902 = VECTOR ( 'NONE', #1217, 1000.000000000000000 ) ;
#2903 = ORIENTED_EDGE ( 'NONE', *, *, #892, .F. ) ;
#2904 = VECTOR ( 'NONE', #1022, 1000.000000000000114 ) ;
#2905 = CALENDAR_DATE ( 2019, 12, 8 ) ;
#2906 = PLANE ( 'NONE',  #251 ) ;
#2907 = AXIS2_PLACEMENT_3D ( 'NONE', #307, #1055, #26 ) ;
#2908 = DIRECTION ( 'NONE',  ( -1.000000000000000000, 0.0000000000000000000, 0.0000000000000000000 ) ) ;
#2909 = ORIENTED_EDGE ( 'NONE', *, *, #1164, .F. ) ;
#2910 = CARTESIAN_POINT ( 'NONE',  ( 62.49999999999997158, 169.4797000000000082, 24.54659999999999087 ) ) ;
#2911 = AXIS2_PLACEMENT_3D ( 'NONE', #440, #382, #609 ) ;
#2912 = AXIS2_PLACEMENT_3D ( 'NONE', #679, #2923, #2000 ) ;
#2913 = FACE_BOUND ( 'NONE', #1160, .T. ) ;
#2914 = LINE ( 'NONE', #2221, #1538 ) ;
#2915 = CC_DESIGN_PERSON_AND_ORGANIZATION_ASSIGNMENT ( #1108, #1336, ( #682 ) ) ;
#2916 = EDGE_LOOP ( 'NONE', ( #177, #1515, #1692, #987 ) ) ;
#2917 = ORIENTED_EDGE ( 'NONE', *, *, #1058, .F. ) ;
#2918 = ORIENTED_EDGE ( 'NONE', *, *, #1574, .T. ) ;
#2919 = DIRECTION ( 'NONE',  ( 1.000000000000000000, 0.0000000000000000000, 0.0000000000000000000 ) ) ;
#2920 = AXIS2_PLACEMENT_3D ( 'NONE', #1275, #1302, #2179 ) ;
#2921 = ADVANCED_FACE ( 'NONE', ( #2816 ), #2460, .F. ) ;
#2922 = ORIENTED_EDGE ( 'NONE', *, *, #2743, .F. ) ;
#2923 = DIRECTION ( 'NONE',  ( -0.0000000000000000000, 0.0000000000000000000, 1.000000000000000000 ) ) ;
#2924 = DIRECTION ( 'NONE',  ( -0.0000000000000000000, -0.0000000000000000000, 1.000000000000000000 ) ) ;
#2925 = DIRECTION ( 'NONE',  ( 0.0000000000000000000, -0.0000000000000000000, -1.000000000000000000 ) ) ;
#2926 = AXIS2_PLACEMENT_3D ( 'NONE', #2932, #1060, #601 ) ;
#2927 = EDGE_CURVE ( 'NONE', #52, #2994, #1144, .T. ) ;
#2928 = CARTESIAN_POINT ( 'NONE',  ( 42.49999999999998579, 145.0000000000000000, 0.0000000000000000000 ) ) ;
#2929 = AXIS2_PLACEMENT_3D ( 'NONE', #2598, #2610, #1232 ) ;
#2930 = FACE_OUTER_BOUND ( 'NONE', #717, .T. ) ;
#2931 = ADVANCED_FACE ( 'NONE', ( #706 ), #453, .F. ) ;
#2932 = CARTESIAN_POINT ( 'NONE',  ( 4.999999999999976907, 165.0000000000000000, -8.673617379884035472E-16 ) ) ;
#2933 = ORIENTED_EDGE ( 'NONE', *, *, #1477, .T. ) ;
#2934 = CARTESIAN_POINT ( 'NONE',  ( 49.99999999999999289, 165.0000000000000000, -8.673617379884035472E-16 ) ) ;
#2935 = DIRECTION ( 'NONE',  ( -0.0000000000000000000, -0.0000000000000000000, -1.000000000000000000 ) ) ;
#2936 = VERTEX_POINT ( 'NONE', #270 ) ;
#2937 = DIRECTION ( 'NONE',  ( -0.0000000000000000000, -0.0000000000000000000, 1.000000000000000000 ) ) ;
#2938 = LINE ( 'NONE', #538, #2391 ) ;
#2939 = CARTESIAN_POINT ( 'NONE',  ( 52.49999999999997868, 150.0000000000000000, 0.0000000000000000000 ) ) ;
#2940 = FACE_OUTER_BOUND ( 'NONE', #3047, .T. ) ;
#2941 = EDGE_LOOP ( 'NONE', ( #2555, #2161, #2314, #2933 ) ) ;
#2942 = CARTESIAN_POINT ( 'NONE',  ( 49.99999999999999289, 165.0000000000000000, 0.2749999999999991895 ) ) ;
#2943 = ORIENTED_EDGE ( 'NONE', *, *, #478, .F. ) ;
#2944 = AXIS2_PLACEMENT_3D ( 'NONE', #915, #511, #1449 ) ;
#2945 = CARTESIAN_POINT ( 'NONE',  ( 62.49999999999997158, 170.0000000000000000, 14.93309999999999427 ) ) ;
#2946 = DIRECTION ( 'NONE',  ( -8.163404592832032733E-17, 1.000000000000000000, 0.0000000000000000000 ) ) ;
#2947 = EDGE_CURVE ( 'NONE', #3032, #1027, #1242, .T. ) ;
#2948 = DIRECTION ( 'NONE',  ( -0.0000000000000000000, -0.0000000000000000000, -1.000000000000000000 ) ) ;
#2949 = CIRCLE ( 'NONE', #1978, 4.999999999999997335 ) ;
#2950 = CARTESIAN_POINT ( 'NONE',  ( 99.99999999999998579, 0.0000000000000000000, 40.00000000000000000 ) ) ;
#2951 = AXIS2_PLACEMENT_3D ( 'NONE', #1877, #2817, #993 ) ;
#2952 = CIRCLE ( 'NONE', #1880, 5.000000000000004441 ) ;
#2953 = CARTESIAN_POINT ( 'NONE',  ( 89.99999999999998579, 14.99999999999998579, 0.0000000000000000000 ) ) ;
#2954 = DIRECTION ( 'NONE',  ( -1.000000000000000000, 0.0000000000000000000, 0.0000000000000000000 ) ) ;
#2955 = VECTOR ( 'NONE', #219, 1000.000000000000000 ) ;
#2956 = DIRECTION ( 'NONE',  ( 0.0000000000000000000, 0.0000000000000000000, 1.000000000000000000 ) ) ;
#2957 = EDGE_CURVE ( 'NONE', #643, #1688, #897, .T. ) ;
#2958 = CONICAL_SURFACE ( 'NONE', #1533, 1.524999999999998579, 0.7853981633974437271 ) ;
#2959 = ORIENTED_EDGE ( 'NONE', *, *, #865, .F. ) ;
#2960 = VECTOR ( 'NONE', #1262, 1000.000000000000114 ) ;
#2961 = VECTOR ( 'NONE', #1715, 1000.000000000000000 ) ;
#2962 = DIRECTION ( 'NONE',  ( -0.8571673007021120005, 0.0000000000000000000, -0.5150380749100547106 ) ) ;
#2963 = CARTESIAN_POINT ( 'NONE',  ( 24.99999999999995737, 30.00000000000000000, 0.0000000000000000000 ) ) ;
#2964 = ADVANCED_FACE ( 'NONE', ( #1845 ), #1423, .F. ) ;
#2965 = EDGE_LOOP ( 'NONE', ( #2553, #646, #2810 ) ) ;
#2966 = DIRECTION ( 'NONE',  ( 1.000000000000000000, 0.0000000000000000000, 0.0000000000000000000 ) ) ;
#2967 = CYLINDRICAL_SURFACE ( 'NONE', #2259, 4.999999999999999112 ) ;
#2968 = ADVANCED_FACE ( 'NONE', ( #3052 ), #2220, .F. ) ;
#2969 = LINE ( 'NONE', #1607, #3062 ) ;
#2970 = CARTESIAN_POINT ( 'NONE',  ( 57.49999999999997158, 160.0000000000000000, 0.0000000000000000000 ) ) ;
#2971 = ORIENTED_EDGE ( 'NONE', *, *, #2537, .T. ) ;
#2972 = DIRECTION ( 'NONE',  ( -0.0000000000000000000, 1.000000000000000000, -0.0000000000000000000 ) ) ;
#2973 = ORIENTED_EDGE ( 'NONE', *, *, #504, .F. ) ;
#2974 = ORIENTED_EDGE ( 'NONE', *, *, #3022, .T. ) ;
#2975 = VECTOR ( 'NONE', #2729, 1000.000000000000114 ) ;
#2976 = DIRECTION ( 'NONE',  ( -1.000000000000000000, 0.0000000000000000000, 0.0000000000000000000 ) ) ;
#2977 = ORIENTED_EDGE ( 'NONE', *, *, #78, .T. ) ;
#2978 = ORIENTED_EDGE ( 'NONE', *, *, #2415, .F. ) ;
#2979 = AXIS2_PLACEMENT_3D ( 'NONE', #1982, #1743, #2919 ) ;
#2980 = DATE_AND_TIME ( #1790, #802 ) ;
#2981 = DIRECTION ( 'NONE',  ( -0.0000000000000000000, -0.0000000000000000000, -1.000000000000000000 ) ) ;
#2982 = EDGE_CURVE ( 'NONE', #2561, #1572, #1251, .T. ) ;
#2983 = CARTESIAN_POINT ( 'NONE',  ( 24.99999999999997158, 139.9999999999999716, 35.00000000000000000 ) ) ;
#2984 = CARTESIAN_POINT ( 'NONE',  ( 99.99999999999998579, 0.0000000000000000000, 0.0000000000000000000 ) ) ;
#2985 = EDGE_LOOP ( 'NONE', ( #1265, #2316 ) ) ;
#2986 = DIRECTION ( 'NONE',  ( -1.027984282060330011E-16, -1.000000000000000000, 0.0000000000000000000 ) ) ;
#2987 = DIRECTION ( 'NONE',  ( -1.000000000000000000, 0.0000000000000000000, 0.0000000000000000000 ) ) ;
#2988 = DIRECTION ( 'NONE',  ( -1.000000000000000000, 0.0000000000000000000, 0.0000000000000000000 ) ) ;
#2989 = LINE ( 'NONE', #1364, #553 ) ;
#2990 = EDGE_CURVE ( 'NONE', #1027, #1366, #2104, .T. ) ;
#2991 = ORIENTED_EDGE ( 'NONE', *, *, #2831, .F. ) ;
#2992 = DIRECTION ( 'NONE',  ( 0.0000000000000000000, -0.0000000000000000000, -1.000000000000000000 ) ) ;
#2993 = EDGE_LOOP ( 'NONE', ( #2287, #1964, #2792, #870 ) ) ;
#2994 = VERTEX_POINT ( 'NONE', #1860 ) ;
#2995 = DIRECTION ( 'NONE',  ( 0.8571673007021121116, 1.049727191138618449E-16, -0.5150380749100544886 ) ) ;
#2996 = CARTESIAN_POINT ( 'NONE',  ( 51.25000000000000000, 165.0000000000000000, 0.2749999999999991895 ) ) ;
#2997 = AXIS2_PLACEMENT_3D ( 'NONE', #1605, #2250, #2987 ) ;
#2998 = CARTESIAN_POINT ( 'NONE',  ( 47.49999999999997868, 155.0000000000000000, 0.0000000000000000000 ) ) ;
#2999 = LINE ( 'NONE', #877, #501 ) ;
#3000 = VERTEX_POINT ( 'NONE', #685 ) ;
#3001 = CARTESIAN_POINT ( 'NONE',  ( 75.00000000000000000, 160.0000000000000000, 35.00000000000000000 ) ) ;
#3002 = ORIENTED_EDGE ( 'NONE', *, *, #1726, .T. ) ;
#3003 = AXIS2_PLACEMENT_3D ( 'NONE', #1810, #118, #1341 ) ;
#3004 = DIRECTION ( 'NONE',  ( 0.8571673007021121116, 1.049727191138618449E-16, -0.5150380749100544886 ) ) ;
#3005 = CARTESIAN_POINT ( 'NONE',  ( 24.99999999999995737, 30.00000000000000000, 35.00000000000000000 ) ) ;
#3006 = DIRECTION ( 'NONE',  ( 1.632680918566406547E-16, -1.000000000000000000, -0.0000000000000000000 ) ) ;
#3007 = VERTEX_POINT ( 'NONE', #2133 ) ;
#3008 = APPROVAL_PERSON_ORGANIZATION ( #167, #3012, #873 ) ;
#3009 = ORIENTED_EDGE ( 'NONE', *, *, #1357, .T. ) ;
#3010 = AXIS2_PLACEMENT_3D ( 'NONE', #528, #2443, #568 ) ;
#3011 = DIRECTION ( 'NONE',  ( -1.000000000000000000, 0.0000000000000000000, 0.0000000000000000000 ) ) ;
#3012 = APPROVAL ( #855, 'UNSPECIFIED' ) ;
#3013 = ORIENTED_EDGE ( 'NONE', *, *, #129, .F. ) ;
#3014 = AXIS2_PLACEMENT_3D ( 'NONE', #1239, #1032, #1271 ) ;
#3015 = CARTESIAN_POINT ( 'NONE',  ( 93.47499999999999432, 165.0000000000000000, -8.673617379884035472E-16 ) ) ;
#3016 = ORIENTED_EDGE ( 'NONE', *, *, #2502, .F. ) ;
#3017 = VECTOR ( 'NONE', #81, 1000.000000000000000 ) ;
#3018 = EDGE_CURVE ( 'NONE', #3040, #1107, #1636, .T. ) ;
#3019 = AXIS2_PLACEMENT_3D ( 'NONE', #2283, #383, #2057 ) ;
#3020 = LINE ( 'NONE', #2065, #2869 ) ;
#3021 = DIRECTION ( 'NONE',  ( -1.000000000000000000, 0.0000000000000000000, 0.0000000000000000000 ) ) ;
#3022 = EDGE_CURVE ( 'NONE', #1931, #358, #1881, .T. ) ;
#3023 = DIRECTION ( 'NONE',  ( -0.0000000000000000000, 0.0000000000000000000, -1.000000000000000000 ) ) ;
#3024 = VERTEX_POINT ( 'NONE', #3065 ) ;
#3025 = DIRECTION ( 'NONE',  ( 0.0000000000000000000, -0.0000000000000000000, -1.000000000000000000 ) ) ;
#3026 = ORIENTED_EDGE ( 'NONE', *, *, #1216, .F. ) ;
#3027 = CYLINDRICAL_SURFACE ( 'NONE', #1870, 5.000000000000000000 ) ;
#3028 = LINE ( 'NONE', #863, #2821 ) ;
#3029 = FACE_OUTER_BOUND ( 'NONE', #1425, .T. ) ;
#3030 = EDGE_CURVE ( 'NONE', #562, #1694, #724, .T. ) ;
#3031 = CARTESIAN_POINT ( 'NONE',  ( 24.99999999999997158, 139.9999999999999716, 0.0000000000000000000 ) ) ;
#3032 = VERTEX_POINT ( 'NONE', #2672 ) ;
#3033 = DIRECTION ( 'NONE',  ( -0.0000000000000000000, -0.0000000000000000000, 1.000000000000000000 ) ) ;
#3035 = ORIENTED_EDGE ( 'NONE', *, *, #2740, .T. ) ;
#3034 = AXIS2_PLACEMENT_3D ( 'NONE', #2285, #2758, #1379 ) ;
#3036 = CONICAL_SURFACE ( 'NONE', #924, 1.524999999999999467, 0.7853981633974482790 ) ;
#3037 = DIRECTION ( 'NONE',  ( -0.0000000000000000000, -0.0000000000000000000, -1.000000000000000000 ) ) ;
#3038 = CYLINDRICAL_SURFACE ( 'NONE', #720, 1.249999999999999778 ) ;
#3039 = CARTESIAN_POINT ( 'NONE',  ( 69.99999999999998579, 30.00000000000000000, 35.00000000000000000 ) ) ;
#3040 = VERTEX_POINT ( 'NONE', #22 ) ;
#3041 = EDGE_CURVE ( 'NONE', #2433, #2757, #1639, .T. ) ;
#3042 = DIRECTION ( 'NONE',  ( 0.0000000000000000000, 0.0000000000000000000, 1.000000000000000000 ) ) ;
#3043 = DIRECTION ( 'NONE',  ( -1.000000000000000000, 0.0000000000000000000, 0.0000000000000000000 ) ) ;
#3044 = DIRECTION ( 'NONE',  ( -0.0000000000000000000, -0.0000000000000000000, -1.000000000000000000 ) ) ;
#3045 = ORIENTED_EDGE ( 'NONE', *, *, #1084, .F. ) ;
#3046 = CARTESIAN_POINT ( 'NONE',  ( 94.99999999999997158, 170.0000000000000000, 0.0000000000000000000 ) ) ;
#3047 = EDGE_LOOP ( 'NONE', ( #1248, #729, #63, #146 ) ) ;
#3048 = DIRECTION ( 'NONE',  ( -1.000000000000000000, -0.0000000000000000000, -0.0000000000000000000 ) ) ;
#3049 = ORIENTED_EDGE ( 'NONE', *, *, #1660, .T. ) ;
#3050 = DIRECTION ( 'NONE',  ( -0.0000000000000000000, -0.0000000000000000000, -1.000000000000000000 ) ) ;
#3051 = DIRECTION ( 'NONE',  ( -1.000000000000000000, 0.0000000000000000000, 0.0000000000000000000 ) ) ;
#3052 = FACE_OUTER_BOUND ( 'NONE', #2887, .T. ) ;
#3053 = FACE_BOUND ( 'NONE', #933, .T. ) ;
#3054 = CARTESIAN_POINT ( 'NONE',  ( 6.249999999999971578, 5.000000000000004441, 0.2749999999999991895 ) ) ;
#3055 = EDGE_CURVE ( 'NONE', #854, #2901, #1959, .T. ) ;
#3056 = LINE ( 'NONE', #1671, #1531 ) ;
#3057 = DIRECTION ( 'NONE',  ( 0.0000000000000000000, 0.0000000000000000000, 1.000000000000000000 ) ) ;
#3058 = EDGE_LOOP ( 'NONE', ( #439, #112, #981 ) ) ;
#3059 = EDGE_CURVE ( 'NONE', #560, #546, #2952, .T. ) ;
#3060 = AXIS2_PLACEMENT_3D ( 'NONE', #1896, #898, #1668 ) ;
#3061 = ORIENTED_EDGE ( 'NONE', *, *, #2222, .F. ) ;
#3062 = VECTOR ( 'NONE', #2531, 1000.000000000000000 ) ;
#3063 = CIRCLE ( 'NONE', #1731, 1.525000000000000355 ) ;
#3064 = FACE_OUTER_BOUND ( 'NONE', #54, .T. ) ;
#3065 = CARTESIAN_POINT ( 'NONE',  ( 99.99999999999997158, 165.0000000000000000, 40.00000000000000000 ) ) ;
#3066 = DIRECTION ( 'NONE',  ( -0.0000000000000000000, 1.000000000000000000, -0.0000000000000000000 ) ) ;
#3067 = ORIENTED_EDGE ( 'NONE', *, *, #2305, .F. ) ;
#3068 = EDGE_CURVE ( 'NONE', #754, #161, #2273, .T. ) ;
#3069 = CARTESIAN_POINT ( 'NONE',  ( 93.47499999999999432, 5.000000000000000000, -8.673617379884035472E-16 ) ) ;
#3070 = LINE ( 'NONE', #500, #1255 ) ;
#3071 = VERTEX_POINT ( 'NONE', #330 ) ;
#3072 = EDGE_CURVE ( 'NONE', #1661, #1308, #2211, .T. ) ;
#3073 = DIRECTION ( 'NONE',  ( 0.0000000000000000000, 0.0000000000000000000, 1.000000000000000000 ) ) ;
ENDSEC;
END-ISO-10303-21;
