ISO-10303-21;
HEADER;
FILE_DESCRIPTION (( 'STEP AP203' ),
    '1' );
FILE_NAME ('CHILLED-POSITION-BODY_v001.STEP',
    '2019-06-26T17:26:06',
    ( '' ),
    ( '' ),
    'SwSTEP 2.0',
    'SolidWorks 2019',
    '' );
FILE_SCHEMA (( 'CONFIG_CONTROL_DESIGN' ));
ENDSEC;

DATA;
#1 = ORIENTED_EDGE ( 'NONE', *, *, #2462, .T. ) ;
#2 = CARTESIAN_POINT ( 'NONE',  ( 52.50000000000000711, 103.0953168557000907, -42.87500000000000000 ) ) ;
#3 = VECTOR ( 'NONE', #120, 1000.000000000000000 ) ;
#4 = VERTEX_POINT ( 'NONE', #927 ) ;
#5 = CARTESIAN_POINT ( 'NONE',  ( -60.50000000000000000, 18.00000000000000000, 40.60000000000000142 ) ) ;
#6 = VECTOR ( 'NONE', #3377, 1000.000000000000000 ) ;
#7 = EDGE_CURVE ( 'NONE', #1720, #4104, #609, .T. ) ;
#8 = ORIENTED_EDGE ( 'NONE', *, *, #1293, .T. ) ;
#9 = VECTOR ( 'NONE', #2558, 1000.000000000000114 ) ;
#10 = AXIS2_PLACEMENT_3D ( 'NONE', #1148, #1243, #1895 ) ;
#11 = AXIS2_PLACEMENT_3D ( 'NONE', #1531, #1869, #407 ) ;
#12 = DIRECTION ( 'NONE',  ( 1.000000000000000000, 0.0000000000000000000, -0.0000000000000000000 ) ) ;
#13 = EDGE_CURVE ( 'NONE', #3795, #974, #949, .T. ) ;
#14 = AXIS2_PLACEMENT_3D ( 'NONE', #1709, #4213, #3898 ) ;
#15 = CARTESIAN_POINT ( 'NONE',  ( -49.00000000000000711, 5.999999999999998224, -11.93571428571446269 ) ) ;
#16 = AXIS2_PLACEMENT_3D ( 'NONE', #3512, #1772, #3173 ) ;
#17 = ORIENTED_EDGE ( 'NONE', *, *, #638, .T. ) ;
#18 = AXIS2_PLACEMENT_3D ( 'NONE', #2436, #3489, #332 ) ;
#19 = VECTOR ( 'NONE', #271, 1000.000000000000000 ) ;
#20 = VERTEX_POINT ( 'NONE', #2068 ) ;
#21 = CARTESIAN_POINT ( 'NONE',  ( 65.50000000000002842, -6.000000000000000000, 31.35000000000000853 ) ) ;
#22 = FACE_OUTER_BOUND ( 'NONE', #1677, .T. ) ;
#23 = DIRECTION ( 'NONE',  ( -0.0000000000000000000, 1.000000000000000000, -0.0000000000000000000 ) ) ;
#24 = VECTOR ( 'NONE', #3278, 1000.000000000000000 ) ;
#25 = DIRECTION ( 'NONE',  ( -0.0000000000000000000, 1.000000000000000000, -0.0000000000000000000 ) ) ;
#26 = ORIENTED_EDGE ( 'NONE', *, *, #3046, .T. ) ;
#27 = CARTESIAN_POINT ( 'NONE',  ( -51.64995883598575688, 5.999999999999998224, -9.416094796621008456 ) ) ;
#28 = ADVANCED_FACE ( 'NONE', ( #3731 ), #3464, .F. ) ;
#29 = VERTEX_POINT ( 'NONE', #218 ) ;
#30 = CARTESIAN_POINT ( 'NONE',  ( -60.50000000000000000, 18.00000000000000000, -39.34999999999998010 ) ) ;
#31 = EDGE_LOOP ( 'NONE', ( #1171, #1024, #3459 ) ) ;
#32 = EDGE_CURVE ( 'NONE', #1140, #1145, #3225, .T. ) ;
#33 = CARTESIAN_POINT ( 'NONE',  ( -55.11360764744301832, 9.965147564289138060, -33.98018556822960790 ) ) ;
#34 = DIRECTION ( 'NONE',  ( -0.9995520592605567911, 3.665114028111677693E-18, -0.02992792722492291710 ) ) ;
#35 = VERTEX_POINT ( 'NONE', #4525 ) ;
#36 = ORIENTED_EDGE ( 'NONE', *, *, #2269, .F. ) ;
#37 = CARTESIAN_POINT ( 'NONE',  ( 53.00000000000000000, 18.00000000000000000, -31.85000000000023945 ) ) ;
#38 = DIRECTION ( 'NONE',  ( 1.000000000000000000, 0.0000000000000000000, 6.546126324440783116E-17 ) ) ;
#39 = CARTESIAN_POINT ( 'NONE',  ( -63.12132034355965970, -5.999999999999957367, -44.37500000000000000 ) ) ;
#40 = DIRECTION ( 'NONE',  ( -0.0000000000000000000, 1.000000000000000000, -0.0000000000000000000 ) ) ;
#41 = ORIENTED_EDGE ( 'NONE', *, *, #2471, .F. ) ;
#42 = DIRECTION ( 'NONE',  ( -0.0000000000000000000, -0.0000000000000000000, 1.000000000000000000 ) ) ;
#43 = EDGE_LOOP ( 'NONE', ( #2179, #2671, #1199, #1678, #1857, #4380, #1820, #1537, #784, #4214, #1475, #342, #1559, #3691, #4356, #1822, #1093, #3816, #4530, #1160, #4493, #1449, #4236, #1907, #1638, #2943, #704, #4294, #4310, #53, #352, #274, #3415, #1777, #253, #2742, #2472, #3998, #3386, #3878, #4518 ) ) ;
#44 = DIRECTION ( 'NONE',  ( 0.0000000000000000000, 0.0000000000000000000, 1.000000000000000000 ) ) ;
#45 = CARTESIAN_POINT ( 'NONE',  ( 52.99999999999999289, 5.999999999999998224, 7.978571428571336277 ) ) ;
#46 = VERTEX_POINT ( 'NONE', #1368 ) ;
#47 = CARTESIAN_POINT ( 'NONE',  ( -60.50000000000000000, 7.999999999999998224, 0.0000000000000000000 ) ) ;
#48 = ORIENTED_EDGE ( 'NONE', *, *, #1702, .F. ) ;
#49 = DIRECTION ( 'NONE',  ( 0.0000000000000000000, 0.0000000000000000000, 1.000000000000000000 ) ) ;
#50 = ADVANCED_FACE ( 'NONE', ( #4434 ), #3399, .T. ) ;
#51 = ADVANCED_FACE ( 'NONE', ( #4477 ), #1991, .F. ) ;
#52 = CARTESIAN_POINT ( 'NONE',  ( 55.99999999999999289, 18.00000000000000000, 31.85000000000000497 ) ) ;
#53 = ORIENTED_EDGE ( 'NONE', *, *, #3793, .T. ) ;
#54 = EDGE_CURVE ( 'NONE', #974, #3109, #3590, .T. ) ;
#55 = ORIENTED_EDGE ( 'NONE', *, *, #119, .T. ) ;
#56 = EDGE_CURVE ( 'NONE', #2772, #1980, #1915, .T. ) ;
#57 = EDGE_CURVE ( 'NONE', #3363, #1714, #1535, .T. ) ;
#58 = VECTOR ( 'NONE', #4390, 1000.000000000000000 ) ;
#59 = CARTESIAN_POINT ( 'NONE',  ( 64.00000000000000000, 0.0000000000000000000, -39.84999999999998010 ) ) ;
#60 = DIRECTION ( 'NONE',  ( -1.000000000000000000, -0.0000000000000000000, -1.753511094850186607E-15 ) ) ;
#61 = DIRECTION ( 'NONE',  ( -1.000000000000000000, -0.0000000000000000000, -0.0000000000000000000 ) ) ;
#62 = ADVANCED_FACE ( 'NONE', ( #1128 ), #1170, .T. ) ;
#63 = ORIENTED_EDGE ( 'NONE', *, *, #1999, .F. ) ;
#64 = LINE ( 'NONE', #4250, #4260 ) ;
#65 = VERTEX_POINT ( 'NONE', #2586 ) ;
#66 = DIRECTION ( 'NONE',  ( 0.0000000000000000000, 1.000000000000000000, 0.0000000000000000000 ) ) ;
#67 = DIRECTION ( 'NONE',  ( 0.0000000000000000000, 0.0000000000000000000, -1.000000000000000000 ) ) ;
#68 = DIRECTION ( 'NONE',  ( 0.0000000000000000000, 0.0000000000000000000, -1.000000000000000000 ) ) ;
#69 = ADVANCED_FACE ( 'NONE', ( #2908 ), #3613, .F. ) ;
#70 = ORIENTED_EDGE ( 'NONE', *, *, #2341, .F. ) ;
#71 = CARTESIAN_POINT ( 'NONE',  ( -64.00000000000001421, -2.000000000000001776, 31.35000000000000853 ) ) ;
#72 = ORIENTED_EDGE ( 'NONE', *, *, #3937, .F. ) ;
#73 = AXIS2_PLACEMENT_3D ( 'NONE', #1775, #2058, #3177 ) ;
#74 = CARTESIAN_POINT ( 'NONE',  ( 64.00000000000000000, 103.0953168557000907, -31.35000000000000853 ) ) ;
#75 = VECTOR ( 'NONE', #2537, 1000.000000000000000 ) ;
#76 = AXIS2_PLACEMENT_3D ( 'NONE', #30, #3159, #2123 ) ;
#77 = CIRCLE ( 'NONE', #2658, 4.216400000000006365 ) ;
#78 = EDGE_CURVE ( 'NONE', #1191, #2778, #3246, .T. ) ;
#79 = CARTESIAN_POINT ( 'NONE',  ( -54.99802985085260332, 8.856218170734882378, -25.65502857142879023 ) ) ;
#80 = VERTEX_POINT ( 'NONE', #2544 ) ;
#81 = CC_DESIGN_DATE_AND_TIME_ASSIGNMENT ( #2632, #193, ( #353 ) ) ;
#82 = VECTOR ( 'NONE', #3880, 1000.000000000000000 ) ;
#83 = VERTEX_POINT ( 'NONE', #2193 ) ;
#84 = AXIS2_PLACEMENT_3D ( 'NONE', #1230, #3353, #2323 ) ;
#85 = DIRECTION ( 'NONE',  ( 0.0000000000000000000, -1.000000000000000000, 0.0000000000000000000 ) ) ;
#86 = CARTESIAN_POINT ( 'NONE',  ( -60.50000000000000000, 7.999999999999998224, 0.0000000000000000000 ) ) ;
#87 =( NAMED_UNIT ( * ) PLANE_ANGLE_UNIT ( ) SI_UNIT ( $, .RADIAN. ) );
#88 = EDGE_CURVE ( 'NONE', #1967, #907, #776, .T. ) ;
#89 = CARTESIAN_POINT ( 'NONE',  ( -65.50000000000000000, -6.000000000000000000, 47.35000000000000853 ) ) ;
#90 = VECTOR ( 'NONE', #1235, 1000.000000000000000 ) ;
#91 = EDGE_CURVE ( 'NONE', #2026, #2444, #1198, .T. ) ;
#92 = EDGE_LOOP ( 'NONE', ( #3799, #3055, #2311, #4544 ) ) ;
#93 = FACE_OUTER_BOUND ( 'NONE', #4234, .T. ) ;
#94 = EDGE_LOOP ( 'NONE', ( #3442, #1361, #3261, #1018 ) ) ;
#95 = DIRECTION ( 'NONE',  ( -0.0000000000000000000, 1.000000000000000000, -0.0000000000000000000 ) ) ;
#96 = FACE_OUTER_BOUND ( 'NONE', #4286, .T. ) ;
#97 = CARTESIAN_POINT ( 'NONE',  ( 42.99999999999998579, 5.999999999999998224, -24.89285714285734841 ) ) ;
#98 = AXIS2_PLACEMENT_3D ( 'NONE', #3832, #696, #676 ) ;
#99 = EDGE_LOOP ( 'NONE', ( #4036, #2726, #1717, #2083, #495, #458, #2979, #634, #550, #2127, #4251, #1420, #3525, #2716, #3088, #2314, #2220, #2893, #1138, #2497, #2789, #1379, #3777, #1346, #4329, #4032, #4353, #655, #1730, #3436, #2883, #2680, #4081, #318, #625, #1274 ) ) ;
#100 = CARTESIAN_POINT ( 'NONE',  ( 1.530808498934188612E-16, 7.999999999999998224, 38.10000000000000853 ) ) ;
#101 = VERTEX_POINT ( 'NONE', #1892 ) ;
#102 = PERSON_AND_ORGANIZATION ( #4282, #2078 ) ;
#103 = DIRECTION ( 'NONE',  ( -0.0000000000000000000, -1.000000000000000000, -0.0000000000000000000 ) ) ;
#104 = DIRECTION ( 'NONE',  ( -0.0000000000000000000, 1.000000000000000000, -0.0000000000000000000 ) ) ;
#105 = EDGE_LOOP ( 'NONE', ( #3589, #41, #2863, #4233 ) ) ;
#106 = DIRECTION ( 'NONE',  ( -0.0000000000000000000, -1.000000000000000000, -0.0000000000000000000 ) ) ;
#107 = LINE ( 'NONE', #4014, #4189 ) ;
#108 = CARTESIAN_POINT ( 'NONE',  ( 63.99999999999998579, -4.499999999999957367, 31.35000000000000853 ) ) ;
#109 = EDGE_CURVE ( 'NONE', #4397, #535, #2864, .T. ) ;
#110 = ORIENTED_EDGE ( 'NONE', *, *, #3126, .T. ) ;
#111 = CARTESIAN_POINT ( 'NONE',  ( 60.50000000000000000, 7.999999999999998224, 0.0000000000000000000 ) ) ;
#112 = EDGE_CURVE ( 'NONE', #3072, #2842, #2219, .T. ) ;
#113 = ORIENTED_EDGE ( 'NONE', *, *, #2843, .F. ) ;
#114 = CARTESIAN_POINT ( 'NONE',  ( -56.00000000000000711, 5.999999999999998224, -27.89285714285734841 ) ) ;
#115 = CARTESIAN_POINT ( 'NONE',  ( 52.99999999999999289, 5.999999999999998224, 34.85000000000001563 ) ) ;
#116 = FACE_OUTER_BOUND ( 'NONE', #2251, .T. ) ;
#117 = CARTESIAN_POINT ( 'NONE',  ( -55.67897930246170546, 6.412603438615785301, -33.21176614558088858 ) ) ;
#118 = ORIENTED_EDGE ( 'NONE', *, *, #2117, .T. ) ;
#119 = EDGE_CURVE ( 'NONE', #3253, #792, #3092, .T. ) ;
#120 = DIRECTION ( 'NONE',  ( -0.0000000000000000000, -1.000000000000000000, -0.0000000000000000000 ) ) ;
#121 = ORIENTED_EDGE ( 'NONE', *, *, #2856, .F. ) ;
#122 = CARTESIAN_POINT ( 'NONE',  ( -60.50000000000000000, 7.999999999999998224, -39.34999999999998010 ) ) ;
#123 = FACE_BOUND ( 'NONE', #1083, .T. ) ;
#124 = ORIENTED_EDGE ( 'NONE', *, *, #268, .F. ) ;
#125 = ORIENTED_EDGE ( 'NONE', *, *, #2664, .T. ) ;
#126 = CARTESIAN_POINT ( 'NONE',  ( 60.50000000000000000, 7.999999999999998224, -1.250000000000001110 ) ) ;
#127 = CYLINDRICAL_SURFACE ( 'NONE', #997, 3.000000000000002665 ) ;
#128 = CYLINDRICAL_SURFACE ( 'NONE', #3831, 1.500000000000001332 ) ;
#129 = DIRECTION ( 'NONE',  ( -0.0000000000000000000, 1.000000000000000000, -0.0000000000000000000 ) ) ;
#130 = AXIS2_PLACEMENT_3D ( 'NONE', #3741, #3429, #2010 ) ;
#131 = VERTEX_POINT ( 'NONE', #3927 ) ;
#132 = DIRECTION ( 'NONE',  ( -6.546126324440783116E-17, 0.0000000000000000000, 1.000000000000000000 ) ) ;
#133 = ORIENTED_EDGE ( 'NONE', *, *, #3611, .T. ) ;
#134 = LINE ( 'NONE', #3649, #1636 ) ;
#135 = CARTESIAN_POINT ( 'NONE',  ( -61.00000000000000000, 18.00000000000000000, 39.85000000000000853 ) ) ;
#136 = EDGE_CURVE ( 'NONE', #35, #1303, #578, .T. ) ;
#137 = CARTESIAN_POINT ( 'NONE',  ( 64.00000000000000000, 18.00000000000000000, 39.85000000000000853 ) ) ;
#138 = CARTESIAN_POINT ( 'NONE',  ( -64.00000000000001421, -4.499999999999957367, -41.37500000000000000 ) ) ;
#139 = ORIENTED_EDGE ( 'NONE', *, *, #2907, .T. ) ;
#140 = CARTESIAN_POINT ( 'NONE',  ( -26.00000000000000000, 5.999999999999998224, -1.978571428571556767 ) ) ;
#141 = ORIENTED_EDGE ( 'NONE', *, *, #1576, .T. ) ;
#142 = PERSON_AND_ORGANIZATION_ROLE ( 'creator' ) ;
#143 = AXIS2_PLACEMENT_3D ( 'NONE', #3665, #513, #1933 ) ;
#144 = DIRECTION ( 'NONE',  ( 1.000000000000000000, 0.0000000000000000000, -0.0000000000000000000 ) ) ;
#145 = EDGE_CURVE ( 'NONE', #162, #1119, #4309, .T. ) ;
#146 = AXIS2_PLACEMENT_3D ( 'NONE', #829, #3584, #4287 ) ;
#147 = CARTESIAN_POINT ( 'NONE',  ( -55.03832309538049827, 8.427926545000049785, -25.69156026518161084 ) ) ;
#148 = LOCAL_TIME ( 10, 26, 6.000000000000000000, #4311 ) ;
#149 = EDGE_CURVE ( 'NONE', #2437, #3515, #3293, .T. ) ;
#150 = VECTOR ( 'NONE', #42, 1000.000000000000000 ) ;
#151 = CIRCLE ( 'NONE', #729, 1.249999999999987121 ) ;
#152 = EDGE_LOOP ( 'NONE', ( #1747, #3627, #3781 ) ) ;
#153 = DIRECTION ( 'NONE',  ( -0.0000000000000000000, 1.000000000000000000, -0.0000000000000000000 ) ) ;
#154 = AXIS2_PLACEMENT_3D ( 'NONE', #266, #1671, #975 ) ;
#155 = CONICAL_SURFACE ( 'NONE', #4492, 1.250000000000001110, 1.029744258676654090 ) ;
#156 = CYLINDRICAL_SURFACE ( 'NONE', #1530, 3.000000000000012879 ) ;
#157 = VECTOR ( 'NONE', #4022, 1000.000000000000000 ) ;
#158 = DIRECTION ( 'NONE',  ( -1.753511094850197651E-15, 0.0000000000000000000, 1.000000000000000000 ) ) ;
#159 = VECTOR ( 'NONE', #3087, 1000.000000000000000 ) ;
#160 = ORIENTED_EDGE ( 'NONE', *, *, #1227, .T. ) ;
#161 = CARTESIAN_POINT ( 'NONE',  ( -36.00000000000001421, 5.999999999999998224, -11.93571428571445203 ) ) ;
#162 = VERTEX_POINT ( 'NONE', #71 ) ;
#163 = CARTESIAN_POINT ( 'NONE',  ( 0.0000000000000000000, -6.000000000000000000, 0.0000000000000000000 ) ) ;
#164 = DIRECTION ( 'NONE',  ( 0.0000000000000000000, 0.0000000000000000000, -1.000000000000000000 ) ) ;
#165 = CARTESIAN_POINT ( 'NONE',  ( 46.00000000000000000, 18.00000000000000000, -21.89285714285733775 ) ) ;
#166 = CONICAL_SURFACE ( 'NONE', #3108, 5.143372999999999529, 0.02993239667170246449 ) ;
#167 = VECTOR ( 'NONE', #4240, 1000.000000000000000 ) ;
#168 = DIRECTION ( 'NONE',  ( -1.000000000000000000, -0.0000000000000000000, -0.0000000000000000000 ) ) ;
#169 = ORIENTED_EDGE ( 'NONE', *, *, #725, .T. ) ;
#170 = CARTESIAN_POINT ( 'NONE',  ( 52.99999999999999289, 5.999999999999998224, -7.978571428571572532 ) ) ;
#171 = AXIS2_PLACEMENT_3D ( 'NONE', #930, #561, #2738 ) ;
#172 = ORIENTED_EDGE ( 'NONE', *, *, #3413, .F. ) ;
#173 = DATE_AND_TIME ( #1493, #1040 ) ;
#174 = DIRECTION ( 'NONE',  ( -0.0000000000000000000, 1.000000000000000000, -0.0000000000000000000 ) ) ;
#175 = CIRCLE ( 'NONE', #244, 1.250000000000001110 ) ;
#176 = EDGE_CURVE ( 'NONE', #101, #3354, #2937, .T. ) ;
#177 = DIRECTION ( 'NONE',  ( 0.0000000000000000000, -0.0000000000000000000, -1.000000000000000000 ) ) ;
#178 = ORIENTED_EDGE ( 'NONE', *, *, #202, .T. ) ;
#179 = CARTESIAN_POINT ( 'NONE',  ( -64.00000000000000000, 9.000000000000000000, -29.87142857142879038 ) ) ;
#180 = CARTESIAN_POINT ( 'NONE',  ( -43.00000000000000000, 5.999999999999998224, 24.89285714285711748 ) ) ;
#181 = PLANE ( 'NONE',  #240 ) ;
#182 = ORIENTED_EDGE ( 'NONE', *, *, #3685, .T. ) ;
#183 = CARTESIAN_POINT ( 'NONE',  ( -22.99999999999999289, 18.00000000000000000, -4.978571428571565427 ) ) ;
#184 = ORIENTED_EDGE ( 'NONE', *, *, #3949, .T. ) ;
#185 = DIRECTION ( 'NONE',  ( 0.0000000000000000000, 0.0000000000000000000, -1.000000000000000000 ) ) ;
#186 = FACE_OUTER_BOUND ( 'NONE', #1846, .T. ) ;
#187 = CYLINDRICAL_SURFACE ( 'NONE', #1545, 1.249999999999994227 ) ;
#188 = DIRECTION ( 'NONE',  ( 0.0000000000000000000, -1.000000000000000000, 0.0000000000000000000 ) ) ;
#189 = VERTEX_POINT ( 'NONE', #3269 ) ;
#190 = ORIENTED_EDGE ( 'NONE', *, *, #1065, .F. ) ;
#191 = CARTESIAN_POINT ( 'NONE',  ( 65.50000000000000000, 0.0000000000000000000, 47.35000000000000853 ) ) ;
#192 = ORIENTED_EDGE ( 'NONE', *, *, #781, .T. ) ;
#193 = DATE_TIME_ROLE ( 'creation_date' ) ;
#194 = DIRECTION ( 'NONE',  ( -0.0000000000000000000, 1.000000000000000000, -0.0000000000000000000 ) ) ;
#195 = AXIS2_PLACEMENT_3D ( 'NONE', #1955, #838, #2254 ) ;
#196 = DIRECTION ( 'NONE',  ( 0.0000000000000000000, 0.0000000000000000000, 1.000000000000000000 ) ) ;
#197 = ADVANCED_FACE ( 'NONE', ( #758 ), #1515, .T. ) ;
#198 = ORIENTED_EDGE ( 'NONE', *, *, #3230, .F. ) ;
#199 = CARTESIAN_POINT ( 'NONE',  ( 64.00000000000000000, 18.00000000000000000, 42.85000000000001563 ) ) ;
#200 = DIRECTION ( 'NONE',  ( 1.000000000000000000, 0.0000000000000000000, 0.0000000000000000000 ) ) ;
#201 = CARTESIAN_POINT ( 'NONE',  ( -52.50000000000000711, -6.000000000000000000, -47.34999999999998010 ) ) ;
#202 = EDGE_CURVE ( 'NONE', #1067, #2823, #1221, .T. ) ;
#203 = VERTEX_POINT ( 'NONE', #212 ) ;
#204 = CARTESIAN_POINT ( 'NONE',  ( 64.00000000000000000, 0.0000000000000000000, 39.85000000000000853 ) ) ;
#205 = ORIENTED_EDGE ( 'NONE', *, *, #2801, .T. ) ;
#206 = CARTESIAN_POINT ( 'NONE',  ( -64.00000000000001421, -4.499999999999957367, -41.37500000000000000 ) ) ;
#207 = DIRECTION ( 'NONE',  ( -0.0000000000000000000, 1.000000000000000000, -0.0000000000000000000 ) ) ;
#208 = PLANE ( 'NONE',  #2804 ) ;
#209 = CARTESIAN_POINT ( 'NONE',  ( 63.99999999999998579, -4.499999999999957367, 41.37500000000000000 ) ) ;
#210 = ADVANCED_FACE ( 'NONE', ( #1609 ), #599, .F. ) ;
#211 = EDGE_LOOP ( 'NONE', ( #652, #2401 ) ) ;
#212 = CARTESIAN_POINT ( 'NONE',  ( 52.50000000000000711, -6.000000000000000000, -44.37500000000004974 ) ) ;
#213 = VERTEX_POINT ( 'NONE', #4095 ) ;
#214 = EDGE_CURVE ( 'NONE', #1456, #2191, #876, .T. ) ;
#215 = CARTESIAN_POINT ( 'NONE',  ( -52.50000000000000711, -6.000000000000000000, 44.37500000000004974 ) ) ;
#216 = DIRECTION ( 'NONE',  ( -1.000000000000000000, -0.0000000000000000000, -0.0000000000000000000 ) ) ;
#217 = AXIS2_PLACEMENT_3D ( 'NONE', #526, #4450, #3705 ) ;
#218 = CARTESIAN_POINT ( 'NONE',  ( 60.50000000000000000, 18.00000000000000000, -1.249999999999987121 ) ) ;
#219 = EDGE_CURVE ( 'NONE', #4257, #1145, #941, .T. ) ;
#220 = DIRECTION ( 'NONE',  ( 1.049727191138618449E-16, 0.5150380749100544886, -0.8571673007021121116 ) ) ;
#221 = ADVANCED_FACE ( 'NONE', ( #2700 ), #4422, .F. ) ;
#222 = CARTESIAN_POINT ( 'NONE',  ( -62.50000000000001421, -4.499999999999957367, 42.87500000000000000 ) ) ;
#223 = AXIS2_PLACEMENT_3D ( 'NONE', #3804, #2630, #3023 ) ;
#224 = CYLINDRICAL_SURFACE ( 'NONE', #4203, 1.249999999999994227 ) ;
#225 = VERTEX_POINT ( 'NONE', #261 ) ;
#226 = LINE ( 'NONE', #3040, #3825 ) ;
#227 = CIRCLE ( 'NONE', #801, 3.000000000000006217 ) ;
#228 = CIRCLE ( 'NONE', #3314, 1.250000000000001110 ) ;
#229 = VERTEX_POINT ( 'NONE', #191 ) ;
#230 = CARTESIAN_POINT ( 'NONE',  ( -65.50000000000005684, -6.000000000000000000, -31.35000000000000853 ) ) ;
#231 = VECTOR ( 'NONE', #3218, 1000.000000000000000 ) ;
#232 = DIRECTION ( 'NONE',  ( 0.0000000000000000000, 1.000000000000000000, -0.0000000000000000000 ) ) ;
#233 = EDGE_CURVE ( 'NONE', #1714, #2276, #3368, .T. ) ;
#234 = DIRECTION ( 'NONE',  ( 1.000000000000000000, 0.0000000000000000000, 0.0000000000000000000 ) ) ;
#235 = DIRECTION ( 'NONE',  ( 0.0000000000000000000, 0.0000000000000000000, 1.000000000000000000 ) ) ;
#236 = VECTOR ( 'NONE', #4218, 1000.000000000000000 ) ;
#237 = ORIENTED_EDGE ( 'NONE', *, *, #818, .T. ) ;
#238 = DIRECTION ( 'NONE',  ( 0.0000000000000000000, 0.0000000000000000000, -1.000000000000000000 ) ) ;
#239 = ORIENTED_EDGE ( 'NONE', *, *, #1073, .T. ) ;
#240 = AXIS2_PLACEMENT_3D ( 'NONE', #3403, #4063, #3715 ) ;
#241 = PLANE ( 'NONE',  #3962 ) ;
#242 = AXIS2_PLACEMENT_3D ( 'NONE', #2800, #1746, #2095 ) ;
#243 = DIRECTION ( 'NONE',  ( 0.0000000000000000000, 0.0000000000000000000, -1.000000000000000000 ) ) ;
#244 = AXIS2_PLACEMENT_3D ( 'NONE', #837, #813, #537 ) ;
#245 = DIRECTION ( 'NONE',  ( 1.000000000000000000, 0.0000000000000000000, -0.0000000000000000000 ) ) ;
#246 = CIRCLE ( 'NONE', #98, 4.216400000000000148 ) ;
#247 = CARTESIAN_POINT ( 'NONE',  ( 43.00000000000000000, 5.999999999999998224, 21.89285714285710327 ) ) ;
#248 = CYLINDRICAL_SURFACE ( 'NONE', #4139, 1.249999999999994227 ) ;
#249 = DIRECTION ( 'NONE',  ( 1.000000000000000000, 0.0000000000000000000, 0.0000000000000000000 ) ) ;
#250 = LINE ( 'NONE', #2302, #1628 ) ;
#251 = VERTEX_POINT ( 'NONE', #4376 ) ;
#252 = CARTESIAN_POINT ( 'NONE',  ( -64.87867965644036872, -5.378679656440315426, 41.37500000000000000 ) ) ;
#253 = ORIENTED_EDGE ( 'NONE', *, *, #3272, .T. ) ;
#254 = DIRECTION ( 'NONE',  ( -1.000000000000000000, -0.0000000000000000000, -0.0000000000000000000 ) ) ;
#255 = CARTESIAN_POINT ( 'NONE',  ( 64.00000000000000000, 0.0000000000000000000, 42.85000000000001563 ) ) ;
#256 = DIRECTION ( 'NONE',  ( 0.0000000000000000000, 0.0000000000000000000, 1.000000000000000000 ) ) ;
#257 = EDGE_CURVE ( 'NONE', #3501, #1459, #2015, .T. ) ;
#258 = CARTESIAN_POINT ( 'NONE',  ( -51.64995883598577109, 5.999999999999998224, -29.35180908233533614 ) ) ;
#259 = ORIENTED_EDGE ( 'NONE', *, *, #3516, .F. ) ;
#260 = ADVANCED_FACE ( 'NONE', ( #870 ), #1317, .F. ) ;
#261 = CARTESIAN_POINT ( 'NONE',  ( -36.00000000000000711, 18.00000000000000000, -11.93571428571445203 ) ) ;
#262 = ORIENTED_EDGE ( 'NONE', *, *, #4219, .F. ) ;
#263 = DIRECTION ( 'NONE',  ( -0.0000000000000000000, 1.000000000000000000, -0.0000000000000000000 ) ) ;
#264 = EDGE_CURVE ( 'NONE', #3931, #1459, #3955, .T. ) ;
#265 = VERTEX_POINT ( 'NONE', #1310 ) ;
#266 = CARTESIAN_POINT ( 'NONE',  ( -64.00000000000000000, 9.000000000000000000, -29.87142857142879038 ) ) ;
#267 = CARTESIAN_POINT ( 'NONE',  ( -57.08000000000000540, 9.000000000000000000, -29.87142857142879038 ) ) ;
#268 = EDGE_CURVE ( 'NONE', #932, #2474, #4258, .T. ) ;
#269 = CARTESIAN_POINT ( 'NONE',  ( 56.00000000000000000, 5.999999999999998224, -7.978571428571572532 ) ) ;
#270 = CARTESIAN_POINT ( 'NONE',  ( 60.50000000000000000, 7.999999999999998224, 1.250000000000001110 ) ) ;
#271 = DIRECTION ( 'NONE',  ( -1.000000000000000000, -0.0000000000000000000, 1.141265444721583850E-17 ) ) ;
#272 = EDGE_CURVE ( 'NONE', #2823, #1119, #2266, .T. ) ;
#273 = CYLINDRICAL_SURFACE ( 'NONE', #1337, 3.000000000000009770 ) ;
#274 = ORIENTED_EDGE ( 'NONE', *, *, #2843, .T. ) ;
#275 = ORIENTED_EDGE ( 'NONE', *, *, #698, .T. ) ;
#276 = CARTESIAN_POINT ( 'NONE',  ( 52.99999999999999289, 5.999999999999998224, 34.85000000000001563 ) ) ;
#277 = DIRECTION ( 'NONE',  ( -0.0000000000000000000, -1.000000000000000000, -0.0000000000000000000 ) ) ;
#278 = DIRECTION ( 'NONE',  ( -0.0000000000000000000, 1.000000000000000000, -0.0000000000000000000 ) ) ;
#279 = CARTESIAN_POINT ( 'NONE',  ( -60.50000000000000000, 18.00000000000000000, 39.35000000000000853 ) ) ;
#280 = ORIENTED_EDGE ( 'NONE', *, *, #1514, .F. ) ;
#281 = CARTESIAN_POINT ( 'NONE',  ( -68.49999999999998579, -2.000000000000001776, -31.35000000000000853 ) ) ;
#282 = ADVANCED_FACE ( 'NONE', ( #3747 ), #4073, .F. ) ;
#283 = ORIENTED_EDGE ( 'NONE', *, *, #1091, .F. ) ;
#284 = LINE ( 'NONE', #1667, #3390 ) ;
#285 = VECTOR ( 'NONE', #2809, 1000.000000000000000 ) ;
#286 = ORIENTED_EDGE ( 'NONE', *, *, #3708, .T. ) ;
#287 = DIRECTION ( 'NONE',  ( -0.0000000000000000000, 1.000000000000000000, -0.0000000000000000000 ) ) ;
#288 = EDGE_CURVE ( 'NONE', #4113, #721, #2978, .T. ) ;
#289 = DIRECTION ( 'NONE',  ( 0.0000000000000000000, 0.0000000000000000000, 1.000000000000000000 ) ) ;
#290 = ORIENTED_EDGE ( 'NONE', *, *, #1142, .T. ) ;
#291 = DIRECTION ( 'NONE',  ( -0.0000000000000000000, -1.000000000000000000, -0.0000000000000000000 ) ) ;
#292 = FACE_OUTER_BOUND ( 'NONE', #2564, .T. ) ;
#293 = PLANE ( 'NONE',  #1850 ) ;
#294 = ORIENTED_EDGE ( 'NONE', *, *, #1971, .F. ) ;
#295 = VERTEX_POINT ( 'NONE', #2289 ) ;
#296 = CARTESIAN_POINT ( 'NONE',  ( -64.00000000000000000, 9.000000000000000000, -29.87142857142879038 ) ) ;
#297 = AXIS2_PLACEMENT_3D ( 'NONE', #2562, #1491, #4005 ) ;
#298 = CARTESIAN_POINT ( 'NONE',  ( -68.49999999999998579, -2.000000000000001776, 31.35000000000000853 ) ) ;
#299 = CYLINDRICAL_SURFACE ( 'NONE', #4415, 1.500000000000001332 ) ;
#300 = CARTESIAN_POINT ( 'NONE',  ( -52.50000000000000711, 103.0953168557000907, 47.35000000000002984 ) ) ;
#301 = CONICAL_SURFACE ( 'NONE', #879, 1.250000000000001110, 1.029744258676654090 ) ;
#302 = VERTEX_POINT ( 'NONE', #920 ) ;
#303 = FACE_OUTER_BOUND ( 'NONE', #2426, .T. ) ;
#304 = ORIENTED_EDGE ( 'NONE', *, *, #346, .T. ) ;
#305 = CIRCLE ( 'NONE', #1847, 3.000000000000002665 ) ;
#306 = CARTESIAN_POINT ( 'NONE',  ( 64.00000000000000000, -2.000000000000001776, -31.35000000000000853 ) ) ;
#307 = VECTOR ( 'NONE', #1262, 1000.000000000000000 ) ;
#308 = ORIENTED_EDGE ( 'NONE', *, *, #1035, .T. ) ;
#309 = CARTESIAN_POINT ( 'NONE',  ( -53.00000000000000000, 5.999999999999998224, -24.89285714285734841 ) ) ;
#310 = LINE ( 'NONE', #1724, #443 ) ;
#311 = AXIS2_PLACEMENT_3D ( 'NONE', #1370, #4136, #4458 ) ;
#312 = ORIENTED_EDGE ( 'NONE', *, *, #3488, .T. ) ;
#313 = EDGE_CURVE ( 'NONE', #1608, #2636, #4049, .T. ) ;
#314 = VECTOR ( 'NONE', #1069, 1000.000000000000000 ) ;
#315 = FACE_BOUND ( 'NONE', #4249, .T. ) ;
#316 = DIRECTION ( 'NONE',  ( 1.000000000000000000, 0.0000000000000000000, -0.0000000000000000000 ) ) ;
#317 = VECTOR ( 'NONE', #34, 1000.000000000000227 ) ;
#318 = ORIENTED_EDGE ( 'NONE', *, *, #1798, .F. ) ;
#319 = ORIENTED_EDGE ( 'NONE', *, *, #638, .F. ) ;
#320 = DIRECTION ( 'NONE',  ( -1.000000000000000000, -0.0000000000000000000, -0.0000000000000000000 ) ) ;
#321 = CARTESIAN_POINT ( 'NONE',  ( -55.11294799653368415, 9.962615608358186492, -25.76199648662832331 ) ) ;
#322 = DIRECTION ( 'NONE',  ( -1.000000000000000000, 0.0000000000000000000, 1.584739227646016213E-16 ) ) ;
#323 = DIRECTION ( 'NONE',  ( 0.0000000000000000000, 0.0000000000000000000, 1.000000000000000000 ) ) ;
#324 = ORIENTED_EDGE ( 'NONE', *, *, #4161, .T. ) ;
#325 = CARTESIAN_POINT ( 'NONE',  ( -52.37999999999999545, 5.999999999999998224, -12.89848814816162736 ) ) ;
#326 = ORIENTED_EDGE ( 'NONE', *, *, #3874, .F. ) ;
#327 = LINE ( 'NONE', #5, #1464 ) ;
#328 = ORIENTED_EDGE ( 'NONE', *, *, #923, .T. ) ;
#329 = CARTESIAN_POINT ( 'NONE',  ( 68.50000000000000000, -2.000000000000001776, -31.35000000000000853 ) ) ;
#330 = CYLINDRICAL_SURFACE ( 'NONE', #3757, 1.249999999999994227 ) ;
#331 = EDGE_CURVE ( 'NONE', #83, #80, #1946, .T. ) ;
#332 = DIRECTION ( 'NONE',  ( 0.0000000000000000000, 0.0000000000000000000, 1.000000000000000000 ) ) ;
#333 = DIRECTION ( 'NONE',  ( -0.0000000000000000000, -1.000000000000000000, 0.0000000000000000000 ) ) ;
#334 = ORIENTED_EDGE ( 'NONE', *, *, #614, .F. ) ;
#335 = DIRECTION ( 'NONE',  ( 0.0000000000000000000, -0.0000000000000000000, -1.000000000000000000 ) ) ;
#336 = CARTESIAN_POINT ( 'NONE',  ( -55.68961025074212756, 6.412857458410045730, -13.27623210928892483 ) ) ;
#337 = DIRECTION ( 'NONE',  ( -0.0000000000000000000, -1.000000000000000000, -0.0000000000000000000 ) ) ;
#338 = EDGE_CURVE ( 'NONE', #1980, #510, #2312, .T. ) ;
#339 = CARTESIAN_POINT ( 'NONE',  ( -68.49999999999998579, -2.000000000000001776, -31.35000000000000853 ) ) ;
#340 = VERTEX_POINT ( 'NONE', #3137 ) ;
#341 = DIRECTION ( 'NONE',  ( 1.584739227646016213E-16, 0.0000000000000000000, 1.000000000000000000 ) ) ;
#342 = ORIENTED_EDGE ( 'NONE', *, *, #1950, .T. ) ;
#343 = EDGE_CURVE ( 'NONE', #3639, #3276, #3089, .T. ) ;
#344 = LINE ( 'NONE', #3560, #1544 ) ;
#345 = ORIENTED_EDGE ( 'NONE', *, *, #4423, .T. ) ;
#346 = EDGE_CURVE ( 'NONE', #2026, #1729, #688, .T. ) ;
#347 = CARTESIAN_POINT ( 'NONE',  ( -55.01347113383312148, 9.390125733378155815, -34.07430199596942089 ) ) ;
#348 = AXIS2_PLACEMENT_3D ( 'NONE', #4516, #4486, #1283 ) ;
#349 = FACE_OUTER_BOUND ( 'NONE', #3683, .T. ) ;
#350 = VERTEX_POINT ( 'NONE', #3514 ) ;
#351 = EDGE_CURVE ( 'NONE', #2604, #3405, #2084, .T. ) ;
#352 = ORIENTED_EDGE ( 'NONE', *, *, #1560, .T. ) ;
#353 = PRODUCT_DEFINITION ( 'UNKNOWN', '', #4201, #2517 ) ;
#354 = DIRECTION ( 'NONE',  ( -0.0000000000000000000, 1.000000000000000000, -0.0000000000000000000 ) ) ;
#355 = CYLINDRICAL_SURFACE ( 'NONE', #3079, 1.249999999999994227 ) ;
#356 = LINE ( 'NONE', #2136, #2441 ) ;
#357 = DIRECTION ( 'NONE',  ( -0.0000000000000000000, 1.000000000000000000, -0.0000000000000000000 ) ) ;
#358 = VERTEX_POINT ( 'NONE', #705 ) ;
#359 = CARTESIAN_POINT ( 'NONE',  ( -56.00000000000000711, 18.00000000000000000, -11.93571428571446269 ) ) ;
#360 = AXIS2_PLACEMENT_3D ( 'NONE', #247, #1673, #3076 ) ;
#361 = ADVANCED_FACE ( 'NONE', ( #303 ), #2434, .F. ) ;
#362 = ORIENTED_EDGE ( 'NONE', *, *, #2035, .T. ) ;
#363 = FACE_BOUND ( 'NONE', #1800, .T. ) ;
#364 = AXIS2_PLACEMENT_3D ( 'NONE', #533, #1691, #243 ) ;
#365 = VECTOR ( 'NONE', #1316, 1000.000000000000000 ) ;
#366 = ORIENTED_EDGE ( 'NONE', *, *, #3662, .T. ) ;
#367 = AXIS2_PLACEMENT_3D ( 'NONE', #1292, #287, #4056 ) ;
#368 = VECTOR ( 'NONE', #3726, 1000.000000000000114 ) ;
#369 = VECTOR ( 'NONE', #1005, 1000.000000000000114 ) ;
#370 = CARTESIAN_POINT ( 'NONE',  ( -55.63841731546308012, 11.48770044006562330, -33.29592278475579548 ) ) ;
#371 = VECTOR ( 'NONE', #2628, 1000.000000000000000 ) ;
#372 = CARTESIAN_POINT ( 'NONE',  ( -65.50000000000000000, -6.000000000000000000, -44.34999999999998010 ) ) ;
#373 = CIRCLE ( 'NONE', #442, 3.000000000000002665 ) ;
#374 = ORIENTED_EDGE ( 'NONE', *, *, #1266, .F. ) ;
#375 = AXIS2_PLACEMENT_3D ( 'NONE', #3885, #3502, #1081 ) ;
#376 = AXIS2_PLACEMENT_3D ( 'NONE', #914, #567, #2077 ) ;
#377 = VERTEX_POINT ( 'NONE', #3481 ) ;
#378 = DIRECTION ( 'NONE',  ( -0.0000000000000000000, -0.0000000000000000000, -1.000000000000000000 ) ) ;
#379 = CARTESIAN_POINT ( 'NONE',  ( 64.00000000000000000, -2.000000000000001776, 31.35000000000000853 ) ) ;
#380 = CARTESIAN_POINT ( 'NONE',  ( -64.00000000000001421, -2.000000000000000000, -42.87500000000000000 ) ) ;
#381 = AXIS2_PLACEMENT_3D ( 'NONE', #3008, #610, #4404 ) ;
#382 = DIRECTION ( 'NONE',  ( 0.0000000000000000000, 0.0000000000000000000, 1.000000000000000000 ) ) ;
#383 = ORIENTED_EDGE ( 'NONE', *, *, #1728, .F. ) ;
#384 = DIRECTION ( 'NONE',  ( -0.0000000000000000000, 1.000000000000000000, -0.0000000000000000000 ) ) ;
#385 = VERTEX_POINT ( 'NONE', #3774 ) ;
#386 = EDGE_CURVE ( 'NONE', #2692, #2752, #1755, .T. ) ;
#387 = DIRECTION ( 'NONE',  ( -0.0000000000000000000, 1.000000000000000000, -0.0000000000000000000 ) ) ;
#388 = EDGE_CURVE ( 'NONE', #302, #1051, #2104, .T. ) ;
#389 = VERTEX_POINT ( 'NONE', #643 ) ;
#390 = CARTESIAN_POINT ( 'NONE',  ( -60.50000000000000000, 18.00000000000000000, 0.0000000000000000000 ) ) ;
#391 = ORIENTED_EDGE ( 'NONE', *, *, #2391, .F. ) ;
#392 = CARTESIAN_POINT ( 'NONE',  ( -60.50000000000000000, 7.999999999999998224, -38.09999999999998010 ) ) ;
#393 = EDGE_CURVE ( 'NONE', #2464, #3919, #3845, .T. ) ;
#394 = CARTESIAN_POINT ( 'NONE',  ( 52.50000000000000711, -2.000000000000001776, 47.35000000000002984 ) ) ;
#395 = EDGE_LOOP ( 'NONE', ( #3453, #598, #125, #3041 ) ) ;
#396 = ADVANCED_FACE ( 'NONE', ( #4169 ), #623, .F. ) ;
#397 = ORIENTED_EDGE ( 'NONE', *, *, #1803, .F. ) ;
#398 = LINE ( 'NONE', #3856, #3119 ) ;
#399 = EDGE_CURVE ( 'NONE', #2673, #1133, #2036, .T. ) ;
#400 = DIRECTION ( 'NONE',  ( -1.000000000000000000, -0.0000000000000000000, -0.0000000000000000000 ) ) ;
#401 = B_SPLINE_CURVE_WITH_KNOTS ( 'NONE', 3,
 ( #1659, #637, #2030, #3450, #2100, #3494, #2403, #336, #2420, #963 ),
 .UNSPECIFIED., .F., .F.,
 ( 4, 2, 2, 2, 4 ),
 ( 0.004644536245604693157, 0.005499642939965083098, 0.006354749634325472171, 0.007209856328685862112, 0.008064963023046252052 ),
 .UNSPECIFIED. ) ;
#402 = DIRECTION ( 'NONE',  ( -0.0000000000000000000, 1.000000000000000000, -0.0000000000000000000 ) ) ;
#403 = ORIENTED_EDGE ( 'NONE', *, *, #1977, .T. ) ;
#404 = LINE ( 'NONE', #2208, #150 ) ;
#405 = ORIENTED_EDGE ( 'NONE', *, *, #2615, .F. ) ;
#406 = CARTESIAN_POINT ( 'NONE',  ( 60.50000000000000000, 7.999999999999998224, -38.09999999999998010 ) ) ;
#407 = DIRECTION ( 'NONE',  ( 0.0000000000000000000, 0.0000000000000000000, 1.000000000000000000 ) ) ;
#408 = DIRECTION ( 'NONE',  ( -0.0000000000000000000, -1.000000000000000000, -0.0000000000000000000 ) ) ;
#409 = VERTEX_POINT ( 'NONE', #3156 ) ;
#410 = EDGE_CURVE ( 'NONE', #4257, #3820, #658, .T. ) ;
#411 = DIRECTION ( 'NONE',  ( 0.0000000000000000000, -1.000000000000000000, 0.0000000000000000000 ) ) ;
#412 = VERTEX_POINT ( 'NONE', #1360 ) ;
#413 = CARTESIAN_POINT ( 'NONE',  ( -60.50000000000000000, 18.00000000000000000, -38.09999999999998721 ) ) ;
#414 = ORIENTED_EDGE ( 'NONE', *, *, #257, .F. ) ;
#415 = EDGE_CURVE ( 'NONE', #1025, #3706, #2557, .T. ) ;
#416 = CARTESIAN_POINT ( 'NONE',  ( 52.99999999999999289, 5.999999999999998224, 31.85000000000000497 ) ) ;
#417 = ORIENTED_EDGE ( 'NONE', *, *, #3819, .T. ) ;
#418 = VECTOR ( 'NONE', #3813, 1000.000000000000000 ) ;
#419 = ORIENTED_EDGE ( 'NONE', *, *, #3347, .F. ) ;
#420 = FACE_BOUND ( 'NONE', #3604, .T. ) ;
#421 = CARTESIAN_POINT ( 'NONE',  ( -55.75867286844712822, 11.78070141244100455, -26.67940924408666348 ) ) ;
#422 = LINE ( 'NONE', #839, #2142 ) ;
#423 = LINE ( 'NONE', #2621, #3397 ) ;
#424 = ORIENTED_EDGE ( 'NONE', *, *, #2337, .T. ) ;
#425 = CYLINDRICAL_SURFACE ( 'NONE', #4195, 3.000000000000007550 ) ;
#426 = ORIENTED_EDGE ( 'NONE', *, *, #1833, .F. ) ;
#427 = CARTESIAN_POINT ( 'NONE',  ( 65.49999999999998579, -6.000000000000000000, 42.87500000000000000 ) ) ;
#428 = DIRECTION ( 'NONE',  ( -0.0000000000000000000, 1.000000000000000000, -0.0000000000000000000 ) ) ;
#429 = CARTESIAN_POINT ( 'NONE',  ( -54.99802985085259621, 9.000000000000000000, -34.08782857142880118 ) ) ;
#430 = ORIENTED_EDGE ( 'NONE', *, *, #3254, .F. ) ;
#431 = DIRECTION ( 'NONE',  ( 0.0000000000000000000, -1.000000000000000000, 0.0000000000000000000 ) ) ;
#432 = ORIENTED_EDGE ( 'NONE', *, *, #1757, .F. ) ;
#433 = VECTOR ( 'NONE', #4354, 1000.000000000000000 ) ;
#434 = LINE ( 'NONE', #2911, #1922 ) ;
#435 = VECTOR ( 'NONE', #2672, 1000.000000000000000 ) ;
#436 = AXIS2_PLACEMENT_3D ( 'NONE', #2589, #4009, #3296 ) ;
#437 = AXIS2_PLACEMENT_3D ( 'NONE', #2116, #1418, #3114 ) ;
#438 = FACE_BOUND ( 'NONE', #1882, .T. ) ;
#439 = VERTEX_POINT ( 'NONE', #4187 ) ;
#440 = EDGE_CURVE ( 'NONE', #83, #3639, #3435, .T. ) ;
#441 = EDGE_LOOP ( 'NONE', ( #3710, #2324 ) ) ;
#442 = AXIS2_PLACEMENT_3D ( 'NONE', #1503, #767, #1863 ) ;
#443 = VECTOR ( 'NONE', #3162, 1000.000000000000000 ) ;
#444 = CARTESIAN_POINT ( 'NONE',  ( -52.50000000000000711, -4.499999999999957367, 42.87500000000000000 ) ) ;
#445 = CARTESIAN_POINT ( 'NONE',  ( 0.0000000000000000000, 7.999999999999998224, 21.16428571428566485 ) ) ;
#446 = APPLICATION_PROTOCOL_DEFINITION ( 'international standard', 'config_control_design', 1994, #4440 ) ;
#447 = LINE ( 'NONE', #108, #3467 ) ;
#448 = VECTOR ( 'NONE', #654, 1000.000000000000000 ) ;
#449 = VERTEX_POINT ( 'NONE', #991 ) ;
#450 = LINE ( 'NONE', #4232, #3522 ) ;
#451 = ORIENTED_EDGE ( 'NONE', *, *, #2815, .T. ) ;
#452 = DIRECTION ( 'NONE',  ( 0.0000000000000000000, -1.000000000000000000, 0.0000000000000000000 ) ) ;
#453 = VECTOR ( 'NONE', #487, 1000.000000000000000 ) ;
#454 = CARTESIAN_POINT ( 'NONE',  ( -64.00000000000000000, 9.000000000000000000, -24.72805557142879351 ) ) ;
#455 = DIRECTION ( 'NONE',  ( -1.000000000000000000, 0.0000000000000000000, 1.584739227646016213E-16 ) ) ;
#456 = DIRECTION ( 'NONE',  ( -0.0000000000000000000, 1.000000000000000000, -0.0000000000000000000 ) ) ;
#457 = AXIS2_PLACEMENT_3D ( 'NONE', #631, #4435, #1276 ) ;
#458 = ORIENTED_EDGE ( 'NONE', *, *, #2458, .F. ) ;
#459 = CARTESIAN_POINT ( 'NONE',  ( 46.00000000000000000, 5.999999999999998224, 17.93571428571422999 ) ) ;
#460 = ORIENTED_EDGE ( 'NONE', *, *, #1084, .T. ) ;
#461 = SECURITY_CLASSIFICATION_LEVEL ( 'unclassified' ) ;
#462 = DIRECTION ( 'NONE',  ( -1.000000000000000000, 0.0000000000000000000, 0.0000000000000000000 ) ) ;
#463 = CARTESIAN_POINT ( 'NONE',  ( 56.00000000000000000, 5.999999999999998224, -7.978571428571572532 ) ) ;
#464 = EDGE_CURVE ( 'NONE', #2051, #3363, #1033, .T. ) ;
#465 = ORIENTED_EDGE ( 'NONE', *, *, #1780, .T. ) ;
#466 = EDGE_CURVE ( 'NONE', #3342, #4104, #4406, .T. ) ;
#467 = CARTESIAN_POINT ( 'NONE',  ( 1.530808498934188612E-16, 7.999999999999998224, 18.66428571428566840 ) ) ;
#468 = DIRECTION ( 'NONE',  ( 0.0000000000000000000, 0.0000000000000000000, 1.000000000000000000 ) ) ;
#469 = FACE_OUTER_BOUND ( 'NONE', #2964, .T. ) ;
#470 = DIRECTION ( 'NONE',  ( 1.000000000000000000, 0.0000000000000000000, 0.0000000000000000000 ) ) ;
#471 = ORIENTED_EDGE ( 'NONE', *, *, #1646, .T. ) ;
#472 = CARTESIAN_POINT ( 'NONE',  ( 0.0000000000000000000, 18.00000000000000000, 19.91428571428566485 ) ) ;
#473 = ORIENTED_EDGE ( 'NONE', *, *, #1899, .F. ) ;
#474 = CARTESIAN_POINT ( 'NONE',  ( -64.00000000000000000, 9.000000000000000000, -4.792341285714461385 ) ) ;
#475 = DIRECTION ( 'NONE',  ( 1.049727191138617093E-16, 0.5150380749100563760, -0.8571673007021110013 ) ) ;
#476 = EDGE_CURVE ( 'NONE', #3669, #2429, #4320, .T. ) ;
#477 = DIRECTION ( 'NONE',  ( -0.0000000000000000000, -1.000000000000000000, 0.0000000000000000000 ) ) ;
#478 = CARTESIAN_POINT ( 'NONE',  ( -60.50000000000000000, 7.999999999999998224, 1.250000000000001110 ) ) ;
#479 = ORIENTED_EDGE ( 'NONE', *, *, #893, .T. ) ;
#480 = CARTESIAN_POINT ( 'NONE',  ( -53.00000000000000000, 5.999999999999998224, -24.89285714285734841 ) ) ;
#481 = ORIENTED_EDGE ( 'NONE', *, *, #2336, .T. ) ;
#482 = APPROVAL_DATE_TIME ( #173, #751 ) ;
#483 = EDGE_CURVE ( 'NONE', #974, #3723, #3285, .T. ) ;
#484 = CARTESIAN_POINT ( 'NONE',  ( 42.99999999999999289, 5.999999999999998224, -14.93571428571446091 ) ) ;
#485 = CARTESIAN_POINT ( 'NONE',  ( -55.40684184246772759, 7.101427174938724995, -26.09664874323471651 ) ) ;
#486 = EDGE_LOOP ( 'NONE', ( #956, #3006, #1205, #3301 ) ) ;
#487 = DIRECTION ( 'NONE',  ( -0.0000000000000000000, 1.000000000000000000, -0.0000000000000000000 ) ) ;
#488 = CARTESIAN_POINT ( 'NONE',  ( 60.50000000000000000, 7.999999999999998224, -39.34999999999998010 ) ) ;
#489 = DIRECTION ( 'NONE',  ( -0.0000000000000000000, 1.000000000000000000, -0.0000000000000000000 ) ) ;
#490 = ADVANCED_FACE ( 'NONE', ( #2900 ), #425, .T. ) ;
#491 = DIRECTION ( 'NONE',  ( 0.0000000000000000000, 0.0000000000000000000, -1.000000000000000000 ) ) ;
#492 = AXIS2_PLACEMENT_3D ( 'NONE', #2922, #3800, #649 ) ;
#493 = ORIENTED_EDGE ( 'NONE', *, *, #1646, .F. ) ;
#494 = DIRECTION ( 'NONE',  ( -0.0000000000000000000, 1.000000000000000000, -0.0000000000000000000 ) ) ;
#495 = ORIENTED_EDGE ( 'NONE', *, *, #3983, .F. ) ;
#496 = CARTESIAN_POINT ( 'NONE',  ( 62.49999999999998579, -4.499999999999957367, -42.87500000000000000 ) ) ;
#497 = LINE ( 'NONE', #520, #1974 ) ;
#498 = DIRECTION ( 'NONE',  ( 0.0000000000000000000, 0.0000000000000000000, 1.000000000000000000 ) ) ;
#499 = DIRECTION ( 'NONE',  ( 0.0000000000000000000, 0.0000000000000000000, -1.000000000000000000 ) ) ;
#500 = VERTEX_POINT ( 'NONE', #3215 ) ;
#501 = ADVANCED_FACE ( 'NONE', ( #93 ), #722, .F. ) ;
#502 = CARTESIAN_POINT ( 'NONE',  ( -68.50000000000000000, 0.0000000000000000000, 47.35000000000000853 ) ) ;
#503 = EDGE_LOOP ( 'NONE', ( #3378, #663, #113, #3557 ) ) ;
#504 = APPROVAL_STATUS ( 'not_yet_approved' ) ;
#505 = FACE_OUTER_BOUND ( 'NONE', #92, .T. ) ;
#506 = VECTOR ( 'NONE', #1229, 1000.000000000000000 ) ;
#507 = AXIS2_PLACEMENT_3D ( 'NONE', #390, #4256, #1146 ) ;
#508 = CARTESIAN_POINT ( 'NONE',  ( -55.00633138958717439, 8.713058219625255063, -25.66236317514892207 ) ) ;
#509 = CIRCLE ( 'NONE', #3958, 1.249999999999990674 ) ;
#510 = VERTEX_POINT ( 'NONE', #4277 ) ;
#511 = DIRECTION ( 'NONE',  ( -0.0000000000000000000, 1.000000000000000000, -0.0000000000000000000 ) ) ;
#512 = CIRCLE ( 'NONE', #3679, 1.250000000000001110 ) ;
#513 = DIRECTION ( 'NONE',  ( -1.000000000000000000, -0.0000000000000000000, -0.0000000000000000000 ) ) ;
#514 = LINE ( 'NONE', #540, #3536 ) ;
#515 = VECTOR ( 'NONE', #1984, 1000.000000000000000 ) ;
#516 = ORIENTED_EDGE ( 'NONE', *, *, #2040, .F. ) ;
#517 = DIRECTION ( 'NONE',  ( 0.0000000000000000000, 0.0000000000000000000, -1.000000000000000000 ) ) ;
#518 = VERTEX_POINT ( 'NONE', #2141 ) ;
#519 = PLANE ( 'NONE',  #4133 ) ;
#520 = CARTESIAN_POINT ( 'NONE',  ( -52.99999999999999289, 5.999999999999998224, 34.85000000000000853 ) ) ;
#521 = CARTESIAN_POINT ( 'NONE',  ( -55.03672483640977475, 9.388109086825908278, -14.13872857134241379 ) ) ;
#522 = AXIS2_PLACEMENT_3D ( 'NONE', #2213, #1461, #1511 ) ;
#523 = AXIS2_PLACEMENT_3D ( 'NONE', #1130, #3911, #2174 ) ;
#524 = CARTESIAN_POINT ( 'NONE',  ( 46.00000000000000000, 5.999999999999998224, 17.93571428571422999 ) ) ;
#525 = EDGE_LOOP ( 'NONE', ( #3439, #882, #1945, #1580, #1 ) ) ;
#526 = CARTESIAN_POINT ( 'NONE',  ( -22.99999999999999289, 5.999999999999998224, -4.978571428571565427 ) ) ;
#527 = CIRCLE ( 'NONE', #3614, 1.249999999999987121 ) ;
#528 = EDGE_CURVE ( 'NONE', #3349, #731, #3239, .T. ) ;
#529 = ORIENTED_EDGE ( 'NONE', *, *, #1751, .T. ) ;
#530 = EDGE_CURVE ( 'NONE', #2878, #2554, #450, .T. ) ;
#531 = DIRECTION ( 'NONE',  ( -0.0000000000000000000, 1.000000000000000000, -0.0000000000000000000 ) ) ;
#532 = AXIS2_PLACEMENT_3D ( 'NONE', #3719, #2717, #935 ) ;
#533 = CARTESIAN_POINT ( 'NONE',  ( -61.00000000000000000, 18.00000000000000000, -39.84999999999998010 ) ) ;
#534 = EDGE_CURVE ( 'NONE', #1795, #535, #64, .T. ) ;
#535 = VERTEX_POINT ( 'NONE', #1796 ) ;
#536 = ORIENTED_EDGE ( 'NONE', *, *, #1446, .F. ) ;
#537 = DIRECTION ( 'NONE',  ( 0.0000000000000000000, 0.0000000000000000000, 1.000000000000000000 ) ) ;
#538 = EDGE_CURVE ( 'NONE', #3971, #3268, #1883, .T. ) ;
#539 = DIRECTION ( 'NONE',  ( -0.0000000000000000000, 1.000000000000000000, -0.0000000000000000000 ) ) ;
#540 = CARTESIAN_POINT ( 'NONE',  ( 52.99999999999999289, 5.999999999999998224, 4.978571428571327395 ) ) ;
#541 = ADVANCED_FACE ( 'NONE', ( #1484 ), #1120, .F. ) ;
#542 = EDGE_LOOP ( 'NONE', ( #2510, #1334, #1153, #2201, #1516, #3471, #3765, #2611 ) ) ;
#543 = EDGE_CURVE ( 'NONE', #2191, #4520, #3920, .T. ) ;
#544 = DIRECTION ( 'NONE',  ( -1.000000000000000000, -0.0000000000000000000, -0.0000000000000000000 ) ) ;
#545 = VERTEX_POINT ( 'NONE', #1139 ) ;
#546 = CARTESIAN_POINT ( 'NONE',  ( 64.00000000000000000, 103.0953168557000907, 31.35000000000000853 ) ) ;
#547 = DIRECTION ( 'NONE',  ( -0.0000000000000000000, 0.0000000000000000000, 1.000000000000000000 ) ) ;
#548 = DIRECTION ( 'NONE',  ( 0.0000000000000000000, 0.0000000000000000000, 1.000000000000000000 ) ) ;
#549 = CARTESIAN_POINT ( 'NONE',  ( 60.50000000000000000, 7.999999999999998224, -40.59999999999998010 ) ) ;
#550 = ORIENTED_EDGE ( 'NONE', *, *, #1035, .F. ) ;
#551 = ORIENTED_EDGE ( 'NONE', *, *, #1078, .F. ) ;
#552 = DIRECTION ( 'NONE',  ( 0.0000000000000000000, -1.000000000000000000, 0.0000000000000000000 ) ) ;
#553 = EDGE_LOOP ( 'NONE', ( #72, #4060, #3883, #4173 ) ) ;
#554 = CARTESIAN_POINT ( 'NONE',  ( 68.50000000000000000, 0.0000000000000000000, 44.35000000000000853 ) ) ;
#555 = EDGE_CURVE ( 'NONE', #3109, #1952, #3556, .T. ) ;
#556 = EDGE_CURVE ( 'NONE', #2554, #1456, #820, .T. ) ;
#557 = CARTESIAN_POINT ( 'NONE',  ( -64.00000000000001421, -2.000000000000000000, -41.37500000000000000 ) ) ;
#558 = ORIENTED_EDGE ( 'NONE', *, *, #1884, .T. ) ;
#559 = EDGE_CURVE ( 'NONE', #2587, #3033, #3943, .T. ) ;
#560 = LINE ( 'NONE', #1973, #3543 ) ;
#561 = DIRECTION ( 'NONE',  ( -0.0000000000000000000, -1.000000000000000000, 0.0000000000000000000 ) ) ;
#562 = ORIENTED_EDGE ( 'NONE', *, *, #3567, .T. ) ;
#563 = CARTESIAN_POINT ( 'NONE',  ( -60.50000000000000000, 18.00000000000000000, -40.59999999999996589 ) ) ;
#564 = ORIENTED_EDGE ( 'NONE', *, *, #2615, .T. ) ;
#565 = CARTESIAN_POINT ( 'NONE',  ( -61.00000000000000000, 0.0000000000000000000, 42.85000000000001563 ) ) ;
#566 = ORIENTED_EDGE ( 'NONE', *, *, #3567, .F. ) ;
#567 = DIRECTION ( 'NONE',  ( -1.000000000000000000, -0.0000000000000000000, -0.0000000000000000000 ) ) ;
#568 = FACE_OUTER_BOUND ( 'NONE', #836, .T. ) ;
#569 = CARTESIAN_POINT ( 'NONE',  ( -56.00000000000000000, 12.71187674364330711, -11.93571428571446269 ) ) ;
#570 = CARTESIAN_POINT ( 'NONE',  ( -52.37999999999999545, 5.999999999999998224, -26.90865470898162570 ) ) ;
#571 = VECTOR ( 'NONE', #232, 1000.000000000000000 ) ;
#572 = ORIENTED_EDGE ( 'NONE', *, *, #3007, .T. ) ;
#573 = DIRECTION ( 'NONE',  ( 0.0000000000000000000, 0.0000000000000000000, -1.000000000000000000 ) ) ;
#574 = ORIENTED_EDGE ( 'NONE', *, *, #2838, .F. ) ;
#575 = DIRECTION ( 'NONE',  ( 0.0000000000000000000, 0.0000000000000000000, 1.000000000000000000 ) ) ;
#576 = CARTESIAN_POINT ( 'NONE',  ( 64.00000000000000000, -4.499999999999962697, 31.35000000000000853 ) ) ;
#577 = PLANE ( 'NONE',  #1407 ) ;
#578 = CIRCLE ( 'NONE', #948, 1.500000000000001332 ) ;
#579 = ORIENTED_EDGE ( 'NONE', *, *, #3281, .T. ) ;
#580 = EDGE_CURVE ( 'NONE', #4004, #2156, #509, .T. ) ;
#581 = DIRECTION ( 'NONE',  ( 1.000000000000000000, 0.0000000000000000000, -0.0000000000000000000 ) ) ;
#582 = CARTESIAN_POINT ( 'NONE',  ( -49.00000000000000711, 5.999999999999998224, -11.93571428571446269 ) ) ;
#583 = CIRCLE ( 'NONE', #2071, 1.500000000000001332 ) ;
#584 = EDGE_CURVE ( 'NONE', #3149, #203, #404, .T. ) ;
#585 = PRODUCT_DEFINITION_SHAPE ( 'NONE', 'NONE',  #353 ) ;
#586 = LINE ( 'NONE', #981, #3975 ) ;
#587 = ORIENTED_EDGE ( 'NONE', *, *, #202, .F. ) ;
#588 = DIRECTION ( 'NONE',  ( 1.000000000000000000, 0.0000000000000000000, 2.282530889443167700E-17 ) ) ;
#589 = VECTOR ( 'NONE', #3922, 1000.000000000000000 ) ;
#590 = VECTOR ( 'NONE', #1687, 1000.000000000000000 ) ;
#591 = ORIENTED_EDGE ( 'NONE', *, *, #3866, .T. ) ;
#592 = CARTESIAN_POINT ( 'NONE',  ( -62.50000000000001421, -6.000000000000000000, -44.37500000000004974 ) ) ;
#593 = VECTOR ( 'NONE', #2404, 1000.000000000000000 ) ;
#594 = DIRECTION ( 'NONE',  ( 0.0000000000000000000, -1.000000000000000000, 0.0000000000000000000 ) ) ;
#595 = CARTESIAN_POINT ( 'NONE',  ( -55.76270333548254854, 11.76671618839735167, -13.14029278102817067 ) ) ;
#596 = CARTESIAN_POINT ( 'NONE',  ( -51.79851906549846774, 5.999999999999999112, -31.13726669932844615 ) ) ;
#597 = VECTOR ( 'NONE', #2818, 1000.000000000000000 ) ;
#598 = ORIENTED_EDGE ( 'NONE', *, *, #2178, .F. ) ;
#599 = CYLINDRICAL_SURFACE ( 'NONE', #1613, 3.000000000000009770 ) ;
#600 = ORIENTED_EDGE ( 'NONE', *, *, #1695, .T. ) ;
#601 = CIRCLE ( 'NONE', #1041, 1.500000000000001332 ) ;
#602 = DIRECTION ( 'NONE',  ( 1.584739227646016213E-16, 0.0000000000000000000, 1.000000000000000000 ) ) ;
#603 = AXIS2_PLACEMENT_3D ( 'NONE', #1192, #2921, #4322 ) ;
#604 = ORIENTED_EDGE ( 'NONE', *, *, #2035, .F. ) ;
#605 = EDGE_CURVE ( 'NONE', #1669, #3354, #1437, .T. ) ;
#606 = DIRECTION ( 'NONE',  ( -1.000000000000000000, -0.0000000000000000000, 2.282530889443167700E-17 ) ) ;
#607 = VECTOR ( 'NONE', #153, 1000.000000000000000 ) ;
#608 = CYLINDRICAL_SURFACE ( 'NONE', #3523, 3.000000000000002665 ) ;
#609 = LINE ( 'NONE', #2435, #2860 ) ;
#610 = DIRECTION ( 'NONE',  ( -0.0000000000000000000, -1.000000000000000000, -0.0000000000000000000 ) ) ;
#611 = VERTEX_POINT ( 'NONE', #2852 ) ;
#612 = LINE ( 'NONE', #1022, #3326 ) ;
#613 = CARTESIAN_POINT ( 'NONE',  ( -43.00000000000000000, 5.999999999999998224, 21.89285714285710327 ) ) ;
#614 = EDGE_CURVE ( 'NONE', #2194, #2424, #728, .T. ) ;
#615 = ORIENTED_EDGE ( 'NONE', *, *, #559, .T. ) ;
#616 = PLANE ( 'NONE',  #1099 ) ;
#617 = EDGE_LOOP ( 'NONE', ( #2452, #2207, #1281, #160 ) ) ;
#618 = CARTESIAN_POINT ( 'NONE',  ( -52.99999999999999289, 5.999999999999998224, 34.85000000000000853 ) ) ;
#619 = DIRECTION ( 'NONE',  ( 0.0000000000000000000, 0.0000000000000000000, -1.000000000000000000 ) ) ;
#620 = CARTESIAN_POINT ( 'NONE',  ( 61.00000000000000000, 18.00000000000000000, -39.84999999999998010 ) ) ;
#621 = CARTESIAN_POINT ( 'NONE',  ( -51.73212510125084407, 5.999999999999999112, -28.84965110648719744 ) ) ;
#622 = VERTEX_POINT ( 'NONE', #2919 ) ;
#623 = PLANE ( 'NONE',  #73 ) ;
#624 = ADVANCED_FACE ( 'NONE', ( #1631 ), #843, .T. ) ;
#625 = ORIENTED_EDGE ( 'NONE', *, *, #4502, .F. ) ;
#626 = CARTESIAN_POINT ( 'NONE',  ( 52.50000000000000711, -4.499999999999957367, 42.87500000000000000 ) ) ;
#627 = ORIENTED_EDGE ( 'NONE', *, *, #2850, .T. ) ;
#628 = DIRECTION ( 'NONE',  ( -0.0000000000000000000, 1.000000000000000000, -0.0000000000000000000 ) ) ;
#629 = CARTESIAN_POINT ( 'NONE',  ( 65.50000000000000000, -6.000000000000000000, 47.35000000000000853 ) ) ;
#630 = ORIENTED_EDGE ( 'NONE', *, *, #386, .F. ) ;
#631 = CARTESIAN_POINT ( 'NONE',  ( -62.50000000000001421, -4.499999999999957367, -42.87500000000000000 ) ) ;
#632 = FACE_OUTER_BOUND ( 'NONE', #1765, .T. ) ;
#633 = CARTESIAN_POINT ( 'NONE',  ( -55.84131421877070522, 5.999999999999998224, -12.89848814816161848 ) ) ;
#634 = ORIENTED_EDGE ( 'NONE', *, *, #2167, .F. ) ;
#635 = ORIENTED_EDGE ( 'NONE', *, *, #1371, .T. ) ;
#636 = LINE ( 'NONE', #1633, #2088 ) ;
#637 = CARTESIAN_POINT ( 'NONE',  ( -55.02177423071914575, 8.714037445192186482, -14.15211428571446817 ) ) ;
#638 = EDGE_CURVE ( 'NONE', #20, #3184, #4038, .T. ) ;
#639 = LINE ( 'NONE', #3172, #369 ) ;
#640 = CARTESIAN_POINT ( 'NONE',  ( -26.00000000000000000, 5.999999999999998224, -1.978571428571556767 ) ) ;
#641 = EDGE_CURVE ( 'NONE', #3158, #2349, #4369, .T. ) ;
#642 = ORIENTED_EDGE ( 'NONE', *, *, #3644, .T. ) ;
#643 = CARTESIAN_POINT ( 'NONE',  ( -52.99999999999999289, 18.00000000000000000, 34.85000000000000853 ) ) ;
#644 = VERTEX_POINT ( 'NONE', #1212 ) ;
#645 = CARTESIAN_POINT ( 'NONE',  ( -60.50000000000000000, 7.999999999999998224, 38.10000000000000853 ) ) ;
#646 = ADVANCED_FACE ( 'NONE', ( #3306 ), #2007, .F. ) ;
#647 = VECTOR ( 'NONE', #3973, 1000.000000000000000 ) ;
#648 = VERTEX_POINT ( 'NONE', #4410 ) ;
#649 = DIRECTION ( 'NONE',  ( 0.0000000000000000000, 0.0000000000000000000, -1.000000000000000000 ) ) ;
#650 = DIRECTION ( 'NONE',  ( 0.0000000000000000000, 0.0000000000000000000, 1.000000000000000000 ) ) ;
#651 = EDGE_CURVE ( 'NONE', #1720, #1834, #4411, .T. ) ;
#652 = ORIENTED_EDGE ( 'NONE', *, *, #3157, .T. ) ;
#653 = DIRECTION ( 'NONE',  ( -1.000000000000000000, 0.0000000000000000000, -1.753511094850197651E-15 ) ) ;
#654 = DIRECTION ( 'NONE',  ( 0.0000000000000000000, 0.0000000000000000000, 1.000000000000000000 ) ) ;
#655 = ORIENTED_EDGE ( 'NONE', *, *, #109, .F. ) ;
#656 = EDGE_LOOP ( 'NONE', ( #1629, #3864, #998, #198 ) ) ;
#657 = FACE_OUTER_BOUND ( 'NONE', #4295, .T. ) ;
#658 = CIRCLE ( 'NONE', #1245, 3.000000000000002665 ) ;
#659 = CYLINDRICAL_SURFACE ( 'NONE', #130, 1.249999999999994227 ) ;
#660 = DIRECTION ( 'NONE',  ( 0.0000000000000000000, 0.0000000000000000000, 1.000000000000000000 ) ) ;
#661 = CARTESIAN_POINT ( 'NONE',  ( 60.50000000000000000, 7.999999999999998224, -39.34999999999998010 ) ) ;
#662 = VECTOR ( 'NONE', #2566, 1000.000000000000000 ) ;
#663 = ORIENTED_EDGE ( 'NONE', *, *, #1985, .F. ) ;
#664 = CARTESIAN_POINT ( 'NONE',  ( -52.37999999999999545, 5.999999999999998224, -6.972940423267294463 ) ) ;
#665 = ORIENTED_EDGE ( 'NONE', *, *, #3545, .F. ) ;
#666 = AXIS2_PLACEMENT_3D ( 'NONE', #279, #4045, #896 ) ;
#667 = LINE ( 'NONE', #1799, #2502 ) ;
#668 = EDGE_CURVE ( 'NONE', #3051, #46, #3385, .T. ) ;
#669 = CIRCLE ( 'NONE', #2881, 3.000000000000009770 ) ;
#670 = ORIENTED_EDGE ( 'NONE', *, *, #4238, .T. ) ;
#671 = CARTESIAN_POINT ( 'NONE',  ( -65.50000000000005684, -6.000000000000000000, 31.35000000000000853 ) ) ;
#672 = DIRECTION ( 'NONE',  ( 0.0000000000000000000, 0.0000000000000000000, 1.000000000000000000 ) ) ;
#673 = AXIS2_PLACEMENT_3D ( 'NONE', #4114, #320, #3131 ) ;
#674 = VECTOR ( 'NONE', #2377, 1000.000000000000000 ) ;
#675 = EDGE_CURVE ( 'NONE', #611, #3868, #1959, .T. ) ;
#676 = DIRECTION ( 'NONE',  ( 0.0000000000000000000, 0.0000000000000000000, 1.000000000000000000 ) ) ;
#677 = EDGE_LOOP ( 'NONE', ( #2545, #2831, #3837, #591 ) ) ;
#678 = DIRECTION ( 'NONE',  ( 0.0000000000000000000, 0.0000000000000000000, -1.000000000000000000 ) ) ;
#679 = ORIENTED_EDGE ( 'NONE', *, *, #2096, .F. ) ;
#680 = EDGE_CURVE ( 'NONE', #687, #2823, #1190, .T. ) ;
#681 = ORIENTED_EDGE ( 'NONE', *, *, #3335, .T. ) ;
#682 = DIRECTION ( 'NONE',  ( -0.0000000000000000000, 1.000000000000000000, -0.0000000000000000000 ) ) ;
#683 = CARTESIAN_POINT ( 'NONE',  ( -60.50000000000000000, 18.00000000000000000, 39.35000000000000853 ) ) ;
#684 = CARTESIAN_POINT ( 'NONE',  ( -61.00000000000000000, 0.0000000000000000000, 39.85000000000000853 ) ) ;
#685 = DIRECTION ( 'NONE',  ( -0.0000000000000000000, 1.000000000000000000, -0.0000000000000000000 ) ) ;
#686 = ADVANCED_FACE ( 'NONE', ( #4387 ), #2304, .F. ) ;
#687 = VERTEX_POINT ( 'NONE', #2326 ) ;
#688 = LINE ( 'NONE', #1737, #723 ) ;
#689 = ORIENTED_EDGE ( 'NONE', *, *, #1142, .F. ) ;
#690 = CARTESIAN_POINT ( 'NONE',  ( 0.0000000000000000000, 7.999999999999998224, 40.60000000000000853 ) ) ;
#691 = VERTEX_POINT ( 'NONE', #204 ) ;
#692 =( BOUNDED_CURVE ( )  B_SPLINE_CURVE ( 3, ( #3520, #1784, #1427, #2837 ),
 .UNSPECIFIED., .F., .F. ) 
 B_SPLINE_CURVE_WITH_KNOTS ( ( 4, 4 ),
 ( 4.712388980384689674, 6.283185307179586232 ),
 .UNSPECIFIED. ) 
 CURVE ( )  GEOMETRIC_REPRESENTATION_ITEM ( )  RATIONAL_B_SPLINE_CURVE ( ( 1.000000000000000000, 0.8047378541243649375, 0.8047378541243649375, 1.000000000000000000 ) ) 
 REPRESENTATION_ITEM ( '' )  );
#693 = EDGE_CURVE ( 'NONE', #1952, #4365, #3163, .T. ) ;
#694 = FACE_OUTER_BOUND ( 'NONE', #968, .T. ) ;
#695 = EDGE_LOOP ( 'NONE', ( #4018, #3266, #2037, #4449 ) ) ;
#696 = DIRECTION ( 'NONE',  ( -1.000000000000000000, -0.0000000000000000000, -0.0000000000000000000 ) ) ;
#697 = ORIENTED_EDGE ( 'NONE', *, *, #859, .F. ) ;
#698 = EDGE_CURVE ( 'NONE', #1220, #1067, #583, .T. ) ;
#699 = ORIENTED_EDGE ( 'NONE', *, *, #3182, .F. ) ;
#700 = LINE ( 'NONE', #2846, #314 ) ;
#701 = DIRECTION ( 'NONE',  ( -0.0000000000000000000, -1.000000000000000000, -0.0000000000000000000 ) ) ;
#702 = LINE ( 'NONE', #2767, #3392 ) ;
#703 = DIRECTION ( 'NONE',  ( 0.0000000000000000000, 0.0000000000000000000, 1.000000000000000000 ) ) ;
#704 = ORIENTED_EDGE ( 'NONE', *, *, #88, .T. ) ;
#705 = CARTESIAN_POINT ( 'NONE',  ( -55.02177423071914575, 9.000000000000000000, -14.15211428571446817 ) ) ;
#706 = ORIENTED_EDGE ( 'NONE', *, *, #3852, .F. ) ;
#707 = LINE ( 'NONE', #1039, #236 ) ;
#708 = ORIENTED_EDGE ( 'NONE', *, *, #3074, .F. ) ;
#709 = DIRECTION ( 'NONE',  ( 0.0000000000000000000, 0.0000000000000000000, 1.000000000000000000 ) ) ;
#710 = AXIS2_PLACEMENT_3D ( 'NONE', #2503, #400, #2203 ) ;
#711 = EDGE_CURVE ( 'NONE', #1352, #2026, #227, .T. ) ;
#712 = DIRECTION ( 'NONE',  ( -0.0000000000000000000, 1.000000000000000000, -0.0000000000000000000 ) ) ;
#713 = EDGE_LOOP ( 'NONE', ( #604, #391, #681, #3048 ) ) ;
#714 = VERTEX_POINT ( 'NONE', #2971 ) ;
#715 = ADVANCED_FACE ( 'NONE', ( #1601 ), #3336, .F. ) ;
#716 = CARTESIAN_POINT ( 'NONE',  ( 0.0000000000000000000, 7.999999999999998224, 39.35000000000000853 ) ) ;
#717 = CARTESIAN_POINT ( 'NONE',  ( -56.00000000000000000, 12.53800321524078143, -27.54407817663556912 ) ) ;
#718 = EDGE_CURVE ( 'NONE', #4361, #4545, #3025, .T. ) ;
#719 = DIRECTION ( 'NONE',  ( -0.0000000000000000000, 1.000000000000000000, -0.0000000000000000000 ) ) ;
#720 = CYLINDRICAL_SURFACE ( 'NONE', #4046, 1.249999999999994227 ) ;
#721 = VERTEX_POINT ( 'NONE', #565 ) ;
#722 = PLANE ( 'NONE',  #1173 ) ;
#723 = VECTOR ( 'NONE', #1399, 1000.000000000000000 ) ;
#724 = ORIENTED_EDGE ( 'NONE', *, *, #145, .F. ) ;
#725 = EDGE_CURVE ( 'NONE', #83, #777, #3737, .T. ) ;
#726 = EDGE_CURVE ( 'NONE', #1805, #2616, #226, .T. ) ;
#727 = LINE ( 'NONE', #2146, #3099 ) ;
#728 = CIRCLE ( 'NONE', #4335, 1.250000000000001110 ) ;
#729 = AXIS2_PLACEMENT_3D ( 'NONE', #1020, #712, #1744 ) ;
#730 = VERTEX_POINT ( 'NONE', #2714 ) ;
#731 = VERTEX_POINT ( 'NONE', #1302 ) ;
#732 = VERTEX_POINT ( 'NONE', #4112 ) ;
#733 = VECTOR ( 'NONE', #4252, 1000.000000000000000 ) ;
#734 = VECTOR ( 'NONE', #3071, 1000.000000000000114 ) ;
#735 = CIRCLE ( 'NONE', #2295, 3.000000000000009770 ) ;
#736 = CARTESIAN_POINT ( 'NONE',  ( 60.50000000000000000, 7.999999999999998224, -38.09999999999998010 ) ) ;
#737 = VECTOR ( 'NONE', #2383, 1000.000000000000000 ) ;
#738 = EDGE_CURVE ( 'NONE', #1133, #3746, #2577, .T. ) ;
#739 = DIRECTION ( 'NONE',  ( 0.0000000000000000000, 0.0000000000000000000, 1.000000000000000000 ) ) ;
#740 = AXIS2_PLACEMENT_3D ( 'NONE', #3994, #2938, #2206 ) ;
#741 = ORIENTED_EDGE ( 'NONE', *, *, #3711, .F. ) ;
#742 = AXIS2_PLACEMENT_3D ( 'NONE', #1045, #3224, #49 ) ;
#743 = AXIS2_PLACEMENT_3D ( 'NONE', #3490, #3147, #678 ) ;
#744 = ORIENTED_EDGE ( 'NONE', *, *, #1576, .F. ) ;
#745 = LINE ( 'NONE', #2484, #2962 ) ;
#746 = DIRECTION ( 'NONE',  ( -0.0000000000000000000, 1.000000000000000000, -0.0000000000000000000 ) ) ;
#747 = DIRECTION ( 'NONE',  ( 1.000000000000000000, 0.0000000000000000000, 0.0000000000000000000 ) ) ;
#748 = CIRCLE ( 'NONE', #3250, 1.250000000000001110 ) ;
#749 = ADVANCED_FACE ( 'NONE', ( #3426 ), #616, .F. ) ;
#750 = CARTESIAN_POINT ( 'NONE',  ( -56.00000000000000000, 5.999999999999998224, -31.85000000000023945 ) ) ;
#751 = APPROVAL ( #1517, 'UNSPECIFIED' ) ;
#752 = EDGE_LOOP ( 'NONE', ( #2650, #1325, #2354, #2529 ) ) ;
#753 = CARTESIAN_POINT ( 'NONE',  ( -22.99999999999999289, 5.999999999999998224, -1.978571428571556767 ) ) ;
#754 = ORIENTED_EDGE ( 'NONE', *, *, #1078, .T. ) ;
#755 = FACE_OUTER_BOUND ( 'NONE', #3817, .T. ) ;
#756 = LINE ( 'NONE', #2834, #1333 ) ;
#757 = ORIENTED_EDGE ( 'NONE', *, *, #580, .T. ) ;
#758 = FACE_OUTER_BOUND ( 'NONE', #1527, .T. ) ;
#759 = VERTEX_POINT ( 'NONE', #3060 ) ;
#760 = CARTESIAN_POINT ( 'NONE',  ( -55.75797190009487991, 11.77845412566618322, -33.06606645025345159 ) ) ;
#761 = DIRECTION ( 'NONE',  ( 0.0000000000000000000, 0.0000000000000000000, -1.000000000000000000 ) ) ;
#762 = ORIENTED_EDGE ( 'NONE', *, *, #4134, .T. ) ;
#763 = ORIENTED_EDGE ( 'NONE', *, *, #2821, .T. ) ;
#764 = LINE ( 'NONE', #1830, #1117 ) ;
#765 = CARTESIAN_POINT ( 'NONE',  ( 63.99999999999998579, -2.000000000000000000, -44.37500000000000711 ) ) ;
#766 = DIRECTION ( 'NONE',  ( -0.0000000000000000000, -1.000000000000000000, -0.0000000000000000000 ) ) ;
#767 = DIRECTION ( 'NONE',  ( 0.0000000000000000000, -1.000000000000000000, 0.0000000000000000000 ) ) ;
#768 = VERTEX_POINT ( 'NONE', #1593 ) ;
#769 = DIRECTION ( 'NONE',  ( 0.0000000000000000000, 0.0000000000000000000, 1.000000000000000000 ) ) ;
#770 = EDGE_CURVE ( 'NONE', #4, #225, #4430, .T. ) ;
#771 = ORIENTED_EDGE ( 'NONE', *, *, #2462, .F. ) ;
#772 = CARTESIAN_POINT ( 'NONE',  ( -52.99999999999999289, 5.999999999999998224, 31.85000000000000497 ) ) ;
#773 = LINE ( 'NONE', #1124, #1843 ) ;
#774 = CARTESIAN_POINT ( 'NONE',  ( -64.87867965644036872, -5.378679656440315426, -41.37500000000000000 ) ) ;
#775 = VERTEX_POINT ( 'NONE', #1951 ) ;
#776 = LINE ( 'NONE', #3222, #2498 ) ;
#777 = VERTEX_POINT ( 'NONE', #2316 ) ;
#778 = EDGE_CURVE ( 'NONE', #4224, #1133, #4078, .T. ) ;
#779 = DIRECTION ( 'NONE',  ( 0.0000000000000000000, 0.0000000000000000000, 1.000000000000000000 ) ) ;
#780 = DIRECTION ( 'NONE',  ( 0.0000000000000000000, -0.0000000000000000000, -1.000000000000000000 ) ) ;
#781 = EDGE_CURVE ( 'NONE', #3101, #1805, #2291, .T. ) ;
#782 = ORIENTED_EDGE ( 'NONE', *, *, #2773, .F. ) ;
#783 = AXIS2_PLACEMENT_3D ( 'NONE', #2646, #1565, #4323 ) ;
#784 = ORIENTED_EDGE ( 'NONE', *, *, #2366, .T. ) ;
#785 = DIRECTION ( 'NONE',  ( 0.0000000000000000000, 0.0000000000000000000, 1.000000000000000000 ) ) ;
#786 = LINE ( 'NONE', #2847, #3507 ) ;
#787 = CARTESIAN_POINT ( 'NONE',  ( 0.0000000000000000000, 18.00000000000000000, 19.91428571428566485 ) ) ;
#788 = LINE ( 'NONE', #1118, #3104 ) ;
#789 = AXIS2_PLACEMENT_3D ( 'NONE', #86, #2895, #3963 ) ;
#790 = ORIENTED_EDGE ( 'NONE', *, *, #4445, .T. ) ;
#791 = DIRECTION ( 'NONE',  ( 1.000000000000000000, 0.0000000000000000000, -0.0000000000000000000 ) ) ;
#792 = VERTEX_POINT ( 'NONE', #3073 ) ;
#793 = CARTESIAN_POINT ( 'NONE',  ( 64.00000000000000000, 18.00000000000000000, -39.84999999999998010 ) ) ;
#794 = FACE_OUTER_BOUND ( 'NONE', #525, .T. ) ;
#795 = CARTESIAN_POINT ( 'NONE',  ( -54.99802985085259621, 8.713518540394382228, -34.08782857142879408 ) ) ;
#796 = AXIS2_PLACEMENT_3D ( 'NONE', #47, #1872, #3909 ) ;
#797 = ORIENTED_EDGE ( 'NONE', *, *, #3318, .F. ) ;
#798 = DIRECTION ( 'NONE',  ( -0.0000000000000000000, -0.0000000000000000000, -1.000000000000000000 ) ) ;
#799 = ORIENTED_EDGE ( 'NONE', *, *, #3264, .F. ) ;
#800 = ADVANCED_FACE ( 'NONE', ( #2338 ), #1993, .F. ) ;
#801 = AXIS2_PLACEMENT_3D ( 'NONE', #912, #3717, #2693 ) ;
#802 = DIRECTION ( 'NONE',  ( -0.9995520592605567911, 0.0000000000000000000, 0.02992792722492291710 ) ) ;
#803 = ADVANCED_FACE ( 'NONE', ( #4475 ), #1647, .T. ) ;
#804 = AXIS2_PLACEMENT_3D ( 'NONE', #161, #2623, #1581 ) ;
#805 = CIRCLE ( 'NONE', #4261, 3.000000000000004441 ) ;
#806 = AXIS2_PLACEMENT_3D ( 'NONE', #684, #3495, #4184 ) ;
#807 = CYLINDRICAL_SURFACE ( 'NONE', #3834, 3.000000000000002665 ) ;
#808 = AXIS2_PLACEMENT_3D ( 'NONE', #3582, #3290, #1532 ) ;
#809 = AXIS2_PLACEMENT_3D ( 'NONE', #787, #489, #2505 ) ;
#810 = ORIENTED_EDGE ( 'NONE', *, *, #1204, .F. ) ;
#811 = VECTOR ( 'NONE', #2346, 1000.000000000000000 ) ;
#812 = VECTOR ( 'NONE', #2152, 1000.000000000000000 ) ;
#813 = DIRECTION ( 'NONE',  ( -0.0000000000000000000, 1.000000000000000000, -0.0000000000000000000 ) ) ;
#814 = DIRECTION ( 'NONE',  ( 0.0000000000000000000, 0.0000000000000000000, 1.000000000000000000 ) ) ;
#815 = ORIENTED_EDGE ( 'NONE', *, *, #3046, .F. ) ;
#816 = FACE_OUTER_BOUND ( 'NONE', #2561, .T. ) ;
#817 = VECTOR ( 'NONE', #2345, 1000.000000000000000 ) ;
#818 = EDGE_CURVE ( 'NONE', #1067, #162, #3688, .T. ) ;
#819 = ORIENTED_EDGE ( 'NONE', *, *, #3656, .F. ) ;
#820 = LINE ( 'NONE', #3877, #2215 ) ;
#821 = VERTEX_POINT ( 'NONE', #2296 ) ;
#822 = DIRECTION ( 'NONE',  ( -0.0000000000000000000, -1.000000000000000000, 0.0000000000000000000 ) ) ;
#823 = VECTOR ( 'NONE', #2866, 1000.000000000000000 ) ;
#824 = CARTESIAN_POINT ( 'NONE',  ( 0.0000000000000000000, 18.00000000000000000, 40.59999999999999432 ) ) ;
#825 = CARTESIAN_POINT ( 'NONE',  ( -61.00000000000000000, 18.00000000000000000, 42.85000000000001563 ) ) ;
#826 = CARTESIAN_POINT ( 'NONE',  ( -64.00000000000000000, 9.000000000000000000, -34.08782857142880118 ) ) ;
#827 = ADVANCED_FACE ( 'NONE', ( #4454 ), #301, .F. ) ;
#828 = ORIENTED_EDGE ( 'NONE', *, *, #2535, .T. ) ;
#829 = CARTESIAN_POINT ( 'NONE',  ( 42.99999999999999289, 5.999999999999998224, -17.93571428571447157 ) ) ;
#830 = VERTEX_POINT ( 'NONE', #2042 ) ;
#831 = PERSON_AND_ORGANIZATION_ROLE ( 'creator' ) ;
#832 = FACE_OUTER_BOUND ( 'NONE', #1430, .T. ) ;
#833 = ADVANCED_FACE ( 'NONE', ( #1315 ), #3005, .F. ) ;
#834 = FACE_OUTER_BOUND ( 'NONE', #1934, .T. ) ;
#835 = EDGE_CURVE ( 'NONE', #3876, #1056, #3778, .T. ) ;
#836 = EDGE_LOOP ( 'NONE', ( #1650, #2411, #1422, #2157 ) ) ;
#837 = CARTESIAN_POINT ( 'NONE',  ( 60.50000000000000000, 7.999999999999998224, 0.0000000000000000000 ) ) ;
#838 = DIRECTION ( 'NONE',  ( -1.000000000000000000, 0.0000000000000000000, 0.0000000000000000000 ) ) ;
#839 = CARTESIAN_POINT ( 'NONE',  ( -68.49999999999998579, -6.000000000000000000, -31.35000000000000853 ) ) ;
#840 = EDGE_CURVE ( 'NONE', #2631, #3184, #3053, .T. ) ;
#841 = PLANE ( 'NONE',  #1550 ) ;
#842 = EDGE_LOOP ( 'NONE', ( #2735, #3189, #1076, #2928 ) ) ;
#843 = PLANE ( 'NONE',  #1322 ) ;
#844 = ORIENTED_EDGE ( 'NONE', *, *, #1017, .F. ) ;
#845 = FACE_OUTER_BOUND ( 'NONE', #2384, .T. ) ;
#846 = CARTESIAN_POINT ( 'NONE',  ( -52.50000000000000711, -2.000000000000001776, -47.34999999999998010 ) ) ;
#847 = DIRECTION ( 'NONE',  ( 0.0000000000000000000, 0.0000000000000000000, 1.000000000000000000 ) ) ;
#848 = FACE_OUTER_BOUND ( 'NONE', #1731, .T. ) ;
#849 = EDGE_LOOP ( 'NONE', ( #4243, #2365, #3926 ) ) ;
#850 = DIRECTION ( 'NONE',  ( 0.0000000000000000000, 1.000000000000000000, -0.0000000000000000000 ) ) ;
#851 = ORIENTED_EDGE ( 'NONE', *, *, #214, .T. ) ;
#852 = CYLINDRICAL_SURFACE ( 'NONE', #2292, 3.000000000000012879 ) ;
#853 = CARTESIAN_POINT ( 'NONE',  ( -65.50000000000000000, -6.000000000000000000, -44.34999999999998010 ) ) ;
#854 = EDGE_LOOP ( 'NONE', ( #1415, #562, #890, #1058 ) ) ;
#855 = CARTESIAN_POINT ( 'NONE',  ( 0.0000000000000000000, 18.00000000000000000, 21.16428571428565775 ) ) ;
#856 = DIRECTION ( 'NONE',  ( 0.0000000000000000000, 0.0000000000000000000, -1.000000000000000000 ) ) ;
#857 = VERTEX_POINT ( 'NONE', #4128 ) ;
#858 = DIRECTION ( 'NONE',  ( 0.0000000000000000000, 0.0000000000000000000, -1.000000000000000000 ) ) ;
#859 = EDGE_CURVE ( 'NONE', #449, #1265, #3754, .T. ) ;
#860 = VECTOR ( 'NONE', #2580, 1000.000000000000000 ) ;
#861 = VERTEX_POINT ( 'NONE', #576 ) ;
#862 = DIRECTION ( 'NONE',  ( 0.0000000000000000000, 0.0000000000000000000, 1.000000000000000000 ) ) ;
#863 = ADVANCED_FACE ( 'NONE', ( #945 ), #1397, .F. ) ;
#864 = ORIENTED_EDGE ( 'NONE', *, *, #1748, .T. ) ;
#865 = CARTESIAN_POINT ( 'NONE',  ( 0.0000000000000000000, 7.999999999999998224, -19.91428571428590644 ) ) ;
#866 = PLANE ( 'NONE',  #939 ) ;
#867 = FACE_OUTER_BOUND ( 'NONE', #2151, .T. ) ;
#868 = LINE ( 'NONE', #3610, #3752 ) ;
#869 = VERTEX_POINT ( 'NONE', #1970 ) ;
#870 = FACE_OUTER_BOUND ( 'NONE', #1664, .T. ) ;
#871 = EDGE_CURVE ( 'NONE', #2442, #2682, #905, .T. ) ;
#872 = EDGE_LOOP ( 'NONE', ( #689, #3792, #4094 ) ) ;
#873 = DIRECTION ( 'NONE',  ( 0.0000000000000000000, -1.000000000000000000, 0.0000000000000000000 ) ) ;
#874 = VECTOR ( 'NONE', #2340, 1000.000000000000000 ) ;
#875 = EDGE_CURVE ( 'NONE', #500, #4386, #3709, .T. ) ;
#876 = CIRCLE ( 'NONE', #223, 3.000000000000000888 ) ;
#877 = CARTESIAN_POINT ( 'NONE',  ( -55.23076901076123590, 7.607433911613706634, -25.88215530266434428 ) ) ;
#878 = ADVANCED_FACE ( 'NONE', ( #4102 ), #3419, .F. ) ;
#879 = AXIS2_PLACEMENT_3D ( 'NONE', #1343, #2662, #196 ) ;
#880 = AXIS2_PLACEMENT_3D ( 'NONE', #2038, #4497, #1339 ) ;
#881 = VECTOR ( 'NONE', #3840, 1000.000000000000000 ) ;
#882 = ORIENTED_EDGE ( 'NONE', *, *, #4170, .F. ) ;
#883 = FACE_OUTER_BOUND ( 'NONE', #2163, .T. ) ;
#884 = LINE ( 'NONE', #445, #3952 ) ;
#885 = AXIS2_PLACEMENT_3D ( 'NONE', #1143, #477, #2189 ) ;
#886 = DIRECTION ( 'NONE',  ( 0.0000000000000000000, 0.0000000000000000000, 1.000000000000000000 ) ) ;
#887 = CIRCLE ( 'NONE', #84, 1.249999999999987121 ) ;
#888 = ORIENTED_EDGE ( 'NONE', *, *, #78, .F. ) ;
#889 = DIRECTION ( 'NONE',  ( -0.0000000000000000000, 1.000000000000000000, -0.0000000000000000000 ) ) ;
#890 = ORIENTED_EDGE ( 'NONE', *, *, #2845, .F. ) ;
#891 = CARTESIAN_POINT ( 'NONE',  ( 63.99999999999998579, -4.499999999999957367, -41.37500000000000000 ) ) ;
#892 = DIRECTION ( 'NONE',  ( 0.0000000000000000000, 0.0000000000000000000, 1.000000000000000000 ) ) ;
#893 = EDGE_CURVE ( 'NONE', #2474, #611, #1670, .T. ) ;
#894 = LINE ( 'NONE', #3086, #1177 ) ;
#895 = CIRCLE ( 'NONE', #1785, 1.249999999999997558 ) ;
#896 = DIRECTION ( 'NONE',  ( 0.0000000000000000000, 0.0000000000000000000, 1.000000000000000000 ) ) ;
#897 = VERTEX_POINT ( 'NONE', #329 ) ;
#898 = CARTESIAN_POINT ( 'NONE',  ( 60.50000000000000000, 7.999999999999998224, 39.35000000000000853 ) ) ;
#899 = VECTOR ( 'NONE', #4484, 1000.000000000000000 ) ;
#900 = EDGE_LOOP ( 'NONE', ( #1014, #706, #630, #3935 ) ) ;
#901 = CALENDAR_DATE ( 2019, 26, 6 ) ;
#902 = CYLINDRICAL_SURFACE ( 'NONE', #2868, 1.249999999999994227 ) ;
#903 = AXIS2_PLACEMENT_3D ( 'NONE', #2069, #3732, #2395 ) ;
#904 = EDGE_CURVE ( 'NONE', #2257, #1834, #1486, .T. ) ;
#905 = LINE ( 'NONE', #3367, #1995 ) ;
#906 = ORIENTED_EDGE ( 'NONE', *, *, #4432, .T. ) ;
#907 = VERTEX_POINT ( 'NONE', #115 ) ;
#908 = CARTESIAN_POINT ( 'NONE',  ( 61.00000000000000000, 0.0000000000000000000, 42.85000000000001563 ) ) ;
#909 = DIRECTION ( 'NONE',  ( 1.000000000000000000, 0.0000000000000000000, 0.0000000000000000000 ) ) ;
#910 = DIRECTION ( 'NONE',  ( -0.0000000000000000000, 1.000000000000000000, -0.0000000000000000000 ) ) ;
#911 = VERTEX_POINT ( 'NONE', #1741 ) ;
#912 = CARTESIAN_POINT ( 'NONE',  ( -53.00000000000000000, 5.999999999999998224, -27.89285714285734841 ) ) ;
#913 = VERTEX_POINT ( 'NONE', #4523 ) ;
#914 = CARTESIAN_POINT ( 'NONE',  ( -64.00000000000000000, 9.000000000000000000, -9.935714285714460914 ) ) ;
#915 = CARTESIAN_POINT ( 'NONE',  ( -53.00000000000000000, 18.00000000000000000, -34.85000000000024301 ) ) ;
#916 = DIRECTION ( 'NONE',  ( -0.0000000000000000000, 1.000000000000000000, -0.0000000000000000000 ) ) ;
#917 = CARTESIAN_POINT ( 'NONE',  ( -57.08000000000000540, 9.000000000000000000, -14.15211428571446106 ) ) ;
#918 = VERTEX_POINT ( 'NONE', #2090 ) ;
#919 = EDGE_CURVE ( 'NONE', #3354, #101, #1175, .T. ) ;
#920 = CARTESIAN_POINT ( 'NONE',  ( 53.00000000000000000, 18.00000000000000000, -34.85000000000024301 ) ) ;
#921 = ORIENTED_EDGE ( 'NONE', *, *, #268, .T. ) ;
#922 = CARTESIAN_POINT ( 'NONE',  ( -26.00000000000000000, 5.999999999999998224, -1.978571428571556767 ) ) ;
#923 = EDGE_CURVE ( 'NONE', #644, #869, #1366, .T. ) ;
#924 = ADVANCED_FACE ( 'NONE', ( #1721 ), #2539, .F. ) ;
#925 = CARTESIAN_POINT ( 'NONE',  ( 60.50000000000000000, 18.00000000000000000, 39.35000000000000853 ) ) ;
#926 = FACE_OUTER_BOUND ( 'NONE', #3844, .T. ) ;
#927 = CARTESIAN_POINT ( 'NONE',  ( -36.00000000000000711, 5.999999999999998224, -11.93571428571445203 ) ) ;
#928 = EDGE_CURVE ( 'NONE', #1080, #1967, #2362, .T. ) ;
#929 = CARTESIAN_POINT ( 'NONE',  ( 52.50000000000000711, -6.000000000000000000, -44.37500000000004974 ) ) ;
#930 = CARTESIAN_POINT ( 'NONE',  ( 42.99999999999999289, 18.00000000000000000, -17.93571428571447157 ) ) ;
#931 = FACE_OUTER_BOUND ( 'NONE', #2713, .T. ) ;
#932 = VERTEX_POINT ( 'NONE', #427 ) ;
#933 = DIRECTION ( 'NONE',  ( -0.0000000000000000000, 0.0000000000000000000, -1.000000000000000000 ) ) ;
#934 = ORIENTED_EDGE ( 'NONE', *, *, #923, .F. ) ;
#935 = DIRECTION ( 'NONE',  ( 0.0000000000000000000, 0.0000000000000000000, 1.000000000000000000 ) ) ;
#936 = LINE ( 'NONE', #4182, #3219 ) ;
#937 = DIRECTION ( 'NONE',  ( 1.000000000000000000, 0.0000000000000000000, 0.0000000000000000000 ) ) ;
#938 = LINE ( 'NONE', #209, #2956 ) ;
#939 = AXIS2_PLACEMENT_3D ( 'NONE', #2329, #2626, #1529 ) ;
#940 = ORIENTED_EDGE ( 'NONE', *, *, #4291, .F. ) ;
#941 = LINE ( 'NONE', #502, #3380 ) ;
#942 = VERTEX_POINT ( 'NONE', #671 ) ;
#943 = CYLINDRICAL_SURFACE ( 'NONE', #3096, 1.249999999999994227 ) ;
#944 = EDGE_LOOP ( 'NONE', ( #1372, #4016, #3061, #797 ) ) ;
#945 = FACE_OUTER_BOUND ( 'NONE', #1311, .T. ) ;
#946 = ADVANCED_FACE ( 'NONE', ( #2879 ), #2512, .F. ) ;
#947 = CYLINDRICAL_SURFACE ( 'NONE', #2743, 1.500000000000001332 ) ;
#948 = AXIS2_PLACEMENT_3D ( 'NONE', #3563, #431, #3202 ) ;
#949 = LINE ( 'NONE', #269, #874 ) ;
#950 = ORIENTED_EDGE ( 'NONE', *, *, #56, .T. ) ;
#951 = PLANE ( 'NONE',  #1481 ) ;
#952 = LINE ( 'NONE', #3423, #2524 ) ;
#953 = CIRCLE ( 'NONE', #3175, 5.143372999999999529 ) ;
#954 = DIRECTION ( 'NONE',  ( -0.0000000000000000000, 1.000000000000000000, -0.0000000000000000000 ) ) ;
#955 = ADVANCED_FACE ( 'NONE', ( #755 ), #1439, .F. ) ;
#956 = ORIENTED_EDGE ( 'NONE', *, *, #3438, .F. ) ;
#957 = DIRECTION ( 'NONE',  ( 0.0000000000000000000, 0.0000000000000000000, 1.000000000000000000 ) ) ;
#958 = CONICAL_SURFACE ( 'NONE', #3526, 1.250000000000001110, 1.029744258676654090 ) ;
#959 = CIRCLE ( 'NONE', #3234, 3.000000000000007550 ) ;
#960 = ORIENTED_EDGE ( 'NONE', *, *, #343, .F. ) ;
#961 = FACE_OUTER_BOUND ( 'NONE', #441, .T. ) ;
#962 = AXIS2_PLACEMENT_3D ( 'NONE', #3858, #2255, #4247 ) ;
#963 = CARTESIAN_POINT ( 'NONE',  ( -55.84131421877070522, 5.999999999999998224, -12.89848814816161848 ) ) ;
#964 = LINE ( 'NONE', #3431, #2584 ) ;
#965 = LINE ( 'NONE', #1964, #4342 ) ;
#966 = EDGE_CURVE ( 'NONE', #203, #3363, #2430, .T. ) ;
#967 = AXIS2_PLACEMENT_3D ( 'NONE', #1098, #1779, #3181 ) ;
#968 = EDGE_LOOP ( 'NONE', ( #1689, #2687, #1287, #2744, #3716, #2334 ) ) ;
#969 = CARTESIAN_POINT ( 'NONE',  ( -51.74389363371756190, 5.999999999999997335, -10.95160914637193805 ) ) ;
#970 = VERTEX_POINT ( 'NONE', #454 ) ;
#971 = VECTOR ( 'NONE', #158, 1000.000000000000000 ) ;
#972 = FACE_OUTER_BOUND ( 'NONE', #3111, .T. ) ;
#973 = AXIS2_PLACEMENT_3D ( 'NONE', #2438, #333, #3835 ) ;
#974 = VERTEX_POINT ( 'NONE', #2854 ) ;
#975 = DIRECTION ( 'NONE',  ( 0.0000000000000000000, 0.0000000000000000000, 1.000000000000000000 ) ) ;
#976 = VECTOR ( 'NONE', #1183, 1000.000000000000114 ) ;
#977 = FACE_OUTER_BOUND ( 'NONE', #3214, .T. ) ;
#978 = ORIENTED_EDGE ( 'NONE', *, *, #3182, .T. ) ;
#979 = CARTESIAN_POINT ( 'NONE',  ( 46.00000000000000711, 5.999999999999998224, -21.89285714285733775 ) ) ;
#980 = CARTESIAN_POINT ( 'NONE',  ( -62.50000000000001421, -2.000000000000000000, 42.87500000000000000 ) ) ;
#981 = CARTESIAN_POINT ( 'NONE',  ( 68.50000000000000000, 0.0000000000000000000, -47.34999999999998010 ) ) ;
#982 = EDGE_CURVE ( 'NONE', #3959, #911, #3826, .T. ) ;
#983 = VERTEX_POINT ( 'NONE', #406 ) ;
#984 = ORIENTED_EDGE ( 'NONE', *, *, #2525, .T. ) ;
#985 = LINE ( 'NONE', #1705, #899 ) ;
#986 = DIRECTION ( 'NONE',  ( 1.584739227646016213E-16, 0.0000000000000000000, 1.000000000000000000 ) ) ;
#987 = EDGE_CURVE ( 'NONE', #358, #3538, #3263, .T. ) ;
#988 = CARTESIAN_POINT ( 'NONE',  ( -64.00000000000001421, -4.499999999999957367, -41.37500000000000000 ) ) ;
#989 = LINE ( 'NONE', #3743, #2145 ) ;
#990 = ORIENTED_EDGE ( 'NONE', *, *, #2096, .T. ) ;
#991 = CARTESIAN_POINT ( 'NONE',  ( 64.00000000000000000, -4.499999999999962697, -31.35000000000000853 ) ) ;
#992 = ORIENTED_EDGE ( 'NONE', *, *, #4359, .T. ) ;
#993 = CARTESIAN_POINT ( 'NONE',  ( 0.0000000000000000000, 7.999999999999998224, -19.91428571428590644 ) ) ;
#994 = ORIENTED_EDGE ( 'NONE', *, *, #2533, .T. ) ;
#995 = CARTESIAN_POINT ( 'NONE',  ( 60.50000000000000000, 7.999999999999998224, 40.60000000000000853 ) ) ;
#996 = CARTESIAN_POINT ( 'NONE',  ( 63.99999999999998579, -2.000000000000000000, -42.87500000000000000 ) ) ;
#997 = AXIS2_PLACEMENT_3D ( 'NONE', #2638, #1902, #468 ) ;
#998 = ORIENTED_EDGE ( 'NONE', *, *, #1178, .T. ) ;
#999 = DIRECTION ( 'NONE',  ( -1.000000000000000000, 0.0000000000000000000, 0.0000000000000000000 ) ) ;
#1000 = FACE_OUTER_BOUND ( 'NONE', #1213, .T. ) ;
#1001 = ORIENTED_EDGE ( 'NONE', *, *, #4048, .F. ) ;
#1002 = ORIENTED_EDGE ( 'NONE', *, *, #3534, .T. ) ;
#1003 = FACE_OUTER_BOUND ( 'NONE', #2105, .T. ) ;
#1004 = DIRECTION ( 'NONE',  ( 1.000000000000000000, 0.0000000000000000000, 0.0000000000000000000 ) ) ;
#1005 = DIRECTION ( 'NONE',  ( 0.0000000000000000000, -0.7071067811865474617, -0.7071067811865474617 ) ) ;
#1006 = ADVANCED_FACE ( 'NONE', ( #3580 ), #958, .F. ) ;
#1007 = DIRECTION ( 'NONE',  ( -0.0000000000000000000, 1.000000000000000000, -0.0000000000000000000 ) ) ;
#1008 = ORIENTED_EDGE ( 'NONE', *, *, #2872, .F. ) ;
#1009 = CARTESIAN_POINT ( 'NONE',  ( 0.0000000000000000000, 7.999999999999998224, 19.91428571428566485 ) ) ;
#1010 = ORIENTED_EDGE ( 'NONE', *, *, #871, .F. ) ;
#1011 = CIRCLE ( 'NONE', #4175, 3.000000000000002665 ) ;
#1012 = DIRECTION ( 'NONE',  ( 0.0000000000000000000, 0.0000000000000000000, 1.000000000000000000 ) ) ;
#1013 = EDGE_CURVE ( 'NONE', #2108, #1802, #4304, .T. ) ;
#1014 = ORIENTED_EDGE ( 'NONE', *, *, #2563, .T. ) ;
#1015 = DIRECTION ( 'NONE',  ( -2.282530889443167700E-17, 0.0000000000000000000, -1.000000000000000000 ) ) ;
#1016 = DIRECTION ( 'NONE',  ( 0.0000000000000000000, 1.000000000000000000, 0.0000000000000000000 ) ) ;
#1017 = EDGE_CURVE ( 'NONE', #2008, #1508, #3166, .T. ) ;
#1018 = ORIENTED_EDGE ( 'NONE', *, *, #393, .F. ) ;
#1019 = CONICAL_SURFACE ( 'NONE', #789, 1.250000000000001110, 1.029744258676654090 ) ;
#1020 = CARTESIAN_POINT ( 'NONE',  ( 60.50000000000000000, 18.00000000000000000, -39.34999999999998010 ) ) ;
#1021 = ORIENTED_EDGE ( 'NONE', *, *, #584, .F. ) ;
#1022 = CARTESIAN_POINT ( 'NONE',  ( -64.00000000000000000, 5.999999999999998224, -12.89848814816161848 ) ) ;
#1023 = ADVANCED_FACE ( 'NONE', ( #2063 ), #3462, .F. ) ;
#1024 = ORIENTED_EDGE ( 'NONE', *, *, #2840, .T. ) ;
#1025 = VERTEX_POINT ( 'NONE', #3016 ) ;
#1026 = DIRECTION ( 'NONE',  ( 0.0000000000000000000, 0.0000000000000000000, 1.000000000000000000 ) ) ;
#1027 = CARTESIAN_POINT ( 'NONE',  ( 62.49999999999998579, -2.000000000000000000, 42.87500000000000000 ) ) ;
#1028 = CARTESIAN_POINT ( 'NONE',  ( -57.08000000000000540, 9.000000000000000000, -14.87189321865438707 ) ) ;
#1029 = CYLINDRICAL_SURFACE ( 'NONE', #1104, 1.249999999999994227 ) ;
#1030 = VECTOR ( 'NONE', #588, 1000.000000000000000 ) ;
#1031 = AXIS2_PLACEMENT_3D ( 'NONE', #4152, #263, #575 ) ;
#1032 = ORIENTED_EDGE ( 'NONE', *, *, #530, .F. ) ;
#1033 = LINE ( 'NONE', #2, #1836 ) ;
#1034 = CIRCLE ( 'NONE', #2073, 1.250000000000001110 ) ;
#1035 = EDGE_CURVE ( 'NONE', #3746, #3718, #3720, .T. ) ;
#1036 = ORIENTED_EDGE ( 'NONE', *, *, #3676, .F. ) ;
#1037 = EDGE_CURVE ( 'NONE', #1145, #1871, #3700, .T. ) ;
#1038 = AXIS2_PLACEMENT_3D ( 'NONE', #300, #4146, #2405 ) ;
#1039 = CARTESIAN_POINT ( 'NONE',  ( -22.99999999999999289, 5.999999999999998224, -4.978571428571565427 ) ) ;
#1040 = LOCAL_TIME ( 10, 26, 6.000000000000000000, #2654 ) ;
#1041 = AXIS2_PLACEMENT_3D ( 'NONE', #4324, #2975, #67 ) ;
#1042 = VECTOR ( 'NONE', #2796, 1000.000000000000000 ) ;
#1043 = EDGE_LOOP ( 'NONE', ( #312, #2332, #4467, #3712 ) ) ;
#1044 = ADVANCED_FACE ( 'NONE', ( #568 ), #866, .F. ) ;
#1045 = CARTESIAN_POINT ( 'NONE',  ( -22.99999999999999289, 5.999999999999998224, 1.978571428571320068 ) ) ;
#1046 = CIRCLE ( 'NONE', #4507, 1.250000000000001110 ) ;
#1047 = VECTOR ( 'NONE', #1154, 1000.000000000000000 ) ;
#1048 = DIRECTION ( 'NONE',  ( 0.0000000000000000000, 0.0000000000000000000, 1.000000000000000000 ) ) ;
#1049 = ORIENTED_EDGE ( 'NONE', *, *, #3956, .F. ) ;
#1050 = VECTOR ( 'NONE', #2000, 1000.000000000000000 ) ;
#1051 = VERTEX_POINT ( 'NONE', #915 ) ;
#1052 = FACE_OUTER_BOUND ( 'NONE', #4011, .T. ) ;
#1053 = FACE_OUTER_BOUND ( 'NONE', #1712, .T. ) ;
#1054 = CARTESIAN_POINT ( 'NONE',  ( -56.00000000000000000, 18.00000000000000000, -31.85000000000023945 ) ) ;
#1055 = DIRECTION ( 'NONE',  ( -1.000000000000000000, -0.0000000000000000000, -0.0000000000000000000 ) ) ;
#1056 = VERTEX_POINT ( 'NONE', #3381 ) ;
#1057 = DIRECTION ( 'NONE',  ( 0.0000000000000000000, 0.0000000000000000000, 1.000000000000000000 ) ) ;
#1058 = ORIENTED_EDGE ( 'NONE', *, *, #4445, .F. ) ;
#1059 = VERTEX_POINT ( 'NONE', #846 ) ;
#1060 = CARTESIAN_POINT ( 'NONE',  ( 60.50000000000000000, 7.999999999999998224, 0.0000000000000000000 ) ) ;
#1061 = ORIENTED_EDGE ( 'NONE', *, *, #1084, .F. ) ;
#1062 = CARTESIAN_POINT ( 'NONE',  ( -55.45189120290717000, 11.01026287292205907, -33.58240127759417248 ) ) ;
#1063 = ADVANCED_FACE ( 'NONE', ( #3288 ), #4100, .F. ) ;
#1064 = ORIENTED_EDGE ( 'NONE', *, *, #1017, .T. ) ;
#1065 = EDGE_CURVE ( 'NONE', #4140, #1140, #2261, .T. ) ;
#1066 = LINE ( 'NONE', #1429, #317 ) ;
#1067 = VERTEX_POINT ( 'NONE', #1236 ) ;
#1068 = ORIENTED_EDGE ( 'NONE', *, *, #3587, .F. ) ;
#1069 = DIRECTION ( 'NONE',  ( 1.000000000000000000, 0.0000000000000000000, -0.0000000000000000000 ) ) ;
#1070 = FACE_OUTER_BOUND ( 'NONE', #1809, .T. ) ;
#1071 = CARTESIAN_POINT ( 'NONE',  ( -32.99999999999999289, 5.999999999999998224, -14.93571428571446091 ) ) ;
#1072 = DIRECTION ( 'NONE',  ( -0.0000000000000000000, 1.000000000000000000, -0.0000000000000000000 ) ) ;
#1073 = EDGE_CURVE ( 'NONE', #2051, #35, #1887, .T. ) ;
#1074 = ORIENTED_EDGE ( 'NONE', *, *, #3708, .F. ) ;
#1075 = DIRECTION ( 'NONE',  ( -1.000000000000000000, -0.0000000000000000000, -0.0000000000000000000 ) ) ;
#1076 = ORIENTED_EDGE ( 'NONE', *, *, #2511, .F. ) ;
#1077 = LINE ( 'NONE', #2492, #82 ) ;
#1078 = EDGE_CURVE ( 'NONE', #2682, #821, #3727, .T. ) ;
#1079 = EDGE_LOOP ( 'NONE', ( #4255, #2148, #2833 ) ) ;
#1080 = VERTEX_POINT ( 'NONE', #2995 ) ;
#1081 = DIRECTION ( 'NONE',  ( 0.0000000000000000000, 0.0000000000000000000, 1.000000000000000000 ) ) ;
#1082 = VECTOR ( 'NONE', #3532, 1000.000000000000227 ) ;
#1083 = EDGE_LOOP ( 'NONE', ( #3270, #1890 ) ) ;
#1084 = EDGE_CURVE ( 'NONE', #1967, #389, #497, .T. ) ;
#1085 = CYLINDRICAL_SURFACE ( 'NONE', #1540, 1.500000000000001332 ) ;
#1086 = ORIENTED_EDGE ( 'NONE', *, *, #4083, .T. ) ;
#1087 = ORIENTED_EDGE ( 'NONE', *, *, #440, .F. ) ;
#1088 = CARTESIAN_POINT ( 'NONE',  ( -61.00000000000000000, 0.0000000000000000000, -42.84999999999998721 ) ) ;
#1089 = LINE ( 'NONE', #1831, #3870 ) ;
#1090 = CYLINDRICAL_SURFACE ( 'NONE', #809, 1.249999999999994227 ) ;
#1091 = EDGE_CURVE ( 'NONE', #644, #2060, #1164, .T. ) ;
#1092 = LINE ( 'NONE', #750, #4419 ) ;
#1093 = ORIENTED_EDGE ( 'NONE', *, *, #1696, .T. ) ;
#1094 = DIRECTION ( 'NONE',  ( -0.0000000000000000000, 1.000000000000000000, -0.0000000000000000000 ) ) ;
#1095 = AXIS2_PLACEMENT_3D ( 'NONE', #2858, #850, #3546 ) ;
#1096 = ORIENTED_EDGE ( 'NONE', *, *, #1373, .T. ) ;
#1097 = CARTESIAN_POINT ( 'NONE',  ( -60.50000000000000000, 18.00000000000000000, 0.0000000000000000000 ) ) ;
#1098 = CARTESIAN_POINT ( 'NONE',  ( -64.00000000000000000, 18.00000000000000000, 42.85000000000001563 ) ) ;
#1099 = AXIS2_PLACEMENT_3D ( 'NONE', #1656, #4461, #2027 ) ;
#1100 = CIRCLE ( 'NONE', #1249, 1.249999999999987121 ) ;
#1101 = ORIENTED_EDGE ( 'NONE', *, *, #1289, .T. ) ;
#1102 = CARTESIAN_POINT ( 'NONE',  ( -64.00000000000001421, 103.0953168557000907, 31.35000000000000853 ) ) ;
#1103 = ORIENTED_EDGE ( 'NONE', *, *, #331, .F. ) ;
#1104 = AXIS2_PLACEMENT_3D ( 'NONE', #2788, #40, #2470 ) ;
#1105 = CIRCLE ( 'NONE', #806, 3.000000000000002665 ) ;
#1106 = CARTESIAN_POINT ( 'NONE',  ( -49.00000000000001421, 5.999999999999998224, -14.93571428571446269 ) ) ;
#1107 = VECTOR ( 'NONE', #954, 1000.000000000000000 ) ;
#1108 = FACE_OUTER_BOUND ( 'NONE', #3849, .T. ) ;
#1109 = AXIS2_PLACEMENT_3D ( 'NONE', #3265, #4283, #498 ) ;
#1110 = ORIENTED_EDGE ( 'NONE', *, *, #840, .F. ) ;
#1111 = AXIS2_PLACEMENT_3D ( 'NONE', #2092, #2043, #3441 ) ;
#1112 = CIRCLE ( 'NONE', #1719, 3.000000000000006217 ) ;
#1113 = VERTEX_POINT ( 'NONE', #824 ) ;
#1114 = DIRECTION ( 'NONE',  ( -1.753511094850186804E-15, 0.0000000000000000000, 1.000000000000000000 ) ) ;
#1115 = DIRECTION ( 'NONE',  ( -0.7071067811865475727, -0.7071067811865475727, -0.0000000000000000000 ) ) ;
#1116 = CARTESIAN_POINT ( 'NONE',  ( -60.50000000000000000, 7.999999999999998224, 39.35000000000000853 ) ) ;
#1117 = VECTOR ( 'NONE', #1026, 1000.000000000000000 ) ;
#1118 = CARTESIAN_POINT ( 'NONE',  ( 68.50000000000000000, -6.000000000000000000, 47.35000000000000853 ) ) ;
#1119 = VERTEX_POINT ( 'NONE', #2242 ) ;
#1120 = PLANE ( 'NONE',  #1615 ) ;
#1121 = EDGE_CURVE ( 'NONE', #4113, #2682, #3631, .T. ) ;
#1122 = ORIENTED_EDGE ( 'NONE', *, *, #3292, .T. ) ;
#1123 = CARTESIAN_POINT ( 'NONE',  ( 52.50000000000000711, -4.499999999999957367, -42.87500000000000000 ) ) ;
#1124 = CARTESIAN_POINT ( 'NONE',  ( -64.00000000000001421, -4.499999999999957367, -41.37500000000000000 ) ) ;
#1125 = CARTESIAN_POINT ( 'NONE',  ( 52.50000000000000711, -4.499999999999962697, -42.87500000000000000 ) ) ;
#1126 = ORIENTED_EDGE ( 'NONE', *, *, #1289, .F. ) ;
#1127 = ADVANCED_FACE ( 'NONE', ( #186 ), #3941, .F. ) ;
#1128 = FACE_OUTER_BOUND ( 'NONE', #1893, .T. ) ;
#1129 = VERTEX_POINT ( 'NONE', #3675 ) ;
#1130 = CARTESIAN_POINT ( 'NONE',  ( -43.00000000000000000, 18.00000000000000000, 21.89285714285710327 ) ) ;
#1131 = FACE_BOUND ( 'NONE', #4375, .T. ) ;
#1132 = EDGE_LOOP ( 'NONE', ( #1827, #4127 ) ) ;
#1133 = VERTEX_POINT ( 'NONE', #1584 ) ;
#1134 = CARTESIAN_POINT ( 'NONE',  ( -62.50000000000001421, -4.499999999999957367, 42.87500000000000000 ) ) ;
#1135 = CARTESIAN_POINT ( 'NONE',  ( -55.38905875258971179, 10.84558712624600929, -26.07588521456964159 ) ) ;
#1136 = DIRECTION ( 'NONE',  ( 0.0000000000000000000, 0.0000000000000000000, 1.000000000000000000 ) ) ;
#1137 = AXIS2_PLACEMENT_3D ( 'NONE', #488, #4383, #1500 ) ;
#1138 = ORIENTED_EDGE ( 'NONE', *, *, #543, .F. ) ;
#1139 = CARTESIAN_POINT ( 'NONE',  ( 42.99999999999998579, 18.00000000000000000, -24.89285714285734841 ) ) ;
#1140 = VERTEX_POINT ( 'NONE', #2308 ) ;
#1141 = DIRECTION ( 'NONE',  ( 1.000000000000000000, 0.0000000000000000000, -0.0000000000000000000 ) ) ;
#1142 = EDGE_CURVE ( 'NONE', #2688, #3421, #1215, .T. ) ;
#1143 = CARTESIAN_POINT ( 'NONE',  ( 42.99999999999999289, 5.999999999999998224, 17.93571428571422999 ) ) ;
#1144 = CARTESIAN_POINT ( 'NONE',  ( 1.530808498934188612E-16, 7.999999999999998224, -40.59999999999998010 ) ) ;
#1145 = VERTEX_POINT ( 'NONE', #3339 ) ;
#1146 = DIRECTION ( 'NONE',  ( 0.0000000000000000000, 0.0000000000000000000, 1.000000000000000000 ) ) ;
#1147 = ORIENTED_EDGE ( 'NONE', *, *, #1178, .F. ) ;
#1148 = CARTESIAN_POINT ( 'NONE',  ( -64.00000000000000000, 9.000000000000000000, -29.87142857142879038 ) ) ;
#1149 = ADVANCED_FACE ( 'NONE', ( #1962 ), #3358, .T. ) ;
#1150 = DIRECTION ( 'NONE',  ( 0.0000000000000000000, 0.0000000000000000000, -1.000000000000000000 ) ) ;
#1151 = EDGE_CURVE ( 'NONE', #3862, #732, #4244, .T. ) ;
#1152 = AXIS2_PLACEMENT_3D ( 'NONE', #2974, #2945, #892 ) ;
#1153 = ORIENTED_EDGE ( 'NONE', *, *, #1514, .T. ) ;
#1154 = DIRECTION ( 'NONE',  ( 1.000000000000000000, 0.0000000000000000000, 0.0000000000000000000 ) ) ;
#1155 = ADVANCED_FACE ( 'NONE', ( #2606 ), #4000, .F. ) ;
#1156 =( BOUNDED_CURVE ( )  B_SPLINE_CURVE ( 3, ( #3451, #39, #1434, #1734 ),
 .UNSPECIFIED., .F., .T. ) 
 B_SPLINE_CURVE_WITH_KNOTS ( ( 4, 4 ),
 ( 0.0000000000000000000, 1.570796326794896558 ),
 .UNSPECIFIED. ) 
 CURVE ( )  GEOMETRIC_REPRESENTATION_ITEM ( )  RATIONAL_B_SPLINE_CURVE ( ( 1.000000000000000000, 0.8047378541243649375, 0.8047378541243649375, 1.000000000000000000 ) ) 
 REPRESENTATION_ITEM ( '' )  );
#1157 = CARTESIAN_POINT ( 'NONE',  ( 63.99999999999998579, -4.499999999999957367, 41.37500000000000000 ) ) ;
#1158 = DIRECTION ( 'NONE',  ( 0.0000000000000000000, 0.0000000000000000000, 1.000000000000000000 ) ) ;
#1159 = CARTESIAN_POINT ( 'NONE',  ( 56.00000000000000000, 5.999999999999998224, -7.978571428571572532 ) ) ;
#1160 = ORIENTED_EDGE ( 'NONE', *, *, #982, .T. ) ;
#1161 = DIRECTION ( 'NONE',  ( -0.0000000000000000000, 1.000000000000000000, -0.0000000000000000000 ) ) ;
#1162 = ORIENTED_EDGE ( 'NONE', *, *, #4151, .T. ) ;
#1163 = FACE_OUTER_BOUND ( 'NONE', #1226, .T. ) ;
#1164 = LINE ( 'NONE', #4020, #647 ) ;
#1165 = AXIS2_PLACEMENT_3D ( 'NONE', #4316, #3352, #2234 ) ;
#1166 = DIRECTION ( 'NONE',  ( -1.000000000000000000, -0.0000000000000000000, -0.0000000000000000000 ) ) ;
#1167 = CARTESIAN_POINT ( 'NONE',  ( -55.50023649429101624, 6.864697343708844102, -33.51737956413168718 ) ) ;
#1168 = ORIENTED_EDGE ( 'NONE', *, *, #3790, .F. ) ;
#1169 = EDGE_CURVE ( 'NONE', #3876, #611, #3839, .T. ) ;
#1170 = CYLINDRICAL_SURFACE ( 'NONE', #146, 3.000000000000009770 ) ;
#1171 = ORIENTED_EDGE ( 'NONE', *, *, #3486, .F. ) ;
#1172 = SHAPE_DEFINITION_REPRESENTATION ( #585, #3886 ) ;
#1173 = AXIS2_PLACEMENT_3D ( 'NONE', #2186, #132, #3602 ) ;
#1174 = FACE_OUTER_BOUND ( 'NONE', #3565, .T. ) ;
#1175 = CIRCLE ( 'NONE', #3389, 1.250000000000001110 ) ;
#1176 = AXIS2_PLACEMENT_3D ( 'NONE', #3796, #4124, #3027 ) ;
#1177 = VECTOR ( 'NONE', #4417, 1000.000000000000000 ) ;
#1178 = EDGE_CURVE ( 'NONE', #350, #730, #2195, .T. ) ;
#1179 = CARTESIAN_POINT ( 'NONE',  ( -52.50000000000000711, -6.000000000000000000, -44.37500000000004974 ) ) ;
#1180 = VECTOR ( 'NONE', #3652, 1000.000000000000000 ) ;
#1181 = ORIENTED_EDGE ( 'NONE', *, *, #2181, .F. ) ;
#1182 = AXIS2_PLACEMENT_3D ( 'NONE', #267, #2686, #3487 ) ;
#1183 = DIRECTION ( 'NONE',  ( 0.0000000000000000000, 0.7071067811865474617, -0.7071067811865474617 ) ) ;
#1184 = DIRECTION ( 'NONE',  ( 0.0000000000000000000, 0.5150380749100563760, 0.8571673007021110013 ) ) ;
#1185 = FACE_OUTER_BOUND ( 'NONE', #2899, .T. ) ;
#1186 = DIRECTION ( 'NONE',  ( 0.0000000000000000000, -1.000000000000000000, 0.0000000000000000000 ) ) ;
#1187 = AXIS2_PLACEMENT_3D ( 'NONE', #2605, #822, #4389 ) ;
#1188 = ORIENTED_EDGE ( 'NONE', *, *, #1748, .F. ) ;
#1189 = DIRECTION ( 'NONE',  ( 0.0000000000000000000, 0.0000000000000000000, 1.000000000000000000 ) ) ;
#1190 =( BOUNDED_CURVE ( )  B_SPLINE_CURVE ( 3, ( #3670, #3997, #252, #3355 ),
 .UNSPECIFIED., .F., .F. ) 
 B_SPLINE_CURVE_WITH_KNOTS ( ( 4, 4 ),
 ( 0.0000000000000000000, 1.570796326794896558 ),
 .UNSPECIFIED. ) 
 CURVE ( )  GEOMETRIC_REPRESENTATION_ITEM ( )  RATIONAL_B_SPLINE_CURVE ( ( 1.000000000000000000, 0.8047378541243649375, 0.8047378541243649375, 1.000000000000000000 ) ) 
 REPRESENTATION_ITEM ( '' )  );
#1191 = VERTEX_POINT ( 'NONE', #4143 ) ;
#1192 = CARTESIAN_POINT ( 'NONE',  ( -64.00000000000001421, -4.499999999999957367, -41.37500000000000000 ) ) ;
#1193 = AXIS2_PLACEMENT_3D ( 'NONE', #4164, #3084, #4142 ) ;
#1194 = DIRECTION ( 'NONE',  ( 0.0000000000000000000, 0.0000000000000000000, -1.000000000000000000 ) ) ;
#1195 = DIRECTION ( 'NONE',  ( 0.0000000000000000000, 0.0000000000000000000, -1.000000000000000000 ) ) ;
#1196 = CARTESIAN_POINT ( 'NONE',  ( -64.00000000000000000, 18.00000000000000000, -42.84999999999998721 ) ) ;
#1197 = ORIENTED_EDGE ( 'NONE', *, *, #4478, .F. ) ;
#1198 = LINE ( 'NONE', #480, #2573 ) ;
#1199 = ORIENTED_EDGE ( 'NONE', *, *, #711, .T. ) ;
#1200 = PERSON_AND_ORGANIZATION_ROLE ( 'design_owner' ) ;
#1201 = DIRECTION ( 'NONE',  ( 0.0000000000000000000, 0.0000000000000000000, -1.000000000000000000 ) ) ;
#1202 = FACE_OUTER_BOUND ( 'NONE', #3223, .T. ) ;
#1203 = ADVANCED_FACE ( 'NONE', ( #4091 ), #3788, .F. ) ;
#1204 = EDGE_CURVE ( 'NONE', #1059, #3921, #936, .T. ) ;
#1205 = ORIENTED_EDGE ( 'NONE', *, *, #4526, .T. ) ;
#1206 = DIRECTION ( 'NONE',  ( -0.0000000000000000000, 1.000000000000000000, -0.0000000000000000000 ) ) ;
#1207 = CARTESIAN_POINT ( 'NONE',  ( -57.08000000000000540, 13.21640000000000015, -29.87142857142879038 ) ) ;
#1208 = DIRECTION ( 'NONE',  ( -1.000000000000000000, 0.0000000000000000000, -0.0000000000000000000 ) ) ;
#1209 = CARTESIAN_POINT ( 'NONE',  ( -26.00000000000000000, 18.00000000000000000, -1.978571428571556767 ) ) ;
#1210 = EDGE_CURVE ( 'NONE', #358, #4006, #401, .T. ) ;
#1211 = ORIENTED_EDGE ( 'NONE', *, *, #893, .F. ) ;
#1212 = CARTESIAN_POINT ( 'NONE',  ( 68.50000000000000000, -6.000000000000000000, 31.35000000000000853 ) ) ;
#1213 = EDGE_LOOP ( 'NONE', ( #432, #3329, #133, #118 ) ) ;
#1214 = DIRECTION ( 'NONE',  ( 0.0000000000000000000, 0.0000000000000000000, 1.000000000000000000 ) ) ;
#1215 = LINE ( 'NONE', #1942, #2343 ) ;
#1216 = DIRECTION ( 'NONE',  ( 0.0000000000000000000, 0.0000000000000000000, -1.000000000000000000 ) ) ;
#1217 = VECTOR ( 'NONE', #539, 1000.000000000000000 ) ;
#1218 = CARTESIAN_POINT ( 'NONE',  ( -53.00000000000000000, 5.999999999999998224, -27.89285714285734841 ) ) ;
#1219 = ADVANCED_FACE ( 'NONE', ( #3044 ), #2378, .T. ) ;
#1220 = VERTEX_POINT ( 'NONE', #3769 ) ;
#1221 = LINE ( 'NONE', #1639, #2795 ) ;
#1222 = EDGE_LOOP ( 'NONE', ( #2799, #1327, #940, #3881 ) ) ;
#1223 = EDGE_CURVE ( 'NONE', #3639, #2665, #1376, .T. ) ;
#1224 = FACE_OUTER_BOUND ( 'NONE', #3455, .T. ) ;
#1225 = CARTESIAN_POINT ( 'NONE',  ( -64.00000000000001421, -2.000000000000000000, 42.87500000000000000 ) ) ;
#1226 = EDGE_LOOP ( 'NONE', ( #1760, #1064, #2367, #1364, #1745, #2017, #1513, #1021 ) ) ;
#1227 = EDGE_CURVE ( 'NONE', #730, #350, #1520, .T. ) ;
#1228 = LINE ( 'NONE', #2914, #1047 ) ;
#1229 = DIRECTION ( 'NONE',  ( -0.0000000000000000000, 1.000000000000000000, -0.0000000000000000000 ) ) ;
#1230 = CARTESIAN_POINT ( 'NONE',  ( -60.50000000000000000, 18.00000000000000000, -39.34999999999998010 ) ) ;
#1231 = AXIS2_PLACEMENT_3D ( 'NONE', #4348, #1261, #1194 ) ;
#1232 = ORIENTED_EDGE ( 'NONE', *, *, #1985, .T. ) ;
#1233 = DIRECTION ( 'NONE',  ( 0.0000000000000000000, -1.000000000000000000, 0.0000000000000000000 ) ) ;
#1234 = EDGE_LOOP ( 'NONE', ( #984, #1684 ) ) ;
#1235 = DIRECTION ( 'NONE',  ( -0.0000000000000000000, -1.000000000000000000, -0.0000000000000000000 ) ) ;
#1236 = CARTESIAN_POINT ( 'NONE',  ( -64.00000000000001421, -2.000000000000000000, 41.37500000000000000 ) ) ;
#1237 = ADVANCED_FACE ( 'NONE', ( #3113 ), #4444, .T. ) ;
#1238 = DIRECTION ( 'NONE',  ( 0.0000000000000000000, 0.0000000000000000000, 1.000000000000000000 ) ) ;
#1239 = FACE_OUTER_BOUND ( 'NONE', #617, .T. ) ;
#1240 = ORIENTED_EDGE ( 'NONE', *, *, #3949, .F. ) ;
#1241 = ORIENTED_EDGE ( 'NONE', *, *, #1381, .F. ) ;
#1242 = PERSON_AND_ORGANIZATION ( #4282, #2078 ) ;
#1243 = DIRECTION ( 'NONE',  ( -1.000000000000000000, -0.0000000000000000000, -0.0000000000000000000 ) ) ;
#1244 = AXIS2_PLACEMENT_3D ( 'NONE', #4176, #1295, #1618 ) ;
#1245 = AXIS2_PLACEMENT_3D ( 'NONE', #3794, #4149, #1380 ) ;
#1246 = DIRECTION ( 'NONE',  ( 0.0000000000000000000, 0.0000000000000000000, 1.000000000000000000 ) ) ;
#1247 = APPROVAL_PERSON_ORGANIZATION ( #2268, #4505, #3271 ) ;
#1248 = VECTOR ( 'NONE', #3728, 1000.000000000000114 ) ;
#1249 = AXIS2_PLACEMENT_3D ( 'NONE', #4053, #3684, #1949 ) ;
#1250 = AXIS2_PLACEMENT_3D ( 'NONE', #3701, #278, #548 ) ;
#1251 = ORIENTED_EDGE ( 'NONE', *, *, #726, .T. ) ;
#1252 = CARTESIAN_POINT ( 'NONE',  ( 0.0000000000000000000, 7.999999999999998224, 40.60000000000000853 ) ) ;
#1253 = FACE_OUTER_BOUND ( 'NONE', #1424, .T. ) ;
#1254 = AXIS2_PLACEMENT_3D ( 'NONE', #1116, #3993, #3917 ) ;
#1255 = DIRECTION ( 'NONE',  ( 0.0000000000000000000, 0.0000000000000000000, -1.000000000000000000 ) ) ;
#1256 = ORIENTED_EDGE ( 'NONE', *, *, #3656, .T. ) ;
#1257 = AXIS2_PLACEMENT_3D ( 'NONE', #1497, #104, #1927 ) ;
#1258 = CARTESIAN_POINT ( 'NONE',  ( -52.37999999999999545, 9.000000000000000000, -29.87142857142879038 ) ) ;
#1259 = ORIENTED_EDGE ( 'NONE', *, *, #2313, .T. ) ;
#1260 = LINE ( 'NONE', #546, #90 ) ;
#1261 = DIRECTION ( 'NONE',  ( -0.0000000000000000000, -1.000000000000000000, 0.0000000000000000000 ) ) ;
#1262 = DIRECTION ( 'NONE',  ( -0.0000000000000000000, 1.000000000000000000, -0.0000000000000000000 ) ) ;
#1263 = CIRCLE ( 'NONE', #1187, 3.000000000000012879 ) ;
#1264 = DIRECTION ( 'NONE',  ( 0.0000000000000000000, 0.0000000000000000000, -1.000000000000000000 ) ) ;
#1265 = VERTEX_POINT ( 'NONE', #2765 ) ;
#1266 = EDGE_CURVE ( 'NONE', #4365, #3051, #4165, .T. ) ;
#1267 = DIRECTION ( 'NONE',  ( -0.0000000000000000000, 1.000000000000000000, -0.0000000000000000000 ) ) ;
#1268 = VECTOR ( 'NONE', #2501, 1000.000000000000000 ) ;
#1269 = EDGE_LOOP ( 'NONE', ( #275, #237, #516, #2516, #1087, #169, #2279, #2281, #3187, #1188, #1382, #4346, #239, #2106, #2499, #790, #4307, #3780, #3561, #3981, #4096, #4319, #2290, #815, #3738, #2052 ) ) ;
#1270 = DIRECTION ( 'NONE',  ( 0.0000000000000000000, 0.0000000000000000000, 1.000000000000000000 ) ) ;
#1271 = CIRCLE ( 'NONE', #3251, 3.000000000000012879 ) ;
#1272 = ADVANCED_FACE ( 'NONE', ( #2696 ), #659, .F. ) ;
#1273 = CARTESIAN_POINT ( 'NONE',  ( 63.99999999999998579, -2.000000000000000000, -41.37500000000000000 ) ) ;
#1274 = ORIENTED_EDGE ( 'NONE', *, *, #1371, .F. ) ;
#1275 = EDGE_LOOP ( 'NONE', ( #1068, #4482, #4241, #3942 ) ) ;
#1276 = DIRECTION ( 'NONE',  ( -1.000000000000000000, 0.0000000000000000000, 0.0000000000000000000 ) ) ;
#1277 = DIRECTION ( 'NONE',  ( 0.0000000000000000000, 0.0000000000000000000, -1.000000000000000000 ) ) ;
#1278 = CARTESIAN_POINT ( 'NONE',  ( -61.00000000000000000, 18.00000000000000000, 39.85000000000000853 ) ) ;
#1279 = ORIENTED_EDGE ( 'NONE', *, *, #3711, .T. ) ;
#1280 = CARTESIAN_POINT ( 'NONE',  ( 60.50000000000000000, 7.999999999999998224, 39.35000000000000853 ) ) ;
#1281 = ORIENTED_EDGE ( 'NONE', *, *, #3230, .T. ) ;
#1282 = DIRECTION ( 'NONE',  ( 0.0000000000000000000, 1.000000000000000000, -0.0000000000000000000 ) ) ;
#1283 = DIRECTION ( 'NONE',  ( 0.0000000000000000000, 0.0000000000000000000, 1.000000000000000000 ) ) ;
#1284 = CARTESIAN_POINT ( 'NONE',  ( -68.50000000000000000, -6.000000000000000000, -47.34999999999998010 ) ) ;
#1285 = DIRECTION ( 'NONE',  ( -1.000000000000000000, -0.0000000000000000000, -0.0000000000000000000 ) ) ;
#1286 = EDGE_CURVE ( 'NONE', #691, #2108, #3408, .T. ) ;
#1287 = ORIENTED_EDGE ( 'NONE', *, *, #1210, .T. ) ;
#1288 = CARTESIAN_POINT ( 'NONE',  ( 62.49999999999998579, -5.378679656440315426, -43.75367965644036161 ) ) ;
#1289 = EDGE_CURVE ( 'NONE', #3971, #439, #3699, .T. ) ;
#1290 = ORIENTED_EDGE ( 'NONE', *, *, #3956, .T. ) ;
#1291 = DIRECTION ( 'NONE',  ( -0.0000000000000000000, 1.000000000000000000, -0.0000000000000000000 ) ) ;
#1292 = CARTESIAN_POINT ( 'NONE',  ( 60.50000000000000000, 7.999999999999998224, 39.35000000000000853 ) ) ;
#1293 = EDGE_CURVE ( 'NONE', #691, #2442, #1308, .T. ) ;
#1294 = LINE ( 'NONE', #1994, #365 ) ;
#1295 = DIRECTION ( 'NONE',  ( -0.0000000000000000000, 1.000000000000000000, -0.0000000000000000000 ) ) ;
#1296 = DIRECTION ( 'NONE',  ( 0.0000000000000000000, 0.0000000000000000000, 1.000000000000000000 ) ) ;
#1297 = ADVANCED_FACE ( 'NONE', ( #1053 ), #355, .F. ) ;
#1298 = ORIENTED_EDGE ( 'NONE', *, *, #2269, .T. ) ;
#1299 = CARTESIAN_POINT ( 'NONE',  ( 0.0000000000000000000, 18.00000000000000000, 39.35000000000000853 ) ) ;
#1300 = DIRECTION ( 'NONE',  ( -0.0000000000000000000, 1.000000000000000000, -0.0000000000000000000 ) ) ;
#1301 = ORIENTED_EDGE ( 'NONE', *, *, #4408, .F. ) ;
#1302 = CARTESIAN_POINT ( 'NONE',  ( -64.00000000000000000, 18.00000000000000000, 39.85000000000000853 ) ) ;
#1303 = VERTEX_POINT ( 'NONE', #765 ) ;
#1304 = CARTESIAN_POINT ( 'NONE',  ( -32.99999999999999289, 5.999999999999998224, 14.93571428571422111 ) ) ;
#1305 = CARTESIAN_POINT ( 'NONE',  ( -55.21210123523594149, 10.32798324736337747, -25.86511837827542948 ) ) ;
#1306 = CARTESIAN_POINT ( 'NONE',  ( -55.22914367413148540, 10.31969268032210785, -13.94463242514540013 ) ) ;
#1307 = DIRECTION ( 'NONE',  ( 0.0000000000000000000, 0.0000000000000000000, 1.000000000000000000 ) ) ;
#1308 = CIRCLE ( 'NONE', #1596, 3.000000000000002665 ) ;
#1309 = VERTEX_POINT ( 'NONE', #3192 ) ;
#1310 = CARTESIAN_POINT ( 'NONE',  ( 60.50000000000000000, 18.00000000000000000, 1.249999999999987121 ) ) ;
#1311 = EDGE_LOOP ( 'NONE', ( #4180, #2750, #2757 ) ) ;
#1312 = CARTESIAN_POINT ( 'NONE',  ( -68.49999999999998579, 103.0953168557000907, 31.35000000000000853 ) ) ;
#1313 = ADVANCED_FACE ( 'NONE', ( #1070 ), #3938, .T. ) ;
#1314 = ORIENTED_EDGE ( 'NONE', *, *, #57, .T. ) ;
#1315 = FACE_OUTER_BOUND ( 'NONE', #2926, .T. ) ;
#1316 = DIRECTION ( 'NONE',  ( -0.0000000000000000000, 1.000000000000000000, -0.0000000000000000000 ) ) ;
#1317 = CONICAL_SURFACE ( 'NONE', #1693, 1.250000000000001110, 1.029744258676654090 ) ;
#1318 = ORIENTED_EDGE ( 'NONE', *, *, #476, .T. ) ;
#1319 = EDGE_CURVE ( 'NONE', #389, #759, #786, .T. ) ;
#1320 = CARTESIAN_POINT ( 'NONE',  ( 62.49999999999998579, -6.000000000000000000, 44.37500000000004974 ) ) ;
#1321 = PLANE ( 'NONE',  #1410 ) ;
#1322 = AXIS2_PLACEMENT_3D ( 'NONE', #2940, #2603, #517 ) ;
#1323 = VECTOR ( 'NONE', #1048, 1000.000000000000000 ) ;
#1324 = CARTESIAN_POINT ( 'NONE',  ( 0.0000000000000000000, 18.00000000000000000, 40.60000000000000142 ) ) ;
#1325 = ORIENTED_EDGE ( 'NONE', *, *, #1425, .F. ) ;
#1326 = AXIS2_PLACEMENT_3D ( 'NONE', #3984, #1592, #1201 ) ;
#1327 = ORIENTED_EDGE ( 'NONE', *, *, #3366, .F. ) ;
#1328 = DIRECTION ( 'NONE',  ( -0.0000000000000000000, 1.000000000000000000, -0.0000000000000000000 ) ) ;
#1329 = AXIS2_PLACEMENT_3D ( 'NONE', #4001, #455, #2243 ) ;
#1330 = DIRECTION ( 'NONE',  ( -0.0000000000000000000, -1.000000000000000000, -0.0000000000000000000 ) ) ;
#1331 = CARTESIAN_POINT ( 'NONE',  ( -68.50000000000000000, 0.0000000000000000000, 44.35000000000000853 ) ) ;
#1332 = DIRECTION ( 'NONE',  ( 0.0000000000000000000, 0.5150380749100544886, 0.8571673007021121116 ) ) ;
#1333 = VECTOR ( 'NONE', #4235, 1000.000000000000000 ) ;
#1334 = ORIENTED_EDGE ( 'NONE', *, *, #987, .T. ) ;
#1335 = DIRECTION ( 'NONE',  ( -1.000000000000000000, -0.0000000000000000000, 6.546126324440781884E-17 ) ) ;
#1336 = ORIENTED_EDGE ( 'NONE', *, *, #346, .F. ) ;
#1337 = AXIS2_PLACEMENT_3D ( 'NONE', #613, #3375, #4438 ) ;
#1338 = VECTOR ( 'NONE', #1448, 1000.000000000000000 ) ;
#1339 = DIRECTION ( 'NONE',  ( 0.0000000000000000000, 0.0000000000000000000, 1.000000000000000000 ) ) ;
#1340 = VECTOR ( 'NONE', #4347, 1000.000000000000227 ) ;
#1341 = ORIENTED_EDGE ( 'NONE', *, *, #4183, .F. ) ;
#1342 = B_SPLINE_CURVE_WITH_KNOTS ( 'NONE', 3,
 ( #4489, #2698, #2353, #596, #2720, #2749, #3020, #258, #621, #3432, #3791, #570 ),
 .UNSPECIFIED., .F., .F.,
 ( 4, 2, 2, 2, 2, 4 ),
 ( 0.02063646618928250895, 0.02216488022765653043, 0.02292908724684355332, 0.02369329426603057273, 0.02522170830440462544, 0.02675012234277867815 ),
 .UNSPECIFIED. ) ;
#1343 = CARTESIAN_POINT ( 'NONE',  ( 60.50000000000000000, 7.999999999999998224, -39.34999999999998010 ) ) ;
#1344 = AXIS2_PLACEMENT_3D ( 'NONE', #3895, #85, #2159 ) ;
#1345 = DIRECTION ( 'NONE',  ( -0.0000000000000000000, 1.000000000000000000, -0.0000000000000000000 ) ) ;
#1346 = ORIENTED_EDGE ( 'NONE', *, *, #1496, .F. ) ;
#1347 = ADVANCED_FACE ( 'NONE', ( #3596 ), #2635, .F. ) ;
#1348 = PLANE ( 'NONE',  #4433 ) ;
#1349 = CARTESIAN_POINT ( 'NONE',  ( -60.50000000000000000, 7.248924226215546440, 0.0000000000000000000 ) ) ;
#1350 = ADVANCED_FACE ( 'NONE', ( #4246 ), #3171, .F. ) ;
#1351 = DIRECTION ( 'NONE',  ( 0.0000000000000000000, 0.0000000000000000000, 1.000000000000000000 ) ) ;
#1352 = VERTEX_POINT ( 'NONE', #1750 ) ;
#1353 = VERTEX_POINT ( 'NONE', #1811 ) ;
#1354 = DIRECTION ( 'NONE',  ( -0.0000000000000000000, 1.000000000000000000, -0.0000000000000000000 ) ) ;
#1355 = CARTESIAN_POINT ( 'NONE',  ( -43.00000000000000000, 5.999999999999998224, 24.89285714285711748 ) ) ;
#1356 = FACE_OUTER_BOUND ( 'NONE', #3319, .T. ) ;
#1357 = EDGE_CURVE ( 'NONE', #35, #1714, #1089, .T. ) ;
#1358 = LINE ( 'NONE', #2081, #1469 ) ;
#1359 = ORIENTED_EDGE ( 'NONE', *, *, #2143, .F. ) ;
#1360 = CARTESIAN_POINT ( 'NONE',  ( -52.50000000000000711, -2.000000000000001776, -42.87500000000000000 ) ) ;
#1361 = ORIENTED_EDGE ( 'NONE', *, *, #1013, .F. ) ;
#1362 = ADVANCED_FACE ( 'NONE', ( #22 ), #3872, .F. ) ;
#1363 = DIRECTION ( 'NONE',  ( -1.000000000000000000, 0.0000000000000000000, -0.0000000000000000000 ) ) ;
#1364 = ORIENTED_EDGE ( 'NONE', *, *, #1953, .F. ) ;
#1365 = EDGE_CURVE ( 'NONE', #340, #4089, #2135, .T. ) ;
#1366 = LINE ( 'NONE', #2188, #733 ) ;
#1367 = LINE ( 'NONE', #3779, #2374 ) ;
#1368 = CARTESIAN_POINT ( 'NONE',  ( -52.37999999999999545, 5.999999999999998224, -26.90865470898162570 ) ) ;
#1369 = CARTESIAN_POINT ( 'NONE',  ( -64.00000000000001421, -4.499999999999957367, 31.35000000000000853 ) ) ;
#1370 = CARTESIAN_POINT ( 'NONE',  ( 52.99999999999999289, 5.999999999999998224, 31.85000000000000497 ) ) ;
#1371 = EDGE_CURVE ( 'NONE', #2097, #1729, #3658, .T. ) ;
#1372 = ORIENTED_EDGE ( 'NONE', *, *, #3199, .F. ) ;
#1373 = EDGE_CURVE ( 'NONE', #3513, #4537, #2160, .T. ) ;
#1374 = VERTEX_POINT ( 'NONE', #4210 ) ;
#1375 = CYLINDRICAL_SURFACE ( 'NONE', #3477, 4.216400000000005477 ) ;
#1376 = LINE ( 'NONE', #298, #418 ) ;
#1377 = LINE ( 'NONE', #4229, #4265 ) ;
#1378 = CARTESIAN_POINT ( 'NONE',  ( -64.00000000000000000, 9.000000000000000000, -15.07908728571446133 ) ) ;
#1379 = ORIENTED_EDGE ( 'NONE', *, *, #2850, .F. ) ;
#1380 = DIRECTION ( 'NONE',  ( 0.0000000000000000000, 0.0000000000000000000, -1.000000000000000000 ) ) ;
#1381 = EDGE_CURVE ( 'NONE', #648, #4409, #1011, .T. ) ;
#1382 = ORIENTED_EDGE ( 'NONE', *, *, #4533, .F. ) ;
#1383 = LINE ( 'NONE', #4191, #597 ) ;
#1384 = ORIENTED_EDGE ( 'NONE', *, *, #338, .T. ) ;
#1385 = LINE ( 'NONE', #1106, #1042 ) ;
#1386 = DIRECTION ( 'NONE',  ( -0.0000000000000000000, 1.000000000000000000, -0.0000000000000000000 ) ) ;
#1387 = ORIENTED_EDGE ( 'NONE', *, *, #1428, .F. ) ;
#1388 = FACE_OUTER_BOUND ( 'NONE', #842, .T. ) ;
#1389 = AXIS2_PLACEMENT_3D ( 'NONE', #2953, #1467, #2927 ) ;
#1390 = EDGE_LOOP ( 'NONE', ( #4040, #744, #2913, #1438 ) ) ;
#1391 = CARTESIAN_POINT ( 'NONE',  ( 65.50000000000000000, -6.000000000000000000, -47.34999999999998010 ) ) ;
#1392 = VECTOR ( 'NONE', #791, 1000.000000000000000 ) ;
#1393 = DIRECTION ( 'NONE',  ( 0.0000000000000000000, 1.000000000000000000, -0.0000000000000000000 ) ) ;
#1394 = EDGE_CURVE ( 'NONE', #439, #2542, #2782, .T. ) ;
#1395 = LINE ( 'NONE', #4211, #593 ) ;
#1396 = DIRECTION ( 'NONE',  ( 0.0000000000000000000, 0.0000000000000000000, 1.000000000000000000 ) ) ;
#1397 = CONICAL_SURFACE ( 'NONE', #367, 1.250000000000001110, 1.029744258676654090 ) ;
#1398 = VERTEX_POINT ( 'NONE', #3857 ) ;
#1399 = DIRECTION ( 'NONE',  ( -0.0000000000000000000, 1.000000000000000000, -0.0000000000000000000 ) ) ;
#1400 = CIRCLE ( 'NONE', #1706, 3.000000000000012879 ) ;
#1401 = ORIENTED_EDGE ( 'NONE', *, *, #2428, .T. ) ;
#1402 = ADVANCED_FACE ( 'NONE', ( #4270 ), #1019, .F. ) ;
#1403 = VECTOR ( 'NONE', #3047, 1000.000000000000000 ) ;
#1404 = CARTESIAN_POINT ( 'NONE',  ( -60.50000000000000000, 18.00000000000000000, 1.249999999999987121 ) ) ;
#1405 = ADVANCED_FACE ( 'NONE', ( #4339 ), #156, .F. ) ;
#1406 = AXIS2_PLACEMENT_3D ( 'NONE', #4138, #2639, #4085 ) ;
#1407 = AXIS2_PLACEMENT_3D ( 'NONE', #4080, #1556, #1208 ) ;
#1408 = ORIENTED_EDGE ( 'NONE', *, *, #528, .T. ) ;
#1409 = CARTESIAN_POINT ( 'NONE',  ( -56.00000000000000000, 12.72334312977474369, -31.85000000000023945 ) ) ;
#1410 = AXIS2_PLACEMENT_3D ( 'NONE', #980, #2396, #3783 ) ;
#1411 = ORIENTED_EDGE ( 'NONE', *, *, #3069, .T. ) ;
#1412 = VECTOR ( 'NONE', #1354, 1000.000000000000000 ) ;
#1413 = CARTESIAN_POINT ( 'NONE',  ( -61.00000000000000000, 18.00000000000000000, -39.84999999999998010 ) ) ;
#1414 = ORIENTED_EDGE ( 'NONE', *, *, #2011, .F. ) ;
#1415 = ORIENTED_EDGE ( 'NONE', *, *, #3370, .T. ) ;
#1416 = PLANE ( 'NONE',  #2819 ) ;
#1417 = CARTESIAN_POINT ( 'NONE',  ( -55.45148042624442297, 11.00917769049144823, -26.15992512219128940 ) ) ;
#1418 = DIRECTION ( 'NONE',  ( 0.0000000000000000000, -1.000000000000000000, 0.0000000000000000000 ) ) ;
#1419 = LINE ( 'NONE', #4230, #4052 ) ;
#1420 = ORIENTED_EDGE ( 'NONE', *, *, #3488, .F. ) ;
#1421 = CARTESIAN_POINT ( 'NONE',  ( -52.00133020139115558, 6.000000000000000888, -7.921575900495976263 ) ) ;
#1422 = ORIENTED_EDGE ( 'NONE', *, *, #555, .F. ) ;
#1423 = CARTESIAN_POINT ( 'NONE',  ( -68.49999999999998579, -6.000000000000000000, -31.35000000000000853 ) ) ;
#1424 = EDGE_LOOP ( 'NONE', ( #4460, #1314, #3891, #2085 ) ) ;
#1425 = EDGE_CURVE ( 'NONE', #3109, #302, #3010, .T. ) ;
#1426 = ORIENTED_EDGE ( 'NONE', *, *, #3370, .F. ) ;
#1427 = CARTESIAN_POINT ( 'NONE',  ( -63.12132034355965970, -5.999999999999957367, 44.37500000000000000 ) ) ;
#1428 = EDGE_CURVE ( 'NONE', #1980, #4257, #107, .T. ) ;
#1429 = CARTESIAN_POINT ( 'NONE',  ( -64.00000000000000000, 9.000000000000000000, -15.07908728571446133 ) ) ;
#1430 = EDGE_LOOP ( 'NONE', ( #178, #1505, #724, #2465 ) ) ;
#1431 = ORIENTED_EDGE ( 'NONE', *, *, #4328, .F. ) ;
#1432 = DIRECTION ( 'NONE',  ( 0.0000000000000000000, 1.000000000000000000, -0.0000000000000000000 ) ) ;
#1433 = DIRECTION ( 'NONE',  ( 0.0000000000000000000, 0.0000000000000000000, 1.000000000000000000 ) ) ;
#1434 = CARTESIAN_POINT ( 'NONE',  ( -62.50000000000000711, -5.378679656440315426, -43.75367965644036161 ) ) ;
#1435 = CARTESIAN_POINT ( 'NONE',  ( -57.08000000000000540, 9.000000000000000000, -29.87142857142879038 ) ) ;
#1436 = ORIENTED_EDGE ( 'NONE', *, *, #770, .T. ) ;
#1437 = LINE ( 'NONE', #1865, #1539 ) ;
#1438 = ORIENTED_EDGE ( 'NONE', *, *, #4087, .F. ) ;
#1439 = PLANE ( 'NONE',  #2948 ) ;
#1440 = CARTESIAN_POINT ( 'NONE',  ( 52.99999999999999289, 5.999999999999998224, -7.978571428571572532 ) ) ;
#1441 = ORIENTED_EDGE ( 'NONE', *, *, #584, .T. ) ;
#1442 = DIRECTION ( 'NONE',  ( -1.000000000000000000, 0.0000000000000000000, 1.753511094850194298E-15 ) ) ;
#1443 = ORIENTED_EDGE ( 'NONE', *, *, #7, .T. ) ;
#1444 = ADVANCED_FACE ( 'NONE', ( #1253 ), #4364, .F. ) ;
#1445 = LINE ( 'NONE', #74, #1931 ) ;
#1446 = EDGE_CURVE ( 'NONE', #385, #768, #884, .T. ) ;
#1447 = VECTOR ( 'NONE', #1910, 1000.000000000000000 ) ;
#1448 = DIRECTION ( 'NONE',  ( 2.906777817316002997E-16, 0.0000000000000000000, -1.000000000000000000 ) ) ;
#1449 = ORIENTED_EDGE ( 'NONE', *, *, #1554, .T. ) ;
#1450 = ADVANCED_FACE ( 'NONE', ( #3623 ), #4253, .F. ) ;
#1451 = EDGE_LOOP ( 'NONE', ( #3427, #2791, #1568, #403 ) ) ;
#1452 = LINE ( 'NONE', #4269, #3841 ) ;
#1453 = DIRECTION ( 'NONE',  ( 0.0000000000000000000, 0.0000000000000000000, -1.000000000000000000 ) ) ;
#1454 = LINE ( 'NONE', #2184, #971 ) ;
#1455 = ADVANCED_FACE ( 'NONE', ( #3279 ), #127, .T. ) ;
#1456 = VERTEX_POINT ( 'NONE', #2915 ) ;
#1457 = DIRECTION ( 'NONE',  ( 0.0000000000000000000, 0.0000000000000000000, -1.000000000000000000 ) ) ;
#1458 = VECTOR ( 'NONE', #341, 1000.000000000000000 ) ;
#1459 = VERTEX_POINT ( 'NONE', #1523 ) ;
#1460 = CARTESIAN_POINT ( 'NONE',  ( 63.99999999999998579, -6.000000000000000000, 44.37500000000000711 ) ) ;
#1461 = DIRECTION ( 'NONE',  ( 0.0000000000000000000, 0.0000000000000000000, -1.000000000000000000 ) ) ;
#1462 = DIRECTION ( 'NONE',  ( 0.0000000000000000000, 0.0000000000000000000, 1.000000000000000000 ) ) ;
#1463 = VECTOR ( 'NONE', #2755, 1000.000000000000000 ) ;
#1464 = VECTOR ( 'NONE', #1739, 1000.000000000000000 ) ;
#1465 = VECTOR ( 'NONE', #3153, 1000.000000000000000 ) ;
#1466 = VERTEX_POINT ( 'NONE', #2598 ) ;
#1467 = DIRECTION ( 'NONE',  ( -1.000000000000000000, -0.0000000000000000000, -0.0000000000000000000 ) ) ;
#1468 = ORIENTED_EDGE ( 'NONE', *, *, #3685, .F. ) ;
#1469 = VECTOR ( 'NONE', #2768, 1000.000000000000000 ) ;
#1470 =( GEOMETRIC_REPRESENTATION_CONTEXT ( 3 ) GLOBAL_UNCERTAINTY_ASSIGNED_CONTEXT ( ( #3562 ) ) GLOBAL_UNIT_ASSIGNED_CONTEXT ( ( #2183, #87, #3939 ) ) REPRESENTATION_CONTEXT ( 'NONE', 'WORKASPACE' ) );
#1471 = CARTESIAN_POINT ( 'NONE',  ( 0.0000000000000000000, 7.999999999999998224, -39.34999999999998010 ) ) ;
#1472 = CIRCLE ( 'NONE', #16, 4.216400000000001924 ) ;
#1473 = DIRECTION ( 'NONE',  ( -0.0000000000000000000, 1.000000000000000000, -0.0000000000000000000 ) ) ;
#1474 = CIRCLE ( 'NONE', #4428, 1.249999999999987121 ) ;
#1475 = ORIENTED_EDGE ( 'NONE', *, *, #3802, .T. ) ;
#1476 = AXIS2_PLACEMENT_3D ( 'NONE', #37, #1432, #3232 ) ;
#1477 = ORIENTED_EDGE ( 'NONE', *, *, #3983, .T. ) ;
#1478 = EDGE_CURVE ( 'NONE', #3529, #932, #1643, .T. ) ;
#1479 = FACE_OUTER_BOUND ( 'NONE', #4292, .T. ) ;
#1480 = DIRECTION ( 'NONE',  ( -0.0000000000000000000, 1.000000000000000000, -0.0000000000000000000 ) ) ;
#1481 = AXIS2_PLACEMENT_3D ( 'NONE', #979, #653, #2368 ) ;
#1482 = DIRECTION ( 'NONE',  ( 0.0000000000000000000, 0.0000000000000000000, 1.000000000000000000 ) ) ;
#1483 = EDGE_LOOP ( 'NONE', ( #3615, #978, #600, #3418, #1426 ) ) ;
#1484 = FACE_OUTER_BOUND ( 'NONE', #3629, .T. ) ;
#1485 = VERTEX_POINT ( 'NONE', #180 ) ;
#1486 = LINE ( 'NONE', #995, #3313 ) ;
#1487 = ADVANCED_FACE ( 'NONE', ( #1878 ), #1578, .F. ) ;
#1488 = CARTESIAN_POINT ( 'NONE',  ( 43.00000000000000000, 5.999999999999998224, 21.89285714285710327 ) ) ;
#1489 = CARTESIAN_POINT ( 'NONE',  ( -55.14984729674769426, 7.872463919021037704, -33.94399205129519714 ) ) ;
#1490 = EDGE_LOOP ( 'NONE', ( #1816, #182, #1279, #3277 ) ) ;
#1491 = DIRECTION ( 'NONE',  ( 0.0000000000000000000, 1.000000000000000000, -0.0000000000000000000 ) ) ;
#1492 = ORIENTED_EDGE ( 'NONE', *, *, #2230, .F. ) ;
#1493 = CALENDAR_DATE ( 2019, 26, 6 ) ;
#1494 = EDGE_CURVE ( 'NONE', #4424, #2028, #3641, .T. ) ;
#1495 = DIRECTION ( 'NONE',  ( 0.0000000000000000000, 0.0000000000000000000, 1.000000000000000000 ) ) ;
#1496 = EDGE_CURVE ( 'NONE', #189, #3669, #3564, .T. ) ;
#1497 = CARTESIAN_POINT ( 'NONE',  ( -60.50000000000000000, 7.999999999999998224, 0.0000000000000000000 ) ) ;
#1498 = ORIENTED_EDGE ( 'NONE', *, *, #4021, .F. ) ;
#1499 = CARTESIAN_POINT ( 'NONE',  ( -49.00000000000001421, 18.00000000000000000, -14.93571428571446269 ) ) ;
#1500 = DIRECTION ( 'NONE',  ( 0.0000000000000000000, 0.0000000000000000000, 1.000000000000000000 ) ) ;
#1501 = LINE ( 'NONE', #2897, #3315 ) ;
#1502 = EDGE_CURVE ( 'NONE', #3149, #2008, #2322, .T. ) ;
#1503 = CARTESIAN_POINT ( 'NONE',  ( 65.50000000000000000, -6.000000000000000000, 44.35000000000000853 ) ) ;
#1504 = ADVANCED_FACE ( 'NONE', ( #1597, #2966 ), #4062, .F. ) ;
#1505 = ORIENTED_EDGE ( 'NONE', *, *, #272, .T. ) ;
#1506 = DIRECTION ( 'NONE',  ( -1.000000000000000000, 0.0000000000000000000, -0.0000000000000000000 ) ) ;
#1507 =( BOUNDED_CURVE ( )  B_SPLINE_CURVE ( 3, ( #138, #774, #4306, #2190 ),
 .UNSPECIFIED., .F., .F. ) 
 B_SPLINE_CURVE_WITH_KNOTS ( ( 4, 4 ),
 ( 4.712388980384689674, 6.283185307179586232 ),
 .UNSPECIFIED. ) 
 CURVE ( )  GEOMETRIC_REPRESENTATION_ITEM ( )  RATIONAL_B_SPLINE_CURVE ( ( 1.000000000000000000, 0.8047378541243649375, 0.8047378541243649375, 1.000000000000000000 ) ) 
 REPRESENTATION_ITEM ( '' )  );
#1508 = VERTEX_POINT ( 'NONE', #3256 ) ;
#1509 = PLANE ( 'NONE',  #603 ) ;
#1510 = DIRECTION ( 'NONE',  ( -0.0000000000000000000, 1.000000000000000000, -0.0000000000000000000 ) ) ;
#1511 = DIRECTION ( 'NONE',  ( -1.000000000000000000, 0.0000000000000000000, -0.0000000000000000000 ) ) ;
#1512 = CARTESIAN_POINT ( 'NONE',  ( -60.50000000000000000, 7.999999999999998224, -1.250000000000001110 ) ) ;
#1513 = ORIENTED_EDGE ( 'NONE', *, *, #2371, .T. ) ;
#1514 = EDGE_CURVE ( 'NONE', #3538, #3484, #3228, .T. ) ;
#1515 = PLANE ( 'NONE',  #3667 ) ;
#1516 = ORIENTED_EDGE ( 'NONE', *, *, #4134, .F. ) ;
#1517 = APPROVAL_STATUS ( 'not_yet_approved' ) ;
#1518 = FACE_OUTER_BOUND ( 'NONE', #2356, .T. ) ;
#1519 = FACE_BOUND ( 'NONE', #2619, .T. ) ;
#1520 = CIRCLE ( 'NONE', #2272, 1.249999999999987121 ) ;
#1521 = ORIENTED_EDGE ( 'NONE', *, *, #3662, .F. ) ;
#1522 = LINE ( 'NONE', #467, #24 ) ;
#1523 = CARTESIAN_POINT ( 'NONE',  ( -64.00000000000001421, -6.000000000000000000, -44.37500000000000711 ) ) ;
#1524 = LINE ( 'NONE', #4015, #2663 ) ;
#1525 = ORIENTED_EDGE ( 'NONE', *, *, #3828, .F. ) ;
#1526 = CARTESIAN_POINT ( 'NONE',  ( 56.00000000000000000, 5.999999999999998224, -31.85000000000023945 ) ) ;
#1527 = EDGE_LOOP ( 'NONE', ( #328, #286, #1122, #1341, #424, #124, #992, #283 ) ) ;
#1528 = CARTESIAN_POINT ( 'NONE',  ( -52.50000000000000711, -2.000000000000001776, -42.87500000000000000 ) ) ;
#1529 = DIRECTION ( 'NONE',  ( -1.000000000000000000, 0.0000000000000000000, 6.546126324440781884E-17 ) ) ;
#1530 = AXIS2_PLACEMENT_3D ( 'NONE', #2936, #2571, #814 ) ;
#1531 = CARTESIAN_POINT ( 'NONE',  ( 0.0000000000000000000, 7.999999999999998224, -39.34999999999998010 ) ) ;
#1532 = DIRECTION ( 'NONE',  ( 0.0000000000000000000, 0.0000000000000000000, -1.000000000000000000 ) ) ;
#1533 = AXIS2_PLACEMENT_3D ( 'NONE', #2681, #3362, #573 ) ;
#1534 = VERTEX_POINT ( 'NONE', #3332 ) ;
#1535 = LINE ( 'NONE', #1845, #3021 ) ;
#1536 = EDGE_CURVE ( 'NONE', #265, #29, #1474, .T. ) ;
#1537 = ORIENTED_EDGE ( 'NONE', *, *, #875, .T. ) ;
#1538 = PERSON_AND_ORGANIZATION ( #4282, #2078 ) ;
#1539 = VECTOR ( 'NONE', #3260, 1000.000000000000000 ) ;
#1540 = AXIS2_PLACEMENT_3D ( 'NONE', #1726, #2496, #3912 ) ;
#1541 = EDGE_CURVE ( 'NONE', #2028, #2387, #2817, .T. ) ;
#1542 = CARTESIAN_POINT ( 'NONE',  ( -64.00000000000000000, 18.00000000000000000, 42.85000000000001563 ) ) ;
#1543 = AXIS2_PLACEMENT_3D ( 'NONE', #1097, #3217, #1868 ) ;
#1544 = VECTOR ( 'NONE', #408, 1000.000000000000000 ) ;
#1545 = AXIS2_PLACEMENT_3D ( 'NONE', #1585, #4392, #1238 ) ;
#1546 = DIRECTION ( 'NONE',  ( 0.0000000000000000000, -1.000000000000000000, 0.0000000000000000000 ) ) ;
#1547 = EDGE_CURVE ( 'NONE', #4, #2066, #4437, .T. ) ;
#1548 = VECTOR ( 'NONE', #4002, 1000.000000000000000 ) ;
#1549 = ORIENTED_EDGE ( 'NONE', *, *, #3759, .F. ) ;
#1550 = AXIS2_PLACEMENT_3D ( 'NONE', #4300, #3967, #3576 ) ;
#1551 = VECTOR ( 'NONE', #1853, 1000.000000000000000 ) ;
#1552 = ORIENTED_EDGE ( 'NONE', *, *, #3790, .T. ) ;
#1553 = LINE ( 'NONE', #4363, #3764 ) ;
#1554 = EDGE_CURVE ( 'NONE', #4006, #1025, #612, .T. ) ;
#1555 = DIRECTION ( 'NONE',  ( 0.0000000000000000000, 0.0000000000000000000, -1.000000000000000000 ) ) ;
#1556 = DIRECTION ( 'NONE',  ( 0.0000000000000000000, 0.0000000000000000000, -1.000000000000000000 ) ) ;
#1557 = CARTESIAN_POINT ( 'NONE',  ( 52.99999999999999289, 5.999999999999998224, 7.978571428571336277 ) ) ;
#1558 = AXIS2_PLACEMENT_3D ( 'NONE', #3999, #2211, #4067 ) ;
#1559 = ORIENTED_EDGE ( 'NONE', *, *, #4137, .T. ) ;
#1560 = EDGE_CURVE ( 'NONE', #857, #4224, #3402, .T. ) ;
#1561 = CARTESIAN_POINT ( 'NONE',  ( -64.00000000000001421, -2.000000000000000000, 42.87500000000000000 ) ) ;
#1562 = ORIENTED_EDGE ( 'NONE', *, *, #483, .F. ) ;
#1563 = LINE ( 'NONE', #474, #1340 ) ;
#1564 = CIRCLE ( 'NONE', #1856, 3.000000000000007550 ) ;
#1565 = DIRECTION ( 'NONE',  ( -0.0000000000000000000, 1.000000000000000000, -0.0000000000000000000 ) ) ;
#1566 = DIRECTION ( 'NONE',  ( 1.000000000000000000, 0.0000000000000000000, 0.0000000000000000000 ) ) ;
#1567 = CARTESIAN_POINT ( 'NONE',  ( -55.40668191448425262, 7.101973513693530471, -33.64636334499657977 ) ) ;
#1568 = ORIENTED_EDGE ( 'NONE', *, *, #3802, .F. ) ;
#1569 = CARTESIAN_POINT ( 'NONE',  ( -61.00000000000000000, 18.00000000000000000, 42.85000000000001563 ) ) ;
#1570 = ORIENTED_EDGE ( 'NONE', *, *, #464, .F. ) ;
#1571 = CALENDAR_DATE ( 2019, 26, 6 ) ;
#1572 = DIRECTION ( 'NONE',  ( 0.0000000000000000000, 0.0000000000000000000, 1.000000000000000000 ) ) ;
#1573 = EDGE_CURVE ( 'NONE', #3276, #1871, #2416, .T. ) ;
#1574 = DIRECTION ( 'NONE',  ( 0.0000000000000000000, 0.0000000000000000000, 1.000000000000000000 ) ) ;
#1575 = VERTEX_POINT ( 'NONE', #2780 ) ;
#1576 = EDGE_CURVE ( 'NONE', #3931, #1885, #1975, .T. ) ;
#1577 = FACE_OUTER_BOUND ( 'NONE', #1621, .T. ) ;
#1578 = PLANE ( 'NONE',  #195 ) ;
#1579 = DIRECTION ( 'NONE',  ( -0.0000000000000000000, 1.000000000000000000, -0.0000000000000000000 ) ) ;
#1580 = ORIENTED_EDGE ( 'NONE', *, *, #4308, .T. ) ;
#1581 = DIRECTION ( 'NONE',  ( 0.0000000000000000000, 0.0000000000000000000, 1.000000000000000000 ) ) ;
#1582 = EDGE_LOOP ( 'NONE', ( #627, #405, #4162, #2394 ) ) ;
#1583 = DIRECTION ( 'NONE',  ( 0.0000000000000000000, 0.0000000000000000000, 1.000000000000000000 ) ) ;
#1584 = CARTESIAN_POINT ( 'NONE',  ( -22.99999999999999289, 18.00000000000000000, 4.978571428571328283 ) ) ;
#1585 = CARTESIAN_POINT ( 'NONE',  ( 0.0000000000000000000, 18.00000000000000000, -39.34999999999998010 ) ) ;
#1586 = AXIS2_PLACEMENT_3D ( 'NONE', #3300, #2618, #1555 ) ;
#1587 = CARTESIAN_POINT ( 'NONE',  ( 55.99999999999999289, 5.999999999999998224, 31.85000000000000497 ) ) ;
#1588 = VERTEX_POINT ( 'NONE', #4109 ) ;
#1589 = DIRECTION ( 'NONE',  ( 0.0000000000000000000, -1.000000000000000000, 0.0000000000000000000 ) ) ;
#1590 = ORIENTED_EDGE ( 'NONE', *, *, #1446, .T. ) ;
#1591 = PERSON_AND_ORGANIZATION_ROLE ( 'design_supplier' ) ;
#1592 = DIRECTION ( 'NONE',  ( 0.0000000000000000000, -1.000000000000000000, 0.0000000000000000000 ) ) ;
#1593 = CARTESIAN_POINT ( 'NONE',  ( 0.0000000000000000000, 7.999999999999998224, 21.16428571428566485 ) ) ;
#1594 = ORIENTED_EDGE ( 'NONE', *, *, #871, .T. ) ;
#1595 = DIRECTION ( 'NONE',  ( -0.0000000000000000000, 1.000000000000000000, -0.0000000000000000000 ) ) ;
#1596 = AXIS2_PLACEMENT_3D ( 'NONE', #4297, #2182, #2551 ) ;
#1597 = FACE_BOUND ( 'NONE', #1774, .T. ) ;
#1598 = EDGE_CURVE ( 'NONE', #4529, #2194, #2690, .T. ) ;
#1599 = LINE ( 'NONE', #2003, #2004 ) ;
#1600 = ORIENTED_EDGE ( 'NONE', *, *, #3625, .T. ) ;
#1601 = FACE_OUTER_BOUND ( 'NONE', #2232, .T. ) ;
#1602 = ORIENTED_EDGE ( 'NONE', *, *, #840, .T. ) ;
#1603 = DIRECTION ( 'NONE',  ( 1.049727191138617093E-16, 0.5150380749100563760, -0.8571673007021110013 ) ) ;
#1604 = DIRECTION ( 'NONE',  ( 0.0000000000000000000, -1.000000000000000000, 0.0000000000000000000 ) ) ;
#1605 = EDGE_CURVE ( 'NONE', #2688, #2631, #952, .T. ) ;
#1606 = LINE ( 'NONE', #4487, #307 ) ;
#1607 = CARTESIAN_POINT ( 'NONE',  ( 52.99999999999999289, 18.00000000000000000, 7.978571428571336277 ) ) ;
#1608 = VERTEX_POINT ( 'NONE', #3733 ) ;
#1609 = FACE_OUTER_BOUND ( 'NONE', #105, .T. ) ;
#1610 = ORIENTED_EDGE ( 'NONE', *, *, #2471, .T. ) ;
#1611 = CARTESIAN_POINT ( 'NONE',  ( -57.08000000000000540, 9.000000000000000000, -24.93524963848886600 ) ) ;
#1612 = VECTOR ( 'NONE', #200, 1000.000000000000000 ) ;
#1613 = AXIS2_PLACEMENT_3D ( 'NONE', #170, #4396, #4122 ) ;
#1614 = DIRECTION ( 'NONE',  ( -0.0000000000000000000, 1.000000000000000000, -0.0000000000000000000 ) ) ;
#1615 = AXIS2_PLACEMENT_3D ( 'NONE', #3578, #1457, #1506 ) ;
#1616 = AXIS2_PLACEMENT_3D ( 'NONE', #4029, #873, #2293 ) ;
#1617 = VECTOR ( 'NONE', #3359, 1000.000000000000000 ) ;
#1618 = DIRECTION ( 'NONE',  ( 0.0000000000000000000, 0.0000000000000000000, -1.000000000000000000 ) ) ;
#1619 = ORIENTED_EDGE ( 'NONE', *, *, #1541, .T. ) ;
#1620 = DIRECTION ( 'NONE',  ( 0.0000000000000000000, 0.0000000000000000000, 1.000000000000000000 ) ) ;
#1621 = EDGE_LOOP ( 'NONE', ( #2490, #4456, #2986, #3035 ) ) ;
#1622 = VECTOR ( 'NONE', #1285, 1000.000000000000000 ) ;
#1623 = CARTESIAN_POINT ( 'NONE',  ( -22.99999999999999289, 5.999999999999998224, 4.978571428571328283 ) ) ;
#1624 = EDGE_CURVE ( 'NONE', #2554, #3959, #4055, .T. ) ;
#1625 = LOCAL_TIME ( 10, 26, 6.000000000000000000, #3295 ) ;
#1626 = DIRECTION ( 'NONE',  ( -0.0000000000000000000, 1.000000000000000000, -0.0000000000000000000 ) ) ;
#1627 = EDGE_CURVE ( 'NONE', #2778, #131, #1046, .T. ) ;
#1628 = VECTOR ( 'NONE', #3038, 1000.000000000000000 ) ;
#1629 = ORIENTED_EDGE ( 'NONE', *, *, #3625, .F. ) ;
#1630 = AXIS2_PLACEMENT_3D ( 'NONE', #4313, #4379, #1150 ) ;
#1631 = FACE_OUTER_BOUND ( 'NONE', #2376, .T. ) ;
#1632 = ORIENTED_EDGE ( 'NONE', *, *, #1780, .F. ) ;
#1633 = CARTESIAN_POINT ( 'NONE',  ( -52.50000000000000711, -6.000000000000000000, -42.87500000000000000 ) ) ;
#1634 = CARTESIAN_POINT ( 'NONE',  ( 61.00000000000000000, 18.00000000000000000, 39.85000000000000853 ) ) ;
#1635 = DIRECTION ( 'NONE',  ( -0.0000000000000000000, 1.000000000000000000, -0.0000000000000000000 ) ) ;
#1636 = VECTOR ( 'NONE', #1603, 1000.000000000000000 ) ;
#1637 = CARTESIAN_POINT ( 'NONE',  ( -57.08000000000000540, 9.000000000000000000, -5.719314285714460766 ) ) ;
#1638 = ORIENTED_EDGE ( 'NONE', *, *, #3017, .T. ) ;
#1639 = CARTESIAN_POINT ( 'NONE',  ( -64.00000000000001421, -2.000000000000000000, 41.37500000000000000 ) ) ;
#1640 = CONICAL_SURFACE ( 'NONE', #2231, 1.250000000000001110, 1.029744258676651869 ) ;
#1641 = EDGE_CURVE ( 'NONE', #907, #2692, #3179, .T. ) ;
#1642 = ORIENTED_EDGE ( 'NONE', *, *, #4190, .F. ) ;
#1643 =( BOUNDED_CURVE ( )  B_SPLINE_CURVE ( 3, ( #1157, #2668, #3992, #2301 ),
 .UNSPECIFIED., .F., .T. ) 
 B_SPLINE_CURVE_WITH_KNOTS ( ( 4, 4 ),
 ( 4.712388980384689674, 6.283185307179586232 ),
 .UNSPECIFIED. ) 
 CURVE ( )  GEOMETRIC_REPRESENTATION_ITEM ( )  RATIONAL_B_SPLINE_CURVE ( ( 1.000000000000000000, 0.8047378541243649375, 0.8047378541243649375, 1.000000000000000000 ) ) 
 REPRESENTATION_ITEM ( '' )  );
#1644 = FACE_OUTER_BOUND ( 'NONE', #872, .T. ) ;
#1645 = AXIS2_PLACEMENT_3D ( 'NONE', #4135, #3036, #2736 ) ;
#1646 = EDGE_CURVE ( 'NONE', #1113, #1398, #527, .T. ) ;
#1647 = CYLINDRICAL_SURFACE ( 'NONE', #4491, 3.000000000000009770 ) ;
#1648 = CARTESIAN_POINT ( 'NONE',  ( -52.50000000000000711, -4.499999999999957367, -42.87500000000000000 ) ) ;
#1649 = ADVANCED_FACE ( 'NONE', ( #3128 ), #1321, .F. ) ;
#1650 = ORIENTED_EDGE ( 'NONE', *, *, #388, .T. ) ;
#1651 = ORIENTED_EDGE ( 'NONE', *, *, #3366, .T. ) ;
#1652 = DIRECTION ( 'NONE',  ( -0.0000000000000000000, 1.000000000000000000, -0.0000000000000000000 ) ) ;
#1653 = DIRECTION ( 'NONE',  ( 1.049727191138618449E-16, 0.5150380749100544886, -0.8571673007021121116 ) ) ;
#1654 = CARTESIAN_POINT ( 'NONE',  ( 62.49999999999998579, -2.000000000000000000, 42.87500000000000000 ) ) ;
#1655 = ORIENTED_EDGE ( 'NONE', *, *, #3157, .F. ) ;
#1656 = CARTESIAN_POINT ( 'NONE',  ( -32.99999999999999289, 5.999999999999998224, 14.93571428571422111 ) ) ;
#1657 = ORIENTED_EDGE ( 'NONE', *, *, #966, .F. ) ;
#1658 = CYLINDRICAL_SURFACE ( 'NONE', #4057, 1.500000000000001332 ) ;
#1659 = CARTESIAN_POINT ( 'NONE',  ( -55.02177423071914575, 9.000000000000000000, -14.15211428571446817 ) ) ;
#1660 = ADVANCED_FACE ( 'NONE', ( #632 ), #2086, .F. ) ;
#1661 = CARTESIAN_POINT ( 'NONE',  ( -55.28419496343727957, 10.49421225920071343, -13.88281601756679429 ) ) ;
#1662 = CARTESIAN_POINT ( 'NONE',  ( 52.50000000000000711, 103.0953168557000907, 42.87500000000000000 ) ) ;
#1663 = ADVANCED_FACE ( 'NONE', ( #292 ), #3373, .T. ) ;
#1664 = EDGE_LOOP ( 'NONE', ( #70, #3571, #2836 ) ) ;
#1665 = CARTESIAN_POINT ( 'NONE',  ( -64.00000000000001421, -2.000000000000000000, -44.37500000000000711 ) ) ;
#1666 = ORIENTED_EDGE ( 'NONE', *, *, #1169, .F. ) ;
#1667 = CARTESIAN_POINT ( 'NONE',  ( -52.50000000000000711, -2.000000000000001776, 47.35000000000002984 ) ) ;
#1668 = EDGE_CURVE ( 'NONE', #65, #3669, #1698, .T. ) ;
#1669 = VERTEX_POINT ( 'NONE', #1349 ) ;
#1670 =( BOUNDED_CURVE ( )  B_SPLINE_CURVE ( 3, ( #1460, #2212, #3606, #2166 ),
 .UNSPECIFIED., .F., .F. ) 
 B_SPLINE_CURVE_WITH_KNOTS ( ( 4, 4 ),
 ( 0.0000000000000000000, 1.570796326794896558 ),
 .UNSPECIFIED. ) 
 CURVE ( )  GEOMETRIC_REPRESENTATION_ITEM ( )  RATIONAL_B_SPLINE_CURVE ( ( 1.000000000000000000, 0.8047378541243649375, 0.8047378541243649375, 1.000000000000000000 ) ) 
 REPRESENTATION_ITEM ( '' )  );
#1671 = DIRECTION ( 'NONE',  ( -1.000000000000000000, -0.0000000000000000000, -0.0000000000000000000 ) ) ;
#1672 = DIRECTION ( 'NONE',  ( 1.000000000000000000, -0.0000000000000000000, 0.0000000000000000000 ) ) ;
#1673 = DIRECTION ( 'NONE',  ( -0.0000000000000000000, 1.000000000000000000, -0.0000000000000000000 ) ) ;
#1674 = LINE ( 'NONE', #1320, #2154 ) ;
#1675 = DIRECTION ( 'NONE',  ( 0.0000000000000000000, 0.5150380749100563760, 0.8571673007021110013 ) ) ;
#1676 = CARTESIAN_POINT ( 'NONE',  ( -60.50000000000000000, 18.00000000000000000, 0.0000000000000000000 ) ) ;
#1677 = EDGE_LOOP ( 'NONE', ( #3518, #3014, #3914, #3621 ) ) ;
#1678 = ORIENTED_EDGE ( 'NONE', *, *, #91, .T. ) ;
#1679 = DIRECTION ( 'NONE',  ( 0.0000000000000000000, 0.0000000000000000000, -1.000000000000000000 ) ) ;
#1680 = DIRECTION ( 'NONE',  ( 0.0000000000000000000, 0.0000000000000000000, 1.000000000000000000 ) ) ;
#1681 = CARTESIAN_POINT ( 'NONE',  ( -55.13368828691689316, 9.959532821169926109, -14.04573985549524373 ) ) ;
#1682 = CARTESIAN_POINT ( 'NONE',  ( -32.99999999999999289, 18.00000000000000000, -14.93571428571446091 ) ) ;
#1683 = AXIS2_PLACEMENT_3D ( 'NONE', #309, #547, #3310 ) ;
#1684 = ORIENTED_EDGE ( 'NONE', *, *, #3587, .T. ) ;
#1685 = DIRECTION ( 'NONE',  ( -1.000000000000000000, 0.0000000000000000000, 0.0000000000000000000 ) ) ;
#1686 = ORIENTED_EDGE ( 'NONE', *, *, #3506, .F. ) ;
#1687 = DIRECTION ( 'NONE',  ( -1.000000000000000000, 0.0000000000000000000, 0.0000000000000000000 ) ) ;
#1688 = EDGE_CURVE ( 'NONE', #3833, #3165, #2760, .T. ) ;
#1689 = ORIENTED_EDGE ( 'NONE', *, *, #2432, .F. ) ;
#1690 = ADVANCED_FACE ( 'NONE', ( #1000 ), #4528, .F. ) ;
#1691 = DIRECTION ( 'NONE',  ( -0.0000000000000000000, 1.000000000000000000, -0.0000000000000000000 ) ) ;
#1692 = CARTESIAN_POINT ( 'NONE',  ( 56.00000000000000000, 5.999999999999998224, 7.978571428571336277 ) ) ;
#1693 = AXIS2_PLACEMENT_3D ( 'NONE', #898, #1267, #3068 ) ;
#1694 = ORIENTED_EDGE ( 'NONE', *, *, #4071, .T. ) ;
#1695 = EDGE_CURVE ( 'NONE', #2276, #1575, #2153, .T. ) ;
#1696 = EDGE_CURVE ( 'NONE', #1485, #2878, #2885, .T. ) ;
#1697 = DIRECTION ( 'NONE',  ( -0.0000000000000000000, 1.000000000000000000, -0.0000000000000000000 ) ) ;
#1698 = LINE ( 'NONE', #4178, #3980 ) ;
#1699 = AXIS2_PLACEMENT_3D ( 'NONE', #3483, #3140, #68 ) ;
#1700 = DIRECTION ( 'NONE',  ( 2.906777817316002997E-16, 0.0000000000000000000, -1.000000000000000000 ) ) ;
#1701 = ORIENTED_EDGE ( 'NONE', *, *, #726, .F. ) ;
#1702 = EDGE_CURVE ( 'NONE', #1575, #518, #3843, .T. ) ;
#1703 = AXIS2_PLACEMENT_3D ( 'NONE', #1435, #1055, #4248 ) ;
#1704 = ORIENTED_EDGE ( 'NONE', *, *, #1037, .T. ) ;
#1705 = CARTESIAN_POINT ( 'NONE',  ( 64.00000000000000000, -6.000000000000000000, -31.35000000000000853 ) ) ;
#1706 = AXIS2_PLACEMENT_3D ( 'NONE', #4548, #2055, #2810 ) ;
#1707 = DIRECTION ( 'NONE',  ( 0.0000000000000000000, 0.0000000000000000000, 1.000000000000000000 ) ) ;
#1708 = LINE ( 'NONE', #2448, #881 ) ;
#1709 = CARTESIAN_POINT ( 'NONE',  ( 52.50000000000000711, 103.0953168557000907, -42.87500000000000000 ) ) ;
#1710 = AXIS2_PLACEMENT_3D ( 'NONE', #4459, #1935, #2712 ) ;
#1711 = ADVANCED_FACE ( 'NONE', ( #1388 ), #2645, .T. ) ;
#1712 = EDGE_LOOP ( 'NONE', ( #2970, #1642, #1602, #2548 ) ) ;
#1713 = CARTESIAN_POINT ( 'NONE',  ( -52.18206334696840543, 5.999999999999999112, -7.441749251645315866 ) ) ;
#1714 = VERTEX_POINT ( 'NONE', #496 ) ;
#1715 = VECTOR ( 'NONE', #3739, 1000.000000000000000 ) ;
#1716 = CIRCLE ( 'NONE', #4275, 1.249999999999987121 ) ;
#1717 = ORIENTED_EDGE ( 'NONE', *, *, #388, .F. ) ;
#1718 = DIRECTION ( 'NONE',  ( -0.0000000000000000000, -1.000000000000000000, -0.0000000000000000000 ) ) ;
#1719 = AXIS2_PLACEMENT_3D ( 'NONE', #3042, #1282, #4090 ) ;
#1720 = VERTEX_POINT ( 'NONE', #1886 ) ;
#1721 = FACE_OUTER_BOUND ( 'NONE', #3577, .T. ) ;
#1722 = VECTOR ( 'NONE', #2402, 1000.000000000000000 ) ;
#1723 = ADVANCED_FACE ( 'NONE', ( #3287 ), #4355, .F. ) ;
#1724 = CARTESIAN_POINT ( 'NONE',  ( 46.00000000000000000, 5.999999999999998224, -21.89285714285733775 ) ) ;
#1725 = DIRECTION ( 'NONE',  ( 1.000000000000000000, 0.0000000000000000000, -0.0000000000000000000 ) ) ;
#1726 = CARTESIAN_POINT ( 'NONE',  ( -64.00000000000001421, -2.000000000000000000, 42.87500000000000000 ) ) ;
#1727 = DIRECTION ( 'NONE',  ( -0.0000000000000000000, -1.000000000000000000, -0.0000000000000000000 ) ) ;
#1728 = EDGE_CURVE ( 'NONE', #1608, #913, #134, .T. ) ;
#1729 = VERTEX_POINT ( 'NONE', #1908 ) ;
#1730 = ORIENTED_EDGE ( 'NONE', *, *, #4226, .F. ) ;
#1731 = EDGE_LOOP ( 'NONE', ( #3231, #2939, #1101, #2781, #635, #1336 ) ) ;
#1732 = CARTESIAN_POINT ( 'NONE',  ( 61.00000000000000000, 18.00000000000000000, 39.85000000000000853 ) ) ;
#1733 = CARTESIAN_POINT ( 'NONE',  ( -54.99802985085259621, 9.194868818981632330, -25.65502857142878312 ) ) ;
#1734 = CARTESIAN_POINT ( 'NONE',  ( -62.50000000000001421, -4.499999999999957367, -42.87500000000000000 ) ) ;
#1735 = CARTESIAN_POINT ( 'NONE',  ( 43.00000000000000000, 18.00000000000000000, 24.89285714285711393 ) ) ;
#1736 = ORIENTED_EDGE ( 'NONE', *, *, #2040, .T. ) ;
#1737 = CARTESIAN_POINT ( 'NONE',  ( -53.00000000000000000, 5.999999999999998224, -24.89285714285734130 ) ) ;
#1738 = ORIENTED_EDGE ( 'NONE', *, *, #3472, .F. ) ;
#1739 = DIRECTION ( 'NONE',  ( -0.0000000000000000000, 1.000000000000000000, -0.0000000000000000000 ) ) ;
#1740 = ORIENTED_EDGE ( 'NONE', *, *, #1999, .T. ) ;
#1741 = CARTESIAN_POINT ( 'NONE',  ( -53.00000000000000000, 5.999999999999998224, -14.93571428571446091 ) ) ;
#1742 = FACE_OUTER_BOUND ( 'NONE', #395, .T. ) ;
#1743 = ADVANCED_FACE ( 'NONE', ( #845 ), #1961, .F. ) ;
#1744 = DIRECTION ( 'NONE',  ( 0.0000000000000000000, 0.0000000000000000000, 1.000000000000000000 ) ) ;
#1745 = ORIENTED_EDGE ( 'NONE', *, *, #4048, .T. ) ;
#1746 = DIRECTION ( 'NONE',  ( -1.000000000000000000, 0.0000000000000000000, -1.753511094850186607E-15 ) ) ;
#1747 = ORIENTED_EDGE ( 'NONE', *, *, #3797, .F. ) ;
#1748 = EDGE_CURVE ( 'NONE', #1059, #412, #3309, .T. ) ;
#1749 = LINE ( 'NONE', #4227, #3907 ) ;
#1750 = CARTESIAN_POINT ( 'NONE',  ( -55.83396287363704857, 5.999999999999998224, -26.90865470898163281 ) ) ;
#1751 = EDGE_CURVE ( 'NONE', #3833, #213, #4041, .T. ) ;
#1752 = DIRECTION ( 'NONE',  ( 0.0000000000000000000, 0.0000000000000000000, -1.000000000000000000 ) ) ;
#1753 = LINE ( 'NONE', #2506, #2514 ) ;
#1754 = ORIENTED_EDGE ( 'NONE', *, *, #4183, .T. ) ;
#1755 = LINE ( 'NONE', #4519, #2067 ) ;
#1756 = ORIENTED_EDGE ( 'NONE', *, *, #410, .F. ) ;
#1757 = EDGE_CURVE ( 'NONE', #439, #2097, #3605, .T. ) ;
#1758 = AXIS2_PLACEMENT_3D ( 'NONE', #683, #2746, #1680 ) ;
#1759 = DIRECTION ( 'NONE',  ( -0.0000000000000000000, 1.000000000000000000, -0.0000000000000000000 ) ) ;
#1760 = ORIENTED_EDGE ( 'NONE', *, *, #1502, .T. ) ;
#1761 = CARTESIAN_POINT ( 'NONE',  ( -54.99802985085260332, 9.195482731070303117, -34.08782857142880118 ) ) ;
#1762 = CYLINDRICAL_SURFACE ( 'NONE', #2134, 3.000000000000002665 ) ;
#1763 = EDGE_LOOP ( 'NONE', ( #326, #3928, #2666, #3122 ) ) ;
#1764 = VECTOR ( 'NONE', #2425, 1000.000000000000000 ) ;
#1765 = EDGE_LOOP ( 'NONE', ( #2699, #3240, #4541 ) ) ;
#1766 = AXIS2_PLACEMENT_3D ( 'NONE', #1207, #909, #856 ) ;
#1767 = DIRECTION ( 'NONE',  ( 0.0000000000000000000, 0.0000000000000000000, 1.000000000000000000 ) ) ;
#1768 = AXIS2_PLACEMENT_3D ( 'NONE', #1979, #889, #862 ) ;
#1769 = DIRECTION ( 'NONE',  ( 0.0000000000000000000, 0.0000000000000000000, 1.000000000000000000 ) ) ;
#1770 = DIRECTION ( 'NONE',  ( 0.0000000000000000000, 0.0000000000000000000, -1.000000000000000000 ) ) ;
#1771 = ADVANCED_FACE ( 'NONE', ( #1163 ), #519, .T. ) ;
#1772 = DIRECTION ( 'NONE',  ( -1.000000000000000000, -0.0000000000000000000, -0.0000000000000000000 ) ) ;
#1773 = CONICAL_SURFACE ( 'NONE', #2363, 1.249999999999997558, 1.029744258676651869 ) ;
#1774 = EDGE_LOOP ( 'NONE', ( #1036, #3547 ) ) ;
#1775 = CARTESIAN_POINT ( 'NONE',  ( -68.49999999999998579, 103.0953168557000907, 31.35000000000000853 ) ) ;
#1776 = VECTOR ( 'NONE', #2946, 1000.000000000000000 ) ;
#1777 = ORIENTED_EDGE ( 'NONE', *, *, #3009, .T. ) ;
#1778 = VECTOR ( 'NONE', #3135, 1000.000000000000000 ) ;
#1779 = DIRECTION ( 'NONE',  ( 1.000000000000000000, -0.0000000000000000000, 0.0000000000000000000 ) ) ;
#1780 = EDGE_CURVE ( 'NONE', #4545, #2820, #1563, .T. ) ;
#1781 = CIRCLE ( 'NONE', #4350, 1.250000000000001110 ) ;
#1782 = AXIS2_PLACEMENT_3D ( 'NONE', #853, #3957, #1574 ) ;
#1783 = EDGE_LOOP ( 'NONE', ( #3824, #2536, #921, #479, #1666, #1905 ) ) ;
#1784 = CARTESIAN_POINT ( 'NONE',  ( -62.50000000000000711, -5.378679656440315426, 43.75367965644036161 ) ) ;
#1785 = AXIS2_PLACEMENT_3D ( 'NONE', #865, #4414, #2282 ) ;
#1786 = ADVANCED_FACE ( 'NONE', ( #2994 ), #1509, .T. ) ;
#1787 = VECTOR ( 'NONE', #511, 1000.000000000000000 ) ;
#1788 = DIRECTION ( 'NONE',  ( 0.0000000000000000000, 0.0000000000000000000, -1.000000000000000000 ) ) ;
#1789 = ORIENTED_EDGE ( 'NONE', *, *, #3148, .F. ) ;
#1790 = EDGE_LOOP ( 'NONE', ( #771, #280 ) ) ;
#1791 = CARTESIAN_POINT ( 'NONE',  ( -53.00000000000000000, 5.999999999999998224, -34.85000000000024301 ) ) ;
#1792 = DIRECTION ( 'NONE',  ( 0.0000000000000000000, 0.0000000000000000000, 1.000000000000000000 ) ) ;
#1793 = CARTESIAN_POINT ( 'NONE',  ( 65.50000000000000000, 0.0000000000000000000, -47.34999999999998010 ) ) ;
#1794 = CARTESIAN_POINT ( 'NONE',  ( -57.08000000000000540, 9.000000000000000000, -34.08782857142879408 ) ) ;
#1795 = VERTEX_POINT ( 'NONE', #3698 ) ;
#1796 = CARTESIAN_POINT ( 'NONE',  ( -32.99999999999999289, 18.00000000000000000, 14.93571428571422643 ) ) ;
#1797 = ORIENTED_EDGE ( 'NONE', *, *, #1855, .F. ) ;
#1798 = EDGE_CURVE ( 'NONE', #545, #4026, #1263, .T. ) ;
#1799 = CARTESIAN_POINT ( 'NONE',  ( 68.50000000000000000, -2.000000000000001776, 31.35000000000000853 ) ) ;
#1800 = EDGE_LOOP ( 'NONE', ( #2578, #2902 ) ) ;
#1801 = DIRECTION ( 'NONE',  ( 1.000000000000000000, 0.0000000000000000000, 0.0000000000000000000 ) ) ;
#1802 = VERTEX_POINT ( 'NONE', #2973 ) ;
#1803 = EDGE_CURVE ( 'NONE', #918, #3989, #2299, .T. ) ;
#1804 = CARTESIAN_POINT ( 'NONE',  ( -64.00000000000000000, 18.00000000000000000, -42.84999999999998721 ) ) ;
#1805 = VERTEX_POINT ( 'NONE', #2625 ) ;
#1806 = EDGE_LOOP ( 'NONE', ( #2569, #2775, #2906, #1436 ) ) ;
#1807 = DIRECTION ( 'NONE',  ( 1.000000000000000000, 0.0000000000000000000, 0.0000000000000000000 ) ) ;
#1808 = VERTEX_POINT ( 'NONE', #4019 ) ;
#1809 = EDGE_LOOP ( 'NONE', ( #2385, #4024, #2853, #1738 ) ) ;
#1810 = LINE ( 'NONE', #3508, #4285 ) ;
#1811 = CARTESIAN_POINT ( 'NONE',  ( -52.50000000000000711, -6.000000000000000000, 47.35000000000002984 ) ) ;
#1812 = LINE ( 'NONE', #2161, #2808 ) ;
#1813 = CARTESIAN_POINT ( 'NONE',  ( 56.00000000000000000, 18.00000000000000000, -31.85000000000023945 ) ) ;
#1814 = ORIENTED_EDGE ( 'NONE', *, *, #1227, .F. ) ;
#1815 = CARTESIAN_POINT ( 'NONE',  ( -43.00000000000000000, 18.00000000000000000, 24.89285714285711748 ) ) ;
#1816 = ORIENTED_EDGE ( 'NONE', *, *, #919, .F. ) ;
#1817 = DIRECTION ( 'NONE',  ( -1.000000000000000000, 0.0000000000000000000, 2.282530889443167700E-17 ) ) ;
#1818 = CARTESIAN_POINT ( 'NONE',  ( 60.50000000000000000, 18.00000000000000000, 38.10000000000002274 ) ) ;
#1819 = DIRECTION ( 'NONE',  ( 0.0000000000000000000, 1.000000000000000000, 0.0000000000000000000 ) ) ;
#1820 = ORIENTED_EDGE ( 'NONE', *, *, #3204, .T. ) ;
#1821 = DIRECTION ( 'NONE',  ( 0.0000000000000000000, -0.0000000000000000000, -1.000000000000000000 ) ) ;
#1822 = ORIENTED_EDGE ( 'NONE', *, *, #3264, .T. ) ;
#1823 = CARTESIAN_POINT ( 'NONE',  ( -55.21188832310598826, 10.32709700823270715, -33.87794918292607349 ) ) ;
#1824 = EDGE_CURVE ( 'NONE', #2636, #913, #895, .T. ) ;
#1825 = AXIS2_PLACEMENT_3D ( 'NONE', #1634, #4043, #164 ) ;
#1826 = FACE_OUTER_BOUND ( 'NONE', #1269, .T. ) ;
#1827 = ORIENTED_EDGE ( 'NONE', *, *, #668, .T. ) ;
#1828 = ORIENTED_EDGE ( 'NONE', *, *, #1624, .F. ) ;
#1829 = EDGE_CURVE ( 'NONE', #1303, #4506, #2381, .T. ) ;
#1830 = CARTESIAN_POINT ( 'NONE',  ( 63.99999999999998579, -2.000000000000000000, -41.37500000000000000 ) ) ;
#1831 = CARTESIAN_POINT ( 'NONE',  ( 62.49999999999998579, -2.000000000000000000, -42.87500000000000000 ) ) ;
#1832 = DIRECTION ( 'NONE',  ( -1.000000000000000000, 0.0000000000000000000, 0.0000000000000000000 ) ) ;
#1833 = EDGE_CURVE ( 'NONE', #3513, #861, #1260, .T. ) ;
#1834 = VERTEX_POINT ( 'NONE', #3357 ) ;
#1835 = DIRECTION ( 'NONE',  ( 0.0000000000000000000, 1.000000000000000000, -0.0000000000000000000 ) ) ;
#1836 = VECTOR ( 'NONE', #2814, 1000.000000000000000 ) ;
#1837 = ORIENTED_EDGE ( 'NONE', *, *, #3347, .T. ) ;
#1838 = CARTESIAN_POINT ( 'NONE',  ( -62.50000000000001421, -2.000000000000000000, 42.87500000000000000 ) ) ;
#1839 = LINE ( 'NONE', #2581, #3174 ) ;
#1840 = CARTESIAN_POINT ( 'NONE',  ( -55.83396287363704857, 5.999999999999998224, -32.83420243387595150 ) ) ;
#1841 = ADVANCED_FACE ( 'NONE', ( #961 ), #2961, .F. ) ;
#1842 = CIRCLE ( 'NONE', #4412, 4.216400000000012582 ) ;
#1843 = VECTOR ( 'NONE', #1195, 1000.000000000000000 ) ;
#1844 = ORIENTED_EDGE ( 'NONE', *, *, #2175, .T. ) ;
#1845 = CARTESIAN_POINT ( 'NONE',  ( 62.49999999999998579, -4.499999999999957367, -42.87500000000000000 ) ) ;
#1846 = EDGE_LOOP ( 'NONE', ( #888, #2556, #139 ) ) ;
#1847 = AXIS2_PLACEMENT_3D ( 'NONE', #2541, #2244, #2925 ) ;
#1848 = VECTOR ( 'NONE', #2599, 1000.000000000000000 ) ;
#1849 = LINE ( 'NONE', #3249, #662 ) ;
#1850 = AXIS2_PLACEMENT_3D ( 'NONE', #3106, #2761, #1700 ) ;
#1851 = AXIS2_PLACEMENT_3D ( 'NONE', #2413, #2393, #650 ) ;
#1852 = ADVANCED_FACE ( 'NONE', ( #657 ), #1981, .T. ) ;
#1853 = DIRECTION ( 'NONE',  ( -0.0000000000000000000, 1.000000000000000000, -0.0000000000000000000 ) ) ;
#1854 = CIRCLE ( 'NONE', #532, 5.143372999999999529 ) ;
#1855 = EDGE_CURVE ( 'NONE', #983, #622, #2764, .T. ) ;
#1856 = AXIS2_PLACEMENT_3D ( 'NONE', #3936, #2987, #785 ) ;
#1857 = ORIENTED_EDGE ( 'NONE', *, *, #1899, .T. ) ;
#1858 = CARTESIAN_POINT ( 'NONE',  ( -60.50000000000000000, 7.999999999999998224, 40.60000000000000853 ) ) ;
#1859 = CARTESIAN_POINT ( 'NONE',  ( 53.00000000000000000, 5.999999999999998224, -34.85000000000024301 ) ) ;
#1860 = FACE_OUTER_BOUND ( 'NONE', #713, .T. ) ;
#1861 = CIRCLE ( 'NONE', #1645, 5.143372999999999529 ) ;
#1862 = ADVANCED_FACE ( 'NONE', ( #3407 ), #3379, .F. ) ;
#1863 = DIRECTION ( 'NONE',  ( 0.0000000000000000000, 0.0000000000000000000, -1.000000000000000000 ) ) ;
#1864 = ORIENTED_EDGE ( 'NONE', *, *, #4267, .T. ) ;
#1865 = CARTESIAN_POINT ( 'NONE',  ( -60.50000000000000000, 7.999999999999998224, -1.250000000000001110 ) ) ;
#1866 = ORIENTED_EDGE ( 'NONE', *, *, #4299, .T. ) ;
#1867 = DIRECTION ( 'NONE',  ( 0.0000000000000000000, -0.0000000000000000000, -1.000000000000000000 ) ) ;
#1868 = DIRECTION ( 'NONE',  ( 0.0000000000000000000, 0.0000000000000000000, 1.000000000000000000 ) ) ;
#1869 = DIRECTION ( 'NONE',  ( -0.0000000000000000000, 1.000000000000000000, -0.0000000000000000000 ) ) ;
#1870 = LINE ( 'NONE', #4023, #4126 ) ;
#1871 = VERTEX_POINT ( 'NONE', #2784 ) ;
#1872 = DIRECTION ( 'NONE',  ( -0.0000000000000000000, 1.000000000000000000, -0.0000000000000000000 ) ) ;
#1873 = ORIENTED_EDGE ( 'NONE', *, *, #4471, .F. ) ;
#1874 = DIRECTION ( 'NONE',  ( -0.0000000000000000000, -0.0000000000000000000, 1.000000000000000000 ) ) ;
#1875 = FACE_BOUND ( 'NONE', #99, .T. ) ;
#1876 = ORIENTED_EDGE ( 'NONE', *, *, #4474, .F. ) ;
#1877 = DIRECTION ( 'NONE',  ( 0.0000000000000000000, 0.0000000000000000000, 1.000000000000000000 ) ) ;
#1878 = FACE_OUTER_BOUND ( 'NONE', #4421, .T. ) ;
#1879 = LINE ( 'NONE', #2204, #3030 ) ;
#1880 = CARTESIAN_POINT ( 'NONE',  ( -61.00000000000000000, 0.0000000000000000000, -39.84999999999998010 ) ) ;
#1881 = EDGE_CURVE ( 'NONE', #2575, #1459, #4443, .T. ) ;
#1882 = EDGE_LOOP ( 'NONE', ( #3964, #1947 ) ) ;
#1883 = LINE ( 'NONE', #2555, #2133 ) ;
#1884 = EDGE_CURVE ( 'NONE', #759, #377, #1112, .T. ) ;
#1885 = VERTEX_POINT ( 'NONE', #230 ) ;
#1886 = CARTESIAN_POINT ( 'NONE',  ( 60.50000000000000000, 7.999999999999998224, 38.10000000000000853 ) ) ;
#1887 = LINE ( 'NONE', #2675, #1447 ) ;
#1888 = DIRECTION ( 'NONE',  ( 0.0000000000000000000, 0.0000000000000000000, -1.000000000000000000 ) ) ;
#1889 = CARTESIAN_POINT ( 'NONE',  ( -64.00000000000000000, 5.999999999999998224, -26.90865470898163281 ) ) ;
#1890 = ORIENTED_EDGE ( 'NONE', *, *, #4222, .F. ) ;
#1891 = EDGE_CURVE ( 'NONE', #2820, #3673, #1854, .T. ) ;
#1892 = CARTESIAN_POINT ( 'NONE',  ( -60.50000000000000000, 7.999999999999998224, 1.250000000000001110 ) ) ;
#1893 = EDGE_LOOP ( 'NONE', ( #1619, #3633, #2710, #2318 ) ) ;
#1894 = APPROVAL_DATE_TIME ( #2929, #2131 ) ;
#1895 = DIRECTION ( 'NONE',  ( 0.0000000000000000000, 0.0000000000000000000, 1.000000000000000000 ) ) ;
#1896 = EDGE_CURVE ( 'NONE', #2575, #3921, #636, .T. ) ;
#1897 = LINE ( 'NONE', #2634, #1551 ) ;
#1898 = AXIS2_PLACEMENT_3D ( 'NONE', #2115, #3896, #1433 ) ;
#1899 = EDGE_CURVE ( 'NONE', #2444, #3725, #2670, .T. ) ;
#1900 = ORIENTED_EDGE ( 'NONE', *, *, #2336, .F. ) ;
#1901 = CARTESIAN_POINT ( 'NONE',  ( -60.50000000000000000, 18.00000000000000000, 1.249999999999994227 ) ) ;
#1902 = DIRECTION ( 'NONE',  ( 0.0000000000000000000, 1.000000000000000000, 0.0000000000000000000 ) ) ;
#1903 = CARTESIAN_POINT ( 'NONE',  ( -53.00000000000000000, 18.00000000000000000, -24.89285714285734841 ) ) ;
#1904 = LINE ( 'NONE', #3304, #3032 ) ;
#1905 = ORIENTED_EDGE ( 'NONE', *, *, #3382, .F. ) ;
#1906 = DIRECTION ( 'NONE',  ( 0.0000000000000000000, 0.0000000000000000000, -1.000000000000000000 ) ) ;
#1907 = ORIENTED_EDGE ( 'NONE', *, *, #4344, .T. ) ;
#1908 = CARTESIAN_POINT ( 'NONE',  ( -53.00000000000000000, 18.00000000000000000, -24.89285714285734130 ) ) ;
#1909 = CLOSED_SHELL ( 'NONE', ( #1723, #1911, #3735, #1862, #4549, #2321, #715, #1127, #4271, #4098, #4199, #827, #2122, #3180, #800, #863, #1272, #4079, #1350, #4512, #946, #1402, #3599, #3139, #3142, #361, #4429, #197, #2990, #1649, #833, #3729, #2896, #1487, #2787, #3274, #4054, #2565, #2703, #1044, #4074, #2590, #210, #221, #490, #28, #3660, #3988, #3321, #3995, #2652, #501, #2708, #1203, #2793, #2676, #2477, #282, #3934, #1155, #50, #69, #803, #749, #2933, #646, #1405, #955, #62, #2388, #3923, #1023, #3458, #1690, #3953, #4154, #4490, #3049, #1362, #2601, #3903, #1063, #3521, #2252, #3653, #260, #2984, #1660, #2797, #1450, #2325, #3134, #1297, #1006, #3207, #4281, #2382, #686, #2620, #1771, #2129, #2482, #924, #1924, #2229, #2679, #1444, #4384, #2398, #2643, #1743, #3570, #3510, #2730, #2740, #541, #396, #3107, #2408, #1786, #2170, #624, #1313, #1663, #1711, #2892, #1237, #2923, #2640, #1455, #1149, #1852, #1219, #2500, #4012, #1841, #2522, #51, #878, #1347, #1504, #2197 ) ) ;
#1910 = DIRECTION ( 'NONE',  ( 1.000000000000000000, 0.0000000000000000000, 0.0000000000000000000 ) ) ;
#1911 = ADVANCED_FACE ( 'NONE', ( #1003 ), #1375, .F. ) ;
#1912 = FACE_OUTER_BOUND ( 'NONE', #752, .T. ) ;
#1913 = DIRECTION ( 'NONE',  ( -1.000000000000000000, -0.0000000000000000000, -0.0000000000000000000 ) ) ;
#1914 = PRODUCT_RELATED_PRODUCT_CATEGORY ( 'detail', '', ( #2839 ) ) ;
#1915 = CIRCLE ( 'NONE', #4333, 3.000000000000002665 ) ;
#1916 = ORIENTED_EDGE ( 'NONE', *, *, #3619, .F. ) ;
#1917 = CARTESIAN_POINT ( 'NONE',  ( -46.00000000000000711, 5.999999999999998224, -11.93571428571446269 ) ) ;
#1918 = CC_DESIGN_APPROVAL ( #4505, ( #4488 ) ) ;
#1919 = ORIENTED_EDGE ( 'NONE', *, *, #680, .T. ) ;
#1920 = COORDINATED_UNIVERSAL_TIME_OFFSET ( 8, 0, .BEHIND. ) ;
#1921 = VECTOR ( 'NONE', #4155, 1000.000000000000000 ) ;
#1922 = VECTOR ( 'NONE', #802, 1000.000000000000227 ) ;
#1923 = CARTESIAN_POINT ( 'NONE',  ( 60.50000000000000000, 18.00000000000000000, 39.35000000000000853 ) ) ;
#1924 = ADVANCED_FACE ( 'NONE', ( #2350 ), #1658, .F. ) ;
#1925 = AXIS2_PLACEMENT_3D ( 'NONE', #2475, #1759, #1012 ) ;
#1926 = CIRCLE ( 'NONE', #885, 3.000000000000009770 ) ;
#1927 = DIRECTION ( 'NONE',  ( 0.0000000000000000000, 0.0000000000000000000, 1.000000000000000000 ) ) ;
#1928 = CIRCLE ( 'NONE', #4499, 1.249999999999987121 ) ;
#1929 = ORIENTED_EDGE ( 'NONE', *, *, #2952, .T. ) ;
#1930 = CIRCLE ( 'NONE', #2741, 3.000000000000002665 ) ;
#1931 = VECTOR ( 'NONE', #4259, 1000.000000000000000 ) ;
#1932 = FACE_OUTER_BOUND ( 'NONE', #1483, .T. ) ;
#1933 = DIRECTION ( 'NONE',  ( 0.0000000000000000000, 0.0000000000000000000, 1.000000000000000000 ) ) ;
#1934 = EDGE_LOOP ( 'NONE', ( #3836, #1704, #3361, #960, #4368, #4451, #3286, #4439 ) ) ;
#1935 = DIRECTION ( 'NONE',  ( -0.0000000000000000000, 1.000000000000000000, -0.0000000000000000000 ) ) ;
#1936 = VECTOR ( 'NONE', #2328, 1000.000000000000000 ) ;
#1937 = ORIENTED_EDGE ( 'NONE', *, *, #2659, .F. ) ;
#1938 = DIRECTION ( 'NONE',  ( -1.000000000000000000, -0.0000000000000000000, -0.0000000000000000000 ) ) ;
#1939 = VERTEX_POINT ( 'NONE', #2419 ) ;
#1940 = CARTESIAN_POINT ( 'NONE',  ( -52.50000000000000711, 103.0953168557000907, -42.87500000000000000 ) ) ;
#1941 = CIRCLE ( 'NONE', #4511, 1.250000000000001110 ) ;
#1942 = CARTESIAN_POINT ( 'NONE',  ( 1.530808498934188612E-16, 7.999999999999998224, -40.59999999999998010 ) ) ;
#1943 = DIRECTION ( 'NONE',  ( 0.0000000000000000000, 0.0000000000000000000, 1.000000000000000000 ) ) ;
#1944 = LINE ( 'NONE', #524, #2222 ) ;
#1945 = ORIENTED_EDGE ( 'NONE', *, *, #4423, .F. ) ;
#1946 = LINE ( 'NONE', #3343, #3457 ) ;
#1947 = ORIENTED_EDGE ( 'NONE', *, *, #2998, .F. ) ;
#1948 = PERSON_AND_ORGANIZATION ( #4282, #2078 ) ;
#1949 = DIRECTION ( 'NONE',  ( 0.0000000000000000000, 0.0000000000000000000, 1.000000000000000000 ) ) ;
#1950 = EDGE_CURVE ( 'NONE', #1795, #4314, #2053, .T. ) ;
#1951 = CARTESIAN_POINT ( 'NONE',  ( 56.00000000000000000, 18.00000000000000000, 7.978571428571336277 ) ) ;
#1952 = VERTEX_POINT ( 'NONE', #3768 ) ;
#1953 = EDGE_CURVE ( 'NONE', #1265, #3887, #985, .T. ) ;
#1954 = LINE ( 'NONE', #199, #2457 ) ;
#1955 = CARTESIAN_POINT ( 'NONE',  ( 64.00000000000000000, 18.00000000000000000, 42.85000000000001563 ) ) ;
#1956 = ORIENTED_EDGE ( 'NONE', *, *, #3506, .T. ) ;
#1957 = CARTESIAN_POINT ( 'NONE',  ( 52.50000000000000711, -4.499999999999962697, 42.87500000000000000 ) ) ;
#1958 = ORIENTED_EDGE ( 'NONE', *, *, #1293, .F. ) ;
#1959 = LINE ( 'NONE', #4065, #435 ) ;
#1960 = ORIENTED_EDGE ( 'NONE', *, *, #1953, .T. ) ;
#1961 = PLANE ( 'NONE',  #3760 ) ;
#1962 = FACE_OUTER_BOUND ( 'NONE', #553, .T. ) ;
#1963 = CARTESIAN_POINT ( 'NONE',  ( -52.99999999999999289, 18.00000000000000000, 31.85000000000000497 ) ) ;
#1964 = CARTESIAN_POINT ( 'NONE',  ( 60.50000000000000000, 18.00000000000000000, 40.60000000000000142 ) ) ;
#1965 = ORIENTED_EDGE ( 'NONE', *, *, #4219, .T. ) ;
#1966 = CARTESIAN_POINT ( 'NONE',  ( -68.50000000000000000, -6.000000000000000000, 47.35000000000000853 ) ) ;
#1967 = VERTEX_POINT ( 'NONE', #618 ) ;
#1968 = CARTESIAN_POINT ( 'NONE',  ( -68.49999999999998579, 103.0953168557000907, -31.35000000000000853 ) ) ;
#1969 = MANIFOLD_SOLID_BREP ( '1/8 NPT Tapped Hole1', #1909 ) ;
#1970 = CARTESIAN_POINT ( 'NONE',  ( 68.50000000000000000, -6.000000000000000000, 44.35000000000000853 ) ) ;
#1971 = EDGE_CURVE ( 'NONE', #907, #759, #3428, .T. ) ;
#1972 = ORIENTED_EDGE ( 'NONE', *, *, #982, .F. ) ;
#1973 = CARTESIAN_POINT ( 'NONE',  ( 52.50000000000000711, 103.0953168557000907, 47.35000000000002984 ) ) ;
#1974 = VECTOR ( 'NONE', #207, 1000.000000000000000 ) ;
#1975 = LINE ( 'NONE', #2024, #448 ) ;
#1976 = DIRECTION ( 'NONE',  ( -0.0000000000000000000, 1.000000000000000000, -0.0000000000000000000 ) ) ;
#1977 = EDGE_CURVE ( 'NONE', #2066, #4397, #2745, .T. ) ;
#1978 = ORIENTED_EDGE ( 'NONE', *, *, #149, .F. ) ;
#1979 = CARTESIAN_POINT ( 'NONE',  ( 0.0000000000000000000, 18.00000000000000000, -39.34999999999998010 ) ) ;
#1980 = VERTEX_POINT ( 'NONE', #3449 ) ;
#1981 = CYLINDRICAL_SURFACE ( 'NONE', #3115, 3.000000000000002665 ) ;
#1982 = CARTESIAN_POINT ( 'NONE',  ( -68.50000000000000000, -6.000000000000000000, -44.34999999999998010 ) ) ;
#1983 = CARTESIAN_POINT ( 'NONE',  ( -55.02177423071914575, 9.000000000000000000, -14.15211428571446817 ) ) ;
#1984 = DIRECTION ( 'NONE',  ( 1.049727191138618449E-16, 0.5150380749100544886, -0.8571673007021121116 ) ) ;
#1985 = EDGE_CURVE ( 'NONE', #2437, #3746, #3787, .T. ) ;
#1986 = ORIENTED_EDGE ( 'NONE', *, *, #651, .F. ) ;
#1987 = CARTESIAN_POINT ( 'NONE',  ( -64.00000000000001421, -4.499999999999957367, 31.35000000000000853 ) ) ;
#1988 = EDGE_LOOP ( 'NONE', ( #2724, #741 ) ) ;
#1989 = EDGE_CURVE ( 'NONE', #983, #3371, #748, .T. ) ;
#1990 = CARTESIAN_POINT ( 'NONE',  ( -64.00000000000001421, -4.499999999999957367, -31.35000000000000853 ) ) ;
#1991 = CONICAL_SURFACE ( 'NONE', #1389, 5.143372999999999529, 0.02993239667170246449 ) ;
#1992 = AXIS2_PLACEMENT_3D ( 'NONE', #2280, #933, #2348 ) ;
#1993 = CYLINDRICAL_SURFACE ( 'NONE', #4119, 1.249999999999994227 ) ;
#1994 = CARTESIAN_POINT ( 'NONE',  ( 52.99999999999999289, 5.999999999999998224, -4.978571428571563651 ) ) ;
#1995 = VECTOR ( 'NONE', #3395, 1000.000000000000000 ) ;
#1996 = AXIS2_PLACEMENT_3D ( 'NONE', #3322, #462, #3954 ) ;
#1997 = CIRCLE ( 'NONE', #962, 1.249999999999987121 ) ;
#1998 = CARTESIAN_POINT ( 'NONE',  ( -26.00000000000000000, 5.999999999999998224, -1.978571428571556767 ) ) ;
#1999 = EDGE_CURVE ( 'NONE', #412, #830, #398, .T. ) ;
#2000 = DIRECTION ( 'NONE',  ( 0.0000000000000000000, 0.5150380749100563760, 0.8571673007021110013 ) ) ;
#2001 = VECTOR ( 'NONE', #1264, 1000.000000000000000 ) ;
#2002 = DIRECTION ( 'NONE',  ( 0.0000000000000000000, 0.0000000000000000000, 1.000000000000000000 ) ) ;
#2003 = CARTESIAN_POINT ( 'NONE',  ( 56.00000000000000000, 18.00000000000000000, -7.978571428571572532 ) ) ;
#2004 = VECTOR ( 'NONE', #3011, 1000.000000000000000 ) ;
#2005 = ORIENTED_EDGE ( 'NONE', *, *, #1728, .T. ) ;
#2006 = CIRCLE ( 'NONE', #18, 4.936178932939926156 ) ;
#2007 = PLANE ( 'NONE',  #804 ) ;
#2008 = VERTEX_POINT ( 'NONE', #1391 ) ;
#2009 = DIRECTION ( 'NONE',  ( 0.0000000000000000000, 0.0000000000000000000, 1.000000000000000000 ) ) ;
#2010 = DIRECTION ( 'NONE',  ( 0.0000000000000000000, 0.0000000000000000000, 1.000000000000000000 ) ) ;
#2011 = EDGE_CURVE ( 'NONE', #229, #3820, #1749, .T. ) ;
#2012 = CARTESIAN_POINT ( 'NONE',  ( 46.00000000000000000, 18.00000000000000000, 17.93571428571422999 ) ) ;
#2013 = DIRECTION ( 'NONE',  ( 0.0000000000000000000, 0.0000000000000000000, -1.000000000000000000 ) ) ;
#2014 = ORIENTED_EDGE ( 'NONE', *, *, #1971, .T. ) ;
#2015 = LINE ( 'NONE', #1665, #4192 ) ;
#2016 = AXIS2_PLACEMENT_3D ( 'NONE', #179, #3640, #2637 ) ;
#2017 = ORIENTED_EDGE ( 'NONE', *, *, #1695, .F. ) ;
#2018 = LINE ( 'NONE', #2725, #590 ) ;
#2019 = ORIENTED_EDGE ( 'NONE', *, *, #4083, .F. ) ;
#2020 = CARTESIAN_POINT ( 'NONE',  ( 63.99999999999998579, -4.499999999999957367, -31.35000000000000853 ) ) ;
#2021 = CARTESIAN_POINT ( 'NONE',  ( -52.99999999999999289, 5.999999999999998224, 31.85000000000000497 ) ) ;
#2022 = DIRECTION ( 'NONE',  ( -0.0000000000000000000, 1.000000000000000000, -0.0000000000000000000 ) ) ;
#2023 = CARTESIAN_POINT ( 'NONE',  ( 42.99999999999999289, 18.00000000000000000, -14.93571428571446091 ) ) ;
#2024 = CARTESIAN_POINT ( 'NONE',  ( -65.50000000000005684, -6.000000000000000000, -31.35000000000000853 ) ) ;
#2025 = LINE ( 'NONE', #2372, #3243 ) ;
#2026 = VERTEX_POINT ( 'NONE', #4245 ) ;
#2027 = DIRECTION ( 'NONE',  ( 1.000000000000000000, 0.0000000000000000000, 0.0000000000000000000 ) ) ;
#2028 = VERTEX_POINT ( 'NONE', #2114 ) ;
#2029 = DIRECTION ( 'NONE',  ( 0.0000000000000000000, -1.000000000000000000, 0.0000000000000000000 ) ) ;
#2030 = CARTESIAN_POINT ( 'NONE',  ( -55.05581976026059010, 8.424133605856239271, -14.12205875111748732 ) ) ;
#2031 = DIRECTION ( 'NONE',  ( -0.0000000000000000000, 1.000000000000000000, -0.0000000000000000000 ) ) ;
#2032 = EDGE_CURVE ( 'NONE', #3513, #3117, #764, .T. ) ;
#2033 = CYLINDRICAL_SURFACE ( 'NONE', #666, 1.249999999999994227 ) ;
#2034 = VERTEX_POINT ( 'NONE', #1088 ) ;
#2035 = EDGE_CURVE ( 'NONE', #1939, #4004, #3838, .T. ) ;
#2036 = LINE ( 'NONE', #2751, #2649 ) ;
#2037 = ORIENTED_EDGE ( 'NONE', *, *, #3009, .F. ) ;
#2038 = CARTESIAN_POINT ( 'NONE',  ( -57.08000000000000540, 9.000000000000000000, -9.935714285714460914 ) ) ;
#2039 = EDGE_CURVE ( 'NONE', #3723, #302, #3689, .T. ) ;
#2040 = EDGE_CURVE ( 'NONE', #2665, #162, #700, .T. ) ;
#2041 = ORIENTED_EDGE ( 'NONE', *, *, #1319, .T. ) ;
#2042 = CARTESIAN_POINT ( 'NONE',  ( -52.50000000000000711, -4.499999999999962697, -42.87500000000000000 ) ) ;
#2043 = DIRECTION ( 'NONE',  ( 0.0000000000000000000, 1.000000000000000000, -0.0000000000000000000 ) ) ;
#2044 = EDGE_CURVE ( 'NONE', #1808, #1456, #1810, .T. ) ;
#2045 = EDGE_LOOP ( 'NONE', ( #1986, #1443, #4231, #259 ) ) ;
#2046 = ORIENTED_EDGE ( 'NONE', *, *, #3770, .F. ) ;
#2047 = LINE ( 'NONE', #3443, #2236 ) ;
#2048 = DIRECTION ( 'NONE',  ( -0.0000000000000000000, 1.000000000000000000, -0.0000000000000000000 ) ) ;
#2049 = EDGE_CURVE ( 'NONE', #2842, #3221, #1941, .T. ) ;
#2050 = CARTESIAN_POINT ( 'NONE',  ( -32.99999999999999289, 18.00000000000000000, 14.93571428571422111 ) ) ;
#2051 = VERTEX_POINT ( 'NONE', #4546 ) ;
#2052 = ORIENTED_EDGE ( 'NONE', *, *, #3465, .T. ) ;
#2053 = LINE ( 'NONE', #1304, #674 ) ;
#2054 = CARTESIAN_POINT ( 'NONE',  ( -60.50000000000000000, 18.00000000000000000, 39.35000000000000853 ) ) ;
#2055 = DIRECTION ( 'NONE',  ( 0.0000000000000000000, 1.000000000000000000, 0.0000000000000000000 ) ) ;
#2056 = DIRECTION ( 'NONE',  ( -0.0000000000000000000, 1.000000000000000000, -0.0000000000000000000 ) ) ;
#2057 = ORIENTED_EDGE ( 'NONE', *, *, #3438, .T. ) ;
#2058 = DIRECTION ( 'NONE',  ( 0.0000000000000000000, 0.0000000000000000000, 1.000000000000000000 ) ) ;
#2059 = EDGE_CURVE ( 'NONE', #3117, #3529, #2807, .T. ) ;
#2060 = VERTEX_POINT ( 'NONE', #21 ) ;
#2061 = CARTESIAN_POINT ( 'NONE',  ( 63.99999999999998579, -2.000000000000000000, 41.37500000000000000 ) ) ;
#2062 = ORIENTED_EDGE ( 'NONE', *, *, #2815, .F. ) ;
#2063 = FACE_OUTER_BOUND ( 'NONE', #2113, .T. ) ;
#2064 = EDGE_CURVE ( 'NONE', #913, #295, #745, .T. ) ;
#2065 = CARTESIAN_POINT ( 'NONE',  ( 64.00000000000000000, 103.0953168557000907, 31.35000000000000853 ) ) ;
#2066 = VERTEX_POINT ( 'NONE', #2132 ) ;
#2067 = VECTOR ( 'NONE', #2453, 1000.000000000000000 ) ;
#2068 = CARTESIAN_POINT ( 'NONE',  ( 1.530808498934185161E-16, 18.00000000000000000, -40.59999999999996589 ) ) ;
#2069 = CARTESIAN_POINT ( 'NONE',  ( -64.00000000000001421, -2.000000000000000000, -41.37500000000000000 ) ) ;
#2070 = DIRECTION ( 'NONE',  ( 0.0000000000000000000, 0.0000000000000000000, 1.000000000000000000 ) ) ;
#2071 = AXIS2_PLACEMENT_3D ( 'NONE', #1561, #1233, #1906 ) ;
#2072 = CIRCLE ( 'NONE', #1699, 3.000000000000009770 ) ;
#2073 = AXIS2_PLACEMENT_3D ( 'NONE', #3133, #23, #3873 ) ;
#2074 = ORIENTED_EDGE ( 'NONE', *, *, #3704, .T. ) ;
#2075 = CIRCLE ( 'NONE', #2958, 1.249999999999997558 ) ;
#2076 = ORIENTED_EDGE ( 'NONE', *, *, #1824, .T. ) ;
#2077 = DIRECTION ( 'NONE',  ( 0.0000000000000000000, 0.0000000000000000000, 1.000000000000000000 ) ) ;
#2078 = ORGANIZATION ( 'UNSPECIFIED', 'UNSPECIFIED', '' ) ;
#2079 = DIRECTION ( 'NONE',  ( 0.0000000000000000000, 0.0000000000000000000, -1.000000000000000000 ) ) ;
#2080 = LINE ( 'NONE', #3476, #4042 ) ;
#2081 = CARTESIAN_POINT ( 'NONE',  ( -52.50000000000000711, 103.0953168557000907, 47.35000000000002984 ) ) ;
#2082 = CIRCLE ( 'NONE', #740, 3.000000000000012879 ) ;
#2083 = ORIENTED_EDGE ( 'NONE', *, *, #2039, .F. ) ;
#2084 = LINE ( 'NONE', #359, #1458 ) ;
#2085 = ORIENTED_EDGE ( 'NONE', *, *, #1073, .F. ) ;
#2086 = CONICAL_SURFACE ( 'NONE', #4274, 1.250000000000001110, 1.029744258676654090 ) ;
#2087 = DIRECTION ( 'NONE',  ( 0.0000000000000000000, 0.0000000000000000000, -1.000000000000000000 ) ) ;
#2088 = VECTOR ( 'NONE', #3062, 1000.000000000000000 ) ;
#2089 = EDGE_LOOP ( 'NONE', ( #1477, #1562, #3209, #1610 ) ) ;
#2090 = CARTESIAN_POINT ( 'NONE',  ( -60.50000000000000000, 18.00000000000000000, -38.09999999999999432 ) ) ;
#2091 = CIRCLE ( 'NONE', #4216, 3.000000000000009770 ) ;
#2092 = CARTESIAN_POINT ( 'NONE',  ( -53.00000000000000000, 18.00000000000000000, -31.85000000000023945 ) ) ;
#2093 = EDGE_CURVE ( 'NONE', #1952, #1051, #2827, .T. ) ;
#2094 = CARTESIAN_POINT ( 'NONE',  ( 56.00000000000000000, 5.999999999999998224, -7.978571428571572532 ) ) ;
#2095 = DIRECTION ( 'NONE',  ( -1.753511094850186607E-15, 0.0000000000000000000, 1.000000000000000000 ) ) ;
#2096 = EDGE_CURVE ( 'NONE', #2587, #687, #3183, .T. ) ;
#2097 = VERTEX_POINT ( 'NONE', #3211 ) ;
#2098 = EDGE_LOOP ( 'NONE', ( #419, #2062, #4326, #1126, #2762, #3585 ) ) ;
#2099 = CARTESIAN_POINT ( 'NONE',  ( 60.50000000000000000, 18.00000000000000000, -39.34999999999998010 ) ) ;
#2100 = CARTESIAN_POINT ( 'NONE',  ( -55.25033208280011365, 7.605940326426647857, -13.92438806925516559 ) ) ;
#2101 = DIRECTION ( 'NONE',  ( 1.753511094850194495E-15, 0.0000000000000000000, 1.000000000000000000 ) ) ;
#2102 = DIRECTION ( 'NONE',  ( -0.0000000000000000000, 1.000000000000000000, -0.0000000000000000000 ) ) ;
#2103 = ORIENTED_EDGE ( 'NONE', *, *, #3102, .F. ) ;
#2104 = LINE ( 'NONE', #2832, #4034 ) ;
#2105 = EDGE_LOOP ( 'NONE', ( #4066, #1837, #3497, #2826, #3860, #2653, #2857, #374 ) ) ;
#2106 = ORIENTED_EDGE ( 'NONE', *, *, #136, .T. ) ;
#2107 = DIRECTION ( 'NONE',  ( 0.0000000000000000000, 0.0000000000000000000, 1.000000000000000000 ) ) ;
#2108 = VERTEX_POINT ( 'NONE', #59 ) ;
#2109 = CARTESIAN_POINT ( 'NONE',  ( -56.00000000000000000, 12.53736758480048863, -32.19997511724226058 ) ) ;
#2110 = EDGE_CURVE ( 'NONE', #622, #4150, #2526, .T. ) ;
#2111 = CARTESIAN_POINT ( 'NONE',  ( 61.00000000000000000, 18.00000000000000000, -42.84999999999998721 ) ) ;
#2112 = ORIENTED_EDGE ( 'NONE', *, *, #2821, .F. ) ;
#2113 = EDGE_LOOP ( 'NONE', ( #4111, #2951, #3130, #304 ) ) ;
#2114 = CARTESIAN_POINT ( 'NONE',  ( 46.00000000000000000, 18.00000000000000000, -17.93571428571447157 ) ) ;
#2115 = CARTESIAN_POINT ( 'NONE',  ( -60.50000000000000000, 18.00000000000000000, 39.35000000000000853 ) ) ;
#2116 = CARTESIAN_POINT ( 'NONE',  ( 0.0000000000000000000, -6.000000000000000000, 0.0000000000000000000 ) ) ;
#2117 = EDGE_CURVE ( 'NONE', #4402, #2097, #1452, .T. ) ;
#2118 = CARTESIAN_POINT ( 'NONE',  ( 0.0000000000000000000, 7.999999999999998224, 19.91428571428566485 ) ) ;
#2119 = ORIENTED_EDGE ( 'NONE', *, *, #233, .F. ) ;
#2120 = CARTESIAN_POINT ( 'NONE',  ( -51.64870037369725964, 5.999999999999999112, -10.18323821346772284 ) ) ;
#2121 = ORIENTED_EDGE ( 'NONE', *, *, #1204, .T. ) ;
#2122 = ADVANCED_FACE ( 'NONE', ( #1052 ), #3170, .F. ) ;
#2123 = DIRECTION ( 'NONE',  ( 0.0000000000000000000, 0.0000000000000000000, 1.000000000000000000 ) ) ;
#2124 = EDGE_LOOP ( 'NONE', ( #844, #1916, #1241, #2347 ) ) ;
#2125 = CARTESIAN_POINT ( 'NONE',  ( -54.99802985085259621, 9.000000000000000000, -34.08782857142880118 ) ) ;
#2126 = DIRECTION ( 'NONE',  ( -0.7071067811865474617, -0.7071067811865474617, 0.0000000000000000000 ) ) ;
#2127 = ORIENTED_EDGE ( 'NONE', *, *, #738, .F. ) ;
#2128 = VECTOR ( 'NONE', #3118, 1000.000000000000000 ) ;
#2129 = ADVANCED_FACE ( 'NONE', ( #420, #1479 ), #1416, .F. ) ;
#2130 = ORIENTED_EDGE ( 'NONE', *, *, #1688, .F. ) ;
#2131 = APPROVAL ( #4051, 'UNSPECIFIED' ) ;
#2132 = CARTESIAN_POINT ( 'NONE',  ( -36.00000000000001421, 5.999999999999998224, 11.93571428571421222 ) ) ;
#2133 = VECTOR ( 'NONE', #1075, 1000.000000000000000 ) ;
#2134 = AXIS2_PLACEMENT_3D ( 'NONE', #1413, #3164, #2155 ) ;
#2135 = LINE ( 'NONE', #2468, #1082 ) ;
#2136 = CARTESIAN_POINT ( 'NONE',  ( 65.50000000000002842, -6.000000000000000000, 31.35000000000000853 ) ) ;
#2137 = DIRECTION ( 'NONE',  ( -0.0000000000000000000, 1.000000000000000000, -0.0000000000000000000 ) ) ;
#2138 = VECTOR ( 'NONE', #1510, 1000.000000000000000 ) ;
#2139 = CONICAL_SURFACE ( 'NONE', #1176, 1.250000000000001110, 1.029744258676651869 ) ;
#2140 = ORIENTED_EDGE ( 'NONE', *, *, #410, .T. ) ;
#2141 = CARTESIAN_POINT ( 'NONE',  ( 63.99999999999998579, -4.499999999999957367, -41.37500000000000000 ) ) ;
#2142 = VECTOR ( 'NONE', #747, 1000.000000000000000 ) ;
#2143 = EDGE_CURVE ( 'NONE', #3033, #3165, #3255, .T. ) ;
#2144 = ORIENTED_EDGE ( 'NONE', *, *, #641, .T. ) ;
#2145 = VECTOR ( 'NONE', #1332, 1000.000000000000000 ) ;
#2146 = CARTESIAN_POINT ( 'NONE',  ( 0.0000000000000000000, 18.00000000000000000, -18.66428571428590999 ) ) ;
#2147 = EDGE_LOOP ( 'NONE', ( #3690, #3294, #2019, #2891 ) ) ;
#2148 = ORIENTED_EDGE ( 'NONE', *, *, #3350, .T. ) ;
#2149 = VECTOR ( 'NONE', #3918, 1000.000000000000000 ) ;
#2150 = CIRCLE ( 'NONE', #742, 3.000000000000007105 ) ;
#2151 = EDGE_LOOP ( 'NONE', ( #2112, #2622, #17, #1110 ) ) ;
#2152 = DIRECTION ( 'NONE',  ( 0.0000000000000000000, 0.5150380749100544886, 0.8571673007021121116 ) ) ;
#2153 = CIRCLE ( 'NONE', #743, 1.500000000000001332 ) ;
#2154 = VECTOR ( 'NONE', #581, 1000.000000000000000 ) ;
#2155 = DIRECTION ( 'NONE',  ( 0.0000000000000000000, 0.0000000000000000000, -1.000000000000000000 ) ) ;
#2156 = VERTEX_POINT ( 'NONE', #855 ) ;
#2157 = ORIENTED_EDGE ( 'NONE', *, *, #1425, .T. ) ;
#2158 = B_SPLINE_CURVE_WITH_KNOTS ( 'NONE', 3,
 ( #429, #795, #2214, #1489, #3312, #1567, #1167, #117, #2582, #1840 ),
 .UNSPECIFIED., .F., .F.,
 ( 4, 2, 2, 2, 4 ),
 ( 0.004673889972389251232, 0.005530092726204759862, 0.006386295480020267624, 0.007242498233835775387, 0.008098700987651284017 ),
 .UNSPECIFIED. ) ;
#2159 = DIRECTION ( 'NONE',  ( 0.0000000000000000000, 0.0000000000000000000, -1.000000000000000000 ) ) ;
#2160 = LINE ( 'NONE', #379, #285 ) ;
#2161 = CARTESIAN_POINT ( 'NONE',  ( -52.50000000000000711, -2.000000000000001776, -47.34999999999998010 ) ) ;
#2162 = DIRECTION ( 'NONE',  ( -0.0000000000000000000, 1.000000000000000000, -0.0000000000000000000 ) ) ;
#2163 = EDGE_LOOP ( 'NONE', ( #1657, #3505, #2119, #3411 ) ) ;
#2164 = DIRECTION ( 'NONE',  ( -0.0000000000000000000, -0.0000000000000000000, -1.000000000000000000 ) ) ;
#2165 = ORIENTED_EDGE ( 'NONE', *, *, #3327, .F. ) ;
#2166 = CARTESIAN_POINT ( 'NONE',  ( 62.49999999999998579, -4.499999999999957367, 42.87500000000000000 ) ) ;
#2167 = EDGE_CURVE ( 'NONE', #3718, #3158, #1564, .T. ) ;
#2168 = CARTESIAN_POINT ( 'NONE',  ( -64.00000000000000000, 9.000000000000000000, -9.935714285714460914 ) ) ;
#2169 = LINE ( 'NONE', #3220, #4496 ) ;
#2170 = ADVANCED_FACE ( 'NONE', ( #883 ), #2300, .T. ) ;
#2171 = ORIENTED_EDGE ( 'NONE', *, *, #3430, .T. ) ;
#2172 = CARTESIAN_POINT ( 'NONE',  ( 0.0000000000000000000, -6.000000000000000000, 0.0000000000000000000 ) ) ;
#2173 = ORIENTED_EDGE ( 'NONE', *, *, #2715, .T. ) ;
#2174 = DIRECTION ( 'NONE',  ( 0.0000000000000000000, 0.0000000000000000000, -1.000000000000000000 ) ) ;
#2175 = EDGE_CURVE ( 'NONE', #3168, #869, #2570, .T. ) ;
#2176 = CARTESIAN_POINT ( 'NONE',  ( -46.00000000000000711, 5.999999999999998224, -11.93571428571446269 ) ) ;
#2177 = ORIENTED_EDGE ( 'NONE', *, *, #2181, .T. ) ;
#2178 = EDGE_CURVE ( 'NONE', #2424, #2194, #175, .T. ) ;
#2179 = ORIENTED_EDGE ( 'NONE', *, *, #3491, .T. ) ;
#2180 = DIRECTION ( 'NONE',  ( -0.0000000000000000000, 1.000000000000000000, -0.0000000000000000000 ) ) ;
#2181 = EDGE_CURVE ( 'NONE', #821, #1802, #1954, .T. ) ;
#2182 = DIRECTION ( 'NONE',  ( 0.0000000000000000000, -1.000000000000000000, 0.0000000000000000000 ) ) ;
#2183 =( LENGTH_UNIT ( ) NAMED_UNIT ( * ) SI_UNIT ( .MILLI., .METRE. ) );
#2184 = CARTESIAN_POINT ( 'NONE',  ( 46.00000000000000711, 5.999999999999998224, -21.89285714285733775 ) ) ;
#2185 = EDGE_LOOP ( 'NONE', ( #2701, #3978, #3022 ) ) ;
#2186 = CARTESIAN_POINT ( 'NONE',  ( -52.99999999999999289, 5.999999999999998224, 34.85000000000000853 ) ) ;
#2187 = EDGE_LOOP ( 'NONE', ( #3473, #3206, #3308, #4301 ) ) ;
#2188 = CARTESIAN_POINT ( 'NONE',  ( 68.50000000000000000, -6.000000000000000000, -47.34999999999998010 ) ) ;
#2189 = DIRECTION ( 'NONE',  ( 0.0000000000000000000, 0.0000000000000000000, -1.000000000000000000 ) ) ;
#2190 = CARTESIAN_POINT ( 'NONE',  ( -65.50000000000001421, -6.000000000000000000, -42.87500000000000000 ) ) ;
#2191 = VERTEX_POINT ( 'NONE', #1499 ) ;
#2192 = EDGE_CURVE ( 'NONE', #942, #510, #2894, .T. ) ;
#2193 = CARTESIAN_POINT ( 'NONE',  ( -64.00000000000001421, -2.000000000000000000, -31.35000000000000853 ) ) ;
#2194 = VERTEX_POINT ( 'NONE', #126 ) ;
#2195 = CIRCLE ( 'NONE', #1758, 1.249999999999987121 ) ;
#2196 = PLANE ( 'NONE',  #2226 ) ;
#2197 = ADVANCED_FACE ( 'NONE', ( #1577 ), #4212, .F. ) ;
#2198 = CARTESIAN_POINT ( 'NONE',  ( -64.00000000000001421, -6.000000000000000000, 44.37500000000000711 ) ) ;
#2199 = VERTEX_POINT ( 'NONE', #1858 ) ;
#2200 = ORIENTED_EDGE ( 'NONE', *, *, #2931, .T. ) ;
#2201 = ORIENTED_EDGE ( 'NONE', *, *, #4308, .F. ) ;
#2202 = CARTESIAN_POINT ( 'NONE',  ( 68.50000000000000000, -6.000000000000000000, 44.35000000000000853 ) ) ;
#2203 = DIRECTION ( 'NONE',  ( 0.0000000000000000000, 0.0000000000000000000, 1.000000000000000000 ) ) ;
#2204 = CARTESIAN_POINT ( 'NONE',  ( -64.00000000000000000, 0.0000000000000000000, -42.84999999999998721 ) ) ;
#2205 = AXIS2_PLACEMENT_3D ( 'NONE', #2355, #552, #4468 ) ;
#2206 = DIRECTION ( 'NONE',  ( 0.0000000000000000000, 0.0000000000000000000, -1.000000000000000000 ) ) ;
#2207 = ORIENTED_EDGE ( 'NONE', *, *, #4071, .F. ) ;
#2208 = CARTESIAN_POINT ( 'NONE',  ( 52.50000000000000711, -6.000000000000000000, -42.87500000000000000 ) ) ;
#2209 = VECTOR ( 'NONE', #2518, 1000.000000000000000 ) ;
#2210 = VERTEX_POINT ( 'NONE', #4033 ) ;
#2211 = DIRECTION ( 'NONE',  ( -1.000000000000000000, -0.0000000000000000000, -0.0000000000000000000 ) ) ;
#2212 = CARTESIAN_POINT ( 'NONE',  ( 63.12132034355963839, -5.999999999999957367, 44.37500000000000000 ) ) ;
#2213 = CARTESIAN_POINT ( 'NONE',  ( -64.00000000000000000, 18.00000000000000000, 42.85000000000001563 ) ) ;
#2214 = CARTESIAN_POINT ( 'NONE',  ( -55.03295185699884229, 8.423288672239474195, -34.05765777631994951 ) ) ;
#2215 = VECTOR ( 'NONE', #3539, 1000.000000000000000 ) ;
#2216 = CIRCLE ( 'NONE', #10, 5.143372999999999529 ) ;
#2217 = CONICAL_SURFACE ( 'NONE', #11, 1.250000000000001110, 1.029744258676651869 ) ;
#2218 = EDGE_LOOP ( 'NONE', ( #4377, #319 ) ) ;
#2219 = LINE ( 'NONE', #100, #2209 ) ;
#2220 = ORIENTED_EDGE ( 'NONE', *, *, #351, .F. ) ;
#2221 = APPLICATION_PROTOCOL_DEFINITION ( 'international standard', 'config_control_design', 1994, #4147 ) ;
#2222 = VECTOR ( 'NONE', #456, 1000.000000000000000 ) ;
#2223 = APPROVAL_PERSON_ORGANIZATION ( #2248, #2131, #3636 ) ;
#2224 = CARTESIAN_POINT ( 'NONE',  ( -46.00000000000000711, 5.999999999999998224, 21.89285714285710327 ) ) ;
#2225 = AXIS2_PLACEMENT_3D ( 'NONE', #1278, #910, #1255 ) ;
#2226 = AXIS2_PLACEMENT_3D ( 'NONE', #1804, #709, #12 ) ;
#2227 = DIRECTION ( 'NONE',  ( 1.000000000000000000, 0.0000000000000000000, 0.0000000000000000000 ) ) ;
#2228 = AXIS2_PLACEMENT_3D ( 'NONE', #222, #3468, #316 ) ;
#2229 = ADVANCED_FACE ( 'NONE', ( #2965 ), #3299, .F. ) ;
#2230 = EDGE_CURVE ( 'NONE', #2034, #3101, #4296, .T. ) ;
#2231 = AXIS2_PLACEMENT_3D ( 'NONE', #4382, #2233, #1877 ) ;
#2232 = EDGE_LOOP ( 'NONE', ( #4495, #4370, #2418, #121 ) ) ;
#2233 = DIRECTION ( 'NONE',  ( -0.0000000000000000000, 1.000000000000000000, -0.0000000000000000000 ) ) ;
#2234 = DIRECTION ( 'NONE',  ( -1.000000000000000000, 0.0000000000000000000, -0.0000000000000000000 ) ) ;
#2235 = CARTESIAN_POINT ( 'NONE',  ( -53.00000000000000000, 18.00000000000000000, -14.93571428571446091 ) ) ;
#2236 = VECTOR ( 'NONE', #1697, 1000.000000000000000 ) ;
#2237 = LINE ( 'NONE', #3236, #3899 ) ;
#2238 = VERTEX_POINT ( 'NONE', #1134 ) ;
#2239 = CARTESIAN_POINT ( 'NONE',  ( -53.00000000000000000, 5.999999999999998224, -34.85000000000024301 ) ) ;
#2240 = EDGE_LOOP ( 'NONE', ( #3601, #1408, #1008, #1251 ) ) ;
#2241 = DIRECTION ( 'NONE',  ( 0.0000000000000000000, 0.0000000000000000000, 1.000000000000000000 ) ) ;
#2242 = CARTESIAN_POINT ( 'NONE',  ( -64.00000000000001421, -4.499999999999962697, 31.35000000000000853 ) ) ;
#2243 = DIRECTION ( 'NONE',  ( 0.0000000000000000000, 0.0000000000000000000, 1.000000000000000000 ) ) ;
#2244 = DIRECTION ( 'NONE',  ( -0.0000000000000000000, 1.000000000000000000, -0.0000000000000000000 ) ) ;
#2245 = ORIENTED_EDGE ( 'NONE', *, *, #56, .F. ) ;
#2246 = DIRECTION ( 'NONE',  ( 1.753511094850194298E-15, 0.0000000000000000000, 1.000000000000000000 ) ) ;
#2247 = ORIENTED_EDGE ( 'NONE', *, *, #2840, .F. ) ;
#2248 = PERSON_AND_ORGANIZATION ( #4282, #2078 ) ;
#2249 = CARTESIAN_POINT ( 'NONE',  ( -32.99999999999999289, 5.999999999999998224, 11.93571428571421222 ) ) ;
#2250 = PLANE ( 'NONE',  #1630 ) ;
#2251 = EDGE_LOOP ( 'NONE', ( #2954, #2972, #417, #1594 ) ) ;
#2252 = ADVANCED_FACE ( 'NONE', ( #2550 ), #1640, .F. ) ;
#2253 = DIRECTION ( 'NONE',  ( 0.0000000000000000000, 0.0000000000000000000, -1.000000000000000000 ) ) ;
#2254 = DIRECTION ( 'NONE',  ( 0.0000000000000000000, 0.0000000000000000000, 1.000000000000000000 ) ) ;
#2255 = DIRECTION ( 'NONE',  ( -0.0000000000000000000, 1.000000000000000000, -0.0000000000000000000 ) ) ;
#2256 = CARTESIAN_POINT ( 'NONE',  ( -64.00000000000000000, 0.0000000000000000000, 42.85000000000001563 ) ) ;
#2257 = VERTEX_POINT ( 'NONE', #3593 ) ;
#2258 = CARTESIAN_POINT ( 'NONE',  ( -53.00000000000000000, 5.999999999999998224, -31.85000000000023945 ) ) ;
#2259 = ORIENTED_EDGE ( 'NONE', *, *, #559, .F. ) ;
#2260 = CARTESIAN_POINT ( 'NONE',  ( 65.49999999999998579, -5.999999999999957367, -41.99632034355964549 ) ) ;
#2261 = LINE ( 'NONE', #4372, #571 ) ;
#2262 = EDGE_CURVE ( 'NONE', #1534, #412, #1228, .T. ) ;
#2263 = DIRECTION ( 'NONE',  ( 0.0000000000000000000, 0.0000000000000000000, 1.000000000000000000 ) ) ;
#2264 = CYLINDRICAL_SURFACE ( 'NONE', #2806, 3.000000000000006217 ) ;
#2265 = VERTEX_POINT ( 'NONE', #3622 ) ;
#2266 = LINE ( 'NONE', #1987, #4115 ) ;
#2267 = ORIENTED_EDGE ( 'NONE', *, *, #4105, .T. ) ;
#2268 = PERSON_AND_ORGANIZATION ( #4282, #2078 ) ;
#2269 = EDGE_CURVE ( 'NONE', #385, #1939, #1522, .T. ) ;
#2270 = CARTESIAN_POINT ( 'NONE',  ( -53.00000000000000000, 5.999999999999998224, -11.93571428571446269 ) ) ;
#2271 = FACE_BOUND ( 'NONE', #2218, .T. ) ;
#2272 = AXIS2_PLACEMENT_3D ( 'NONE', #2054, #3085, #1707 ) ;
#2273 = ORIENTED_EDGE ( 'NONE', *, *, #4328, .T. ) ;
#2274 = DIRECTION ( 'NONE',  ( 0.0000000000000000000, 0.0000000000000000000, -1.000000000000000000 ) ) ;
#2275 = CARTESIAN_POINT ( 'NONE',  ( -68.50000000000000000, -6.000000000000000000, -47.34999999999998010 ) ) ;
#2276 = VERTEX_POINT ( 'NONE', #4337 ) ;
#2277 = CARTESIAN_POINT ( 'NONE',  ( -52.50000000000000711, -2.000000000000000000, 42.87500000000000000 ) ) ;
#2278 = CC_DESIGN_DATE_AND_TIME_ASSIGNMENT ( #2612, #4027, ( #4488 ) ) ;
#2279 = ORIENTED_EDGE ( 'NONE', *, *, #4021, .T. ) ;
#2280 = CARTESIAN_POINT ( 'NONE',  ( 68.50000000000000000, -6.000000000000000000, 47.35000000000000853 ) ) ;
#2281 = ORIENTED_EDGE ( 'NONE', *, *, #3433, .T. ) ;
#2282 = DIRECTION ( 'NONE',  ( 0.0000000000000000000, 0.0000000000000000000, 1.000000000000000000 ) ) ;
#2283 = CARTESIAN_POINT ( 'NONE',  ( -26.00000000000000000, 18.00000000000000000, -1.978571428571556767 ) ) ;
#2284 = DIRECTION ( 'NONE',  ( 0.0000000000000000000, 0.0000000000000000000, 1.000000000000000000 ) ) ;
#2285 = DIRECTION ( 'NONE',  ( -0.0000000000000000000, 1.000000000000000000, -0.0000000000000000000 ) ) ;
#2286 = VECTOR ( 'NONE', #238, 1000.000000000000000 ) ;
#2287 = ORIENTED_EDGE ( 'NONE', *, *, #2366, .F. ) ;
#2288 = EDGE_CURVE ( 'NONE', #101, #3253, #3991, .T. ) ;
#2289 = CARTESIAN_POINT ( 'NONE',  ( 1.530808498934181217E-16, 18.00000000000000000, -21.16428571428589223 ) ) ;
#2290 = ORIENTED_EDGE ( 'NONE', *, *, #3281, .F. ) ;
#2291 = CIRCLE ( 'NONE', #364, 3.000000000000002665 ) ;
#2292 = AXIS2_PLACEMENT_3D ( 'NONE', #2249, #4400, #3637 ) ;
#2293 = DIRECTION ( 'NONE',  ( 0.0000000000000000000, -0.0000000000000000000, -1.000000000000000000 ) ) ;
#2294 = AXIS2_PLACEMENT_3D ( 'NONE', #3341, #188, #499 ) ;
#2295 = AXIS2_PLACEMENT_3D ( 'NONE', #1488, #3632, #1888 ) ;
#2296 = CARTESIAN_POINT ( 'NONE',  ( 64.00000000000000000, 18.00000000000000000, 39.85000000000000853 ) ) ;
#2297 = AXIS2_PLACEMENT_3D ( 'NONE', #2168, #1166, #2880 ) ;
#2298 = ORIENTED_EDGE ( 'NONE', *, *, #440, .T. ) ;
#2299 = CIRCLE ( 'NONE', #3541, 1.249999999999987121 ) ;
#2300 = PLANE ( 'NONE',  #3985 ) ;
#2301 = CARTESIAN_POINT ( 'NONE',  ( 65.49999999999998579, -6.000000000000000000, 42.87500000000000000 ) ) ;
#2302 = CARTESIAN_POINT ( 'NONE',  ( -68.50000000000000000, 0.0000000000000000000, -47.34999999999998010 ) ) ;
#2303 = ORIENTED_EDGE ( 'NONE', *, *, #313, .F. ) ;
#2304 = PLANE ( 'NONE',  #1992 ) ;
#2305 = ORIENTED_EDGE ( 'NONE', *, *, #781, .F. ) ;
#2306 = CARTESIAN_POINT ( 'NONE',  ( -52.50000000000000711, -2.000000000000001776, 47.35000000000002984 ) ) ;
#2307 = AXIS2_PLACEMENT_3D ( 'NONE', #2099, #4181, #1767 ) ;
#2308 = CARTESIAN_POINT ( 'NONE',  ( -65.50000000000000000, 0.0000000000000000000, -47.34999999999998010 ) ) ;
#2309 = DIRECTION ( 'NONE',  ( -0.0000000000000000000, 0.0000000000000000000, 1.000000000000000000 ) ) ;
#2310 = CARTESIAN_POINT ( 'NONE',  ( 63.99999999999998579, -4.499999999999957367, 41.37500000000000000 ) ) ;
#2311 = ORIENTED_EDGE ( 'NONE', *, *, #3516, .T. ) ;
#2312 = LINE ( 'NONE', #1966, #2286 ) ;
#2313 = EDGE_CURVE ( 'NONE', #1080, #3405, #1553, .T. ) ;
#2314 = ORIENTED_EDGE ( 'NONE', *, *, #4238, .F. ) ;
#2315 = CARTESIAN_POINT ( 'NONE',  ( -22.99999999999999289, 18.00000000000000000, -4.978571428571564539 ) ) ;
#2316 = CARTESIAN_POINT ( 'NONE',  ( -64.00000000000001421, -2.000000000000000000, -41.37500000000000000 ) ) ;
#2317 = EDGE_CURVE ( 'NONE', #3090, #350, #2617, .T. ) ;
#2318 = ORIENTED_EDGE ( 'NONE', *, *, #1494, .T. ) ;
#2319 = ORIENTED_EDGE ( 'NONE', *, *, #1855, .T. ) ;
#2320 = PLANE ( 'NONE',  #903 ) ;
#2321 = ADVANCED_FACE ( 'NONE', ( #1932 ), #3372, .F. ) ;
#2322 = LINE ( 'NONE', #2275, #1612 ) ;
#2323 = DIRECTION ( 'NONE',  ( 0.0000000000000000000, 0.0000000000000000000, 1.000000000000000000 ) ) ;
#2324 = ORIENTED_EDGE ( 'NONE', *, *, #415, .F. ) ;
#2325 = ADVANCED_FACE ( 'NONE', ( #3782 ), #248, .F. ) ;
#2326 = CARTESIAN_POINT ( 'NONE',  ( -65.50000000000001421, -6.000000000000000000, 42.87500000000000000 ) ) ;
#2327 = ORIENTED_EDGE ( 'NONE', *, *, #2704, .T. ) ;
#2328 = DIRECTION ( 'NONE',  ( -1.000000000000000000, 0.0000000000000000000, 0.0000000000000000000 ) ) ;
#2329 = CARTESIAN_POINT ( 'NONE',  ( -53.00000000000000000, 5.999999999999998224, -34.85000000000024301 ) ) ;
#2330 = CARTESIAN_POINT ( 'NONE',  ( -55.94186012803394448, 12.29774559469312756, -12.59069371924104708 ) ) ;
#2331 = DIRECTION ( 'NONE',  ( -0.0000000000000000000, 1.000000000000000000, -0.0000000000000000000 ) ) ;
#2332 = ORIENTED_EDGE ( 'NONE', *, *, #3866, .F. ) ;
#2333 = CARTESIAN_POINT ( 'NONE',  ( 63.12132034355963839, -5.999999999999957367, -44.37500000000000000 ) ) ;
#2334 = ORIENTED_EDGE ( 'NONE', *, *, #3798, .T. ) ;
#2335 = DIRECTION ( 'NONE',  ( -0.0000000000000000000, 1.000000000000000000, -0.0000000000000000000 ) ) ;
#2336 = EDGE_CURVE ( 'NONE', #2521, #714, #560, .T. ) ;
#2337 = EDGE_CURVE ( 'NONE', #3635, #2474, #1674, .T. ) ;
#2338 = FACE_OUTER_BOUND ( 'NONE', #2045, .T. ) ;
#2339 = CARTESIAN_POINT ( 'NONE',  ( -64.00000000000000000, 9.000000000000000000, -9.935714285714460914 ) ) ;
#2340 = DIRECTION ( 'NONE',  ( 0.0000000000000000000, 0.0000000000000000000, -1.000000000000000000 ) ) ;
#2341 = EDGE_CURVE ( 'NONE', #2257, #1720, #2709, .T. ) ;
#2342 = DIRECTION ( 'NONE',  ( -1.000000000000000000, 0.0000000000000000000, 0.0000000000000000000 ) ) ;
#2343 = VECTOR ( 'NONE', #475, 1000.000000000000000 ) ;
#2344 = EDGE_LOOP ( 'NONE', ( #3197, #3583, #3736 ) ) ;
#2345 = DIRECTION ( 'NONE',  ( 0.0000000000000000000, 0.0000000000000000000, 1.000000000000000000 ) ) ;
#2346 = DIRECTION ( 'NONE',  ( -0.0000000000000000000, 1.000000000000000000, -0.0000000000000000000 ) ) ;
#2347 = ORIENTED_EDGE ( 'NONE', *, *, #2513, .F. ) ;
#2348 = DIRECTION ( 'NONE',  ( -1.000000000000000000, 0.0000000000000000000, 0.0000000000000000000 ) ) ;
#2349 = VERTEX_POINT ( 'NONE', #3805 ) ;
#2350 = FACE_OUTER_BOUND ( 'NONE', #1783, .T. ) ;
#2351 = CARTESIAN_POINT ( 'NONE',  ( -64.00000000000000000, 5.999999999999998224, -32.83420243387595150 ) ) ;
#2352 = LINE ( 'NONE', #2012, #2877 ) ;
#2353 = CARTESIAN_POINT ( 'NONE',  ( -51.99889532006721993, 5.999999999999998224, -31.87793977890551034 ) ) ;
#2354 = ORIENTED_EDGE ( 'NONE', *, *, #54, .F. ) ;
#2355 = CARTESIAN_POINT ( 'NONE',  ( -64.00000000000001421, -6.000000000000000000, -42.87500000000000000 ) ) ;
#2356 = EDGE_LOOP ( 'NONE', ( #1359, #2259, #574, #3591 ) ) ;
#2357 = FACE_OUTER_BOUND ( 'NONE', #4483, .T. ) ;
#2358 = ORIENTED_EDGE ( 'NONE', *, *, #136, .F. ) ;
#2359 = VECTOR ( 'NONE', #1614, 1000.000000000000000 ) ;
#2360 = CARTESIAN_POINT ( 'NONE',  ( 0.0000000000000000000, 18.00000000000000000, -38.09999999999998721 ) ) ;
#2361 = LINE ( 'NONE', #629, #3976 ) ;
#2362 = CIRCLE ( 'NONE', #3961, 3.000000000000002665 ) ;
#2363 = AXIS2_PLACEMENT_3D ( 'NONE', #993, #2335, #2774 ) ;
#2364 = CIRCLE ( 'NONE', #1250, 1.249999999999990674 ) ;
#2365 = ORIENTED_EDGE ( 'NONE', *, *, #1598, .T. ) ;
#2366 = EDGE_CURVE ( 'NONE', #4386, #4, #1271, .T. ) ;
#2367 = ORIENTED_EDGE ( 'NONE', *, *, #4474, .T. ) ;
#2368 = DIRECTION ( 'NONE',  ( -1.753511094850197651E-15, 0.0000000000000000000, 1.000000000000000000 ) ) ;
#2369 = AXIS2_PLACEMENT_3D ( 'NONE', #45, #2515, #3906 ) ;
#2370 = CARTESIAN_POINT ( 'NONE',  ( -60.50000000000000000, 7.999999999999998224, -39.34999999999998010 ) ) ;
#2371 = EDGE_CURVE ( 'NONE', #2276, #203, #3422, .T. ) ;
#2372 = CARTESIAN_POINT ( 'NONE',  ( -60.50000000000000000, 18.00000000000000000, -40.59999999999997300 ) ) ;
#2373 = ORIENTED_EDGE ( 'NONE', *, *, #2110, .T. ) ;
#2374 = VECTOR ( 'NONE', #4174, 1000.000000000000000 ) ;
#2375 = CARTESIAN_POINT ( 'NONE',  ( -22.99999999999999289, 18.00000000000000000, 1.978571428571320068 ) ) ;
#2376 = EDGE_LOOP ( 'NONE', ( #48, #1001, #697, #566 ) ) ;
#2377 = DIRECTION ( 'NONE',  ( 1.000000000000000000, 0.0000000000000000000, 0.0000000000000000000 ) ) ;
#2378 = CYLINDRICAL_SURFACE ( 'NONE', #4028, 3.000000000000002665 ) ;
#2379 = EDGE_CURVE ( 'NONE', #4089, #970, #1861, .T. ) ;
#2380 = DIRECTION ( 'NONE',  ( 0.0000000000000000000, 0.0000000000000000000, -1.000000000000000000 ) ) ;
#2381 = CIRCLE ( 'NONE', #3247, 1.500000000000001332 ) ;
#2382 = ADVANCED_FACE ( 'NONE', ( #4061 ), #1348, .F. ) ;
#2383 = DIRECTION ( 'NONE',  ( -0.0000000000000000000, -1.000000000000000000, -0.0000000000000000000 ) ) ;
#2384 = EDGE_LOOP ( 'NONE', ( #1740, #906, #2507, #810, #864 ) ) ;
#2385 = ORIENTED_EDGE ( 'NONE', *, *, #3808, .F. ) ;
#2386 = CARTESIAN_POINT ( 'NONE',  ( -51.66871514709712443, 5.999999999999999112, -10.44317489580131664 ) ) ;
#2387 = VERTEX_POINT ( 'NONE', #2023 ) ;
#2388 = ADVANCED_FACE ( 'NONE', ( #2415 ), #951, .F. ) ;
#2389 = CARTESIAN_POINT ( 'NONE',  ( 0.0000000000000000000, 18.00000000000000000, 19.91428571428566485 ) ) ;
#2390 = ORIENTED_EDGE ( 'NONE', *, *, #2175, .F. ) ;
#2391 = EDGE_CURVE ( 'NONE', #768, #1939, #2460, .T. ) ;
#2392 = CARTESIAN_POINT ( 'NONE',  ( 42.99999999999999289, 5.999999999999998224, 17.93571428571422999 ) ) ;
#2393 = DIRECTION ( 'NONE',  ( -0.0000000000000000000, 1.000000000000000000, -0.0000000000000000000 ) ) ;
#2394 = ORIENTED_EDGE ( 'NONE', *, *, #3254, .T. ) ;
#2395 = DIRECTION ( 'NONE',  ( 0.0000000000000000000, 0.0000000000000000000, 1.000000000000000000 ) ) ;
#2396 = DIRECTION ( 'NONE',  ( 0.0000000000000000000, 0.0000000000000000000, 1.000000000000000000 ) ) ;
#2397 = LINE ( 'NONE', #2050, #4425 ) ;
#2398 = ADVANCED_FACE ( 'NONE', ( #3056 ), #2320, .F. ) ;
#2399 = ORIENTED_EDGE ( 'NONE', *, *, #556, .T. ) ;
#2400 = CC_DESIGN_PERSON_AND_ORGANIZATION_ASSIGNMENT ( #102, #1200, ( #2839 ) ) ;
#2401 = ORIENTED_EDGE ( 'NONE', *, *, #718, .T. ) ;
#2402 = DIRECTION ( 'NONE',  ( -0.0000000000000000000, 1.000000000000000000, -0.0000000000000000000 ) ) ;
#2403 = CARTESIAN_POINT ( 'NONE',  ( -55.51436410343821137, 6.864624508742205755, -13.58160750568933395 ) ) ;
#2404 = DIRECTION ( 'NONE',  ( -1.000000000000000000, -0.0000000000000000000, -0.0000000000000000000 ) ) ;
#2405 = DIRECTION ( 'NONE',  ( 0.0000000000000000000, 0.0000000000000000000, 1.000000000000000000 ) ) ;
#2406 = EDGE_LOOP ( 'NONE', ( #2144, #1937, #4123, #2267 ) ) ;
#2407 = DIRECTION ( 'NONE',  ( 0.0000000000000000000, 0.0000000000000000000, 1.000000000000000000 ) ) ;
#2408 = ADVANCED_FACE ( 'NONE', ( #3761 ), #2759, .T. ) ;
#2409 = ORIENTED_EDGE ( 'NONE', *, *, #3335, .F. ) ;
#2410 = LINE ( 'NONE', #4452, #3749 ) ;
#2411 = ORIENTED_EDGE ( 'NONE', *, *, #2093, .F. ) ;
#2412 = CARTESIAN_POINT ( 'NONE',  ( -64.00000000000000000, 9.000000000000000000, -14.15211428571446639 ) ) ;
#2413 = CARTESIAN_POINT ( 'NONE',  ( -53.00000000000000000, 5.999999999999998224, -31.85000000000023945 ) ) ;
#2414 = ORIENTED_EDGE ( 'NONE', *, *, #3191, .T. ) ;
#2415 = FACE_OUTER_BOUND ( 'NONE', #2549, .T. ) ;
#2416 = LINE ( 'NONE', #3714, #2455 ) ;
#2417 = VERTEX_POINT ( 'NONE', #2689 ) ;
#2418 = ORIENTED_EDGE ( 'NONE', *, *, #3930, .T. ) ;
#2419 = CARTESIAN_POINT ( 'NONE',  ( 1.530808498934188612E-16, 7.999999999999998224, 18.66428571428566840 ) ) ;
#2420 = CARTESIAN_POINT ( 'NONE',  ( -55.77345803780399791, 6.197770556913464901, -13.09874361762574502 ) ) ;
#2421 = CARTESIAN_POINT ( 'NONE',  ( 0.0000000000000000000, 18.00000000000000000, 39.35000000000000853 ) ) ;
#2422 = DIRECTION ( 'NONE',  ( -0.0000000000000000000, 1.000000000000000000, -0.0000000000000000000 ) ) ;
#2423 = AXIS2_PLACEMENT_3D ( 'NONE', #2718, #2785, #986 ) ;
#2424 = VERTEX_POINT ( 'NONE', #270 ) ;
#2425 = DIRECTION ( 'NONE',  ( 0.0000000000000000000, -1.000000000000000000, 0.0000000000000000000 ) ) ;
#2426 = EDGE_LOOP ( 'NONE', ( #536, #1298, #366 ) ) ;
#2427 = DIRECTION ( 'NONE',  ( -1.000000000000000000, 0.0000000000000000000, 0.0000000000000000000 ) ) ;
#2428 = EDGE_CURVE ( 'NONE', #3072, #3221, #3077, .T. ) ;
#2429 = VERTEX_POINT ( 'NONE', #4479 ) ;
#2430 = LINE ( 'NONE', #1123, #9 ) ;
#2431 = CYLINDRICAL_SURFACE ( 'NONE', #1851, 3.000000000000002665 ) ;
#2432 = EDGE_CURVE ( 'NONE', #1466, #2604, #2047, .T. ) ;
#2433 = LOCAL_TIME ( 10, 26, 6.000000000000000000, #1920 ) ;
#2434 = CONICAL_SURFACE ( 'NONE', #3740, 1.249999999999997558, 1.029744258676651869 ) ;
#2435 = CARTESIAN_POINT ( 'NONE',  ( 60.50000000000000000, 18.00000000000000000, 38.10000000000001563 ) ) ;
#2436 = CARTESIAN_POINT ( 'NONE',  ( -57.08000000000000540, 9.000000000000000000, -29.87142857142879038 ) ) ;
#2437 = VERTEX_POINT ( 'NONE', #3103 ) ;
#2438 = CARTESIAN_POINT ( 'NONE',  ( -43.00000000000000000, 5.999999999999998224, 21.89285714285710327 ) ) ;
#2439 = AXIS2_PLACEMENT_3D ( 'NONE', #1280, #494, #3696 ) ;
#2440 = VECTOR ( 'NONE', #3750, 1000.000000000000000 ) ;
#2441 = VECTOR ( 'NONE', #1770, 1000.000000000000000 ) ;
#2442 = VERTEX_POINT ( 'NONE', #908 ) ;
#2443 = VECTOR ( 'NONE', #357, 1000.000000000000000 ) ;
#2444 = VERTEX_POINT ( 'NONE', #3713 ) ;
#2445 = CARTESIAN_POINT ( 'NONE',  ( 0.0000000000000000000, 0.0000000000000000000, 0.0000000000000000000 ) ) ;
#2446 = VECTOR ( 'NONE', #3280, 1000.000000000000000 ) ;
#2447 = DIRECTION ( 'NONE',  ( -1.000000000000000000, 0.0000000000000000000, -0.0000000000000000000 ) ) ;
#2448 = CARTESIAN_POINT ( 'NONE',  ( 68.50000000000000000, 103.0953168557000907, -31.35000000000000853 ) ) ;
#2449 = CARTESIAN_POINT ( 'NONE',  ( -60.50000000000000000, 7.999999999999998224, 39.35000000000000853 ) ) ;
#2450 = AXIS2_PLACEMENT_3D ( 'NONE', #3213, #402, #1482 ) ;
#2451 = AXIS2_PLACEMENT_3D ( 'NONE', #4129, #1672, #3730 ) ;
#2452 = ORIENTED_EDGE ( 'NONE', *, *, #2317, .F. ) ;
#2453 = DIRECTION ( 'NONE',  ( 2.906777817316002997E-16, 0.0000000000000000000, -1.000000000000000000 ) ) ;
#2454 = ORIENTED_EDGE ( 'NONE', *, *, #3433, .F. ) ;
#2455 = VECTOR ( 'NONE', #1277, 1000.000000000000000 ) ;
#2456 = FACE_OUTER_BOUND ( 'NONE', #2240, .T. ) ;
#2457 = VECTOR ( 'NONE', #2253, 1000.000000000000000 ) ;
#2458 = EDGE_CURVE ( 'NONE', #2349, #2417, #2091, .T. ) ;
#2459 = ORIENTED_EDGE ( 'NONE', *, *, #3759, .T. ) ;
#2460 = CIRCLE ( 'NONE', #3043, 1.249999999999997558 ) ;
#2461 = FACE_OUTER_BOUND ( 'NONE', #486, .T. ) ;
#2462 = EDGE_CURVE ( 'NONE', #3484, #3538, #246, .T. ) ;
#2463 = CYLINDRICAL_SURFACE ( 'NONE', #4058, 3.000000000000000888 ) ;
#2464 = VERTEX_POINT ( 'NONE', #2111 ) ;
#2465 = ORIENTED_EDGE ( 'NONE', *, *, #818, .F. ) ;
#2466 = EDGE_CURVE ( 'NONE', #4361, #3673, #1066, .T. ) ;
#2467 = DIRECTION ( 'NONE',  ( -0.0000000000000000000, 1.000000000000000000, -0.0000000000000000000 ) ) ;
#2468 = CARTESIAN_POINT ( 'NONE',  ( -64.00000000000000000, 9.000000000000000000, -35.01480157142879079 ) ) ;
#2469 = LINE ( 'NONE', #3814, #1465 ) ;
#2470 = DIRECTION ( 'NONE',  ( 0.0000000000000000000, 0.0000000000000000000, 1.000000000000000000 ) ) ;
#2471 = EDGE_CURVE ( 'NONE', #3795, #2417, #2798, .T. ) ;
#2472 = ORIENTED_EDGE ( 'NONE', *, *, #13, .T. ) ;
#2473 = DIRECTION ( 'NONE',  ( -0.0000000000000000000, 1.000000000000000000, -0.0000000000000000000 ) ) ;
#2474 = VERTEX_POINT ( 'NONE', #3503 ) ;
#2475 = CARTESIAN_POINT ( 'NONE',  ( 0.0000000000000000000, 7.999999999999998224, -19.91428571428590644 ) ) ;
#2476 = ORIENTED_EDGE ( 'NONE', *, *, #2011, .T. ) ;
#2477 = ADVANCED_FACE ( 'NONE', ( #1108 ), #2463, .F. ) ;
#2478 = CARTESIAN_POINT ( 'NONE',  ( -55.38822981856113614, 10.84338366159672162, -33.66807040157658548 ) ) ;
#2479 = CC_DESIGN_PERSON_AND_ORGANIZATION_ASSIGNMENT ( #4330, #2955, ( #4488 ) ) ;
#2480 = LINE ( 'NONE', #3127, #167 ) ;
#2481 = ORIENTED_EDGE ( 'NONE', *, *, #32, .F. ) ;
#2482 = ADVANCED_FACE ( 'NONE', ( #349 ), #1085, .F. ) ;
#2483 = ORIENTED_EDGE ( 'NONE', *, *, #3828, .T. ) ;
#2484 = CARTESIAN_POINT ( 'NONE',  ( 1.530808498934183189E-16, 18.00000000000000000, -21.16428571428589933 ) ) ;
#2485 = CARTESIAN_POINT ( 'NONE',  ( 63.99999999999998579, -4.499999999999957367, -41.37500000000000000 ) ) ;
#2486 = FACE_OUTER_BOUND ( 'NONE', #3480, .T. ) ;
#2487 = DIRECTION ( 'NONE',  ( -0.0000000000000000000, 1.000000000000000000, -0.0000000000000000000 ) ) ;
#2488 = ORIENTED_EDGE ( 'NONE', *, *, #1833, .T. ) ;
#2489 = DIRECTION ( 'NONE',  ( -1.000000000000000000, -0.0000000000000000000, 6.546126324440781884E-17 ) ) ;
#2490 = ORIENTED_EDGE ( 'NONE', *, *, #1365, .F. ) ;
#2491 = VECTOR ( 'NONE', #277, 1000.000000000000000 ) ;
#2492 = CARTESIAN_POINT ( 'NONE',  ( 68.50000000000000000, -6.000000000000000000, 47.35000000000000853 ) ) ;
#2493 = ORIENTED_EDGE ( 'NONE', *, *, #2192, .T. ) ;
#2494 = ORIENTED_EDGE ( 'NONE', *, *, #1121, .T. ) ;
#2495 = LINE ( 'NONE', #736, #812 ) ;
#2496 = DIRECTION ( 'NONE',  ( -0.0000000000000000000, -1.000000000000000000, -0.0000000000000000000 ) ) ;
#2497 = ORIENTED_EDGE ( 'NONE', *, *, #214, .F. ) ;
#2498 = VECTOR ( 'NONE', #3634, 1000.000000000000000 ) ;
#2499 = ORIENTED_EDGE ( 'NONE', *, *, #1829, .T. ) ;
#2500 = ADVANCED_FACE ( 'NONE', ( #4202 ), #1762, .T. ) ;
#2501 = DIRECTION ( 'NONE',  ( -0.0000000000000000000, 1.000000000000000000, -0.0000000000000000000 ) ) ;
#2502 = VECTOR ( 'NONE', #2087, 1000.000000000000000 ) ;
#2503 = CARTESIAN_POINT ( 'NONE',  ( -52.37999999999999545, 9.000000000000000000, -29.87142857142879038 ) ) ;
#2504 = EDGE_CURVE ( 'NONE', #911, #4520, #2824, .T. ) ;
#2505 = DIRECTION ( 'NONE',  ( 0.0000000000000000000, 0.0000000000000000000, 1.000000000000000000 ) ) ;
#2506 = CARTESIAN_POINT ( 'NONE',  ( 63.99999999999998579, -4.499999999999957367, -31.35000000000000853 ) ) ;
#2507 = ORIENTED_EDGE ( 'NONE', *, *, #1896, .T. ) ;
#2508 = DIRECTION ( 'NONE',  ( 0.0000000000000000000, 0.0000000000000000000, 1.000000000000000000 ) ) ;
#2509 = VECTOR ( 'NONE', #234, 1000.000000000000000 ) ;
#2510 = ORIENTED_EDGE ( 'NONE', *, *, #1210, .F. ) ;
#2511 = EDGE_CURVE ( 'NONE', #1119, #942, #2527, .T. ) ;
#2512 = CYLINDRICAL_SURFACE ( 'NONE', #1543, 1.249999999999994227 ) ;
#2513 = EDGE_CURVE ( 'NONE', #1508, #648, #2480, .T. ) ;
#2514 = VECTOR ( 'NONE', #382, 1000.000000000000000 ) ;
#2515 = DIRECTION ( 'NONE',  ( -0.0000000000000000000, 1.000000000000000000, -0.0000000000000000000 ) ) ;
#2516 = ORIENTED_EDGE ( 'NONE', *, *, #1223, .F. ) ;
#2517 = DESIGN_CONTEXT ( 'detailed design', #4147, 'design' ) ;
#2518 = DIRECTION ( 'NONE',  ( 1.049727191138617093E-16, 0.5150380749100563760, -0.8571673007021110013 ) ) ;
#2519 = CIRCLE ( 'NONE', #2225, 3.000000000000002665 ) ;
#2520 = CIRCLE ( 'NONE', #523, 3.000000000000009770 ) ;
#2521 = VERTEX_POINT ( 'NONE', #394 ) ;
#2522 = ADVANCED_FACE ( 'NONE', ( #3867, #3208 ), #3890, .F. ) ;
#2523 = CARTESIAN_POINT ( 'NONE',  ( -55.94068347425602639, 12.30990049903336647, -32.51151894710750412 ) ) ;
#2524 = VECTOR ( 'NONE', #1675, 1000.000000000000000 ) ;
#2525 = EDGE_CURVE ( 'NONE', #3176, #340, #2006, .T. ) ;
#2526 = CIRCLE ( 'NONE', #2307, 1.249999999999987121 ) ;
#2527 = LINE ( 'NONE', #1369, #2942 ) ;
#2528 = VERTEX_POINT ( 'NONE', #4177 ) ;
#2529 = ORIENTED_EDGE ( 'NONE', *, *, #483, .T. ) ;
#2530 = CARTESIAN_POINT ( 'NONE',  ( 60.50000000000000000, 18.00000000000000000, 0.0000000000000000000 ) ) ;
#2531 = CARTESIAN_POINT ( 'NONE',  ( 0.0000000000000000000, 18.00000000000000000, -19.91428571428590644 ) ) ;
#2532 = LINE ( 'NONE', #1903, #2446 ) ;
#2533 = EDGE_CURVE ( 'NONE', #4150, #622, #151, .T. ) ;
#2534 = DIRECTION ( 'NONE',  ( 0.0000000000000000000, 0.0000000000000000000, -1.000000000000000000 ) ) ;
#2535 = EDGE_CURVE ( 'NONE', #942, #687, #3145, .T. ) ;
#2536 = ORIENTED_EDGE ( 'NONE', *, *, #1478, .T. ) ;
#2537 = DIRECTION ( 'NONE',  ( -1.000000000000000000, -0.0000000000000000000, -0.0000000000000000000 ) ) ;
#2538 = ORIENTED_EDGE ( 'NONE', *, *, #1688, .T. ) ;
#2539 = PLANE ( 'NONE',  #4338 ) ;
#2540 = LINE ( 'NONE', #3946, #231 ) ;
#2541 = CARTESIAN_POINT ( 'NONE',  ( 65.50000000000000000, 0.0000000000000000000, 44.35000000000000853 ) ) ;
#2542 = VERTEX_POINT ( 'NONE', #3524 ) ;
#2543 = EDGE_CURVE ( 'NONE', #1871, #4140, #3537, .T. ) ;
#2544 = CARTESIAN_POINT ( 'NONE',  ( -64.00000000000001421, -4.499999999999962697, -31.35000000000000853 ) ) ;
#2545 = ORIENTED_EDGE ( 'NONE', *, *, #399, .T. ) ;
#2546 = CARTESIAN_POINT ( 'NONE',  ( 0.0000000000000000000, 18.00000000000000000, -39.34999999999998010 ) ) ;
#2547 = CARTESIAN_POINT ( 'NONE',  ( -55.06223378291954873, 8.285160347242534584, -25.71366635096834585 ) ) ;
#2548 = ORIENTED_EDGE ( 'NONE', *, *, #2861, .T. ) ;
#2549 = EDGE_LOOP ( 'NONE', ( #572, #4522, #3901, #3758 ) ) ;
#2550 = FACE_OUTER_BOUND ( 'NONE', #3908, .T. ) ;
#2551 = DIRECTION ( 'NONE',  ( 0.0000000000000000000, 0.0000000000000000000, -1.000000000000000000 ) ) ;
#2552 = CARTESIAN_POINT ( 'NONE',  ( 63.99999999999998579, -2.000000000000000000, -41.37500000000000000 ) ) ;
#2553 = CARTESIAN_POINT ( 'NONE',  ( -26.00000000000000000, 18.00000000000000000, 1.978571428571319624 ) ) ;
#2554 = VERTEX_POINT ( 'NONE', #2176 ) ;
#2555 = CARTESIAN_POINT ( 'NONE',  ( -64.00000000000000000, 9.000000000000000000, -25.65502857142878668 ) ) ;
#2556 = ORIENTED_EDGE ( 'NONE', *, *, #3797, .T. ) ;
#2557 = B_SPLINE_CURVE_WITH_KNOTS ( 'NONE', 3,
 ( #325, #2790, #3498, #2771, #969, #2386, #2120, #27, #3818, #1421, #1713, #664 ),
 .UNSPECIFIED., .F., .F.,
 ( 4, 2, 2, 2, 2, 4 ),
 ( 0.02063646618928249854, 0.02216488022765654084, 0.02292908724684356719, 0.02369329426603059008, 0.02522170830440463238, 0.02675012234277867468 ),
 .UNSPECIFIED. ) ;
#2558 = DIRECTION ( 'NONE',  ( 0.0000000000000000000, 0.7071067811865474617, 0.7071067811865474617 ) ) ;
#2559 = FACE_OUTER_BOUND ( 'NONE', #3753, .T. ) ;
#2560 = LINE ( 'NONE', #826, #3169 ) ;
#2561 = EDGE_LOOP ( 'NONE', ( #3024, #4153, #63, #4163 ) ) ;
#2562 = CARTESIAN_POINT ( 'NONE',  ( 53.00000000000000000, 5.999999999999998224, -31.85000000000023945 ) ) ;
#2563 = EDGE_CURVE ( 'NONE', #377, #775, #2841, .T. ) ;
#2564 = EDGE_LOOP ( 'NONE', ( #1211, #3066, #1789, #3933 ) ) ;
#2565 = ADVANCED_FACE ( 'NONE', ( #315, #2271, #3275, #4360, #123, #3620, #1519, #3638, #438, #1131, #1875, #3226 ), #3252, .F. ) ;
#2566 = DIRECTION ( 'NONE',  ( -1.753511094850197651E-15, 0.0000000000000000000, 1.000000000000000000 ) ) ;
#2567 = CARTESIAN_POINT ( 'NONE',  ( -55.15040039227572777, 7.870156414042584814, -25.79941479008656557 ) ) ;
#2568 = EDGE_CURVE ( 'NONE', #1352, #3971, #4077, .T. ) ;
#2569 = ORIENTED_EDGE ( 'NONE', *, *, #4226, .T. ) ;
#2570 = LINE ( 'NONE', #2202, #4431 ) ;
#2571 = DIRECTION ( 'NONE',  ( -0.0000000000000000000, 1.000000000000000000, -0.0000000000000000000 ) ) ;
#2572 = DIRECTION ( 'NONE',  ( 0.0000000000000000000, 0.0000000000000000000, 1.000000000000000000 ) ) ;
#2573 = VECTOR ( 'NONE', #1801, 1000.000000000000000 ) ;
#2574 = DIRECTION ( 'NONE',  ( -0.7071067811865474617, 0.7071067811865474617, 0.0000000000000000000 ) ) ;
#2575 = VERTEX_POINT ( 'NONE', #1179 ) ;
#2576 = DIRECTION ( 'NONE',  ( -1.000000000000000000, -0.0000000000000000000, -0.0000000000000000000 ) ) ;
#2577 = CIRCLE ( 'NONE', #3745, 3.000000000000007105 ) ;
#2578 = ORIENTED_EDGE ( 'NONE', *, *, #1891, .F. ) ;
#2579 = CARTESIAN_POINT ( 'NONE',  ( 64.87867965644034030, -5.378679656440315426, -41.37500000000000000 ) ) ;
#2580 = DIRECTION ( 'NONE',  ( -0.0000000000000000000, -1.000000000000000000, -0.0000000000000000000 ) ) ;
#2581 = CARTESIAN_POINT ( 'NONE',  ( 65.50000000000002842, -6.000000000000000000, -41.37500000000000000 ) ) ;
#2582 = CARTESIAN_POINT ( 'NONE',  ( -55.76444589940803098, 6.197686873368050797, -33.03437316834243376 ) ) ;
#2583 = VECTOR ( 'NONE', #3558, 1000.000000000000000 ) ;
#2584 = VECTOR ( 'NONE', #256, 1000.000000000000000 ) ;
#2585 = ORIENTED_EDGE ( 'NONE', *, *, #1989, .F. ) ;
#2586 = CARTESIAN_POINT ( 'NONE',  ( 43.00000000000000000, 5.999999999999998224, 24.89285714285711393 ) ) ;
#2587 = VERTEX_POINT ( 'NONE', #2198 ) ;
#2588 = VECTOR ( 'NONE', #3947, 1000.000000000000000 ) ;
#2589 = CARTESIAN_POINT ( 'NONE',  ( 65.50000000000000000, -6.000000000000000000, 44.35000000000000853 ) ) ;
#2590 = ADVANCED_FACE ( 'NONE', ( #3661 ), #4010, .F. ) ;
#2591 = AXIS2_PLACEMENT_3D ( 'NONE', #3784, #4510, #1351 ) ;
#2592 = AXIS2_PLACEMENT_3D ( 'NONE', #463, #2227, #2593 ) ;
#2593 = DIRECTION ( 'NONE',  ( 0.0000000000000000000, 0.0000000000000000000, -1.000000000000000000 ) ) ;
#2594 = VECTOR ( 'NONE', #1214, 1000.000000000000000 ) ;
#2595 = VECTOR ( 'NONE', #4315, 1000.000000000000000 ) ;
#2596 = ORIENTED_EDGE ( 'NONE', *, *, #2684, .T. ) ;
#2597 = CARTESIAN_POINT ( 'NONE',  ( 63.99999999999998579, -2.000000000000000000, -41.37500000000000000 ) ) ;
#2598 = CARTESIAN_POINT ( 'NONE',  ( -56.00000000000000000, 12.71187674364330711, -11.93571428571446269 ) ) ;
#2599 = DIRECTION ( 'NONE',  ( -0.0000000000000000000, -1.000000000000000000, -0.0000000000000000000 ) ) ;
#2600 = LINE ( 'NONE', #3643, #3608 ) ;
#2601 = ADVANCED_FACE ( 'NONE', ( #3986 ), #3110, .F. ) ;
#2602 = EDGE_LOOP ( 'NONE', ( #1956, #3969, #1754, #1900, #579 ) ) ;
#2603 = DIRECTION ( 'NONE',  ( -0.7071067811865475727, -0.7071067811865475727, -0.0000000000000000000 ) ) ;
#2604 = VERTEX_POINT ( 'NONE', #2890 ) ;
#2605 = CARTESIAN_POINT ( 'NONE',  ( 42.99999999999999289, 18.00000000000000000, -21.89285714285733775 ) ) ;
#2606 = FACE_OUTER_BOUND ( 'NONE', #2825, .T. ) ;
#2607 = DIRECTION ( 'NONE',  ( -0.0000000000000000000, 1.000000000000000000, -0.0000000000000000000 ) ) ;
#2608 = LINE ( 'NONE', #1587, #2588 ) ;
#2609 = ORIENTED_EDGE ( 'NONE', *, *, #3592, .T. ) ;
#2610 = DIRECTION ( 'NONE',  ( 1.000000000000000000, 0.0000000000000000000, 0.0000000000000000000 ) ) ;
#2611 = ORIENTED_EDGE ( 'NONE', *, *, #1554, .F. ) ;
#2612 = DATE_AND_TIME ( #901, #2433 ) ;
#2613 = FACE_OUTER_BOUND ( 'NONE', #1451, .T. ) ;
#2614 = CYLINDRICAL_SURFACE ( 'NONE', #1782, 3.000000000000002665 ) ;
#2615 = EDGE_CURVE ( 'NONE', #2878, #1808, #1897, .T. ) ;
#2616 = VERTEX_POINT ( 'NONE', #3325 ) ;
#2617 = LINE ( 'NONE', #4013, #1787 ) ;
#2618 = DIRECTION ( 'NONE',  ( -0.0000000000000000000, -1.000000000000000000, 0.0000000000000000000 ) ) ;
#2619 = EDGE_LOOP ( 'NONE', ( #1814, #1147 ) ) ;
#2620 = ADVANCED_FACE ( 'NONE', ( #834 ), #2250, .F. ) ;
#2621 = CARTESIAN_POINT ( 'NONE',  ( -60.50000000000000000, 7.999999999999998224, 40.60000000000000853 ) ) ;
#2622 = ORIENTED_EDGE ( 'NONE', *, *, #4242, .T. ) ;
#2623 = DIRECTION ( 'NONE',  ( -1.000000000000000000, 0.0000000000000000000, 0.0000000000000000000 ) ) ;
#2624 = EDGE_LOOP ( 'NONE', ( #4179, #782, #473, #3070 ) ) ;
#2625 = CARTESIAN_POINT ( 'NONE',  ( -64.00000000000000000, 18.00000000000000000, -39.84999999999998010 ) ) ;
#2626 = DIRECTION ( 'NONE',  ( -6.546126324440781884E-17, 0.0000000000000000000, -1.000000000000000000 ) ) ;
#2627 = DIRECTION ( 'NONE',  ( -0.0000000000000000000, 1.000000000000000000, -0.0000000000000000000 ) ) ;
#2628 = DIRECTION ( 'NONE',  ( 0.0000000000000000000, 0.5150380749100544886, 0.8571673007021121116 ) ) ;
#2629 = ORIENTED_EDGE ( 'NONE', *, *, #1536, .F. ) ;
#2630 = DIRECTION ( 'NONE',  ( 0.0000000000000000000, 1.000000000000000000, 0.0000000000000000000 ) ) ;
#2631 = VERTEX_POINT ( 'NONE', #4293 ) ;
#2632 = DATE_AND_TIME ( #2980, #1625 ) ;
#2633 = PLANE ( 'NONE',  #1616 ) ;
#2634 = CARTESIAN_POINT ( 'NONE',  ( -46.00000000000000711, 5.999999999999998224, 21.89285714285710327 ) ) ;
#2635 = CONICAL_SURFACE ( 'NONE', #710, 4.216400000000012582, 1.029744258676656310 ) ;
#2636 = VERTEX_POINT ( 'NONE', #3297 ) ;
#2637 = DIRECTION ( 'NONE',  ( 0.0000000000000000000, 0.0000000000000000000, 1.000000000000000000 ) ) ;
#2638 = CARTESIAN_POINT ( 'NONE',  ( -65.50000000000000000, -6.000000000000000000, 44.35000000000000853 ) ) ;
#2639 = DIRECTION ( 'NONE',  ( 0.0000000000000000000, -1.000000000000000000, 0.0000000000000000000 ) ) ;
#2640 = ADVANCED_FACE ( 'NONE', ( #1202 ), #2614, .T. ) ;
#2641 = ORIENTED_EDGE ( 'NONE', *, *, #675, .T. ) ;
#2642 = CARTESIAN_POINT ( 'NONE',  ( -64.00000000000001421, -2.000000000000000000, -41.37500000000000000 ) ) ;
#2643 = ADVANCED_FACE ( 'NONE', ( #1826 ), #3588, .T. ) ;
#2644 = EDGE_LOOP ( 'NONE', ( #308, #2103, #1978, #1232 ) ) ;
#2645 = PLANE ( 'NONE',  #3470 ) ;
#2646 = CARTESIAN_POINT ( 'NONE',  ( -60.50000000000000000, 7.999999999999998224, 39.35000000000000853 ) ) ;
#2647 = CARTESIAN_POINT ( 'NONE',  ( -55.46327395118780856, 11.00072743031454792, -13.65179051961521317 ) ) ;
#2648 = CARTESIAN_POINT ( 'NONE',  ( -60.50000000000000000, 7.999999999999998224, 38.10000000000000853 ) ) ;
#2649 = VECTOR ( 'NONE', #4538, 1000.000000000000000 ) ;
#2650 = ORIENTED_EDGE ( 'NONE', *, *, #2039, .T. ) ;
#2651 = DIRECTION ( 'NONE',  ( -0.0000000000000000000, -1.000000000000000000, -0.0000000000000000000 ) ) ;
#2652 = ADVANCED_FACE ( 'NONE', ( #3569 ), #807, .F. ) ;
#2653 = ORIENTED_EDGE ( 'NONE', *, *, #3374, .F. ) ;
#2654 = COORDINATED_UNIVERSAL_TIME_OFFSET ( 8, 0, .BEHIND. ) ;
#2655 = AXIS2_PLACEMENT_3D ( 'NONE', #1258, #544, #2992 ) ;
#2656 = VECTOR ( 'NONE', #531, 1000.000000000000000 ) ;
#2657 = CARTESIAN_POINT ( 'NONE',  ( -56.00000000000000711, 5.999999999999998224, -6.972940423267302457 ) ) ;
#2658 = AXIS2_PLACEMENT_3D ( 'NONE', #3511, #322, #660 ) ;
#2659 = EDGE_CURVE ( 'NONE', #1309, #2349, #1294, .T. ) ;
#2660 = VECTOR ( 'NONE', #168, 1000.000000000000000 ) ;
#2661 = APPROVAL_PERSON_ORGANIZATION ( #1948, #751, #4398 ) ;
#2662 = DIRECTION ( 'NONE',  ( -0.0000000000000000000, 1.000000000000000000, -0.0000000000000000000 ) ) ;
#2663 = VECTOR ( 'NONE', #129, 1000.000000000000000 ) ;
#2664 = EDGE_CURVE ( 'NONE', #2424, #265, #1367, .T. ) ;
#2665 = VERTEX_POINT ( 'NONE', #2731 ) ;
#2666 = ORIENTED_EDGE ( 'NONE', *, *, #2856, .T. ) ;
#2667 = CARTESIAN_POINT ( 'NONE',  ( 60.50000000000000000, 18.00000000000000000, -39.34999999999998010 ) ) ;
#2668 = CARTESIAN_POINT ( 'NONE',  ( 64.87867965644034030, -5.378679656440315426, 41.37500000000000000 ) ) ;
#2669 = FACE_OUTER_BOUND ( 'NONE', #677, .T. ) ;
#2670 = CIRCLE ( 'NONE', #1193, 3.000000000000012879 ) ;
#2671 = ORIENTED_EDGE ( 'NONE', *, *, #3374, .T. ) ;
#2672 = DIRECTION ( 'NONE',  ( -1.000000000000000000, 0.0000000000000000000, 0.0000000000000000000 ) ) ;
#2673 = VERTEX_POINT ( 'NONE', #4103 ) ;
#2674 = DIRECTION ( 'NONE',  ( 0.7071067811865475727, -0.7071067811865475727, 0.0000000000000000000 ) ) ;
#2675 = CARTESIAN_POINT ( 'NONE',  ( -62.50000000000001421, -2.000000000000000000, -42.87500000000000000 ) ) ;
#2676 = ADVANCED_FACE ( 'NONE', ( #2706 ), #577, .F. ) ;
#2677 = DIRECTION ( 'NONE',  ( 0.0000000000000000000, 1.000000000000000000, 0.0000000000000000000 ) ) ;
#2678 = CARTESIAN_POINT ( 'NONE',  ( -64.00000000000001421, -2.000000000000000000, -44.37500000000000711 ) ) ;
#2679 = ADVANCED_FACE ( 'NONE', ( #4455 ), #947, .F. ) ;
#2680 = ORIENTED_EDGE ( 'NONE', *, *, #1541, .F. ) ;
#2681 = CARTESIAN_POINT ( 'NONE',  ( 63.99999999999998579, -6.000000000000000000, 42.87500000000000000 ) ) ;
#2682 = VERTEX_POINT ( 'NONE', #2967 ) ;
#2683 = LINE ( 'NONE', #1990, #734 ) ;
#2684 = EDGE_CURVE ( 'NONE', #1129, #229, #2361, .T. ) ;
#2685 = DIRECTION ( 'NONE',  ( 1.000000000000000000, 0.0000000000000000000, 0.0000000000000000000 ) ) ;
#2686 = DIRECTION ( 'NONE',  ( -1.000000000000000000, -0.0000000000000000000, -0.0000000000000000000 ) ) ;
#2687 = ORIENTED_EDGE ( 'NONE', *, *, #4170, .T. ) ;
#2688 = VERTEX_POINT ( 'NONE', #3755 ) ;
#2689 = CARTESIAN_POINT ( 'NONE',  ( 56.00000000000000000, 18.00000000000000000, -7.978571428571572532 ) ) ;
#2690 = LINE ( 'NONE', #3037, #2748 ) ;
#2691 = PLANE ( 'NONE',  #1406 ) ;
#2692 = VERTEX_POINT ( 'NONE', #3420 ) ;
#2693 = DIRECTION ( 'NONE',  ( 0.0000000000000000000, 0.0000000000000000000, -1.000000000000000000 ) ) ;
#2694 = EDGE_LOOP ( 'NONE', ( #3785, #3227, #1032, #564 ) ) ;
#2695 = CARTESIAN_POINT ( 'NONE',  ( 60.50000000000000000, 18.00000000000000000, -38.09999999999998721 ) ) ;
#2696 = FACE_OUTER_BOUND ( 'NONE', #4106, .T. ) ;
#2697 = CARTESIAN_POINT ( 'NONE',  ( -68.50000000000000000, -6.000000000000000000, -47.34999999999998010 ) ) ;
#2698 = CARTESIAN_POINT ( 'NONE',  ( -52.18057914255591356, 5.999999999999996447, -32.36187829834778995 ) ) ;
#2699 = ORIENTED_EDGE ( 'NONE', *, *, #1598, .F. ) ;
#2700 = FACE_OUTER_BOUND ( 'NONE', #2406, .T. ) ;
#2701 = ORIENTED_EDGE ( 'NONE', *, *, #3350, .F. ) ;
#2702 = CARTESIAN_POINT ( 'NONE',  ( 53.00000000000000000, 5.999999999999998224, -34.85000000000024301 ) ) ;
#2703 = ADVANCED_FACE ( 'NONE', ( #3124 ), #2431, .F. ) ;
#2704 = EDGE_CURVE ( 'NONE', #3673, #2820, #953, .T. ) ;
#2705 = CARTESIAN_POINT ( 'NONE',  ( -32.99999999999999289, 5.999999999999998224, -14.93571428571446091 ) ) ;
#2706 = FACE_OUTER_BOUND ( 'NONE', #3803, .T. ) ;
#2707 = ORIENTED_EDGE ( 'NONE', *, *, #3987, .F. ) ;
#2708 = ADVANCED_FACE ( 'NONE', ( #977 ), #608, .F. ) ;
#2709 = LINE ( 'NONE', #4508, #3846 ) ;
#2710 = ORIENTED_EDGE ( 'NONE', *, *, #3204, .F. ) ;
#2711 = DIRECTION ( 'NONE',  ( -0.0000000000000000000, 1.000000000000000000, -0.0000000000000000000 ) ) ;
#2712 = DIRECTION ( 'NONE',  ( 0.0000000000000000000, 0.0000000000000000000, 1.000000000000000000 ) ) ;
#2713 = EDGE_LOOP ( 'NONE', ( #1468, #3657, #4469, #55 ) ) ;
#2714 = CARTESIAN_POINT ( 'NONE',  ( -60.50000000000000000, 18.00000000000000000, 40.59999999999999432 ) ) ;
#2715 = EDGE_CURVE ( 'NONE', #1051, #4402, #3900, .T. ) ;
#2716 = ORIENTED_EDGE ( 'NONE', *, *, #1884, .F. ) ;
#2717 = DIRECTION ( 'NONE',  ( -1.000000000000000000, -0.0000000000000000000, -0.0000000000000000000 ) ) ;
#2718 = CARTESIAN_POINT ( 'NONE',  ( -56.00000000000000711, 5.999999999999998224, -11.93571428571446269 ) ) ;
#2719 = CARTESIAN_POINT ( 'NONE',  ( 52.50000000000000711, 103.0953168557000907, -47.34999999999998010 ) ) ;
#2720 = CARTESIAN_POINT ( 'NONE',  ( -51.74389363371756190, 5.999999999999998224, -30.88732343208626929 ) ) ;
#2721 = EDGE_CURVE ( 'NONE', #3572, #3268, #4426, .T. ) ;
#2722 = ORIENTED_EDGE ( 'NONE', *, *, #3879, .T. ) ;
#2723 = DIRECTION ( 'NONE',  ( 0.0000000000000000000, 0.0000000000000000000, -1.000000000000000000 ) ) ;
#2724 = ORIENTED_EDGE ( 'NONE', *, *, #119, .F. ) ;
#2725 = CARTESIAN_POINT ( 'NONE',  ( -62.50000000000001421, -4.499999999999957367, 42.87500000000000000 ) ) ;
#2726 = ORIENTED_EDGE ( 'NONE', *, *, #2715, .F. ) ;
#2727 = VECTOR ( 'NONE', #2489, 1000.000000000000000 ) ;
#2728 = VECTOR ( 'NONE', #4223, 1000.000000000000000 ) ;
#2729 = CARTESIAN_POINT ( 'NONE',  ( -22.99999999999999289, 5.999999999999998224, 4.978571428571328283 ) ) ;
#2730 = ADVANCED_FACE ( 'NONE', ( #4366 ), #2777, .F. ) ;
#2731 = CARTESIAN_POINT ( 'NONE',  ( -68.49999999999998579, -2.000000000000001776, 31.35000000000000853 ) ) ;
#2732 = VECTOR ( 'NONE', #606, 1000.000000000000000 ) ;
#2733 = CIRCLE ( 'NONE', #3892, 3.000000000000009770 ) ;
#2734 = CONICAL_SURFACE ( 'NONE', #3528, 1.250000000000001110, 1.029744258676651869 ) ;
#2735 = ORIENTED_EDGE ( 'NONE', *, *, #680, .F. ) ;
#2736 = DIRECTION ( 'NONE',  ( 0.0000000000000000000, 0.0000000000000000000, 1.000000000000000000 ) ) ;
#2737 = AXIS2_PLACEMENT_3D ( 'NONE', #1607, #4393, #2013 ) ;
#2738 = DIRECTION ( 'NONE',  ( 0.0000000000000000000, 0.0000000000000000000, -1.000000000000000000 ) ) ;
#2739 = FACE_OUTER_BOUND ( 'NONE', #43, .T. ) ;
#2740 = ADVANCED_FACE ( 'NONE', ( #926 ), #4476, .F. ) ;
#2741 = AXIS2_PLACEMENT_3D ( 'NONE', #1880, #1186, #858 ) ;
#2742 = ORIENTED_EDGE ( 'NONE', *, *, #3188, .T. ) ;
#2743 = AXIS2_PLACEMENT_3D ( 'NONE', #996, #3075, #3801 ) ;
#2744 = ORIENTED_EDGE ( 'NONE', *, *, #2983, .F. ) ;
#2745 = LINE ( 'NONE', #3112, #1722 ) ;
#2746 = DIRECTION ( 'NONE',  ( -0.0000000000000000000, 1.000000000000000000, -0.0000000000000000000 ) ) ;
#2747 = CARTESIAN_POINT ( 'NONE',  ( 0.0000000000000000000, 7.999999999999998224, -39.34999999999998010 ) ) ;
#2748 = VECTOR ( 'NONE', #1653, 1000.000000000000000 ) ;
#2749 = CARTESIAN_POINT ( 'NONE',  ( -51.66871514709713864, 5.999999999999998224, -30.37888918151564610 ) ) ;
#2750 = ORIENTED_EDGE ( 'NONE', *, *, #2341, .T. ) ;
#2751 = CARTESIAN_POINT ( 'NONE',  ( -22.99999999999999289, 18.00000000000000000, 4.978571428571328283 ) ) ;
#2752 = VERTEX_POINT ( 'NONE', #1692 ) ;
#2753 = CARTESIAN_POINT ( 'NONE',  ( -64.00000000000000000, 0.0000000000000000000, 42.85000000000001563 ) ) ;
#2754 = ORIENTED_EDGE ( 'NONE', *, *, #145, .T. ) ;
#2755 = DIRECTION ( 'NONE',  ( -0.0000000000000000000, 1.000000000000000000, -0.0000000000000000000 ) ) ;
#2756 = LINE ( 'NONE', #1648, #4351 ) ;
#2757 = ORIENTED_EDGE ( 'NONE', *, *, #651, .T. ) ;
#2758 = EDGE_CURVE ( 'NONE', #2842, #1398, #3054, .T. ) ;
#2759 = PLANE ( 'NONE',  #457 ) ;
#2760 = LINE ( 'NONE', #4159, #4207 ) ;
#2761 = DIRECTION ( 'NONE',  ( 1.000000000000000000, 0.0000000000000000000, 2.906777817316002997E-16 ) ) ;
#2762 = ORIENTED_EDGE ( 'NONE', *, *, #538, .T. ) ;
#2763 = ORIENTED_EDGE ( 'NONE', *, *, #3851, .T. ) ;
#2764 = LINE ( 'NONE', #2695, #1715 ) ;
#2765 = CARTESIAN_POINT ( 'NONE',  ( 65.50000000000002842, -6.000000000000000000, -31.35000000000000853 ) ) ;
#2766 = EDGE_CURVE ( 'NONE', #3913, #830, #2756, .T. ) ;
#2767 = CARTESIAN_POINT ( 'NONE',  ( 46.00000000000000000, 5.999999999999998224, 17.93571428571422999 ) ) ;
#2768 = DIRECTION ( 'NONE',  ( -0.0000000000000000000, -1.000000000000000000, -0.0000000000000000000 ) ) ;
#2769 = ORIENTED_EDGE ( 'NONE', *, *, #4193, .F. ) ;
#2770 = EDGE_LOOP ( 'NONE', ( #3067, #3810, #3847, #1651 ) ) ;
#2771 = CARTESIAN_POINT ( 'NONE',  ( -51.79851906549846063, 5.999999999999997335, -11.20155241361412024 ) ) ;
#2772 = VERTEX_POINT ( 'NONE', #3463 ) ;
#2773 = EDGE_CURVE ( 'NONE', #3725, #4026, #310, .T. ) ;
#2774 = DIRECTION ( 'NONE',  ( 0.0000000000000000000, 0.0000000000000000000, 1.000000000000000000 ) ) ;
#2775 = ORIENTED_EDGE ( 'NONE', *, *, #1977, .F. ) ;
#2776 = CARTESIAN_POINT ( 'NONE',  ( -60.50000000000000000, 7.999999999999998224, 0.0000000000000000000 ) ) ;
#2777 = PLANE ( 'NONE',  #2451 ) ;
#2778 = VERTEX_POINT ( 'NONE', #392 ) ;
#2779 = CARTESIAN_POINT ( 'NONE',  ( -53.00000000000000000, 5.999999999999998224, -14.93571428571446091 ) ) ;
#2780 = CARTESIAN_POINT ( 'NONE',  ( 65.49999999999998579, -6.000000000000000000, -42.87500000000000000 ) ) ;
#2781 = ORIENTED_EDGE ( 'NONE', *, *, #1757, .T. ) ;
#2782 = CIRCLE ( 'NONE', #3365, 4.216400000000005477 ) ;
#2783 = ORIENTED_EDGE ( 'NONE', *, *, #3819, .F. ) ;
#2784 = CARTESIAN_POINT ( 'NONE',  ( -68.50000000000000000, -6.000000000000000000, -44.34999999999998010 ) ) ;
#2785 = DIRECTION ( 'NONE',  ( -1.000000000000000000, 0.0000000000000000000, 1.584739227646016213E-16 ) ) ;
#2786 = CARTESIAN_POINT ( 'NONE',  ( -55.83396287363704857, 5.999999999999998224, -32.83420243387595150 ) ) ;
#2787 = ADVANCED_FACE ( 'NONE', ( #2461 ), #2196, .F. ) ;
#2788 = CARTESIAN_POINT ( 'NONE',  ( 0.0000000000000000000, 18.00000000000000000, -19.91428571428590644 ) ) ;
#2789 = ORIENTED_EDGE ( 'NONE', *, *, #2044, .F. ) ;
#2790 = CARTESIAN_POINT ( 'NONE',  ( -52.18057914255592777, 5.999999999999999112, -12.42616401263346226 ) ) ;
#2791 = ORIENTED_EDGE ( 'NONE', *, *, #534, .F. ) ;
#2792 = FACE_OUTER_BOUND ( 'NONE', #1763, .T. ) ;
#2793 = ADVANCED_FACE ( 'NONE', ( #694 ), #4221, .F. ) ;
#2794 = ORIENTED_EDGE ( 'NONE', *, *, #1950, .F. ) ;
#2795 = VECTOR ( 'NONE', #3050, 1000.000000000000000 ) ;
#2796 = DIRECTION ( 'NONE',  ( -0.0000000000000000000, 1.000000000000000000, -0.0000000000000000000 ) ) ;
#2797 = ADVANCED_FACE ( 'NONE', ( #1742 ), #330, .F. ) ;
#2798 = LINE ( 'NONE', #2094, #2889 ) ;
#2799 = ORIENTED_EDGE ( 'NONE', *, *, #4289, .T. ) ;
#2800 = CARTESIAN_POINT ( 'NONE',  ( -56.00000000000000000, 5.999999999999998224, -31.85000000000023945 ) ) ;
#2801 = EDGE_CURVE ( 'NONE', #3959, #2191, #1385, .T. ) ;
#2802 = AXIS2_PLACEMENT_3D ( 'NONE', #4088, #1938, #3013 ) ;
#2803 = CIRCLE ( 'NONE', #1326, 3.000000000000002665 ) ;
#2804 = AXIS2_PLACEMENT_3D ( 'NONE', #1284, #2309, #937 ) ;
#2805 = ORIENTED_EDGE ( 'NONE', *, *, #2379, .F. ) ;
#2806 = AXIS2_PLACEMENT_3D ( 'NONE', #1218, #2331, #1307 ) ;
#2807 = LINE ( 'NONE', #4209, #823 ) ;
#2808 = VECTOR ( 'NONE', #2916, 1000.000000000000000 ) ;
#2809 = DIRECTION ( 'NONE',  ( 1.000000000000000000, 0.0000000000000000000, -0.0000000000000000000 ) ) ;
#2810 = DIRECTION ( 'NONE',  ( 0.0000000000000000000, 0.0000000000000000000, 1.000000000000000000 ) ) ;
#2811 = PLANE ( 'NONE',  #14 ) ;
#2812 = AXIS2_PLACEMENT_3D ( 'NONE', #1471, #4290, #4198 ) ;
#2813 = ORIENTED_EDGE ( 'NONE', *, *, #264, .T. ) ;
#2814 = DIRECTION ( 'NONE',  ( -0.0000000000000000000, -1.000000000000000000, -0.0000000000000000000 ) ) ;
#2815 = EDGE_CURVE ( 'NONE', #2542, #3551, #3809, .T. ) ;
#2816 = ORIENTED_EDGE ( 'NONE', *, *, #4267, .F. ) ;
#2817 = CIRCLE ( 'NONE', #171, 3.000000000000009770 ) ;
#2818 = DIRECTION ( 'NONE',  ( -1.000000000000000000, -0.0000000000000000000, -0.0000000000000000000 ) ) ;
#2819 = AXIS2_PLACEMENT_3D ( 'NONE', #2445, #3493, #335 ) ;
#2820 = VERTEX_POINT ( 'NONE', #3205 ) ;
#2821 = EDGE_CURVE ( 'NONE', #3421, #2631, #4131, .T. ) ;
#2822 = CARTESIAN_POINT ( 'NONE',  ( 60.50000000000000000, 18.00000000000000000, 0.0000000000000000000 ) ) ;
#2823 = VERTEX_POINT ( 'NONE', #4239 ) ;
#2824 = LINE ( 'NONE', #2779, #2728 ) ;
#2825 = EDGE_LOOP ( 'NONE', ( #1318, #430, #799, #3305 ) ) ;
#2826 = ORIENTED_EDGE ( 'NONE', *, *, #538, .F. ) ;
#2827 = LINE ( 'NONE', #1791, #1268 ) ;
#2828 = CARTESIAN_POINT ( 'NONE',  ( -55.63688190451635762, 11.48383721330365503, -26.44437776928277728 ) ) ;
#2829 = DIRECTION ( 'NONE',  ( -0.0000000000000000000, -1.000000000000000000, -0.0000000000000000000 ) ) ;
#2830 = CARTESIAN_POINT ( 'NONE',  ( 0.0000000000000000000, 18.00000000000000000, 39.35000000000000853 ) ) ;
#2831 = ORIENTED_EDGE ( 'NONE', *, *, #778, .F. ) ;
#2832 = CARTESIAN_POINT ( 'NONE',  ( -53.00000000000000000, 18.00000000000000000, -34.85000000000024301 ) ) ;
#2833 = ORIENTED_EDGE ( 'NONE', *, *, #176, .T. ) ;
#2834 = CARTESIAN_POINT ( 'NONE',  ( 52.50000000000000711, -2.000000000000001776, 47.35000000000002984 ) ) ;
#2835 = VERTEX_POINT ( 'NONE', #3185 ) ;
#2836 = ORIENTED_EDGE ( 'NONE', *, *, #4003, .T. ) ;
#2837 = CARTESIAN_POINT ( 'NONE',  ( -64.00000000000001421, -6.000000000000000000, 44.37500000000000711 ) ) ;
#2838 = EDGE_CURVE ( 'NONE', #2238, #2587, #692, .T. ) ;
#2839 = PRODUCT ( 'CHILLED-POSITION-BODY_v001', 'CHILLED-POSITION-BODY_v001', '', ( #3965 ) ) ;
#2840 = EDGE_CURVE ( 'NONE', #409, #983, #2495, .T. ) ;
#2841 = LINE ( 'NONE', #52, #1338 ) ;
#2842 = VERTEX_POINT ( 'NONE', #3548 ) ;
#2843 = EDGE_CURVE ( 'NONE', #4224, #2437, #2150, .T. ) ;
#2844 = ORIENTED_EDGE ( 'NONE', *, *, #693, .F. ) ;
#2845 = EDGE_CURVE ( 'NONE', #3083, #449, #1445, .T. ) ;
#2846 = CARTESIAN_POINT ( 'NONE',  ( -68.49999999999998579, -2.000000000000001776, 31.35000000000000853 ) ) ;
#2847 = CARTESIAN_POINT ( 'NONE',  ( -52.99999999999999289, 18.00000000000000000, 34.85000000000000853 ) ) ;
#2848 = CARTESIAN_POINT ( 'NONE',  ( 52.50000000000000711, -2.000000000000001776, -47.34999999999998010 ) ) ;
#2849 = CARTESIAN_POINT ( 'NONE',  ( 65.50000000000000000, -6.000000000000000000, -47.34999999999998010 ) ) ;
#2850 = EDGE_CURVE ( 'NONE', #2429, #1808, #2520, .T. ) ;
#2851 = ORIENTED_EDGE ( 'NONE', *, *, #3078, .F. ) ;
#2852 = CARTESIAN_POINT ( 'NONE',  ( 62.49999999999998579, -4.499999999999957367, 42.87500000000000000 ) ) ;
#2853 = ORIENTED_EDGE ( 'NONE', *, *, #1478, .F. ) ;
#2854 = CARTESIAN_POINT ( 'NONE',  ( 56.00000000000000000, 5.999999999999998224, -31.85000000000023945 ) ) ;
#2855 = CARTESIAN_POINT ( 'NONE',  ( 0.0000000000000000000, 18.00000000000000000, -38.09999999999999432 ) ) ;
#2856 = EDGE_CURVE ( 'NONE', #2778, #918, #3568, .T. ) ;
#2857 = ORIENTED_EDGE ( 'NONE', *, *, #668, .F. ) ;
#2858 = CARTESIAN_POINT ( 'NONE',  ( -32.99999999999999289, 18.00000000000000000, 11.93571428571421222 ) ) ;
#2859 = ORIENTED_EDGE ( 'NONE', *, *, #3331, .F. ) ;
#2860 = VECTOR ( 'NONE', #2022, 1000.000000000000000 ) ;
#2861 = EDGE_CURVE ( 'NONE', #3184, #20, #1716, .T. ) ;
#2862 = DIRECTION ( 'NONE',  ( -0.0000000000000000000, 1.000000000000000000, -0.0000000000000000000 ) ) ;
#2863 = ORIENTED_EDGE ( 'NONE', *, *, #3188, .F. ) ;
#2864 = CIRCLE ( 'NONE', #1095, 3.000000000000012879 ) ;
#2865 = EDGE_LOOP ( 'NONE', ( #2245, #3376, #1756, #1387 ) ) ;
#2866 = DIRECTION ( 'NONE',  ( -0.0000000000000000000, -1.000000000000000000, -0.0000000000000000000 ) ) ;
#2867 = VECTOR ( 'NONE', #3902, 1000.000000000000000 ) ;
#2868 = AXIS2_PLACEMENT_3D ( 'NONE', #1923, #174, #4378 ) ;
#2869 = DIRECTION ( 'NONE',  ( -1.645691562448349174E-15, 0.0000000000000000000, 1.000000000000000000 ) ) ;
#2871 = AXIS2_PLACEMENT_3D ( 'NONE', #3064, #1635, #4465 ) ;
#2870 = CARTESIAN_POINT ( 'NONE',  ( 0.0000000000000000000, 0.0000000000000000000, 0.0000000000000000000 ) ) ;
#2872 = EDGE_CURVE ( 'NONE', #1805, #731, #4312, .T. ) ;
#2873 = CARTESIAN_POINT ( 'NONE',  ( -64.00000000000000000, 9.000000000000000000, -9.935714285714460914 ) ) ;
#2874 = AXIS2_PLACEMENT_3D ( 'NONE', #661, #2162, #1396 ) ;
#2875 = ORIENTED_EDGE ( 'NONE', *, *, #2313, .F. ) ;
#2876 = CARTESIAN_POINT ( 'NONE',  ( -64.00000000000000000, 18.00000000000000000, 39.85000000000000853 ) ) ;
#2877 = VECTOR ( 'NONE', #3409, 1000.000000000000000 ) ;
#2878 = VERTEX_POINT ( 'NONE', #2224 ) ;
#2879 = FACE_OUTER_BOUND ( 'NONE', #1490, .T. ) ;
#2880 = DIRECTION ( 'NONE',  ( 0.0000000000000000000, 0.0000000000000000000, 1.000000000000000000 ) ) ;
#2881 = AXIS2_PLACEMENT_3D ( 'NONE', #1557, #4367, #2534 ) ;
#2882 = CYLINDRICAL_SURFACE ( 'NONE', #76, 1.249999999999994227 ) ;
#2883 = ORIENTED_EDGE ( 'NONE', *, *, #3461, .F. ) ;
#2884 = DIRECTION ( 'NONE',  ( 0.0000000000000000000, -1.000000000000000000, 0.0000000000000000000 ) ) ;
#2885 = CIRCLE ( 'NONE', #973, 3.000000000000009770 ) ;
#2886 = ORIENTED_EDGE ( 'NONE', *, *, #2466, .T. ) ;
#2887 = DIRECTION ( 'NONE',  ( -0.0000000000000000000, 1.000000000000000000, -0.0000000000000000000 ) ) ;
#2888 = AXIS2_PLACEMENT_3D ( 'NONE', #2530, #3915, #3573 ) ;
#2889 = VECTOR ( 'NONE', #1386, 1000.000000000000000 ) ;
#2890 = CARTESIAN_POINT ( 'NONE',  ( -56.00000000000000000, 18.00000000000000000, -11.93571428571446269 ) ) ;
#2891 = ORIENTED_EDGE ( 'NONE', *, *, #725, .F. ) ;
#2892 = ADVANCED_FACE ( 'NONE', ( #1518 ), #3003, .T. ) ;
#2893 = ORIENTED_EDGE ( 'NONE', *, *, #3798, .F. ) ;
#2894 = LINE ( 'NONE', #3664, #2595 ) ;
#2895 = DIRECTION ( 'NONE',  ( -0.0000000000000000000, 1.000000000000000000, -0.0000000000000000000 ) ) ;
#2896 = ADVANCED_FACE ( 'NONE', ( #832 ), #3346, .F. ) ;
#2897 = CARTESIAN_POINT ( 'NONE',  ( 68.50000000000000000, -6.000000000000000000, -47.34999999999998010 ) ) ;
#2898 = CARTESIAN_POINT ( 'NONE',  ( 46.00000000000000000, 5.999999999999998224, -21.89285714285733775 ) ) ;
#2899 = EDGE_LOOP ( 'NONE', ( #1549, #3882, #1600 ) ) ;
#2900 = FACE_OUTER_BOUND ( 'NONE', #695, .T. ) ;
#2901 = EDGE_CURVE ( 'NONE', #1025, #3706, #1842, .T. ) ;
#2902 = ORIENTED_EDGE ( 'NONE', *, *, #2704, .F. ) ;
#2903 = DIRECTION ( 'NONE',  ( 0.0000000000000000000, 0.0000000000000000000, 1.000000000000000000 ) ) ;
#2904 = LINE ( 'NONE', #137, #1776 ) ;
#2905 = CARTESIAN_POINT ( 'NONE',  ( -64.00000000000000000, 0.0000000000000000000, 39.85000000000000853 ) ) ;
#2906 = ORIENTED_EDGE ( 'NONE', *, *, #1547, .F. ) ;
#2907 = EDGE_CURVE ( 'NONE', #131, #2778, #228, .T. ) ;
#2908 = FACE_OUTER_BOUND ( 'NONE', #1222, .T. ) ;
#2909 = ORIENTED_EDGE ( 'NONE', *, *, #2872, .T. ) ;
#2910 = COORDINATED_UNIVERSAL_TIME_OFFSET ( 8, 0, .BEHIND. ) ;
#2911 = CARTESIAN_POINT ( 'NONE',  ( -64.00000000000000000, 9.000000000000000000, -24.72805557142879351 ) ) ;
#2912 = CARTESIAN_POINT ( 'NONE',  ( -55.76422052666262630, 6.198327770557132688, -26.70783502469429749 ) ) ;
#2913 = ORIENTED_EDGE ( 'NONE', *, *, #3430, .F. ) ;
#2914 = CARTESIAN_POINT ( 'NONE',  ( -62.50000000000001421, -2.000000000000000000, -42.87500000000000000 ) ) ;
#2915 = CARTESIAN_POINT ( 'NONE',  ( -46.00000000000000711, 18.00000000000000000, -11.93571428571446269 ) ) ;
#2916 = DIRECTION ( 'NONE',  ( -1.000000000000000000, 0.0000000000000000000, 0.0000000000000000000 ) ) ;
#2917 = DIRECTION ( 'NONE',  ( 0.0000000000000000000, 1.000000000000000000, 0.0000000000000000000 ) ) ;
#2918 = EDGE_LOOP ( 'NONE', ( #2754, #4075, #2493, #708, #1736 ) ) ;
#2919 = CARTESIAN_POINT ( 'NONE',  ( 60.50000000000000000, 18.00000000000000000, -38.09999999999999432 ) ) ;
#2920 = EDGE_LOOP ( 'NONE', ( #2963, #2596, #2476, #2074, #1168, #819, #26, #481 ) ) ;
#2921 = DIRECTION ( 'NONE',  ( 0.7071067811865475727, -0.7071067811865475727, 0.0000000000000000000 ) ) ;
#2922 = CARTESIAN_POINT ( 'NONE',  ( 65.50000000000000000, -6.000000000000000000, -44.34999999999998010 ) ) ;
#2923 = ADVANCED_FACE ( 'NONE', ( #1174 ), #4332, .T. ) ;
#2924 = CARTESIAN_POINT ( 'NONE',  ( -64.00000000000000000, 9.000000000000000000, -35.01480157142879079 ) ) ;
#2925 = DIRECTION ( 'NONE',  ( 0.0000000000000000000, 0.0000000000000000000, -1.000000000000000000 ) ) ;
#2926 = EDGE_LOOP ( 'NONE', ( #2488, #4436, #3406, #4072 ) ) ;
#2927 = DIRECTION ( 'NONE',  ( 0.0000000000000000000, 0.0000000000000000000, 1.000000000000000000 ) ) ;
#2928 = ORIENTED_EDGE ( 'NONE', *, *, #272, .F. ) ;
#2929 = DATE_AND_TIME ( #1571, #4403 ) ;
#2930 = CARTESIAN_POINT ( 'NONE',  ( -62.50000000000001421, -4.499999999999957367, 42.87500000000000000 ) ) ;
#2931 = EDGE_CURVE ( 'NONE', #3919, #2108, #2803, .T. ) ;
#2932 = CARTESIAN_POINT ( 'NONE',  ( 0.0000000000000000000, 18.00000000000000000, 0.0000000000000000000 ) ) ;
#2933 = ADVANCED_FACE ( 'NONE', ( #2613 ), #852, .F. ) ;
#2934 = ORIENTED_EDGE ( 'NONE', *, *, #32, .T. ) ;
#2935 = DIRECTION ( 'NONE',  ( 1.000000000000000000, 0.0000000000000000000, 0.0000000000000000000 ) ) ;
#2936 = CARTESIAN_POINT ( 'NONE',  ( -32.99999999999999289, 5.999999999999998224, -11.93571428571445203 ) ) ;
#2937 = CIRCLE ( 'NONE', #796, 1.250000000000001110 ) ;
#2938 = DIRECTION ( 'NONE',  ( 0.0000000000000000000, 1.000000000000000000, -0.0000000000000000000 ) ) ;
#2939 = ORIENTED_EDGE ( 'NONE', *, *, #2568, .T. ) ;
#2940 = CARTESIAN_POINT ( 'NONE',  ( 63.99999999999998579, -4.499999999999957367, -41.37500000000000000 ) ) ;
#2941 = AXIS2_PLACEMENT_3D ( 'NONE', #2258, #4345, #3646 ) ;
#2942 = VECTOR ( 'NONE', #2126, 1000.000000000000114 ) ;
#2943 = ORIENTED_EDGE ( 'NONE', *, *, #928, .T. ) ;
#2944 = DIRECTION ( 'NONE',  ( -0.0000000000000000000, 1.000000000000000000, -0.0000000000000000000 ) ) ;
#2945 = DIRECTION ( 'NONE',  ( -0.0000000000000000000, 1.000000000000000000, -0.0000000000000000000 ) ) ;
#2946 = DIRECTION ( 'NONE',  ( 0.0000000000000000000, -1.000000000000000000, 0.0000000000000000000 ) ) ;
#2947 = CARTESIAN_POINT ( 'NONE',  ( 60.50000000000000000, 7.999999999999998224, -40.59999999999998010 ) ) ;
#2948 = AXIS2_PLACEMENT_3D ( 'NONE', #4280, #1015, #1817 ) ;
#2949 = AXIS2_PLACEMENT_3D ( 'NONE', #2930, #2981, #144 ) ;
#2950 = AXIS2_PLACEMENT_3D ( 'NONE', #1963, #2677, #4092 ) ;
#2951 = ORIENTED_EDGE ( 'NONE', *, *, #3404, .F. ) ;
#2952 = EDGE_CURVE ( 'NONE', #500, #2387, #3586, .T. ) ;
#2953 = CARTESIAN_POINT ( 'NONE',  ( -64.00000000000000000, 9.000000000000000000, -9.935714285714460914 ) ) ;
#2954 = ORIENTED_EDGE ( 'NONE', *, *, #1121, .F. ) ;
#2955 = PERSON_AND_ORGANIZATION_ROLE ( 'classification_officer' ) ;
#2956 = VECTOR ( 'NONE', #235, 1000.000000000000000 ) ;
#2957 = DIRECTION ( 'NONE',  ( -1.000000000000000000, -0.0000000000000000000, -0.0000000000000000000 ) ) ;
#2958 = AXIS2_PLACEMENT_3D ( 'NONE', #2118, #2102, #3535 ) ;
#2959 = EDGE_CURVE ( 'NONE', #970, #4089, #2216, .T. ) ;
#2960 = CARTESIAN_POINT ( 'NONE',  ( -55.83396287363704857, 5.999999999999998224, -26.90865470898163281 ) ) ;
#2961 = CONICAL_SURFACE ( 'NONE', #673, 4.216400000000012582, 1.029744258676656310 ) ;
#2962 = VECTOR ( 'NONE', #682, 1000.000000000000000 ) ;
#2963 = ORIENTED_EDGE ( 'NONE', *, *, #3292, .F. ) ;
#2964 = EDGE_LOOP ( 'NONE', ( #2454, #4121, #4059, #3155 ) ) ;
#2965 = FACE_OUTER_BOUND ( 'NONE', #854, .T. ) ;
#2966 = FACE_OUTER_BOUND ( 'NONE', #1234, .T. ) ;
#2967 = CARTESIAN_POINT ( 'NONE',  ( 61.00000000000000000, 18.00000000000000000, 42.85000000000001563 ) ) ;
#2968 = CARTESIAN_POINT ( 'NONE',  ( -65.50000000000000000, 0.0000000000000000000, 47.35000000000000853 ) ) ;
#2969 = VERTEX_POINT ( 'NONE', #2657 ) ;
#2970 = ORIENTED_EDGE ( 'NONE', *, *, #4242, .F. ) ;
#2971 = CARTESIAN_POINT ( 'NONE',  ( 52.50000000000000711, -6.000000000000000000, 47.35000000000002984 ) ) ;
#2972 = ORIENTED_EDGE ( 'NONE', *, *, #288, .T. ) ;
#2973 = CARTESIAN_POINT ( 'NONE',  ( 64.00000000000000000, 18.00000000000000000, -39.84999999999998010 ) ) ;
#2974 = CARTESIAN_POINT ( 'NONE',  ( -60.50000000000000000, 7.999999999999998224, -39.34999999999998010 ) ) ;
#2975 = DIRECTION ( 'NONE',  ( 0.0000000000000000000, -1.000000000000000000, 0.0000000000000000000 ) ) ;
#2976 = DIRECTION ( 'NONE',  ( -0.0000000000000000000, 1.000000000000000000, -0.0000000000000000000 ) ) ;
#2977 = ORIENTED_EDGE ( 'NONE', *, *, #2513, .T. ) ;
#2978 = LINE ( 'NONE', #1569, #3229 ) ;
#2979 = ORIENTED_EDGE ( 'NONE', *, *, #641, .F. ) ;
#2980 = CALENDAR_DATE ( 2019, 26, 6 ) ;
#2981 = DIRECTION ( 'NONE',  ( 0.0000000000000000000, -0.7071067811865475727, -0.7071067811865475727 ) ) ;
#2982 = CARTESIAN_POINT ( 'NONE',  ( -55.68008039888842120, 6.409832420543991383, -26.53330458953607618 ) ) ;
#2983 = EDGE_CURVE ( 'NONE', #911, #4006, #805, .T. ) ;
#2984 = ADVANCED_FACE ( 'NONE', ( #505 ), #902, .F. ) ;
#2985 = EDGE_LOOP ( 'NONE', ( #699, #2358, #4108, #3094 ) ) ;
#2986 = ORIENTED_EDGE ( 'NONE', *, *, #3002, .T. ) ;
#2987 = DIRECTION ( 'NONE',  ( -0.0000000000000000000, -1.000000000000000000, -0.0000000000000000000 ) ) ;
#2988 = CARTESIAN_POINT ( 'NONE',  ( 60.50000000000000000, 18.00000000000000000, 0.0000000000000000000 ) ) ;
#2989 = CARTESIAN_POINT ( 'NONE',  ( 61.00000000000000000, 0.0000000000000000000, -42.84999999999998721 ) ) ;
#2990 = ADVANCED_FACE ( 'NONE', ( #1224 ), #2633, .T. ) ;
#2991 = ORIENTED_EDGE ( 'NONE', *, *, #966, .T. ) ;
#2992 = DIRECTION ( 'NONE',  ( 0.0000000000000000000, 0.0000000000000000000, 1.000000000000000000 ) ) ;
#2993 = ORIENTED_EDGE ( 'NONE', *, *, #3930, .F. ) ;
#2994 = FACE_OUTER_BOUND ( 'NONE', #1390, .T. ) ;
#2995 = CARTESIAN_POINT ( 'NONE',  ( -56.00000000000000000, 5.999999999999998224, 31.85000000000000497 ) ) ;
#2996 = CYLINDRICAL_SURFACE ( 'NONE', #4125, 1.249999999999994227 ) ;
#2997 = PLANE ( 'NONE',  #1038 ) ;
#2998 = EDGE_CURVE ( 'NONE', #295, #251, #1100, .T. ) ;
#2999 = ORIENTED_EDGE ( 'NONE', *, *, #2466, .F. ) ;
#3000 = DIRECTION ( 'NONE',  ( -0.0000000000000000000, -1.000000000000000000, -0.0000000000000000000 ) ) ;
#3001 = EDGE_LOOP ( 'NONE', ( #2305, #1492, #1525, #1701 ) ) ;
#3002 = EDGE_CURVE ( 'NONE', #3176, #970, #434, .T. ) ;
#3003 = PLANE ( 'NONE',  #2949 ) ;
#3004 = AXIS2_PLACEMENT_3D ( 'NONE', #3152, #1393, #3235 ) ;
#3005 = PLANE ( 'NONE',  #3095 ) ;
#3006 = ORIENTED_EDGE ( 'NONE', *, *, #393, .T. ) ;
#3007 = EDGE_CURVE ( 'NONE', #4026, #2028, #1849, .T. ) ;
#3008 = CARTESIAN_POINT ( 'NONE',  ( 63.99999999999998579, -2.000000000000000000, -42.87500000000000000 ) ) ;
#3009 = EDGE_CURVE ( 'NONE', #3515, #2265, #959, .T. ) ;
#3010 = LINE ( 'NONE', #1859, #506 ) ;
#3011 = DIRECTION ( 'NONE',  ( 0.0000000000000000000, 0.0000000000000000000, -1.000000000000000000 ) ) ;
#3012 = EDGE_LOOP ( 'NONE', ( #493, #3200 ) ) ;
#3013 = DIRECTION ( 'NONE',  ( 0.0000000000000000000, 0.0000000000000000000, 1.000000000000000000 ) ) ;
#3014 = ORIENTED_EDGE ( 'NONE', *, *, #1824, .F. ) ;
#3015 = CARTESIAN_POINT ( 'NONE',  ( -60.50000000000000000, 18.00000000000000000, -39.34999999999998010 ) ) ;
#3016 = CARTESIAN_POINT ( 'NONE',  ( -52.37999999999999545, 5.999999999999998224, -12.89848814816162736 ) ) ;
#3017 = EDGE_CURVE ( 'NONE', #2969, #1080, #2410, .T. ) ;
#3018 = CARTESIAN_POINT ( 'NONE',  ( -55.09328689790560674, 9.773899720413183445, -14.08505603727143196 ) ) ;
#3019 = CC_DESIGN_APPROVAL ( #2131, ( #4201 ) ) ;
#3020 = CARTESIAN_POINT ( 'NONE',  ( -51.64870037369723832, 5.999999999999997335, -30.11895249918205053 ) ) ;
#3021 = VECTOR ( 'NONE', #2610, 1000.000000000000000 ) ;
#3022 = ORIENTED_EDGE ( 'NONE', *, *, #919, .T. ) ;
#3023 = DIRECTION ( 'NONE',  ( 0.0000000000000000000, 0.0000000000000000000, 1.000000000000000000 ) ) ;
#3024 = ORIENTED_EDGE ( 'NONE', *, *, #3519, .T. ) ;
#3025 = CIRCLE ( 'NONE', #2802, 4.936178932939926156 ) ;
#3026 = CONICAL_SURFACE ( 'NONE', #1031, 1.249999999999997558, 1.029744258676651869 ) ;
#3027 = DIRECTION ( 'NONE',  ( 0.0000000000000000000, 0.0000000000000000000, 1.000000000000000000 ) ) ;
#3028 = AXIS2_PLACEMENT_3D ( 'NONE', #4349, #2607, #847 ) ;
#3029 = AXIS2_PLACEMENT_3D ( 'NONE', #4167, #2422, #323 ) ;
#3030 = VECTOR ( 'NONE', #3897, 1000.000000000000000 ) ;
#3031 = DIRECTION ( 'NONE',  ( 0.0000000000000000000, 0.0000000000000000000, -1.000000000000000000 ) ) ;
#3032 = VECTOR ( 'NONE', #1626, 1000.000000000000000 ) ;
#3033 = VERTEX_POINT ( 'NONE', #215 ) ;
#3034 = AXIS2_PLACEMENT_3D ( 'NONE', #582, #3080, #2002 ) ;
#3035 = ORIENTED_EDGE ( 'NONE', *, *, #2959, .T. ) ;
#3036 = DIRECTION ( 'NONE',  ( -1.000000000000000000, -0.0000000000000000000, -0.0000000000000000000 ) ) ;
#3037 = CARTESIAN_POINT ( 'NONE',  ( 60.50000000000000000, 7.999999999999998224, -1.250000000000001110 ) ) ;
#3038 = DIRECTION ( 'NONE',  ( 1.000000000000000000, 0.0000000000000000000, 0.0000000000000000000 ) ) ;
#3039 = ORIENTED_EDGE ( 'NONE', *, *, #3987, .T. ) ;
#3040 = CARTESIAN_POINT ( 'NONE',  ( -64.00000000000000000, 18.00000000000000000, -39.84999999999998010 ) ) ;
#3041 = ORIENTED_EDGE ( 'NONE', *, *, #1536, .T. ) ;
#3042 = CARTESIAN_POINT ( 'NONE',  ( 52.99999999999999289, 18.00000000000000000, 31.85000000000000497 ) ) ;
#3043 = AXIS2_PLACEMENT_3D ( 'NONE', #3401, #1595, #3466 ) ;
#3044 = FACE_OUTER_BOUND ( 'NONE', #94, .T. ) ;
#3045 = CARTESIAN_POINT ( 'NONE',  ( -22.99999999999999289, 5.999999999999998224, 4.978571428571328283 ) ) ;
#3046 = EDGE_CURVE ( 'NONE', #213, #2521, #284, .T. ) ;
#3047 = DIRECTION ( 'NONE',  ( -1.000000000000000000, -0.0000000000000000000, 2.282530889443167700E-17 ) ) ;
#3048 = ORIENTED_EDGE ( 'NONE', *, *, #4193, .T. ) ;
#3049 = ADVANCED_FACE ( 'NONE', ( #3121 ), #3026, .F. ) ;
#3050 = DIRECTION ( 'NONE',  ( -0.0000000000000000000, -1.000000000000000000, -0.0000000000000000000 ) ) ;
#3051 = VERTEX_POINT ( 'NONE', #3416 ) ;
#3052 = CARTESIAN_POINT ( 'NONE',  ( 52.50000000000000711, -6.000000000000000000, -47.34999999999998010 ) ) ;
#3053 = LINE ( 'NONE', #2360, #1463 ) ;
#3054 = LINE ( 'NONE', #3098, #3609 ) ;
#3055 = ORIENTED_EDGE ( 'NONE', *, *, #4003, .F. ) ;
#3056 = FACE_OUTER_BOUND ( 'NONE', #2147, .T. ) ;
#3057 = DIRECTION ( 'NONE',  ( -0.0000000000000000000, 1.000000000000000000, -0.0000000000000000000 ) ) ;
#3058 = CARTESIAN_POINT ( 'NONE',  ( 68.50000000000000000, -6.000000000000000000, -31.35000000000000853 ) ) ;
#3059 = ORIENTED_EDGE ( 'NONE', *, *, #4151, .F. ) ;
#3060 = CARTESIAN_POINT ( 'NONE',  ( 52.99999999999999289, 18.00000000000000000, 34.85000000000001563 ) ) ;
#3061 = ORIENTED_EDGE ( 'NONE', *, *, #2998, .T. ) ;
#3062 = DIRECTION ( 'NONE',  ( 0.0000000000000000000, 0.0000000000000000000, -1.000000000000000000 ) ) ;
#3063 = CARTESIAN_POINT ( 'NONE',  ( -55.01384850000560078, 9.392750222786336423, -25.66890458247415907 ) ) ;
#3064 = CARTESIAN_POINT ( 'NONE',  ( 60.50000000000000000, 18.00000000000000000, 39.35000000000000853 ) ) ;
#3065 = DIRECTION ( 'NONE',  ( -0.0000000000000000000, -1.000000000000000000, -0.0000000000000000000 ) ) ;
#3066 = ORIENTED_EDGE ( 'NONE', *, *, #2337, .F. ) ;
#3067 = ORIENTED_EDGE ( 'NONE', *, *, #1496, .T. ) ;
#3068 = DIRECTION ( 'NONE',  ( 0.0000000000000000000, 0.0000000000000000000, 1.000000000000000000 ) ) ;
#3069 = EDGE_CURVE ( 'NONE', #1885, #80, #2683, .T. ) ;
#3070 = ORIENTED_EDGE ( 'NONE', *, *, #3404, .T. ) ;
#3071 = DIRECTION ( 'NONE',  ( 0.7071067811865474617, 0.7071067811865474617, 0.0000000000000000000 ) ) ;
#3072 = VERTEX_POINT ( 'NONE', #4076 ) ;
#3073 = CARTESIAN_POINT ( 'NONE',  ( -60.50000000000000000, 18.00000000000000000, -1.249999999999987121 ) ) ;
#3074 = EDGE_CURVE ( 'NONE', #2665, #510, #3391, .T. ) ;
#3075 = DIRECTION ( 'NONE',  ( -0.0000000000000000000, -1.000000000000000000, -0.0000000000000000000 ) ) ;
#3076 = DIRECTION ( 'NONE',  ( 0.0000000000000000000, 0.0000000000000000000, 1.000000000000000000 ) ) ;
#3077 = LINE ( 'NONE', #1252, #1050 ) ;
#3078 = EDGE_CURVE ( 'NONE', #2616, #3349, #4097, .T. ) ;
#3079 = AXIS2_PLACEMENT_3D ( 'NONE', #3916, #3574, #1792 ) ;
#3080 = DIRECTION ( 'NONE',  ( 0.0000000000000000000, 1.000000000000000000, 0.0000000000000000000 ) ) ;
#3081 = CARTESIAN_POINT ( 'NONE',  ( -62.50000000000001421, -4.499999999999957367, -42.87500000000000000 ) ) ;
#3082 = ORIENTED_EDGE ( 'NONE', *, *, #2391, .T. ) ;
#3083 = VERTEX_POINT ( 'NONE', #306 ) ;
#3084 = DIRECTION ( 'NONE',  ( -0.0000000000000000000, -1.000000000000000000, 0.0000000000000000000 ) ) ;
#3085 = DIRECTION ( 'NONE',  ( -0.0000000000000000000, 1.000000000000000000, -0.0000000000000000000 ) ) ;
#3086 = CARTESIAN_POINT ( 'NONE',  ( 52.50000000000000711, -6.000000000000000000, 47.35000000000002984 ) ) ;
#3087 = DIRECTION ( 'NONE',  ( 1.049727191138618449E-16, 0.5150380749100544886, -0.8571673007021121116 ) ) ;
#3088 = ORIENTED_EDGE ( 'NONE', *, *, #1319, .F. ) ;
#3089 = LINE ( 'NONE', #3861, #2128 ) ;
#3090 = VERTEX_POINT ( 'NONE', #645 ) ;
#3091 = LINE ( 'NONE', #626, #368 ) ;
#3092 = CIRCLE ( 'NONE', #507, 1.249999999999987121 ) ;
#3093 = CC_DESIGN_SECURITY_CLASSIFICATION ( #4488, ( #4201 ) ) ;
#3094 = ORIENTED_EDGE ( 'NONE', *, *, #233, .T. ) ;
#3095 = AXIS2_PLACEMENT_3D ( 'NONE', #1273, #2685, #3031 ) ;
#3096 = AXIS2_PLACEMENT_3D ( 'NONE', #2389, #1291, #3776 ) ;
#3097 = DIRECTION ( 'NONE',  ( -0.0000000000000000000, 1.000000000000000000, -0.0000000000000000000 ) ) ;
#3098 = CARTESIAN_POINT ( 'NONE',  ( 1.530808498934183189E-16, 18.00000000000000000, 38.10000000000001563 ) ) ;
#3099 = VECTOR ( 'NONE', #387, 1000.000000000000000 ) ;
#3100 = AXIS2_PLACEMENT_3D ( 'NONE', #2421, #719, #3533 ) ;
#3101 = VERTEX_POINT ( 'NONE', #4521 ) ;
#3102 = EDGE_CURVE ( 'NONE', #3515, #3718, #4470, .T. ) ;
#3103 = CARTESIAN_POINT ( 'NONE',  ( -26.00000000000000000, 5.999999999999998224, 1.978571428571319624 ) ) ;
#3104 = VECTOR ( 'NONE', #1832, 1000.000000000000000 ) ;
#3105 = CARTESIAN_POINT ( 'NONE',  ( 60.50000000000000000, 7.999999999999998224, 0.0000000000000000000 ) ) ;
#3106 = CARTESIAN_POINT ( 'NONE',  ( 55.99999999999999289, 5.999999999999998224, 31.85000000000000497 ) ) ;
#3107 = ADVANCED_FACE ( 'NONE', ( #2357 ), #241, .F. ) ;
#3108 = AXIS2_PLACEMENT_3D ( 'NONE', #2873, #61, #1136 ) ;
#3109 = VERTEX_POINT ( 'NONE', #2702 ) ;
#3110 = CONICAL_SURFACE ( 'NONE', #1257, 1.250000000000001110, 1.029744258676654090 ) ;
#3111 = EDGE_LOOP ( 'NONE', ( #1521, #362, #757, #2409 ) ) ;
#3112 = CARTESIAN_POINT ( 'NONE',  ( -36.00000000000001421, 5.999999999999998224, 11.93571428571421222 ) ) ;
#3113 = FACE_OUTER_BOUND ( 'NONE', #2124, .T. ) ;
#3114 = DIRECTION ( 'NONE',  ( 0.0000000000000000000, -0.0000000000000000000, -1.000000000000000000 ) ) ;
#3115 = AXIS2_PLACEMENT_3D ( 'NONE', #1732, #2029, #1679 ) ;
#3116 = FACE_OUTER_BOUND ( 'NONE', #944, .T. ) ;
#3117 = VERTEX_POINT ( 'NONE', #2061 ) ;
#3118 = DIRECTION ( 'NONE',  ( -0.0000000000000000000, -1.000000000000000000, -0.0000000000000000000 ) ) ;
#3119 = VECTOR ( 'NONE', #3531, 1000.000000000000000 ) ;
#3120 = ORIENTED_EDGE ( 'NONE', *, *, #264, .F. ) ;
#3121 = FACE_OUTER_BOUND ( 'NONE', #4208, .T. ) ;
#3122 = ORIENTED_EDGE ( 'NONE', *, *, #1803, .T. ) ;
#3123 = DIRECTION ( 'NONE',  ( 0.0000000000000000000, 0.0000000000000000000, 1.000000000000000000 ) ) ;
#3124 = FACE_OUTER_BOUND ( 'NONE', #4171, .T. ) ;
#3125 = DIRECTION ( 'NONE',  ( -0.0000000000000000000, 0.0000000000000000000, -1.000000000000000000 ) ) ;
#3126 = EDGE_CURVE ( 'NONE', #3165, #2238, #2018, .T. ) ;
#3127 = CARTESIAN_POINT ( 'NONE',  ( 68.50000000000000000, -6.000000000000000000, -44.34999999999998010 ) ) ;
#3128 = FACE_OUTER_BOUND ( 'NONE', #4442, .T. ) ;
#3129 = ORIENTED_EDGE ( 'NONE', *, *, #1091, .T. ) ;
#3130 = ORIENTED_EDGE ( 'NONE', *, *, #91, .F. ) ;
#3131 = DIRECTION ( 'NONE',  ( 0.0000000000000000000, 0.0000000000000000000, 1.000000000000000000 ) ) ;
#3132 = CARTESIAN_POINT ( 'NONE',  ( -55.26956267006264767, 10.50562612091505343, -25.92865908813651288 ) ) ;
#3133 = CARTESIAN_POINT ( 'NONE',  ( 0.0000000000000000000, 7.999999999999998224, 39.35000000000000853 ) ) ;
#3134 = ADVANCED_FACE ( 'NONE', ( #1644 ), #2139, .F. ) ;
#3135 = DIRECTION ( 'NONE',  ( -0.0000000000000000000, -1.000000000000000000, -0.0000000000000000000 ) ) ;
#3136 = ORIENTED_EDGE ( 'NONE', *, *, #1013, .T. ) ;
#3137 = CARTESIAN_POINT ( 'NONE',  ( -57.08000000000000540, 9.000000000000000000, -34.80760750436871831 ) ) ;
#3138 = ORIENTED_EDGE ( 'NONE', *, *, #88, .F. ) ;
#3139 = ADVANCED_FACE ( 'NONE', ( #3456 ), #1773, .F. ) ;
#3140 = DIRECTION ( 'NONE',  ( -0.0000000000000000000, -1.000000000000000000, 0.0000000000000000000 ) ) ;
#3141 = ORIENTED_EDGE ( 'NONE', *, *, #1381, .T. ) ;
#3142 = ADVANCED_FACE ( 'NONE', ( #972 ), #943, .F. ) ;
#3143 = DIRECTION ( 'NONE',  ( -0.0000000000000000000, 1.000000000000000000, -0.0000000000000000000 ) ) ;
#3144 = DIRECTION ( 'NONE',  ( 0.0000000000000000000, 0.0000000000000000000, 1.000000000000000000 ) ) ;
#3145 = LINE ( 'NONE', #4262, #1323 ) ;
#3146 = ORIENTED_EDGE ( 'NONE', *, *, #859, .T. ) ;
#3147 = DIRECTION ( 'NONE',  ( 0.0000000000000000000, -1.000000000000000000, 0.0000000000000000000 ) ) ;
#3148 = EDGE_CURVE ( 'NONE', #3868, #3635, #3091, .T. ) ;
#3149 = VERTEX_POINT ( 'NONE', #3052 ) ;
#3150 = VECTOR ( 'NONE', #3650, 1000.000000000000000 ) ;
#3151 = DIRECTION ( 'NONE',  ( 0.0000000000000000000, 0.0000000000000000000, 1.000000000000000000 ) ) ;
#3152 = CARTESIAN_POINT ( 'NONE',  ( -53.00000000000000000, 18.00000000000000000, -27.89285714285734841 ) ) ;
#3153 = DIRECTION ( 'NONE',  ( -1.000000000000000000, -0.0000000000000000000, -0.0000000000000000000 ) ) ;
#3154 = LINE ( 'NONE', #2849, #1778 ) ;
#3155 = ORIENTED_EDGE ( 'NONE', *, *, #3519, .F. ) ;
#3156 = CARTESIAN_POINT ( 'NONE',  ( 60.50000000000000000, 7.248924226215546440, -39.34999999999998010 ) ) ;
#3157 = EDGE_CURVE ( 'NONE', #4545, #4361, #3527, .T. ) ;
#3158 = VERTEX_POINT ( 'NONE', #2315 ) ;
#3159 = DIRECTION ( 'NONE',  ( -0.0000000000000000000, 1.000000000000000000, -0.0000000000000000000 ) ) ;
#3160 = ORIENTED_EDGE ( 'NONE', *, *, #2664, .F. ) ;
#3161 = AXIS2_PLACEMENT_3D ( 'NONE', #1917, #3387, #3412 ) ;
#3162 = DIRECTION ( 'NONE',  ( -0.0000000000000000000, 1.000000000000000000, -0.0000000000000000000 ) ) ;
#3163 = CIRCLE ( 'NONE', #2941, 3.000000000000002665 ) ;
#3164 = DIRECTION ( 'NONE',  ( -0.0000000000000000000, -1.000000000000000000, 0.0000000000000000000 ) ) ;
#3165 = VERTEX_POINT ( 'NONE', #3707 ) ;
#3166 = CIRCLE ( 'NONE', #492, 3.000000000000002665 ) ;
#3167 = CONICAL_SURFACE ( 'NONE', #3028, 1.249999999999997558, 1.029744258676651869 ) ;
#3168 = VERTEX_POINT ( 'NONE', #554 ) ;
#3169 = VECTOR ( 'NONE', #1913, 1000.000000000000000 ) ;
#3170 = CYLINDRICAL_SURFACE ( 'NONE', #2888, 1.249999999999994227 ) ;
#3171 = CYLINDRICAL_SURFACE ( 'NONE', #1898, 1.249999999999994227 ) ;
#3172 = CARTESIAN_POINT ( 'NONE',  ( -52.50000000000000711, -4.499999999999957367, -42.87500000000000000 ) ) ;
#3173 = DIRECTION ( 'NONE',  ( 0.0000000000000000000, 0.0000000000000000000, 1.000000000000000000 ) ) ;
#3174 = VECTOR ( 'NONE', #1216, 1000.000000000000000 ) ;
#3175 = AXIS2_PLACEMENT_3D ( 'NONE', #2339, #3829, #672 ) ;
#3176 = VERTEX_POINT ( 'NONE', #1611 ) ;
#3177 = DIRECTION ( 'NONE',  ( 1.000000000000000000, 0.0000000000000000000, -0.0000000000000000000 ) ) ;
#3178 = ORIENTED_EDGE ( 'NONE', *, *, #3545, .T. ) ;
#3179 = CIRCLE ( 'NONE', #311, 3.000000000000006217 ) ;
#3180 = ADVANCED_FACE ( 'NONE', ( #3364 ), #155, .F. ) ;
#3181 = DIRECTION ( 'NONE',  ( 0.0000000000000000000, 0.0000000000000000000, -1.000000000000000000 ) ) ;
#3182 = EDGE_CURVE ( 'NONE', #1303, #2276, #344, .T. ) ;
#3183 = CIRCLE ( 'NONE', #1344, 1.500000000000001332 ) ;
#3184 = VERTEX_POINT ( 'NONE', #2855 ) ;
#3185 = CARTESIAN_POINT ( 'NONE',  ( -56.00000000000000711, 9.000000000000000000, -5.719314285714454549 ) ) ;
#3186 = DIRECTION ( 'NONE',  ( 0.0000000000000000000, -1.000000000000000000, 0.0000000000000000000 ) ) ;
#3187 = ORIENTED_EDGE ( 'NONE', *, *, #2262, .T. ) ;
#3188 = EDGE_CURVE ( 'NONE', #1309, #3795, #2733, .T. ) ;
#3189 = ORIENTED_EDGE ( 'NONE', *, *, #2535, .F. ) ;
#3190 = CARTESIAN_POINT ( 'NONE',  ( 1.530808498934183189E-16, 18.00000000000000000, 18.66428571428567196 ) ) ;
#3191 = EDGE_CURVE ( 'NONE', #4537, #897, #667, .T. ) ;
#3192 = CARTESIAN_POINT ( 'NONE',  ( 52.99999999999999289, 5.999999999999998224, -4.978571428571563651 ) ) ;
#3193 = DIRECTION ( 'NONE',  ( 0.0000000000000000000, 0.0000000000000000000, 1.000000000000000000 ) ) ;
#3194 = LINE ( 'NONE', #3554, #3830 ) ;
#3195 = ORIENTED_EDGE ( 'NONE', *, *, #3461, .T. ) ;
#3196 = DIRECTION ( 'NONE',  ( 0.0000000000000000000, 0.0000000000000000000, 1.000000000000000000 ) ) ;
#3197 = ORIENTED_EDGE ( 'NONE', *, *, #2428, .F. ) ;
#3198 = CYLINDRICAL_SURFACE ( 'NONE', #2369, 3.000000000000009770 ) ;
#3199 = EDGE_CURVE ( 'NONE', #913, #2636, #3672, .T. ) ;
#3200 = ORIENTED_EDGE ( 'NONE', *, *, #4299, .F. ) ;
#3201 = EDGE_CURVE ( 'NONE', #897, #3083, #2169, .T. ) ;
#3202 = DIRECTION ( 'NONE',  ( 0.0000000000000000000, 0.0000000000000000000, -1.000000000000000000 ) ) ;
#3203 = EDGE_LOOP ( 'NONE', ( #4278, #2585, #2319, #2373 ) ) ;
#3204 = EDGE_CURVE ( 'NONE', #4424, #500, #2072, .T. ) ;
#3205 = CARTESIAN_POINT ( 'NONE',  ( -64.00000000000000000, 9.000000000000000000, -4.792341285714461385 ) ) ;
#3206 = ORIENTED_EDGE ( 'NONE', *, *, #1881, .F. ) ;
#3207 = ADVANCED_FACE ( 'NONE', ( #2792 ), #2882, .F. ) ;
#3208 = FACE_OUTER_BOUND ( 'NONE', #211, .T. ) ;
#3209 = ORIENTED_EDGE ( 'NONE', *, *, #13, .F. ) ;
#3210 = ORIENTED_EDGE ( 'NONE', *, *, #351, .T. ) ;
#3211 = CARTESIAN_POINT ( 'NONE',  ( -56.00000000000000711, 18.00000000000000000, -27.89285714285734841 ) ) ;
#3212 = CARTESIAN_POINT ( 'NONE',  ( -56.00000000000000711, 9.000000000000000000, -29.87142857142879038 ) ) ;
#3213 = CARTESIAN_POINT ( 'NONE',  ( -60.50000000000000000, 18.00000000000000000, 0.0000000000000000000 ) ) ;
#3214 = EDGE_LOOP ( 'NONE', ( #670, #1061, #3544, #1259 ) ) ;
#3215 = CARTESIAN_POINT ( 'NONE',  ( 42.99999999999999289, 5.999999999999998224, -14.93571428571446091 ) ) ;
#3216 = ORIENTED_EDGE ( 'NONE', *, *, #1891, .T. ) ;
#3217 = DIRECTION ( 'NONE',  ( -0.0000000000000000000, 1.000000000000000000, -0.0000000000000000000 ) ) ;
#3218 = DIRECTION ( 'NONE',  ( -0.0000000000000000000, 1.000000000000000000, -0.0000000000000000000 ) ) ;
#3219 = VECTOR ( 'NONE', #1330, 1000.000000000000000 ) ;
#3220 = CARTESIAN_POINT ( 'NONE',  ( 64.00000000000000000, -2.000000000000001776, -31.35000000000000853 ) ) ;
#3221 = VERTEX_POINT ( 'NONE', #690 ) ;
#3222 = CARTESIAN_POINT ( 'NONE',  ( -52.99999999999999289, 5.999999999999998224, 34.85000000000000853 ) ) ;
#3223 = EDGE_LOOP ( 'NONE', ( #4288, #3238, #2481, #190 ) ) ;
#3224 = DIRECTION ( 'NONE',  ( -0.0000000000000000000, -1.000000000000000000, -0.0000000000000000000 ) ) ;
#3225 = CIRCLE ( 'NONE', #1244, 3.000000000000002665 ) ;
#3226 = FACE_OUTER_BOUND ( 'NONE', #4500, .T. ) ;
#3227 = ORIENTED_EDGE ( 'NONE', *, *, #556, .F. ) ;
#3228 = CIRCLE ( 'NONE', #143, 4.216400000000000148 ) ;
#3229 = VECTOR ( 'NONE', #1589, 1000.000000000000000 ) ;
#3230 = EDGE_CURVE ( 'NONE', #2199, #730, #327, .T. ) ;
#3231 = ORIENTED_EDGE ( 'NONE', *, *, #711, .F. ) ;
#3232 = DIRECTION ( 'NONE',  ( 0.0000000000000000000, 0.0000000000000000000, -1.000000000000000000 ) ) ;
#3233 = VECTOR ( 'NONE', #3348, 1000.000000000000000 ) ;
#3234 = AXIS2_PLACEMENT_3D ( 'NONE', #3616, #103, #1270 ) ;
#3235 = DIRECTION ( 'NONE',  ( 0.0000000000000000000, 0.0000000000000000000, -1.000000000000000000 ) ) ;
#3236 = CARTESIAN_POINT ( 'NONE',  ( -60.50000000000000000, 7.999999999999998224, -40.59999999999998010 ) ) ;
#3237 = CIRCLE ( 'NONE', #1703, 4.936178932939926156 ) ;
#3238 = ORIENTED_EDGE ( 'NONE', *, *, #1037, .F. ) ;
#3239 = LINE ( 'NONE', #2876, #3671 ) ;
#3240 = ORIENTED_EDGE ( 'NONE', *, *, #3479, .T. ) ;
#3241 = CARTESIAN_POINT ( 'NONE',  ( -60.50000000000000000, 7.999999999999998224, -39.34999999999998010 ) ) ;
#3242 = DIRECTION ( 'NONE',  ( 0.0000000000000000000, 0.0000000000000000000, 1.000000000000000000 ) ) ;
#3243 = VECTOR ( 'NONE', #1579, 1000.000000000000000 ) ;
#3244 = LINE ( 'NONE', #97, #3600 ) ;
#3245 = ORIENTED_EDGE ( 'NONE', *, *, #4331, .F. ) ;
#3246 = LINE ( 'NONE', #4327, #433 ) ;
#3247 = AXIS2_PLACEMENT_3D ( 'NONE', #3674, #3338, #185 ) ;
#3248 = ORIENTED_EDGE ( 'NONE', *, *, #3611, .F. ) ;
#3249 = CARTESIAN_POINT ( 'NONE',  ( 46.00000000000000711, 18.00000000000000000, -21.89285714285733775 ) ) ;
#3250 = AXIS2_PLACEMENT_3D ( 'NONE', #3812, #2467, #3552 ) ;
#3251 = AXIS2_PLACEMENT_3D ( 'NONE', #4158, #4457, #1620 ) ;
#3252 = PLANE ( 'NONE',  #3324 ) ;
#3253 = VERTEX_POINT ( 'NONE', #1404 ) ;
#3254 = EDGE_CURVE ( 'NONE', #1485, #2429, #3863, .T. ) ;
#3255 = LINE ( 'NONE', #444, #976 ) ;
#3256 = CARTESIAN_POINT ( 'NONE',  ( 68.50000000000000000, -6.000000000000000000, -44.34999999999998010 ) ) ;
#3257 = LINE ( 'NONE', #3575, #1848 ) ;
#3258 = FACE_OUTER_BOUND ( 'NONE', #4303, .T. ) ;
#3259 = ORIENTED_EDGE ( 'NONE', *, *, #1065, .T. ) ;
#3260 = DIRECTION ( 'NONE',  ( 1.049727191138618449E-16, 0.5150380749100544886, -0.8571673007021121116 ) ) ;
#3261 = ORIENTED_EDGE ( 'NONE', *, *, #2931, .F. ) ;
#3262 = DIRECTION ( 'NONE',  ( 0.0000000000000000000, 0.0000000000000000000, 1.000000000000000000 ) ) ;
#3263 = LINE ( 'NONE', #2412, #589 ) ;
#3264 = EDGE_CURVE ( 'NONE', #65, #1485, #1383, .T. ) ;
#3265 = CARTESIAN_POINT ( 'NONE',  ( 53.00000000000000000, 5.999999999999998224, -31.85000000000023945 ) ) ;
#3266 = ORIENTED_EDGE ( 'NONE', *, *, #4105, .F. ) ;
#3267 = LINE ( 'NONE', #1889, #2660 ) ;
#3268 = VERTEX_POINT ( 'NONE', #4254 ) ;
#3269 = CARTESIAN_POINT ( 'NONE',  ( 46.00000000000000711, 18.00000000000000000, 21.89285714285710327 ) ) ;
#3270 = ORIENTED_EDGE ( 'NONE', *, *, #466, .F. ) ;
#3271 = APPROVAL_ROLE ( '' ) ;
#3272 = EDGE_CURVE ( 'NONE', #2265, #1309, #707, .T. ) ;
#3273 = CARTESIAN_POINT ( 'NONE',  ( -52.37999999999999545, 9.000000000000000000, -9.935714285714460914 ) ) ;
#3274 = ADVANCED_FACE ( 'NONE', ( #3517, #363, #2456 ), #3848, .F. ) ;
#3275 = FACE_BOUND ( 'NONE', #4343, .T. ) ;
#3276 = VERTEX_POINT ( 'NONE', #1423 ) ;
#3277 = ORIENTED_EDGE ( 'NONE', *, *, #2288, .F. ) ;
#3278 = DIRECTION ( 'NONE',  ( 1.049727191138617093E-16, 0.5150380749100563760, -0.8571673007021110013 ) ) ;
#3279 = FACE_OUTER_BOUND ( 'NONE', #2865, .T. ) ;
#3280 = DIRECTION ( 'NONE',  ( 1.000000000000000000, 0.0000000000000000000, 0.0000000000000000000 ) ) ;
#3281 = EDGE_CURVE ( 'NONE', #2521, #1056, #756, .T. ) ;
#3282 = CARTESIAN_POINT ( 'NONE',  ( -52.37999999999999545, 5.999999999999998224, -6.972940423267294463 ) ) ;
#3283 = CC_DESIGN_PERSON_AND_ORGANIZATION_ASSIGNMENT ( #1242, #142, ( #4201 ) ) ;
#3284 = EDGE_LOOP ( 'NONE', ( #2303, #2005, #3703 ) ) ;
#3285 = LINE ( 'NONE', #1526, #2867 ) ;
#3286 = ORIENTED_EDGE ( 'NONE', *, *, #338, .F. ) ;
#3287 = FACE_OUTER_BOUND ( 'NONE', #1275, .T. ) ;
#3288 = FACE_OUTER_BOUND ( 'NONE', #3944, .T. ) ;
#3289 = CARTESIAN_POINT ( 'NONE',  ( 60.50000000000000000, 18.00000000000000000, -40.59999999999996589 ) ) ;
#3290 = DIRECTION ( 'NONE',  ( 0.0000000000000000000, -1.000000000000000000, 0.0000000000000000000 ) ) ;
#3291 = ORIENTED_EDGE ( 'NONE', *, *, #4478, .T. ) ;
#3292 = EDGE_CURVE ( 'NONE', #1129, #714, #1077, .T. ) ;
#3293 = LINE ( 'NONE', #140, #3303 ) ;
#3294 = ORIENTED_EDGE ( 'NONE', *, *, #4087, .T. ) ;
#3295 = COORDINATED_UNIVERSAL_TIME_OFFSET ( 8, 0, .BEHIND. ) ;
#3296 = DIRECTION ( 'NONE',  ( 0.0000000000000000000, 0.0000000000000000000, 1.000000000000000000 ) ) ;
#3297 = CARTESIAN_POINT ( 'NONE',  ( 0.0000000000000000000, 7.999999999999998224, -18.66428571428590644 ) ) ;
#3298 = ORIENTED_EDGE ( 'NONE', *, *, #1502, .F. ) ;
#3299 = PLANE ( 'NONE',  #3328 ) ;
#3300 = CARTESIAN_POINT ( 'NONE',  ( 43.00000000000000000, 18.00000000000000000, 21.89285714285710327 ) ) ;
#3301 = ORIENTED_EDGE ( 'NONE', *, *, #2230, .T. ) ;
#3302 = DIRECTION ( 'NONE',  ( 0.0000000000000000000, 0.0000000000000000000, -1.000000000000000000 ) ) ;
#3303 = VECTOR ( 'NONE', #798, 1000.000000000000000 ) ;
#3304 = CARTESIAN_POINT ( 'NONE',  ( 56.00000000000000000, 5.999999999999998224, 7.978571428571336277 ) ) ;
#3305 = ORIENTED_EDGE ( 'NONE', *, *, #1668, .T. ) ;
#3306 = FACE_OUTER_BOUND ( 'NONE', #1806, .T. ) ;
#3307 = VECTOR ( 'NONE', #2576, 1000.000000000000000 ) ;
#3308 = ORIENTED_EDGE ( 'NONE', *, *, #4432, .F. ) ;
#3309 = LINE ( 'NONE', #1528, #3400 ) ;
#3310 = DIRECTION ( 'NONE',  ( 1.000000000000000000, 0.0000000000000000000, 0.0000000000000000000 ) ) ;
#3311 = FACE_OUTER_BOUND ( 'NONE', #2344, .T. ) ;
#3312 = CARTESIAN_POINT ( 'NONE',  ( -55.23162559296157781, 7.604885838403750320, -33.85969806627563372 ) ) ;
#3313 = VECTOR ( 'NONE', #3485, 1000.000000000000000 ) ;
#3314 = AXIS2_PLACEMENT_3D ( 'NONE', #122, #194, #4358 ) ;
#3315 = VECTOR ( 'NONE', #2572, 1000.000000000000000 ) ;
#3316 = ORIENTED_EDGE ( 'NONE', *, *, #3619, .T. ) ;
#3317 = CARTESIAN_POINT ( 'NONE',  ( 0.0000000000000000000, 7.999999999999998224, -18.66428571428590644 ) ) ;
#3318 = EDGE_CURVE ( 'NONE', #2636, #251, #727, .T. ) ;
#3319 = EDGE_LOOP ( 'NONE', ( #1552, #950, #1384, #4388, #828, #679, #615, #3894 ) ) ;
#3320 = VECTOR ( 'NONE', #4540, 1000.000000000000000 ) ;
#3321 = ADVANCED_FACE ( 'NONE', ( #3542 ), #3198, .F. ) ;
#3322 = CARTESIAN_POINT ( 'NONE',  ( -64.00000000000001421, -2.000000000000000000, -41.37500000000000000 ) ) ;
#3323 = VECTOR ( 'NONE', #470, 1000.000000000000000 ) ;
#3324 = AXIS2_PLACEMENT_3D ( 'NONE', #2932, #1546, #780 ) ;
#3325 = CARTESIAN_POINT ( 'NONE',  ( -64.00000000000000000, 0.0000000000000000000, -39.84999999999998010 ) ) ;
#3326 = VECTOR ( 'NONE', #249, 1000.000000000000000 ) ;
#3327 = EDGE_CURVE ( 'NONE', #2692, #377, #2608, .T. ) ;
#3328 = AXIS2_PLACEMENT_3D ( 'NONE', #2597, #2935, #2274 ) ;
#3329 = ORIENTED_EDGE ( 'NONE', *, *, #1394, .T. ) ;
#3330 = CARTESIAN_POINT ( 'NONE',  ( -62.50000000000001421, -4.499999999999957367, -42.87500000000000000 ) ) ;
#3331 = EDGE_CURVE ( 'NONE', #1374, #732, #1944, .T. ) ;
#3332 = CARTESIAN_POINT ( 'NONE',  ( -62.50000000000001421, -2.000000000000000000, -42.87500000000000000 ) ) ;
#3333 = LINE ( 'NONE', #4407, #1107 ) ;
#3334 = ORIENTED_EDGE ( 'NONE', *, *, #4526, .F. ) ;
#3335 = EDGE_CURVE ( 'NONE', #768, #2156, #1870, .T. ) ;
#3336 = CYLINDRICAL_SURFACE ( 'NONE', #3888, 1.249999999999994227 ) ;
#3337 = ORIENTED_EDGE ( 'NONE', *, *, #2093, .T. ) ;
#3338 = DIRECTION ( 'NONE',  ( 0.0000000000000000000, -1.000000000000000000, 0.0000000000000000000 ) ) ;
#3339 = CARTESIAN_POINT ( 'NONE',  ( -68.50000000000000000, 0.0000000000000000000, -44.34999999999998010 ) ) ;
#3340 = LINE ( 'NONE', #2719, #1617 ) ;
#3341 = CARTESIAN_POINT ( 'NONE',  ( 63.99999999999998579, -2.000000000000000000, 42.87500000000000000 ) ) ;
#3342 = VERTEX_POINT ( 'NONE', #3925 ) ;
#3343 = CARTESIAN_POINT ( 'NONE',  ( -64.00000000000001421, 103.0953168557000907, -31.35000000000000853 ) ) ;
#3344 = EDGE_LOOP ( 'NONE', ( #4194, #4217, #2287, #3039 ) ) ;
#3345 = PERSON_AND_ORGANIZATION ( #4282, #2078 ) ;
#3346 = PLANE ( 'NONE',  #1996 ) ;
#3347 = EDGE_CURVE ( 'NONE', #3551, #3572, #2560, .T. ) ;
#3348 = DIRECTION ( 'NONE',  ( -0.0000000000000000000, -0.0000000000000000000, -1.000000000000000000 ) ) ;
#3349 = VERTEX_POINT ( 'NONE', #2905 ) ;
#3350 = EDGE_CURVE ( 'NONE', #1669, #101, #3678, .T. ) ;
#3351 = DIRECTION ( 'NONE',  ( -1.000000000000000000, 0.0000000000000000000, 0.0000000000000000000 ) ) ;
#3352 = DIRECTION ( 'NONE',  ( 0.0000000000000000000, 0.0000000000000000000, -1.000000000000000000 ) ) ;
#3353 = DIRECTION ( 'NONE',  ( -0.0000000000000000000, 1.000000000000000000, -0.0000000000000000000 ) ) ;
#3354 = VERTEX_POINT ( 'NONE', #1512 ) ;
#3355 = CARTESIAN_POINT ( 'NONE',  ( -64.00000000000001421, -4.499999999999957367, 41.37500000000000000 ) ) ;
#3356 = ORIENTED_EDGE ( 'NONE', *, *, #1605, .F. ) ;
#3357 = CARTESIAN_POINT ( 'NONE',  ( 60.50000000000000000, 7.999999999999998224, 40.60000000000000853 ) ) ;
#3358 = CYLINDRICAL_SURFACE ( 'NONE', #4399, 3.000000000000002665 ) ;
#3359 = DIRECTION ( 'NONE',  ( -0.0000000000000000000, -1.000000000000000000, -0.0000000000000000000 ) ) ;
#3360 = LINE ( 'NONE', #1662, #3968 ) ;
#3361 = ORIENTED_EDGE ( 'NONE', *, *, #1573, .F. ) ;
#3362 = DIRECTION ( 'NONE',  ( 0.0000000000000000000, -1.000000000000000000, 0.0000000000000000000 ) ) ;
#3363 = VERTEX_POINT ( 'NONE', #1125 ) ;
#3364 = FACE_OUTER_BOUND ( 'NONE', #849, .T. ) ;
#3365 = AXIS2_PLACEMENT_3D ( 'NONE', #3212, #60, #2869 ) ;
#3366 = EDGE_CURVE ( 'NONE', #2210, #189, #3977, .T. ) ;
#3367 = CARTESIAN_POINT ( 'NONE',  ( 61.00000000000000000, 18.00000000000000000, 42.85000000000001563 ) ) ;
#3368 =( BOUNDED_CURVE ( )  B_SPLINE_CURVE ( 3, ( #4025, #1288, #2333, #3724 ),
 .UNSPECIFIED., .F., .F. ) 
 B_SPLINE_CURVE_WITH_KNOTS ( ( 4, 4 ),
 ( 4.712388980384689674, 6.283185307179586232 ),
 .UNSPECIFIED. ) 
 CURVE ( )  GEOMETRIC_REPRESENTATION_ITEM ( )  RATIONAL_B_SPLINE_CURVE ( ( 1.000000000000000000, 0.8047378541243649375, 0.8047378541243649375, 1.000000000000000000 ) ) 
 REPRESENTATION_ITEM ( '' )  );
#3369 = EDGE_LOOP ( 'NONE', ( #2629, #665 ) ) ;
#3370 = EDGE_CURVE ( 'NONE', #4506, #518, #868, .T. ) ;
#3371 = VERTEX_POINT ( 'NONE', #2947 ) ;
#3372 = CYLINDRICAL_SURFACE ( 'NONE', #381, 1.500000000000001332 ) ;
#3373 = PLANE ( 'NONE',  #2228 ) ;
#3374 = EDGE_CURVE ( 'NONE', #46, #1352, #3267, .T. ) ;
#3375 = DIRECTION ( 'NONE',  ( -0.0000000000000000000, 1.000000000000000000, -0.0000000000000000000 ) ) ;
#3376 = ORIENTED_EDGE ( 'NONE', *, *, #3704, .F. ) ;
#3377 = DIRECTION ( 'NONE',  ( -0.0000000000000000000, -0.0000000000000000000, -1.000000000000000000 ) ) ;
#3378 = ORIENTED_EDGE ( 'NONE', *, *, #738, .T. ) ;
#3379 = CYLINDRICAL_SURFACE ( 'NONE', #376, 4.216400000000006365 ) ;
#3380 = VECTOR ( 'NONE', #2723, 1000.000000000000000 ) ;
#3381 = CARTESIAN_POINT ( 'NONE',  ( 52.50000000000000711, -2.000000000000001776, 42.87500000000000000 ) ) ;
#3382 = EDGE_CURVE ( 'NONE', #3117, #3876, #3530, .T. ) ;
#3383 = DIRECTION ( 'NONE',  ( -0.0000000000000000000, 1.000000000000000000, -0.0000000000000000000 ) ) ;
#3384 = CARTESIAN_POINT ( 'NONE',  ( -62.50000000000001421, -2.000000000000000000, -42.87500000000000000 ) ) ;
#3385 = CIRCLE ( 'NONE', #2655, 4.216400000000012582 ) ;
#3386 = ORIENTED_EDGE ( 'NONE', *, *, #555, .T. ) ;
#3387 = DIRECTION ( 'NONE',  ( 1.000000000000000000, 0.0000000000000000000, -0.0000000000000000000 ) ) ;
#3388 = ORIENTED_EDGE ( 'NONE', *, *, #4362, .T. ) ;
#3389 = AXIS2_PLACEMENT_3D ( 'NONE', #2776, #3143, #3123 ) ;
#3390 = VECTOR ( 'NONE', #3437, 1000.000000000000000 ) ;
#3391 = LINE ( 'NONE', #1312, #4039 ) ;
#3392 = VECTOR ( 'NONE', #2101, 1000.000000000000000 ) ;
#3393 = CIRCLE ( 'NONE', #808, 1.500000000000001332 ) ;
#3394 = CONICAL_SURFACE ( 'NONE', #1254, 1.250000000000001110, 1.029744258676654090 ) ;
#3395 = DIRECTION ( 'NONE',  ( -0.0000000000000000000, 1.000000000000000000, -0.0000000000000000000 ) ) ;
#3396 = DIRECTION ( 'NONE',  ( 0.0000000000000000000, 0.0000000000000000000, 1.000000000000000000 ) ) ;
#3397 = VECTOR ( 'NONE', #3940, 1000.000000000000000 ) ;
#3398 = AXIS2_PLACEMENT_3D ( 'NONE', #372, #3186, #1788 ) ;
#3399 = CYLINDRICAL_SURFACE ( 'NONE', #360, 3.000000000000009770 ) ;
#3400 = VECTOR ( 'NONE', #3262, 1000.000000000000000 ) ;
#3401 = CARTESIAN_POINT ( 'NONE',  ( 0.0000000000000000000, 7.999999999999998224, 19.91428571428566485 ) ) ;
#3402 = LINE ( 'NONE', #1623, #19 ) ;
#3403 = CARTESIAN_POINT ( 'NONE',  ( -22.99999999999999289, 5.999999999999998224, 4.978571428571328283 ) ) ;
#3404 = EDGE_CURVE ( 'NONE', #2444, #545, #3244, .T. ) ;
#3405 = VERTEX_POINT ( 'NONE', #4374 ) ;
#3406 = ORIENTED_EDGE ( 'NONE', *, *, #2059, .F. ) ;
#3407 = FACE_OUTER_BOUND ( 'NONE', #542, .T. ) ;
#3408 = LINE ( 'NONE', #255, #4318 ) ;
#3409 = DIRECTION ( 'NONE',  ( 1.753511094850194495E-15, 0.0000000000000000000, 1.000000000000000000 ) ) ;
#3410 = LINE ( 'NONE', #1682, #1403 ) ;
#3411 = ORIENTED_EDGE ( 'NONE', *, *, #57, .F. ) ;
#3412 = DIRECTION ( 'NONE',  ( -0.0000000000000000000, 0.0000000000000000000, -1.000000000000000000 ) ) ;
#3413 = EDGE_CURVE ( 'NONE', #229, #3168, #305, .T. ) ;
#3414 = ORIENTED_EDGE ( 'NONE', *, *, #3201, .T. ) ;
#3415 = ORIENTED_EDGE ( 'NONE', *, *, #149, .T. ) ;
#3416 = CARTESIAN_POINT ( 'NONE',  ( -52.37999999999999545, 5.999999999999998224, -32.83420243387595860 ) ) ;
#3417 = EDGE_CURVE ( 'NONE', #3551, #4365, #2158, .T. ) ;
#3418 = ORIENTED_EDGE ( 'NONE', *, *, #1702, .T. ) ;
#3419 = CYLINDRICAL_SURFACE ( 'NONE', #154, 4.216400000000005477 ) ;
#3420 = CARTESIAN_POINT ( 'NONE',  ( 55.99999999999999289, 5.999999999999998224, 31.85000000000000497 ) ) ;
#3421 = VERTEX_POINT ( 'NONE', #1144 ) ;
#3422 = LINE ( 'NONE', #929, #3618 ) ;
#3423 = CARTESIAN_POINT ( 'NONE',  ( 0.0000000000000000000, 7.999999999999998224, -38.09999999999998010 ) ) ;
#3424 = CARTESIAN_POINT ( 'NONE',  ( 42.99999999999998579, 18.00000000000000000, 14.93571428571422111 ) ) ;
#3425 = ORIENTED_EDGE ( 'NONE', *, *, #2684, .F. ) ;
#3426 = FACE_OUTER_BOUND ( 'NONE', #3482, .T. ) ;
#3427 = ORIENTED_EDGE ( 'NONE', *, *, #109, .T. ) ;
#3428 = LINE ( 'NONE', #276, #4279 ) ;
#3429 = DIRECTION ( 'NONE',  ( -0.0000000000000000000, 1.000000000000000000, -0.0000000000000000000 ) ) ;
#3430 = EDGE_CURVE ( 'NONE', #4395, #3931, #1507, .T. ) ;
#3431 = CARTESIAN_POINT ( 'NONE',  ( -36.00000000000001421, 18.00000000000000000, -11.93571428571445203 ) ) ;
#3432 = CARTESIAN_POINT ( 'NONE',  ( -52.00133020139114137, 5.999999999999998224, -27.85729018621029596 ) ) ;
#3433 = EDGE_CURVE ( 'NONE', #3501, #1534, #3393, .T. ) ;
#3434 = ORIENTED_EDGE ( 'NONE', *, *, #543, .T. ) ;
#3435 = LINE ( 'NONE', #281, #3823 ) ;
#3436 = ORIENTED_EDGE ( 'NONE', *, *, #4391, .F. ) ;
#3437 = DIRECTION ( 'NONE',  ( 1.000000000000000000, 0.0000000000000000000, -0.0000000000000000000 ) ) ;
#3438 = EDGE_CURVE ( 'NONE', #2464, #3101, #4352, .T. ) ;
#3439 = ORIENTED_EDGE ( 'NONE', *, *, #987, .F. ) ;
#3440 = CARTESIAN_POINT ( 'NONE',  ( -62.50000000000001421, -2.000000000000000000, 42.87500000000000000 ) ) ;
#3441 = DIRECTION ( 'NONE',  ( 0.0000000000000000000, 0.0000000000000000000, -1.000000000000000000 ) ) ;
#3442 = ORIENTED_EDGE ( 'NONE', *, *, #4161, .F. ) ;
#3443 = CARTESIAN_POINT ( 'NONE',  ( -56.00000000000000000, 5.999999999999998224, -11.93571428571446269 ) ) ;
#3444 = AXIS2_PLACEMENT_3D ( 'NONE', #2485, #1115, #4547 ) ;
#3445 = DIRECTION ( 'NONE',  ( 0.0000000000000000000, 0.0000000000000000000, 1.000000000000000000 ) ) ;
#3446 = FACE_OUTER_BOUND ( 'NONE', #900, .T. ) ;
#3447 = ORIENTED_EDGE ( 'NONE', *, *, #3937, .T. ) ;
#3448 = ORIENTED_EDGE ( 'NONE', *, *, #3413, .T. ) ;
#3449 = CARTESIAN_POINT ( 'NONE',  ( -68.50000000000000000, -6.000000000000000000, 44.35000000000000853 ) ) ;
#3450 = CARTESIAN_POINT ( 'NONE',  ( -55.17025443613309932, 7.873316240121139842, -14.00851256111920939 ) ) ;
#3451 = CARTESIAN_POINT ( 'NONE',  ( -64.00000000000001421, -6.000000000000000000, -44.37500000000000711 ) ) ;
#3452 = LINE ( 'NONE', #3384, #737 ) ;
#3453 = ORIENTED_EDGE ( 'NONE', *, *, #3647, .F. ) ;
#3454 = CARTESIAN_POINT ( 'NONE',  ( 61.00000000000000000, 18.00000000000000000, -42.84999999999998721 ) ) ;
#3455 = EDGE_LOOP ( 'NONE', ( #3555, #4141, #1965, #4336, #4263, #3120, #141, #1873 ) ) ;
#3456 = FACE_OUTER_BOUND ( 'NONE', #3284, .T. ) ;
#3457 = VECTOR ( 'NONE', #3000, 1000.000000000000000 ) ;
#3458 = ADVANCED_FACE ( 'NONE', ( #848 ), #2264, .F. ) ;
#3459 = ORIENTED_EDGE ( 'NONE', *, *, #1989, .T. ) ;
#3460 = VECTOR ( 'NONE', #216, 1000.000000000000000 ) ;
#3461 = EDGE_CURVE ( 'NONE', #2387, #2528, #3410, .T. ) ;
#3462 = PLANE ( 'NONE',  #1683 ) ;
#3463 = CARTESIAN_POINT ( 'NONE',  ( -65.50000000000000000, -6.000000000000000000, 47.35000000000000853 ) ) ;
#3464 = PLANE ( 'NONE',  #4031 ) ;
#3465 = EDGE_CURVE ( 'NONE', #3833, #1220, #4093, .T. ) ;
#3466 = DIRECTION ( 'NONE',  ( 0.0000000000000000000, 0.0000000000000000000, 1.000000000000000000 ) ) ;
#3467 = VECTOR ( 'NONE', #2574, 1000.000000000000114 ) ;
#3468 = DIRECTION ( 'NONE',  ( 0.0000000000000000000, -0.7071067811865475727, -0.7071067811865475727 ) ) ;
#3469 = EDGE_CURVE ( 'NONE', #1588, #3090, #4070, .T. ) ;
#3470 = AXIS2_PLACEMENT_3D ( 'NONE', #206, #2674, #1583 ) ;
#3471 = ORIENTED_EDGE ( 'NONE', *, *, #4344, .F. ) ;
#3472 = EDGE_CURVE ( 'NONE', #861, #3529, #938, .T. ) ;
#3473 = ORIENTED_EDGE ( 'NONE', *, *, #4448, .F. ) ;
#3474 = CARTESIAN_POINT ( 'NONE',  ( 63.99999999999998579, -2.000000000000000000, 42.87500000000000000 ) ) ;
#3475 = CARTESIAN_POINT ( 'NONE',  ( -54.99802985085258911, 9.000000000000000000, -25.65502857142878668 ) ) ;
#3476 = CARTESIAN_POINT ( 'NONE',  ( -62.50000000000001421, -2.000000000000000000, 42.87500000000000000 ) ) ;
#3477 = AXIS2_PLACEMENT_3D ( 'NONE', #296, #254, #2009 ) ;
#3478 = CARTESIAN_POINT ( 'NONE',  ( -54.99802985085259621, 9.000000000000000000, -34.08782857142880118 ) ) ;
#3479 = EDGE_CURVE ( 'NONE', #4529, #2424, #989, .T. ) ;
#3480 = EDGE_LOOP ( 'NONE', ( #414, #1498, #1086, #2171, #2813 ) ) ;
#3481 = CARTESIAN_POINT ( 'NONE',  ( 55.99999999999999289, 18.00000000000000000, 31.85000000000000497 ) ) ;
#3482 = EDGE_LOOP ( 'NONE', ( #3645, #2046, #2794, #4101 ) ) ;
#3483 = CARTESIAN_POINT ( 'NONE',  ( 42.99999999999999289, 5.999999999999998224, -17.93571428571447157 ) ) ;
#3484 = VERTEX_POINT ( 'NONE', #1637 ) ;
#3485 = DIRECTION ( 'NONE',  ( 0.0000000000000000000, 0.5150380749100544886, 0.8571673007021121116 ) ) ;
#3486 = EDGE_CURVE ( 'NONE', #409, #3371, #3772, .T. ) ;
#3487 = DIRECTION ( 'NONE',  ( 0.0000000000000000000, 0.0000000000000000000, 1.000000000000000000 ) ) ;
#3488 = EDGE_CURVE ( 'NONE', #775, #2673, #4200, .T. ) ;
#3489 = DIRECTION ( 'NONE',  ( -1.000000000000000000, -0.0000000000000000000, -0.0000000000000000000 ) ) ;
#3490 = CARTESIAN_POINT ( 'NONE',  ( 63.99999999999998579, -6.000000000000000000, -42.87500000000000000 ) ) ;
#3491 = EDGE_CURVE ( 'NONE', #3051, #46, #1342, .T. ) ;
#3492 = ORIENTED_EDGE ( 'NONE', *, *, #3647, .T. ) ;
#3493 = DIRECTION ( 'NONE',  ( 0.0000000000000000000, -1.000000000000000000, 0.0000000000000000000 ) ) ;
#3494 = CARTESIAN_POINT ( 'NONE',  ( -55.42243056845111226, 7.102041380376528323, -13.71072077619700380 ) ) ;
#3495 = DIRECTION ( 'NONE',  ( 0.0000000000000000000, -1.000000000000000000, 0.0000000000000000000 ) ) ;
#3496 = CYLINDRICAL_SURFACE ( 'NONE', #3029, 3.000000000000007105 ) ;
#3497 = ORIENTED_EDGE ( 'NONE', *, *, #2721, .T. ) ;
#3498 = CARTESIAN_POINT ( 'NONE',  ( -51.99889532006724124, 5.999999999999999112, -11.94222549319118620 ) ) ;
#3499 = EDGE_LOOP ( 'NONE', ( #1876, #2977, #1290, #1844, #934, #1197, #2414, #2273 ) ) ;
#3500 = DIRECTION ( 'NONE',  ( -0.0000000000000000000, 1.000000000000000000, -0.0000000000000000000 ) ) ;
#3501 = VERTEX_POINT ( 'NONE', #2678 ) ;
#3502 = DIRECTION ( 'NONE',  ( -0.0000000000000000000, 1.000000000000000000, -0.0000000000000000000 ) ) ;
#3503 = CARTESIAN_POINT ( 'NONE',  ( 63.99999999999998579, -6.000000000000000000, 44.37500000000000711 ) ) ;
#3504 = ORIENTED_EDGE ( 'NONE', *, *, #313, .T. ) ;
#3505 = ORIENTED_EDGE ( 'NONE', *, *, #2371, .F. ) ;
#3506 = EDGE_CURVE ( 'NONE', #1056, #3868, #3360, .T. ) ;
#3507 = VECTOR ( 'NONE', #38, 1000.000000000000000 ) ;
#3508 = CARTESIAN_POINT ( 'NONE',  ( -46.00000000000000711, 18.00000000000000000, -11.93571428571446269 ) ) ;
#3509 = CARTESIAN_POINT ( 'NONE',  ( -56.00000000000000711, 12.72334312977474546, -27.89285714285734841 ) ) ;
#3510 = ADVANCED_FACE ( 'NONE', ( #4466 ), #2997, .F. ) ;
#3511 = CARTESIAN_POINT ( 'NONE',  ( -56.00000000000000711, 9.000000000000000000, -9.935714285714460914 ) ) ;
#3512 = CARTESIAN_POINT ( 'NONE',  ( -57.08000000000000540, 9.000000000000000000, -29.87142857142879038 ) ) ;
#3513 = VERTEX_POINT ( 'NONE', #4118 ) ;
#3514 = CARTESIAN_POINT ( 'NONE',  ( -60.50000000000000000, 18.00000000000000000, 38.10000000000002274 ) ) ;
#3515 = VERTEX_POINT ( 'NONE', #640 ) ;
#3516 = EDGE_CURVE ( 'NONE', #1834, #3342, #965, .T. ) ;
#3517 = FACE_BOUND ( 'NONE', #4462, .T. ) ;
#3518 = ORIENTED_EDGE ( 'NONE', *, *, #2064, .F. ) ;
#3519 = EDGE_CURVE ( 'NONE', #1534, #3913, #3452, .T. ) ;
#3520 = CARTESIAN_POINT ( 'NONE',  ( -62.50000000000001421, -4.499999999999957367, 42.87500000000000000 ) ) ;
#3521 = ADVANCED_FACE ( 'NONE', ( #1239 ), #2033, .F. ) ;
#3522 = VECTOR ( 'NONE', #2164, 1000.000000000000000 ) ;
#3523 = AXIS2_PLACEMENT_3D ( 'NONE', #2021, #4503, #3396 ) ;
#3524 = CARTESIAN_POINT ( 'NONE',  ( -56.00000000000000000, 12.72334312977474369, -31.85000000000023945 ) ) ;
#3525 = ORIENTED_EDGE ( 'NONE', *, *, #2563, .F. ) ;
#3526 = AXIS2_PLACEMENT_3D ( 'NONE', #3241, #95, #2903 ) ;
#3527 = CIRCLE ( 'NONE', #880, 4.936178932939926156 ) ;
#3528 = AXIS2_PLACEMENT_3D ( 'NONE', #3974, #428, #3242 ) ;
#3529 = VERTEX_POINT ( 'NONE', #2310 ) ;
#3530 = CIRCLE ( 'NONE', #2294, 1.500000000000001332 ) ;
#3531 = DIRECTION ( 'NONE',  ( -0.0000000000000000000, -1.000000000000000000, -0.0000000000000000000 ) ) ;
#3532 = DIRECTION ( 'NONE',  ( -0.9995520592605567911, 3.665114028111677693E-18, -0.02992792722492291710 ) ) ;
#3533 = DIRECTION ( 'NONE',  ( 0.0000000000000000000, 0.0000000000000000000, 1.000000000000000000 ) ) ;
#3534 = EDGE_CURVE ( 'NONE', #1353, #3033, #3702, .T. ) ;
#3535 = DIRECTION ( 'NONE',  ( 0.0000000000000000000, 0.0000000000000000000, 1.000000000000000000 ) ) ;
#3536 = VECTOR ( 'NONE', #1300, 1000.000000000000000 ) ;
#3537 = CIRCLE ( 'NONE', #3398, 3.000000000000002665 ) ;
#3538 = VERTEX_POINT ( 'NONE', #917 ) ;
#3539 = DIRECTION ( 'NONE',  ( -0.0000000000000000000, 1.000000000000000000, -0.0000000000000000000 ) ) ;
#3540 = ORIENTED_EDGE ( 'NONE', *, *, #2432, .T. ) ;
#3541 = AXIS2_PLACEMENT_3D ( 'NONE', #3015, #4371, #2241 ) ;
#3542 = FACE_OUTER_BOUND ( 'NONE', #1043, .T. ) ;
#3543 = VECTOR ( 'NONE', #291, 1000.000000000000000 ) ;
#3544 = ORIENTED_EDGE ( 'NONE', *, *, #928, .F. ) ;
#3545 = EDGE_CURVE ( 'NONE', #29, #265, #1928, .T. ) ;
#3546 = DIRECTION ( 'NONE',  ( 0.0000000000000000000, 0.0000000000000000000, -1.000000000000000000 ) ) ;
#3547 = ORIENTED_EDGE ( 'NONE', *, *, #2721, .F. ) ;
#3548 = CARTESIAN_POINT ( 'NONE',  ( 1.530808498934188612E-16, 7.999999999999998224, 38.10000000000000853 ) ) ;
#3549 = CARTESIAN_POINT ( 'NONE',  ( 52.99999999999999289, 18.00000000000000000, -7.978571428571572532 ) ) ;
#3550 = EDGE_LOOP ( 'NONE', ( #3775, #1301, #184, #471 ) ) ;
#3551 = VERTEX_POINT ( 'NONE', #3478 ) ;
#3552 = DIRECTION ( 'NONE',  ( 0.0000000000000000000, 0.0000000000000000000, 1.000000000000000000 ) ) ;
#3553 = CARTESIAN_POINT ( 'NONE',  ( 65.50000000000000000, 0.0000000000000000000, -44.34999999999998010 ) ) ;
#3554 = CARTESIAN_POINT ( 'NONE',  ( 60.50000000000000000, 18.00000000000000000, -40.59999999999997300 ) ) ;
#3555 = ORIENTED_EDGE ( 'NONE', *, *, #1573, .T. ) ;
#3556 = LINE ( 'NONE', #2239, #2727 ) ;
#3557 = ORIENTED_EDGE ( 'NONE', *, *, #778, .T. ) ;
#3558 = DIRECTION ( 'NONE',  ( -1.000000000000000000, -0.0000000000000000000, -0.0000000000000000000 ) ) ;
#3559 = LINE ( 'NONE', #3924, #157 ) ;
#3560 = CARTESIAN_POINT ( 'NONE',  ( 63.99999999999998579, -2.000000000000000000, -44.37500000000000711 ) ) ;
#3561 = ORIENTED_EDGE ( 'NONE', *, *, #1373, .F. ) ;
#3562 = UNCERTAINTY_MEASURE_WITH_UNIT (LENGTH_MEASURE( 1.000000000000000082E-05 ), #2183, 'distance_accuracy_value', 'NONE');
#3563 = CARTESIAN_POINT ( 'NONE',  ( 63.99999999999998579, -2.000000000000000000, -42.87500000000000000 ) ) ;
#3564 = CIRCLE ( 'NONE', #1586, 3.000000000000009770 ) ;
#3565 = EDGE_LOOP ( 'NONE', ( #1074, #2390, #172, #3425 ) ) ;
#3566 = B_SPLINE_CURVE_WITH_KNOTS ( 'NONE', 3,
 ( #569, #3721, #2330, #595, #4117, #2647, #4069, #1661, #1306, #1681, #3018, #521, #3742, #1983 ),
 .UNSPECIFIED., .F., .F.,
 ( 4, 2, 2, 2, 2, 2, 4 ),
 ( 0.0000000000000000000, 0.001161134061401173289, 0.002322268122802346579, 0.002902835153502933332, 0.003483402184203519651, 0.004063969214904106404, 0.004644536245604693157 ),
 .UNSPECIFIED. ) ;
#3567 = EDGE_CURVE ( 'NONE', #518, #449, #1753, .T. ) ;
#3568 = LINE ( 'NONE', #413, #3687 ) ;
#3569 = FACE_OUTER_BOUND ( 'NONE', #3663, .T. ) ;
#3570 = ADVANCED_FACE ( 'NONE', ( #3815 ), #2811, .F. ) ;
#3571 = ORIENTED_EDGE ( 'NONE', *, *, #904, .T. ) ;
#3572 = VERTEX_POINT ( 'NONE', #1794 ) ;
#3573 = DIRECTION ( 'NONE',  ( 0.0000000000000000000, 0.0000000000000000000, 1.000000000000000000 ) ) ;
#3574 = DIRECTION ( 'NONE',  ( -0.0000000000000000000, 1.000000000000000000, -0.0000000000000000000 ) ) ;
#3575 = CARTESIAN_POINT ( 'NONE',  ( 68.50000000000000000, 103.0953168557000907, 31.35000000000000853 ) ) ;
#3576 = DIRECTION ( 'NONE',  ( -1.000000000000000000, 0.0000000000000000000, -0.0000000000000000000 ) ) ;
#3577 = EDGE_LOOP ( 'NONE', ( #3855, #2641, #1686, #4381 ) ) ;
#3578 = CARTESIAN_POINT ( 'NONE',  ( 64.00000000000000000, 103.0953168557000907, -31.35000000000000853 ) ) ;
#3579 = ORIENTED_EDGE ( 'NONE', *, *, #219, .F. ) ;
#3580 = FACE_OUTER_BOUND ( 'NONE', #152, .T. ) ;
#3581 = CARTESIAN_POINT ( 'NONE',  ( -65.50000000000000000, -6.000000000000000000, -47.34999999999998010 ) ) ;
#3582 = CARTESIAN_POINT ( 'NONE',  ( -64.00000000000001421, -2.000000000000000000, -42.87500000000000000 ) ) ;
#3583 = ORIENTED_EDGE ( 'NONE', *, *, #112, .T. ) ;
#3584 = DIRECTION ( 'NONE',  ( -0.0000000000000000000, 1.000000000000000000, -0.0000000000000000000 ) ) ;
#3585 = ORIENTED_EDGE ( 'NONE', *, *, #3676, .T. ) ;
#3586 = LINE ( 'NONE', #484, #2656 ) ;
#3587 = EDGE_CURVE ( 'NONE', #340, #3176, #3237, .T. ) ;
#3588 = PLANE ( 'NONE',  #3889 ) ;
#3589 = ORIENTED_EDGE ( 'NONE', *, *, #2458, .T. ) ;
#3590 = CIRCLE ( 'NONE', #297, 3.000000000000002665 ) ;
#3591 = ORIENTED_EDGE ( 'NONE', *, *, #3126, .F. ) ;
#3592 = EDGE_CURVE ( 'NONE', #3371, #4150, #3194, .T. ) ;
#3593 = CARTESIAN_POINT ( 'NONE',  ( 60.50000000000000000, 7.248924226215546440, 39.35000000000000853 ) ) ;
#3594 = AXIS2_PLACEMENT_3D ( 'NONE', #4494, #4215, #1057 ) ;
#3595 = VECTOR ( 'NONE', #4172, 1000.000000000000000 ) ;
#3596 = FACE_OUTER_BOUND ( 'NONE', #1132, .T. ) ;
#3597 = CARTESIAN_POINT ( 'NONE',  ( -64.00000000000001421, -2.000000000000000000, -42.87500000000000000 ) ) ;
#3598 = DIRECTION ( 'NONE',  ( 1.049727191138618449E-16, 0.5150380749100544886, -0.8571673007021121116 ) ) ;
#3599 = ADVANCED_FACE ( 'NONE', ( #3116 ), #1029, .F. ) ;
#3600 = VECTOR ( 'NONE', #2976, 1000.000000000000000 ) ;
#3601 = ORIENTED_EDGE ( 'NONE', *, *, #3078, .T. ) ;
#3602 = DIRECTION ( 'NONE',  ( 1.000000000000000000, 0.0000000000000000000, 6.546126324440783116E-17 ) ) ;
#3603 = CC_DESIGN_APPROVAL ( #751, ( #353 ) ) ;
#3604 = EDGE_LOOP ( 'NONE', ( #3990, #8, #2783, #3388, #2851, #2483, #3334, #2200 ) ) ;
#3605 = LINE ( 'NONE', #114, #3686 ) ;
#3606 = CARTESIAN_POINT ( 'NONE',  ( 62.49999999999998579, -5.378679656440315426, 43.75367965644036161 ) ) ;
#3607 = CARTESIAN_POINT ( 'NONE',  ( -60.50000000000000000, 7.999999999999998224, 39.35000000000000853 ) ) ;
#3608 = VECTOR ( 'NONE', #491, 1000.000000000000000 ) ;
#3609 = VECTOR ( 'NONE', #1345, 1000.000000000000000 ) ;
#3610 = CARTESIAN_POINT ( 'NONE',  ( 63.99999999999998579, -2.000000000000000000, -41.37500000000000000 ) ) ;
#3611 = EDGE_CURVE ( 'NONE', #2542, #4402, #1092, .T. ) ;
#3612 = ORIENTED_EDGE ( 'NONE', *, *, #2959, .F. ) ;
#3613 = PLANE ( 'NONE',  #4485 ) ;
#3614 = AXIS2_PLACEMENT_3D ( 'NONE', #1299, #2711, #4480 ) ;
#3615 = ORIENTED_EDGE ( 'NONE', *, *, #1829, .F. ) ;
#3616 = CARTESIAN_POINT ( 'NONE',  ( -22.99999999999999289, 5.999999999999998224, -1.978571428571556767 ) ) ;
#3617 = VECTOR ( 'NONE', #2180, 1000.000000000000000 ) ;
#3618 = VECTOR ( 'NONE', #2342, 1000.000000000000000 ) ;
#3619 = EDGE_CURVE ( 'NONE', #4409, #2008, #3154, .T. ) ;
#3620 = FACE_BOUND ( 'NONE', #3012, .T. ) ;
#3621 = ORIENTED_EDGE ( 'NONE', *, *, #4453, .T. ) ;
#3622 = CARTESIAN_POINT ( 'NONE',  ( -22.99999999999999289, 5.999999999999998224, -4.978571428571564539 ) ) ;
#3623 = FACE_OUTER_BOUND ( 'NONE', #31, .T. ) ;
#3624 = CARTESIAN_POINT ( 'NONE',  ( 68.50000000000000000, -2.000000000000001776, 31.35000000000000853 ) ) ;
#3625 = EDGE_CURVE ( 'NONE', #3090, #2199, #512, .T. ) ;
#3626 = DIRECTION ( 'NONE',  ( 0.0000000000000000000, 0.0000000000000000000, 1.000000000000000000 ) ) ;
#3627 = ORIENTED_EDGE ( 'NONE', *, *, #78, .T. ) ;
#3628 = CARTESIAN_POINT ( 'NONE',  ( -52.50000000000000711, -6.000000000000000000, 44.37500000000004974 ) ) ;
#3629 = EDGE_LOOP ( 'NONE', ( #3654, #3146, #1960, #1431, #3414 ) ) ;
#3630 = DIRECTION ( 'NONE',  ( -1.000000000000000000, 0.0000000000000000000, 0.0000000000000000000 ) ) ;
#3631 = LINE ( 'NONE', #4068, #3150 ) ;
#3632 = DIRECTION ( 'NONE',  ( -0.0000000000000000000, -1.000000000000000000, 0.0000000000000000000 ) ) ;
#3633 = ORIENTED_EDGE ( 'NONE', *, *, #2952, .F. ) ;
#3634 = DIRECTION ( 'NONE',  ( 1.000000000000000000, 0.0000000000000000000, 6.546126324440783116E-17 ) ) ;
#3635 = VERTEX_POINT ( 'NONE', #3875 ) ;
#3636 = APPROVAL_ROLE ( '' ) ;
#3637 = DIRECTION ( 'NONE',  ( 0.0000000000000000000, 0.0000000000000000000, 1.000000000000000000 ) ) ;
#3638 = FACE_BOUND ( 'NONE', #1988, .T. ) ;
#3639 = VERTEX_POINT ( 'NONE', #339 ) ;
#3640 = DIRECTION ( 'NONE',  ( -1.000000000000000000, -0.0000000000000000000, -0.0000000000000000000 ) ) ;
#3641 = LINE ( 'NONE', #3693, #1217 ) ;
#3642 = CARTESIAN_POINT ( 'NONE',  ( -57.08000000000000540, 9.000000000000000000, -4.999535352774534758 ) ) ;
#3643 = CARTESIAN_POINT ( 'NONE',  ( 52.50000000000000711, -2.000000000000001776, -42.87500000000000000 ) ) ;
#3644 = EDGE_CURVE ( 'NONE', #3371, #983, #4264, .T. ) ;
#3645 = ORIENTED_EDGE ( 'NONE', *, *, #4008, .T. ) ;
#3646 = DIRECTION ( 'NONE',  ( 0.0000000000000000000, 0.0000000000000000000, -1.000000000000000000 ) ) ;
#3647 = EDGE_CURVE ( 'NONE', #2194, #29, #4517, .T. ) ;
#3648 = ORIENTED_EDGE ( 'NONE', *, *, #3644, .F. ) ;
#3649 = CARTESIAN_POINT ( 'NONE',  ( 1.530808498934188612E-16, 7.999999999999998224, -21.16428571428590288 ) ) ;
#3650 = DIRECTION ( 'NONE',  ( 1.000000000000000000, 0.0000000000000000000, 0.0000000000000000000 ) ) ;
#3651 = CYLINDRICAL_SURFACE ( 'NONE', #1109, 3.000000000000006217 ) ;
#3652 = DIRECTION ( 'NONE',  ( -0.0000000000000000000, 1.000000000000000000, -0.0000000000000000000 ) ) ;
#3653 = ADVANCED_FACE ( 'NONE', ( #4550 ), #720, .F. ) ;
#3654 = ORIENTED_EDGE ( 'NONE', *, *, #2845, .T. ) ;
#3655 = DIRECTION ( 'NONE',  ( 0.0000000000000000000, 0.0000000000000000000, -1.000000000000000000 ) ) ;
#3656 = EDGE_CURVE ( 'NONE', #213, #1353, #1358, .T. ) ;
#3657 = ORIENTED_EDGE ( 'NONE', *, *, #176, .F. ) ;
#3658 = CIRCLE ( 'NONE', #3004, 3.000000000000006217 ) ;
#3659 = DIRECTION ( 'NONE',  ( 0.0000000000000000000, 1.000000000000000000, 0.0000000000000000000 ) ) ;
#3660 = ADVANCED_FACE ( 'NONE', ( #4535 ), #3496, .T. ) ;
#3661 = FACE_OUTER_BOUND ( 'NONE', #2089, .T. ) ;
#3662 = EDGE_CURVE ( 'NONE', #1939, #768, #2075, .T. ) ;
#3663 = EDGE_LOOP ( 'NONE', ( #558, #2165, #3748, #2014 ) ) ;
#3664 = CARTESIAN_POINT ( 'NONE',  ( -68.49999999999998579, -6.000000000000000000, 31.35000000000000853 ) ) ;
#3665 = CARTESIAN_POINT ( 'NONE',  ( -57.08000000000000540, 9.000000000000000000, -9.935714285714460914 ) ) ;
#3666 = EDGE_LOOP ( 'NONE', ( #2722, #3316, #3298, #2816, #4220, #2121, #262, #3259 ) ) ;
#3667 = AXIS2_PLACEMENT_3D ( 'NONE', #2172, #411, #1821 ) ;
#3668 = CARTESIAN_POINT ( 'NONE',  ( -49.00000000000001421, 5.999999999999998224, -14.93571428571446269 ) ) ;
#3669 = VERTEX_POINT ( 'NONE', #1735 ) ;
#3670 = CARTESIAN_POINT ( 'NONE',  ( -65.50000000000001421, -6.000000000000000000, 42.87500000000000000 ) ) ;
#3671 = VECTOR ( 'NONE', #1835, 1000.000000000000000 ) ;
#3672 = CIRCLE ( 'NONE', #1925, 1.249999999999997558 ) ;
#3673 = VERTEX_POINT ( 'NONE', #1378 ) ;
#3674 = CARTESIAN_POINT ( 'NONE',  ( 63.99999999999998579, -2.000000000000000000, -42.87500000000000000 ) ) ;
#3675 = CARTESIAN_POINT ( 'NONE',  ( 65.50000000000000000, -6.000000000000000000, 47.35000000000000853 ) ) ;
#3676 = EDGE_CURVE ( 'NONE', #3268, #3572, #1472, .T. ) ;
#3677 = FACE_OUTER_BOUND ( 'NONE', #3786, .T. ) ;
#3678 = LINE ( 'NONE', #478, #371 ) ;
#3679 = AXIS2_PLACEMENT_3D ( 'NONE', #2449, #2487, #3859 ) ;
#3680 = CIRCLE ( 'NONE', #2871, 1.249999999999987121 ) ;
#3681 = ORIENTED_EDGE ( 'NONE', *, *, #2801, .F. ) ;
#3682 = DIRECTION ( 'NONE',  ( 0.0000000000000000000, 0.5150380749100563760, 0.8571673007021110013 ) ) ;
#3683 = EDGE_LOOP ( 'NONE', ( #990, #1919, #587, #4321, #3697, #3948 ) ) ;
#3684 = DIRECTION ( 'NONE',  ( -0.0000000000000000000, 1.000000000000000000, -0.0000000000000000000 ) ) ;
#3685 = EDGE_CURVE ( 'NONE', #3354, #792, #1419, .T. ) ;
#3686 = VECTOR ( 'NONE', #2944, 1000.000000000000000 ) ;
#3687 = VECTOR ( 'NONE', #2887, 1000.000000000000000 ) ;
#3688 = LINE ( 'NONE', #557, #3233 ) ;
#3689 = CIRCLE ( 'NONE', #1476, 3.000000000000002665 ) ;
#3690 = ORIENTED_EDGE ( 'NONE', *, *, #331, .T. ) ;
#3691 = ORIENTED_EDGE ( 'NONE', *, *, #4291, .T. ) ;
#3692 = DIRECTION ( 'NONE',  ( 0.0000000000000000000, -0.7071067811865475727, 0.7071067811865475727 ) ) ;
#3693 = CARTESIAN_POINT ( 'NONE',  ( 46.00000000000000000, 5.999999999999998224, -17.93571428571447157 ) ) ;
#3694 = CYLINDRICAL_SURFACE ( 'NONE', #1710, 3.000000000000012879 ) ;
#3695 = ORIENTED_EDGE ( 'NONE', *, *, #3469, .F. ) ;
#3696 = DIRECTION ( 'NONE',  ( 0.0000000000000000000, 0.0000000000000000000, 1.000000000000000000 ) ) ;
#3697 = ORIENTED_EDGE ( 'NONE', *, *, #4331, .T. ) ;
#3698 = CARTESIAN_POINT ( 'NONE',  ( -32.99999999999999289, 5.999999999999998224, 14.93571428571422643 ) ) ;
#3699 = B_SPLINE_CURVE_WITH_KNOTS ( 'NONE', 3,
 ( #3475, #1733, #3063, #4464, #321, #1305, #3132, #1135, #1417, #2828, #421, #4228, #717, #3509 ),
 .UNSPECIFIED., .F., .F.,
 ( 4, 2, 2, 2, 2, 2, 4 ),
 ( 0.003433926764172382830, 0.004015680780329925446, 0.004597434796487468063, 0.005179188812645010680, 0.005760942828802554164, 0.006924450861117644601, 0.008087958893432736773 ),
 .UNSPECIFIED. ) ;
#3700 = LINE ( 'NONE', #1982, #860 ) ;
#3701 = CARTESIAN_POINT ( 'NONE',  ( 0.0000000000000000000, 18.00000000000000000, 19.91428571428566485 ) ) ;
#3702 = LINE ( 'NONE', #4418, #2001 ) ;
#3703 = ORIENTED_EDGE ( 'NONE', *, *, #3199, .T. ) ;
#3704 = EDGE_CURVE ( 'NONE', #3820, #2772, #4273, .T. ) ;
#3705 = DIRECTION ( 'NONE',  ( 1.000000000000000000, 0.0000000000000000000, 2.282530889443167700E-17 ) ) ;
#3706 = VERTEX_POINT ( 'NONE', #3282 ) ;
#3707 = CARTESIAN_POINT ( 'NONE',  ( -52.50000000000000711, -4.499999999999962697, 42.87500000000000000 ) ) ;
#3708 = EDGE_CURVE ( 'NONE', #869, #1129, #373, .T. ) ;
#3709 = LINE ( 'NONE', #2705, #2732 ) ;
#3710 = ORIENTED_EDGE ( 'NONE', *, *, #2901, .T. ) ;
#3711 = EDGE_CURVE ( 'NONE', #792, #3253, #4130, .T. ) ;
#3712 = ORIENTED_EDGE ( 'NONE', *, *, #3852, .T. ) ;
#3713 = CARTESIAN_POINT ( 'NONE',  ( 42.99999999999998579, 5.999999999999998224, -24.89285714285734841 ) ) ;
#3714 = CARTESIAN_POINT ( 'NONE',  ( -68.50000000000000000, -6.000000000000000000, 47.35000000000000853 ) ) ;
#3715 = DIRECTION ( 'NONE',  ( -1.000000000000000000, 0.0000000000000000000, 1.141265444721583850E-17 ) ) ;
#3716 = ORIENTED_EDGE ( 'NONE', *, *, #2504, .T. ) ;
#3717 = DIRECTION ( 'NONE',  ( 0.0000000000000000000, 1.000000000000000000, -0.0000000000000000000 ) ) ;
#3718 = VERTEX_POINT ( 'NONE', #1209 ) ;
#3719 = CARTESIAN_POINT ( 'NONE',  ( -64.00000000000000000, 9.000000000000000000, -9.935714285714460914 ) ) ;
#3720 = LINE ( 'NONE', #2283, #58 ) ;
#3721 = CARTESIAN_POINT ( 'NONE',  ( -55.99999999999999289, 12.52507041496845908, -12.28241531920123464 ) ) ;
#3722 = CARTESIAN_POINT ( 'NONE',  ( 60.50000000000000000, 18.00000000000000000, 0.0000000000000000000 ) ) ;
#3723 = VERTEX_POINT ( 'NONE', #1813 ) ;
#3724 = CARTESIAN_POINT ( 'NONE',  ( 63.99999999999998579, -6.000000000000000000, -44.37500000000000711 ) ) ;
#3725 = VERTEX_POINT ( 'NONE', #2898 ) ;
#3726 = DIRECTION ( 'NONE',  ( -0.0000000000000000000, -0.7071067811865474617, 0.7071067811865474617 ) ) ;
#3727 = CIRCLE ( 'NONE', #1825, 3.000000000000002665 ) ;
#3728 = DIRECTION ( 'NONE',  ( 0.7071067811865474617, -0.7071067811865474617, 0.0000000000000000000 ) ) ;
#3729 = ADVANCED_FACE ( 'NONE', ( #816 ), #841, .F. ) ;
#3730 = DIRECTION ( 'NONE',  ( 0.0000000000000000000, 0.0000000000000000000, -1.000000000000000000 ) ) ;
#3731 = FACE_OUTER_BOUND ( 'NONE', #2644, .T. ) ;
#3732 = DIRECTION ( 'NONE',  ( -1.000000000000000000, 0.0000000000000000000, 0.0000000000000000000 ) ) ;
#3733 = CARTESIAN_POINT ( 'NONE',  ( -2.633254106751156424E-15, 7.248924226215546440, -19.91428571428590644 ) ) ;
#3734 = CARTESIAN_POINT ( 'NONE',  ( -65.50000000000001421, -6.000000000000000000, -42.87500000000000000 ) ) ;
#3735 = ADVANCED_FACE ( 'NONE', ( #3258 ), #166, .F. ) ;
#3736 = ORIENTED_EDGE ( 'NONE', *, *, #2049, .T. ) ;
#3737 = LINE ( 'NONE', #2642, #6 ) ;
#3738 = ORIENTED_EDGE ( 'NONE', *, *, #1751, .F. ) ;
#3739 = DIRECTION ( 'NONE',  ( -0.0000000000000000000, 1.000000000000000000, -0.0000000000000000000 ) ) ;
#3740 = AXIS2_PLACEMENT_3D ( 'NONE', #1009, #2473, #2407 ) ;
#3741 = CARTESIAN_POINT ( 'NONE',  ( 0.0000000000000000000, 18.00000000000000000, 39.35000000000000853 ) ) ;
#3742 = CARTESIAN_POINT ( 'NONE',  ( -55.02177423071915285, 9.194151715138316305, -14.15211428571446817 ) ) ;
#3743 = CARTESIAN_POINT ( 'NONE',  ( 60.50000000000000000, 7.999999999999998224, 1.250000000000001110 ) ) ;
#3744 = EDGE_CURVE ( 'NONE', #3725, #4424, #1454, .T. ) ;
#3745 = AXIS2_PLACEMENT_3D ( 'NONE', #2375, #3766, #957 ) ;
#3746 = VERTEX_POINT ( 'NONE', #2553 ) ;
#3747 = FACE_OUTER_BOUND ( 'NONE', #2694, .T. ) ;
#3748 = ORIENTED_EDGE ( 'NONE', *, *, #1641, .F. ) ;
#3749 = VECTOR ( 'NONE', #602, 1000.000000000000000 ) ;
#3750 = DIRECTION ( 'NONE',  ( -0.0000000000000000000, 1.000000000000000000, -0.0000000000000000000 ) ) ;
#3751 = CIRCLE ( 'NONE', #1329, 4.216400000000006365 ) ;
#3752 = VECTOR ( 'NONE', #4284, 1000.000000000000000 ) ;
#3753 = EDGE_LOOP ( 'NONE', ( #36, #1590, #3082 ) ) ;
#3754 = LINE ( 'NONE', #2020, #1248 ) ;
#3755 = CARTESIAN_POINT ( 'NONE',  ( -2.633254106751156424E-15, 7.248924226215546440, -39.34999999999998010 ) ) ;
#3756 = CIRCLE ( 'NONE', #2591, 1.250000000000001110 ) ;
#3757 = AXIS2_PLACEMENT_3D ( 'NONE', #2822, #4542, #3144 ) ;
#3758 = ORIENTED_EDGE ( 'NONE', *, *, #2773, .T. ) ;
#3759 = EDGE_CURVE ( 'NONE', #1588, #2199, #423, .T. ) ;
#3760 = AXIS2_PLACEMENT_3D ( 'NONE', #1940, #3630, #3972 ) ;
#3761 = FACE_OUTER_BOUND ( 'NONE', #2187, .T. ) ;
#3762 = DIRECTION ( 'NONE',  ( -0.0000000000000000000, 1.000000000000000000, -0.0000000000000000000 ) ) ;
#3763 = FACE_OUTER_BOUND ( 'NONE', #2624, .T. ) ;
#3764 = VECTOR ( 'NONE', #1206, 1000.000000000000000 ) ;
#3765 = ORIENTED_EDGE ( 'NONE', *, *, #2901, .F. ) ;
#3766 = DIRECTION ( 'NONE',  ( -0.0000000000000000000, -1.000000000000000000, -0.0000000000000000000 ) ) ;
#3767 = ORIENTED_EDGE ( 'NONE', *, *, #1286, .T. ) ;
#3768 = CARTESIAN_POINT ( 'NONE',  ( -53.00000000000000000, 5.999999999999998224, -34.85000000000024301 ) ) ;
#3769 = CARTESIAN_POINT ( 'NONE',  ( -62.50000000000001421, -2.000000000000000000, 42.87500000000000000 ) ) ;
#3770 = EDGE_CURVE ( 'NONE', #4314, #3862, #1524, .T. ) ;
#3771 = LINE ( 'NONE', #2697, #2509 ) ;
#3772 = LINE ( 'NONE', #549, #159 ) ;
#3773 = ORIENTED_EDGE ( 'NONE', *, *, #4471, .T. ) ;
#3774 = CARTESIAN_POINT ( 'NONE',  ( -2.633254106751156424E-15, 7.248924226215546440, 19.91428571428566485 ) ) ;
#3775 = ORIENTED_EDGE ( 'NONE', *, *, #2758, .F. ) ;
#3776 = DIRECTION ( 'NONE',  ( 0.0000000000000000000, 0.0000000000000000000, 1.000000000000000000 ) ) ;
#3777 = ORIENTED_EDGE ( 'NONE', *, *, #476, .F. ) ;
#3778 = LINE ( 'NONE', #3440, #3460 ) ;
#3779 = CARTESIAN_POINT ( 'NONE',  ( 60.50000000000000000, 18.00000000000000000, 1.249999999999994227 ) ) ;
#3780 = ORIENTED_EDGE ( 'NONE', *, *, #3191, .F. ) ;
#3781 = ORIENTED_EDGE ( 'NONE', *, *, #1627, .T. ) ;
#3782 = FACE_OUTER_BOUND ( 'NONE', #3203, .T. ) ;
#3783 = DIRECTION ( 'NONE',  ( 1.000000000000000000, 0.0000000000000000000, -0.0000000000000000000 ) ) ;
#3784 = CARTESIAN_POINT ( 'NONE',  ( 60.50000000000000000, 7.999999999999998224, 39.35000000000000853 ) ) ;
#3785 = ORIENTED_EDGE ( 'NONE', *, *, #2044, .T. ) ;
#3786 = EDGE_LOOP ( 'NONE', ( #3648, #2609, #994, #1797 ) ) ;
#3787 = LINE ( 'NONE', #4515, #1412 ) ;
#3788 = PLANE ( 'NONE',  #2423 ) ;
#3789 = PLANE ( 'NONE',  #437 ) ;
#3790 = EDGE_CURVE ( 'NONE', #1353, #2772, #788, .T. ) ;
#3791 = CARTESIAN_POINT ( 'NONE',  ( -52.18206334696841253, 5.999999999999999112, -27.37746353735964533 ) ) ;
#3792 = ORIENTED_EDGE ( 'NONE', *, *, #1605, .T. ) ;
#3793 = EDGE_CURVE ( 'NONE', #2752, #857, #669, .T. ) ;
#3794 = CARTESIAN_POINT ( 'NONE',  ( -65.50000000000000000, 0.0000000000000000000, 44.35000000000000853 ) ) ;
#3795 = VERTEX_POINT ( 'NONE', #1159 ) ;
#3796 = CARTESIAN_POINT ( 'NONE',  ( 0.0000000000000000000, 7.999999999999998224, -39.34999999999998010 ) ) ;
#3797 = EDGE_CURVE ( 'NONE', #1191, #131, #2237, .T. ) ;
#3798 = EDGE_CURVE ( 'NONE', #4520, #2604, #4504, .T. ) ;
#3799 = ORIENTED_EDGE ( 'NONE', *, *, #7, .F. ) ;
#3800 = DIRECTION ( 'NONE',  ( 0.0000000000000000000, -1.000000000000000000, 0.0000000000000000000 ) ) ;
#3801 = DIRECTION ( 'NONE',  ( 0.0000000000000000000, 0.0000000000000000000, -1.000000000000000000 ) ) ;
#3802 = EDGE_CURVE ( 'NONE', #2066, #1795, #2082, .T. ) ;
#3803 = EDGE_LOOP ( 'NONE', ( #3434, #4188, #1972, #205 ) ) ;
#3804 = CARTESIAN_POINT ( 'NONE',  ( -49.00000000000000711, 18.00000000000000000, -11.93571428571446269 ) ) ;
#3805 = CARTESIAN_POINT ( 'NONE',  ( 52.99999999999999289, 18.00000000000000000, -4.978571428571563651 ) ) ;
#3806 = AXIS2_PLACEMENT_3D ( 'NONE', #1355, #619, #2447 ) ;
#3807 = CARTESIAN_POINT ( 'NONE',  ( -36.00000000000001421, 5.999999999999998224, -11.93571428571445203 ) ) ;
#3808 = EDGE_CURVE ( 'NONE', #2060, #861, #447, .T. ) ;
#3809 = B_SPLINE_CURVE_WITH_KNOTS ( 'NONE', 3,
 ( #1409, #2109, #2523, #760, #370, #1062, #2478, #3850, #1823, #33, #3865, #347, #1761, #2125 ),
 .UNSPECIFIED., .F., .F.,
 ( 4, 2, 2, 2, 2, 2, 4 ),
 ( 0.0000000000000000000, 0.001168472493097315844, 0.002336944986194631688, 0.002921181232743286574, 0.003505417479291941460, 0.004089653725840596346, 0.004673889972389251232 ),
 .UNSPECIFIED. ) ;
#3810 = ORIENTED_EDGE ( 'NONE', *, *, #1668, .F. ) ;
#3811 = ORIENTED_EDGE ( 'NONE', *, *, #3465, .F. ) ;
#3812 = CARTESIAN_POINT ( 'NONE',  ( 60.50000000000000000, 7.999999999999998224, -39.34999999999998010 ) ) ;
#3813 = DIRECTION ( 'NONE',  ( 0.0000000000000000000, 0.0000000000000000000, 1.000000000000000000 ) ) ;
#3814 = CARTESIAN_POINT ( 'NONE',  ( -64.00000000000000000, 9.000000000000000000, -5.719314285714454549 ) ) ;
#3815 = FACE_OUTER_BOUND ( 'NONE', #3904, .T. ) ;
#3816 = ORIENTED_EDGE ( 'NONE', *, *, #530, .T. ) ;
#3817 = EDGE_LOOP ( 'NONE', ( #3195, #2707, #4050, #1929 ) ) ;
#3818 = CARTESIAN_POINT ( 'NONE',  ( -51.73212510125085117, 5.999999999999999112, -8.913936820772873304 ) ) ;
#3819 = EDGE_CURVE ( 'NONE', #721, #2442, #4341, .T. ) ;
#3820 = VERTEX_POINT ( 'NONE', #2968 ) ;
#3821 = CC_DESIGN_PERSON_AND_ORGANIZATION_ASSIGNMENT ( #1538, #1591, ( #4201 ) ) ;
#3822 = CARTESIAN_POINT ( 'NONE',  ( -43.00000000000000000, 5.999999999999998224, 24.89285714285711748 ) ) ;
#3823 = VECTOR ( 'NONE', #1685, 1000.000000000000000 ) ;
#3824 = ORIENTED_EDGE ( 'NONE', *, *, #2059, .T. ) ;
#3825 = VECTOR ( 'NONE', #4441, 1000.000000000000000 ) ;
#3826 = LINE ( 'NONE', #3905, #2583 ) ;
#3827 = CIRCLE ( 'NONE', #2950, 3.000000000000002665 ) ;
#3828 = EDGE_CURVE ( 'NONE', #2616, #2034, #1930, .T. ) ;
#3829 = DIRECTION ( 'NONE',  ( -1.000000000000000000, -0.0000000000000000000, -0.0000000000000000000 ) ) ;
#3830 = VECTOR ( 'NONE', #25, 1000.000000000000000 ) ;
#3831 = AXIS2_PLACEMENT_3D ( 'NONE', #3597, #766, #3302 ) ;
#3832 = CARTESIAN_POINT ( 'NONE',  ( -57.08000000000000540, 9.000000000000000000, -9.935714285714460914 ) ) ;
#3833 = VERTEX_POINT ( 'NONE', #2277 ) ;
#3834 = AXIS2_PLACEMENT_3D ( 'NONE', #416, #1473, #4524 ) ;
#3835 = DIRECTION ( 'NONE',  ( 0.0000000000000000000, 0.0000000000000000000, -1.000000000000000000 ) ) ;
#3836 = ORIENTED_EDGE ( 'NONE', *, *, #219, .T. ) ;
#3837 = ORIENTED_EDGE ( 'NONE', *, *, #1560, .F. ) ;
#3838 = LINE ( 'NONE', #3190, #3617 ) ;
#3839 = LINE ( 'NONE', #1027, #2491 ) ;
#3840 = DIRECTION ( 'NONE',  ( -0.0000000000000000000, -1.000000000000000000, -0.0000000000000000000 ) ) ;
#3841 = VECTOR ( 'NONE', #1114, 1000.000000000000000 ) ;
#3842 = CARTESIAN_POINT ( 'NONE',  ( 60.50000000000000000, 18.00000000000000000, -1.249999999999994227 ) ) ;
#3843 =( BOUNDED_CURVE ( )  B_SPLINE_CURVE ( 3, ( #4206, #2260, #2579, #891 ),
 .UNSPECIFIED., .F., .F. ) 
 B_SPLINE_CURVE_WITH_KNOTS ( ( 4, 4 ),
 ( 0.0000000000000000000, 1.570796326794896558 ),
 .UNSPECIFIED. ) 
 CURVE ( )  GEOMETRIC_REPRESENTATION_ITEM ( )  RATIONAL_B_SPLINE_CURVE ( ( 1.000000000000000000, 0.8047378541243649375, 0.8047378541243649375, 1.000000000000000000 ) ) 
 REPRESENTATION_ITEM ( '' )  );
#3844 = EDGE_LOOP ( 'NONE', ( #3129, #4086, #426, #1096, #3291 ) ) ;
#3845 = LINE ( 'NONE', #3454, #1764 ) ;
#3846 = VECTOR ( 'NONE', #220, 1000.000000000000000 ) ;
#3847 = ORIENTED_EDGE ( 'NONE', *, *, #4145, .F. ) ;
#3848 = PLANE ( 'NONE',  #967 ) ;
#3849 = EDGE_LOOP ( 'NONE', ( #851, #3681, #1828, #2399 ) ) ;
#3850 = CARTESIAN_POINT ( 'NONE',  ( -55.26843885220418429, 10.50227155203566021, -33.81550421652156757 ) ) ;
#3851 = EDGE_CURVE ( 'NONE', #2051, #4473, #2600, .T. ) ;
#3852 = EDGE_CURVE ( 'NONE', #2752, #775, #1904, .T. ) ;
#3853 = DIRECTION ( 'NONE',  ( 0.0000000000000000000, 0.0000000000000000000, 1.000000000000000000 ) ) ;
#3854 = ORIENTED_EDGE ( 'NONE', *, *, #3770, .T. ) ;
#3855 = ORIENTED_EDGE ( 'NONE', *, *, #1169, .T. ) ;
#3856 = CARTESIAN_POINT ( 'NONE',  ( -52.50000000000000711, 103.0953168557000907, -42.87500000000000000 ) ) ;
#3857 = CARTESIAN_POINT ( 'NONE',  ( 1.530808498934185161E-16, 18.00000000000000000, 38.10000000000002274 ) ) ;
#3858 = CARTESIAN_POINT ( 'NONE',  ( 0.0000000000000000000, 18.00000000000000000, -19.91428571428590644 ) ) ;
#3859 = DIRECTION ( 'NONE',  ( 0.0000000000000000000, 0.0000000000000000000, 1.000000000000000000 ) ) ;
#3860 = ORIENTED_EDGE ( 'NONE', *, *, #2568, .F. ) ;
#3861 = CARTESIAN_POINT ( 'NONE',  ( -68.49999999999998579, 103.0953168557000907, -31.35000000000000853 ) ) ;
#3862 = VERTEX_POINT ( 'NONE', #3424 ) ;
#3863 = LINE ( 'NONE', #3822, #3320 ) ;
#3864 = ORIENTED_EDGE ( 'NONE', *, *, #2317, .T. ) ;
#3865 = CARTESIAN_POINT ( 'NONE',  ( -55.07179453263734104, 9.777832732145981254, -34.02008128663116793 ) ) ;
#3866 = EDGE_CURVE ( 'NONE', #857, #2673, #514, .T. ) ;
#3867 = FACE_BOUND ( 'NONE', #1790, .T. ) ;
#3868 = VERTEX_POINT ( 'NONE', #1957 ) ;
#3869 = ORIENTED_EDGE ( 'NONE', *, *, #3417, .T. ) ;
#3870 = VECTOR ( 'NONE', #701, 1000.000000000000000 ) ;
#3871 = DIRECTION ( 'NONE',  ( -1.000000000000000000, 0.0000000000000000000, 0.0000000000000000000 ) ) ;
#3872 = CYLINDRICAL_SURFACE ( 'NONE', #4472, 1.249999999999994227 ) ;
#3873 = DIRECTION ( 'NONE',  ( 0.0000000000000000000, 0.0000000000000000000, 1.000000000000000000 ) ) ;
#3874 = EDGE_CURVE ( 'NONE', #131, #3989, #2025, .T. ) ;
#3875 = CARTESIAN_POINT ( 'NONE',  ( 52.50000000000000711, -6.000000000000000000, 44.37500000000004974 ) ) ;
#3876 = VERTEX_POINT ( 'NONE', #1654 ) ;
#3877 = CARTESIAN_POINT ( 'NONE',  ( -46.00000000000000711, 5.999999999999998224, -11.93571428571446269 ) ) ;
#3878 = ORIENTED_EDGE ( 'NONE', *, *, #693, .T. ) ;
#3879 = EDGE_CURVE ( 'NONE', #1140, #4409, #250, .T. ) ;
#3880 = DIRECTION ( 'NONE',  ( -1.000000000000000000, 0.0000000000000000000, 0.0000000000000000000 ) ) ;
#3881 = ORIENTED_EDGE ( 'NONE', *, *, #3331, .T. ) ;
#3882 = ORIENTED_EDGE ( 'NONE', *, *, #3469, .T. ) ;
#3883 = ORIENTED_EDGE ( 'NONE', *, *, #4362, .F. ) ;
#3884 = VECTOR ( 'NONE', #3682, 1000.000000000000000 ) ;
#3885 = CARTESIAN_POINT ( 'NONE',  ( -53.00000000000000000, 5.999999999999998224, -11.93571428571446269 ) ) ;
#3886 = ADVANCED_BREP_SHAPE_REPRESENTATION ( 'CHILLED-POSITION-BODY_v001', ( #1969, #4420 ), #1470 ) ;
#3887 = VERTEX_POINT ( 'NONE', #3058 ) ;
#3888 = AXIS2_PLACEMENT_3D ( 'NONE', #4017, #4037, #1189 ) ;
#3889 = AXIS2_PLACEMENT_3D ( 'NONE', #1225, #4030, #177 ) ;
#3890 = PLANE ( 'NONE',  #4120 ) ;
#3891 = ORIENTED_EDGE ( 'NONE', *, *, #1357, .F. ) ;
#3892 = AXIS2_PLACEMENT_3D ( 'NONE', #1440, #1819, #1462 ) ;
#3893 = CIRCLE ( 'NONE', #4498, 3.000000000000002665 ) ;
#3894 = ORIENTED_EDGE ( 'NONE', *, *, #3534, .F. ) ;
#3895 = CARTESIAN_POINT ( 'NONE',  ( -64.00000000000001421, -6.000000000000000000, 42.87500000000000000 ) ) ;
#3896 = DIRECTION ( 'NONE',  ( -0.0000000000000000000, 1.000000000000000000, -0.0000000000000000000 ) ) ;
#3897 = DIRECTION ( 'NONE',  ( -1.000000000000000000, -0.0000000000000000000, -0.0000000000000000000 ) ) ;
#3898 = DIRECTION ( 'NONE',  ( 0.0000000000000000000, 0.0000000000000000000, -1.000000000000000000 ) ) ;
#3899 = VECTOR ( 'NONE', #3598, 1000.000000000000000 ) ;
#3900 = CIRCLE ( 'NONE', #1111, 3.000000000000002665 ) ;
#3901 = ORIENTED_EDGE ( 'NONE', *, *, #3744, .F. ) ;
#3902 = DIRECTION ( 'NONE',  ( -0.0000000000000000000, 1.000000000000000000, -0.0000000000000000000 ) ) ;
#3903 = ADVANCED_FACE ( 'NONE', ( #931 ), #224, .F. ) ;
#3904 = EDGE_LOOP ( 'NONE', ( #1441, #2991, #1570, #2763, #1864 ) ) ;
#3905 = CARTESIAN_POINT ( 'NONE',  ( -53.00000000000000000, 5.999999999999998224, -14.93571428571446091 ) ) ;
#3906 = DIRECTION ( 'NONE',  ( 0.0000000000000000000, 0.0000000000000000000, 1.000000000000000000 ) ) ;
#3907 = VECTOR ( 'NONE', #3871, 1000.000000000000000 ) ;
#3908 = EDGE_LOOP ( 'NONE', ( #4157, #1401, #3910 ) ) ;
#3909 = DIRECTION ( 'NONE',  ( 0.0000000000000000000, 0.0000000000000000000, 1.000000000000000000 ) ) ;
#3910 = ORIENTED_EDGE ( 'NONE', *, *, #4408, .T. ) ;
#3911 = DIRECTION ( 'NONE',  ( -0.0000000000000000000, -1.000000000000000000, 0.0000000000000000000 ) ) ;
#3912 = DIRECTION ( 'NONE',  ( 0.0000000000000000000, 0.0000000000000000000, -1.000000000000000000 ) ) ;
#3913 = VERTEX_POINT ( 'NONE', #3081 ) ;
#3914 = ORIENTED_EDGE ( 'NONE', *, *, #3318, .T. ) ;
#3915 = DIRECTION ( 'NONE',  ( -0.0000000000000000000, 1.000000000000000000, -0.0000000000000000000 ) ) ;
#3916 = CARTESIAN_POINT ( 'NONE',  ( 0.0000000000000000000, 18.00000000000000000, -39.34999999999998010 ) ) ;
#3917 = DIRECTION ( 'NONE',  ( 0.0000000000000000000, 0.0000000000000000000, 1.000000000000000000 ) ) ;
#3918 = DIRECTION ( 'NONE',  ( -0.0000000000000000000, -1.000000000000000000, -0.0000000000000000000 ) ) ;
#3919 = VERTEX_POINT ( 'NONE', #2989 ) ;
#3920 = LINE ( 'NONE', #4302, #3307 ) ;
#3921 = VERTEX_POINT ( 'NONE', #201 ) ;
#3922 = DIRECTION ( 'NONE',  ( -1.000000000000000000, -0.0000000000000000000, -0.0000000000000000000 ) ) ;
#3923 = ADVANCED_FACE ( 'NONE', ( #3763 ), #3694, .T. ) ;
#3924 = CARTESIAN_POINT ( 'NONE',  ( -64.00000000000001421, -2.000000000000000000, -41.37500000000000000 ) ) ;
#3925 = CARTESIAN_POINT ( 'NONE',  ( 60.50000000000000000, 18.00000000000000000, 40.59999999999999432 ) ) ;
#3926 = ORIENTED_EDGE ( 'NONE', *, *, #614, .T. ) ;
#3927 = CARTESIAN_POINT ( 'NONE',  ( -60.50000000000000000, 7.999999999999998224, -40.59999999999998010 ) ) ;
#3928 = ORIENTED_EDGE ( 'NONE', *, *, #1627, .F. ) ;
#3929 = DIRECTION ( 'NONE',  ( -0.0000000000000000000, 1.000000000000000000, -0.0000000000000000000 ) ) ;
#3930 = EDGE_CURVE ( 'NONE', #3989, #918, #887, .T. ) ;
#3931 = VERTEX_POINT ( 'NONE', #3734 ) ;
#3932 = CARTESIAN_POINT ( 'NONE',  ( -54.99802985085258911, 9.000000000000000000, -25.65502857142878668 ) ) ;
#3933 = ORIENTED_EDGE ( 'NONE', *, *, #675, .F. ) ;
#3934 = ADVANCED_FACE ( 'NONE', ( #4385 ), #273, .T. ) ;
#3935 = ORIENTED_EDGE ( 'NONE', *, *, #3327, .T. ) ;
#3936 = CARTESIAN_POINT ( 'NONE',  ( -22.99999999999999289, 18.00000000000000000, -1.978571428571556767 ) ) ;
#3937 = EDGE_CURVE ( 'NONE', #731, #4113, #2519, .T. ) ;
#3938 = PLANE ( 'NONE',  #3444 ) ;
#3939 =( NAMED_UNIT ( * ) SI_UNIT ( $, .STERADIAN. ) SOLID_ANGLE_UNIT ( ) );
#3940 = DIRECTION ( 'NONE',  ( 0.0000000000000000000, 0.5150380749100544886, 0.8571673007021121116 ) ) ;
#3941 = CONICAL_SURFACE ( 'NONE', #1152, 1.250000000000001110, 1.029744258676654090 ) ;
#3942 = ORIENTED_EDGE ( 'NONE', *, *, #3002, .F. ) ;
#3943 = LINE ( 'NONE', #3628, #1392 ) ;
#3944 = EDGE_LOOP ( 'NONE', ( #3695, #2459, #1694 ) ) ;
#3945 = DIRECTION ( 'NONE',  ( 0.0000000000000000000, 0.0000000000000000000, 1.000000000000000000 ) ) ;
#3946 = CARTESIAN_POINT ( 'NONE',  ( -22.99999999999999289, 5.999999999999998224, -4.978571428571564539 ) ) ;
#3947 = DIRECTION ( 'NONE',  ( -0.0000000000000000000, 1.000000000000000000, -0.0000000000000000000 ) ) ;
#3948 = ORIENTED_EDGE ( 'NONE', *, *, #2838, .T. ) ;
#3949 = EDGE_CURVE ( 'NONE', #3221, #1113, #4481, .T. ) ;
#3950 = DIRECTION ( 'NONE',  ( 0.0000000000000000000, 0.0000000000000000000, -1.000000000000000000 ) ) ;
#3951 = ORIENTED_EDGE ( 'NONE', *, *, #343, .T. ) ;
#3952 = VECTOR ( 'NONE', #1184, 1000.000000000000000 ) ;
#3953 = ADVANCED_FACE ( 'NONE', ( #2739 ), #2691, .F. ) ;
#3954 = DIRECTION ( 'NONE',  ( 0.0000000000000000000, 0.0000000000000000000, 1.000000000000000000 ) ) ;
#3955 = CIRCLE ( 'NONE', #2205, 1.500000000000001332 ) ;
#3956 = EDGE_CURVE ( 'NONE', #648, #3168, #586, .T. ) ;
#3957 = DIRECTION ( 'NONE',  ( 0.0000000000000000000, 1.000000000000000000, -0.0000000000000000000 ) ) ;
#3958 = AXIS2_PLACEMENT_3D ( 'NONE', #472, #384, #3196 ) ;
#3959 = VERTEX_POINT ( 'NONE', #3668 ) ;
#3960 = CARTESIAN_POINT ( 'NONE',  ( -61.00000000000000000, 18.00000000000000000, -42.84999999999998721 ) ) ;
#3961 = AXIS2_PLACEMENT_3D ( 'NONE', #772, #66, #44 ) ;
#3962 = AXIS2_PLACEMENT_3D ( 'NONE', #1968, #4427, #1363 ) ;
#3963 = DIRECTION ( 'NONE',  ( 0.0000000000000000000, 0.0000000000000000000, 1.000000000000000000 ) ) ;
#3964 = ORIENTED_EDGE ( 'NONE', *, *, #4453, .F. ) ;
#3966 = CIRCLE ( 'NONE', #3100, 1.249999999999987121 ) ;
#3965 = MECHANICAL_CONTEXT ( 'NONE', #4440, 'mechanical' ) ;
#3967 = DIRECTION ( 'NONE',  ( 0.0000000000000000000, 0.0000000000000000000, -1.000000000000000000 ) ) ;
#3968 = VECTOR ( 'NONE', #3065, 1000.000000000000000 ) ;
#3969 = ORIENTED_EDGE ( 'NONE', *, *, #3148, .T. ) ;
#3970 = DIRECTION ( 'NONE',  ( -0.0000000000000000000, 1.000000000000000000, -0.0000000000000000000 ) ) ;
#3971 = VERTEX_POINT ( 'NONE', #4035 ) ;
#3972 = DIRECTION ( 'NONE',  ( 0.0000000000000000000, 0.0000000000000000000, 1.000000000000000000 ) ) ;
#3973 = DIRECTION ( 'NONE',  ( -1.000000000000000000, -0.0000000000000000000, -0.0000000000000000000 ) ) ;
#3974 = CARTESIAN_POINT ( 'NONE',  ( 0.0000000000000000000, 7.999999999999998224, 39.35000000000000853 ) ) ;
#3975 = VECTOR ( 'NONE', #4110, 1000.000000000000000 ) ;
#3976 = VECTOR ( 'NONE', #1016, 1000.000000000000000 ) ;
#3977 = LINE ( 'NONE', #4325, #1180 ) ;
#3978 = ORIENTED_EDGE ( 'NONE', *, *, #605, .T. ) ;
#3979 = CARTESIAN_POINT ( 'NONE',  ( -65.50000000000000000, -6.000000000000000000, 44.35000000000000853 ) ) ;
#3980 = VECTOR ( 'NONE', #4509, 1000.000000000000000 ) ;
#3981 = ORIENTED_EDGE ( 'NONE', *, *, #2032, .T. ) ;
#3982 = APPROVAL_DATE_TIME ( #4007, #4505 ) ;
#3983 = EDGE_CURVE ( 'NONE', #2417, #3723, #1599, .T. ) ;
#3984 = CARTESIAN_POINT ( 'NONE',  ( 61.00000000000000000, 0.0000000000000000000, -39.84999999999998010 ) ) ;
#3985 = AXIS2_PLACEMENT_3D ( 'NONE', #3330, #3692, #3351 ) ;
#3986 = FACE_OUTER_BOUND ( 'NONE', #1079, .T. ) ;
#3987 = EDGE_CURVE ( 'NONE', #4386, #2528, #3333, .T. ) ;
#3988 = ADVANCED_FACE ( 'NONE', ( #2669 ), #181, .F. ) ;
#3989 = VERTEX_POINT ( 'NONE', #563 ) ;
#3990 = ORIENTED_EDGE ( 'NONE', *, *, #1286, .F. ) ;
#3991 = LINE ( 'NONE', #1901, #607 ) ;
#3992 = CARTESIAN_POINT ( 'NONE',  ( 65.49999999999998579, -5.999999999999957367, 41.99632034355964549 ) ) ;
#3993 = DIRECTION ( 'NONE',  ( -0.0000000000000000000, 1.000000000000000000, -0.0000000000000000000 ) ) ;
#3994 = CARTESIAN_POINT ( 'NONE',  ( -32.99999999999999289, 5.999999999999998224, 11.93571428571421222 ) ) ;
#3995 = ADVANCED_FACE ( 'NONE', ( #3446 ), #293, .F. ) ;
#3996 = ORIENTED_EDGE ( 'NONE', *, *, #3486, .T. ) ;
#3997 = CARTESIAN_POINT ( 'NONE',  ( -65.50000000000000000, -5.999999999999957367, 41.99632034355964549 ) ) ;
#3998 = ORIENTED_EDGE ( 'NONE', *, *, #54, .T. ) ;
#3999 = CARTESIAN_POINT ( 'NONE',  ( -64.00000000000000000, 9.000000000000000000, -29.87142857142879038 ) ) ;
#4000 = PLANE ( 'NONE',  #3806 ) ;
#4001 = CARTESIAN_POINT ( 'NONE',  ( -56.00000000000000711, 9.000000000000000000, -9.935714285714460914 ) ) ;
#4002 = DIRECTION ( 'NONE',  ( -1.000000000000000000, -0.0000000000000000000, -0.0000000000000000000 ) ) ;
#4003 = EDGE_CURVE ( 'NONE', #1834, #1720, #3756, .T. ) ;
#4004 = VERTEX_POINT ( 'NONE', #4160 ) ;
#4005 = DIRECTION ( 'NONE',  ( 0.0000000000000000000, 0.0000000000000000000, -1.000000000000000000 ) ) ;
#4006 = VERTEX_POINT ( 'NONE', #633 ) ;
#4007 = DATE_AND_TIME ( #4357, #148 ) ;
#4008 = EDGE_CURVE ( 'NONE', #535, #3862, #2397, .T. ) ;
#4009 = DIRECTION ( 'NONE',  ( 0.0000000000000000000, 1.000000000000000000, 0.0000000000000000000 ) ) ;
#4010 = PLANE ( 'NONE',  #2592 ) ;
#4011 = EDGE_LOOP ( 'NONE', ( #334, #3492, #3178, #3160 ) ) ;
#4012 = ADVANCED_FACE ( 'NONE', ( #794 ), #4373, .F. ) ;
#4013 = CARTESIAN_POINT ( 'NONE',  ( -60.50000000000000000, 18.00000000000000000, 38.10000000000001563 ) ) ;
#4014 = CARTESIAN_POINT ( 'NONE',  ( -68.50000000000000000, -6.000000000000000000, 44.35000000000000853 ) ) ;
#4015 = CARTESIAN_POINT ( 'NONE',  ( 42.99999999999998579, 5.999999999999998224, 14.93571428571422111 ) ) ;
#4016 = ORIENTED_EDGE ( 'NONE', *, *, #2064, .T. ) ;
#4017 = CARTESIAN_POINT ( 'NONE',  ( -60.50000000000000000, 18.00000000000000000, -39.34999999999998010 ) ) ;
#4018 = ORIENTED_EDGE ( 'NONE', *, *, #2167, .T. ) ;
#4019 = CARTESIAN_POINT ( 'NONE',  ( -46.00000000000000711, 18.00000000000000000, 21.89285714285710327 ) ) ;
#4020 = CARTESIAN_POINT ( 'NONE',  ( 64.00000000000000000, -6.000000000000000000, 31.35000000000000853 ) ) ;
#4021 = EDGE_CURVE ( 'NONE', #777, #3501, #601, .T. ) ;
#4022 = DIRECTION ( 'NONE',  ( -0.0000000000000000000, -1.000000000000000000, -0.0000000000000000000 ) ) ;
#4023 = CARTESIAN_POINT ( 'NONE',  ( 0.0000000000000000000, 18.00000000000000000, 21.16428571428566130 ) ) ;
#4024 = ORIENTED_EDGE ( 'NONE', *, *, #4359, .F. ) ;
#4025 = CARTESIAN_POINT ( 'NONE',  ( 62.49999999999998579, -4.499999999999957367, -42.87500000000000000 ) ) ;
#4026 = VERTEX_POINT ( 'NONE', #165 ) ;
#4027 = DATE_TIME_ROLE ( 'classification_date' ) ;
#4028 = AXIS2_PLACEMENT_3D ( 'NONE', #4116, #594, #4532 ) ;
#4029 = CARTESIAN_POINT ( 'NONE',  ( 0.0000000000000000000, -6.000000000000000000, 0.0000000000000000000 ) ) ;
#4030 = DIRECTION ( 'NONE',  ( 0.0000000000000000000, -1.000000000000000000, 0.0000000000000000000 ) ) ;
#4031 = AXIS2_PLACEMENT_3D ( 'NONE', #1998, #1725, #3125 ) ;
#4032 = ORIENTED_EDGE ( 'NONE', *, *, #1151, .F. ) ;
#4033 = CARTESIAN_POINT ( 'NONE',  ( 46.00000000000000711, 5.999999999999998224, 21.89285714285710327 ) ) ;
#4034 = VECTOR ( 'NONE', #1335, 1000.000000000000000 ) ;
#4035 = CARTESIAN_POINT ( 'NONE',  ( -54.99802985085258911, 9.000000000000000000, -25.65502857142878668 ) ) ;
#4036 = ORIENTED_EDGE ( 'NONE', *, *, #2117, .F. ) ;
#4037 = DIRECTION ( 'NONE',  ( -0.0000000000000000000, 1.000000000000000000, -0.0000000000000000000 ) ) ;
#4038 = CIRCLE ( 'NONE', #1768, 1.249999999999987121 ) ;
#4039 = VECTOR ( 'NONE', #1718, 1000.000000000000000 ) ;
#4040 = ORIENTED_EDGE ( 'NONE', *, *, #3069, .F. ) ;
#4041 = LINE ( 'NONE', #2306, #2594 ) ;
#4042 = VECTOR ( 'NONE', #2829, 1000.000000000000000 ) ;
#4043 = DIRECTION ( 'NONE',  ( -0.0000000000000000000, 1.000000000000000000, -0.0000000000000000000 ) ) ;
#4044 = CARTESIAN_POINT ( 'NONE',  ( 60.50000000000000000, 18.00000000000000000, -39.34999999999998010 ) ) ;
#4045 = DIRECTION ( 'NONE',  ( -0.0000000000000000000, 1.000000000000000000, -0.0000000000000000000 ) ) ;
#4046 = AXIS2_PLACEMENT_3D ( 'NONE', #2830, #685, #703 ) ;
#4047 = ORIENTED_EDGE ( 'NONE', *, *, #2758, .T. ) ;
#4048 = EDGE_CURVE ( 'NONE', #1265, #1575, #1839, .T. ) ;
#4049 = LINE ( 'NONE', #3317, #3884 ) ;
#4050 = ORIENTED_EDGE ( 'NONE', *, *, #875, .F. ) ;
#4051 = APPROVAL_STATUS ( 'not_yet_approved' ) ;
#4052 = VECTOR ( 'NONE', #2137, 1000.000000000000000 ) ;
#4053 = CARTESIAN_POINT ( 'NONE',  ( 0.0000000000000000000, 18.00000000000000000, -19.91428571428590644 ) ) ;
#4054 = ADVANCED_FACE ( 'NONE', ( #116 ), #4305, .F. ) ;
#4055 = CIRCLE ( 'NONE', #3034, 3.000000000000000888 ) ;
#4056 = DIRECTION ( 'NONE',  ( 0.0000000000000000000, 0.0000000000000000000, 1.000000000000000000 ) ) ;
#4057 = AXIS2_PLACEMENT_3D ( 'NONE', #3474, #4531, #4463 ) ;
#4058 = AXIS2_PLACEMENT_3D ( 'NONE', #15, #2862, #739 ) ;
#4059 = ORIENTED_EDGE ( 'NONE', *, *, #4448, .T. ) ;
#4060 = ORIENTED_EDGE ( 'NONE', *, *, #528, .F. ) ;
#4061 = FACE_OUTER_BOUND ( 'NONE', #3499, .T. ) ;
#4062 = PLANE ( 'NONE',  #1766 ) ;
#4063 = DIRECTION ( 'NONE',  ( -1.141265444721583850E-17, 0.0000000000000000000, -1.000000000000000000 ) ) ;
#4064 = ORIENTED_EDGE ( 'NONE', *, *, #580, .F. ) ;
#4065 = CARTESIAN_POINT ( 'NONE',  ( 52.50000000000000711, -4.499999999999957367, 42.87500000000000000 ) ) ;
#4066 = ORIENTED_EDGE ( 'NONE', *, *, #3417, .F. ) ;
#4067 = DIRECTION ( 'NONE',  ( 0.0000000000000000000, 0.0000000000000000000, 1.000000000000000000 ) ) ;
#4068 = CARTESIAN_POINT ( 'NONE',  ( -64.00000000000000000, 18.00000000000000000, 42.85000000000001563 ) ) ;
#4069 = CARTESIAN_POINT ( 'NONE',  ( -55.40107442312115182, 10.83431115062392891, -13.73671217572099224 ) ) ;
#4070 = LINE ( 'NONE', #2648, #515 ) ;
#4071 = EDGE_CURVE ( 'NONE', #2199, #3090, #1781, .T. ) ;
#4072 = ORIENTED_EDGE ( 'NONE', *, *, #2032, .F. ) ;
#4073 = PLANE ( 'NONE',  #3161 ) ;
#4074 = ADVANCED_FACE ( 'NONE', ( #1912 ), #3651, .F. ) ;
#4075 = ORIENTED_EDGE ( 'NONE', *, *, #2511, .T. ) ;
#4076 = CARTESIAN_POINT ( 'NONE',  ( -2.633254106751156424E-15, 7.248924226215546440, 39.35000000000000853 ) ) ;
#4077 = B_SPLINE_CURVE_WITH_KNOTS ( 'NONE', 3,
 ( #2960, #2912, #2982, #4334, #485, #877, #2567, #2547, #147, #508, #79, #3932 ),
 .UNSPECIFIED., .F., .F.,
 ( 4, 2, 2, 2, 2, 4 ),
 ( 0.0000000000000000000, 0.0008584816910430969001, 0.001716963382086193800, 0.002575445073129290375, 0.003004685918650836386, 0.003433926764172382830 ),
 .UNSPECIFIED. ) ;
#4078 = LINE ( 'NONE', #2729, #1921 ) ;
#4079 = ADVANCED_FACE ( 'NONE', ( #3311 ), #2734, .F. ) ;
#4080 = CARTESIAN_POINT ( 'NONE',  ( -53.00000000000000000, 5.999999999999998224, -14.93571428571446091 ) ) ;
#4081 = ORIENTED_EDGE ( 'NONE', *, *, #3007, .F. ) ;
#4082 = DIRECTION ( 'NONE',  ( 0.0000000000000000000, 0.0000000000000000000, 1.000000000000000000 ) ) ;
#4083 = EDGE_CURVE ( 'NONE', #777, #4395, #3559, .T. ) ;
#4084 = DIRECTION ( 'NONE',  ( 0.0000000000000000000, 0.0000000000000000000, 1.000000000000000000 ) ) ;
#4085 = DIRECTION ( 'NONE',  ( 0.0000000000000000000, -0.0000000000000000000, -1.000000000000000000 ) ) ;
#4086 = ORIENTED_EDGE ( 'NONE', *, *, #3808, .T. ) ;
#4087 = EDGE_CURVE ( 'NONE', #80, #4395, #773, .T. ) ;
#4088 = CARTESIAN_POINT ( 'NONE',  ( -57.08000000000000540, 9.000000000000000000, -9.935714285714460914 ) ) ;
#4089 = VERTEX_POINT ( 'NONE', #2924 ) ;
#4090 = DIRECTION ( 'NONE',  ( 0.0000000000000000000, 0.0000000000000000000, -1.000000000000000000 ) ) ;
#4091 = FACE_OUTER_BOUND ( 'NONE', #4204, .T. ) ;
#4092 = DIRECTION ( 'NONE',  ( 0.0000000000000000000, 0.0000000000000000000, 1.000000000000000000 ) ) ;
#4093 = LINE ( 'NONE', #4447, #1622 ) ;
#4094 = ORIENTED_EDGE ( 'NONE', *, *, #4190, .T. ) ;
#4095 = CARTESIAN_POINT ( 'NONE',  ( -52.50000000000000711, -2.000000000000001776, 47.35000000000002984 ) ) ;
#4096 = ORIENTED_EDGE ( 'NONE', *, *, #3382, .T. ) ;
#4097 = LINE ( 'NONE', #2753, #3595 ) ;
#4098 = ADVANCED_FACE ( 'NONE', ( #96 ), #2217, .F. ) ;
#4099 = CC_DESIGN_PERSON_AND_ORGANIZATION_ASSIGNMENT ( #3345, #831, ( #353 ) ) ;
#4100 = CONICAL_SURFACE ( 'NONE', #783, 1.250000000000001110, 1.029744258676654090 ) ;
#4101 = ORIENTED_EDGE ( 'NONE', *, *, #534, .T. ) ;
#4102 = FACE_OUTER_BOUND ( 'NONE', #2098, .T. ) ;
#4103 = CARTESIAN_POINT ( 'NONE',  ( 52.99999999999999289, 18.00000000000000000, 4.978571428571327395 ) ) ;
#4104 = VERTEX_POINT ( 'NONE', #1818 ) ;
#4105 = EDGE_CURVE ( 'NONE', #2265, #3158, #2540, .T. ) ;
#4106 = EDGE_LOOP ( 'NONE', ( #4266, #4047, #1866, #1240 ) ) ;
#4107 = CARTESIAN_POINT ( 'NONE',  ( 68.50000000000000000, -6.000000000000000000, -47.34999999999998010 ) ) ;
#4108 = ORIENTED_EDGE ( 'NONE', *, *, #1357, .T. ) ;
#4109 = CARTESIAN_POINT ( 'NONE',  ( -60.50000000000000000, 7.248924226215546440, 39.35000000000000853 ) ) ;
#4110 = DIRECTION ( 'NONE',  ( 0.0000000000000000000, 0.0000000000000000000, 1.000000000000000000 ) ) ;
#4111 = ORIENTED_EDGE ( 'NONE', *, *, #4502, .T. ) ;
#4112 = CARTESIAN_POINT ( 'NONE',  ( 46.00000000000000000, 18.00000000000000000, 17.93571428571422999 ) ) ;
#4113 = VERTEX_POINT ( 'NONE', #825 ) ;
#4114 = CARTESIAN_POINT ( 'NONE',  ( -52.37999999999999545, 9.000000000000000000, -9.935714285714460914 ) ) ;
#4115 = VECTOR ( 'NONE', #3655, 1000.000000000000000 ) ;
#4116 = CARTESIAN_POINT ( 'NONE',  ( 61.00000000000000000, 18.00000000000000000, -39.84999999999998010 ) ) ;
#4117 = CARTESIAN_POINT ( 'NONE',  ( -55.64554814859511112, 11.47657708071001537, -13.36806193558937039 ) ) ;
#4118 = CARTESIAN_POINT ( 'NONE',  ( 63.99999999999998579, -2.000000000000000000, 31.35000000000000853 ) ) ;
#4119 = AXIS2_PLACEMENT_3D ( 'NONE', #925, #3097, #4501 ) ;
#4120 = AXIS2_PLACEMENT_3D ( 'NONE', #4527, #1807, #761 ) ;
#4121 = ORIENTED_EDGE ( 'NONE', *, *, #257, .T. ) ;
#4122 = DIRECTION ( 'NONE',  ( 0.0000000000000000000, 0.0000000000000000000, 1.000000000000000000 ) ) ;
#4123 = ORIENTED_EDGE ( 'NONE', *, *, #3272, .F. ) ;
#4124 = DIRECTION ( 'NONE',  ( -0.0000000000000000000, 1.000000000000000000, -0.0000000000000000000 ) ) ;
#4125 = AXIS2_PLACEMENT_3D ( 'NONE', #4044, #3383, #1943 ) ;
#4126 = VECTOR ( 'NONE', #2285, 1000.000000000000000 ) ;
#4127 = ORIENTED_EDGE ( 'NONE', *, *, #3491, .F. ) ;
#4128 = CARTESIAN_POINT ( 'NONE',  ( 52.99999999999999289, 5.999999999999998224, 4.978571428571327395 ) ) ;
#4129 = CARTESIAN_POINT ( 'NONE',  ( 52.50000000000000711, 103.0953168557000907, 47.35000000000002984 ) ) ;
#4130 = CIRCLE ( 'NONE', #2450, 1.249999999999987121 ) ;
#4131 = CIRCLE ( 'NONE', #2812, 1.250000000000001110 ) ;
#4132 = EDGE_LOOP ( 'NONE', ( #2999, #1655, #465, #3216 ) ) ;
#4133 = AXIS2_PLACEMENT_3D ( 'NONE', #163, #452, #1867 ) ;
#4134 = EDGE_CURVE ( 'NONE', #2969, #2835, #3751, .T. ) ;
#4135 = CARTESIAN_POINT ( 'NONE',  ( -64.00000000000000000, 9.000000000000000000, -29.87142857142879038 ) ) ;
#4136 = DIRECTION ( 'NONE',  ( 0.0000000000000000000, 1.000000000000000000, -0.0000000000000000000 ) ) ;
#4137 = EDGE_CURVE ( 'NONE', #4314, #1374, #1926, .T. ) ;
#4138 = CARTESIAN_POINT ( 'NONE',  ( -53.00000000000000000, 5.999999999999998224, -31.85000000000023945 ) ) ;
#4139 = AXIS2_PLACEMENT_3D ( 'NONE', #2667, #1652, #4082 ) ;
#4140 = VERTEX_POINT ( 'NONE', #3581 ) ;
#4141 = ORIENTED_EDGE ( 'NONE', *, *, #2543, .T. ) ;
#4142 = DIRECTION ( 'NONE',  ( 0.0000000000000000000, 0.0000000000000000000, -1.000000000000000000 ) ) ;
#4143 = CARTESIAN_POINT ( 'NONE',  ( -60.50000000000000000, 7.248924226215546440, -39.34999999999998010 ) ) ;
#4144 = CARTESIAN_POINT ( 'NONE',  ( 42.99999999999998579, 5.999999999999998224, 14.93571428571422111 ) ) ;
#4145 = EDGE_CURVE ( 'NONE', #2210, #65, #735, .T. ) ;
#4146 = DIRECTION ( 'NONE',  ( -1.000000000000000000, 0.0000000000000000000, 0.0000000000000000000 ) ) ;
#4147 = APPLICATION_CONTEXT ( 'configuration controlled 3d designs of mechanical parts and assemblies' ) ;
#4148 = ORIENTED_EDGE ( 'NONE', *, *, #3017, .F. ) ;
#4149 = DIRECTION ( 'NONE',  ( -0.0000000000000000000, 1.000000000000000000, -0.0000000000000000000 ) ) ;
#4150 = VERTEX_POINT ( 'NONE', #3289 ) ;
#4151 = EDGE_CURVE ( 'NONE', #821, #691, #2904, .T. ) ;
#4152 = CARTESIAN_POINT ( 'NONE',  ( 0.0000000000000000000, 7.999999999999998224, -19.91428571428590644 ) ) ;
#4153 = ORIENTED_EDGE ( 'NONE', *, *, #2766, .T. ) ;
#4154 = ADVANCED_FACE ( 'NONE', ( #2559 ), #3167, .F. ) ;
#4155 = DIRECTION ( 'NONE',  ( -0.0000000000000000000, 1.000000000000000000, -0.0000000000000000000 ) ) ;
#4156 = DIRECTION ( 'NONE',  ( 1.000000000000000000, 0.0000000000000000000, 0.0000000000000000000 ) ) ;
#4157 = ORIENTED_EDGE ( 'NONE', *, *, #112, .F. ) ;
#4158 = CARTESIAN_POINT ( 'NONE',  ( -32.99999999999999289, 5.999999999999998224, -11.93571428571445203 ) ) ;
#4159 = CARTESIAN_POINT ( 'NONE',  ( -52.50000000000000711, 103.0953168557000907, 42.87500000000000000 ) ) ;
#4160 = CARTESIAN_POINT ( 'NONE',  ( 1.530808498934181217E-16, 18.00000000000000000, 18.66428571428567551 ) ) ;
#4161 = EDGE_CURVE ( 'NONE', #1802, #2464, #3893, .T. ) ;
#4162 = ORIENTED_EDGE ( 'NONE', *, *, #1696, .F. ) ;
#4163 = ORIENTED_EDGE ( 'NONE', *, *, #2262, .F. ) ;
#4164 = CARTESIAN_POINT ( 'NONE',  ( 42.99999999999999289, 5.999999999999998224, -21.89285714285733775 ) ) ;
#4165 = LINE ( 'NONE', #2351, #4394 ) ;
#4166 = CARTESIAN_POINT ( 'NONE',  ( -36.00000000000001421, 18.00000000000000000, 11.93571428571421222 ) ) ;
#4167 = CARTESIAN_POINT ( 'NONE',  ( -22.99999999999999289, 5.999999999999998224, 1.978571428571320068 ) ) ;
#4168 = ORIENTED_EDGE ( 'NONE', *, *, #3879, .F. ) ;
#4169 = FACE_OUTER_BOUND ( 'NONE', #2918, .T. ) ;
#4170 = EDGE_CURVE ( 'NONE', #1466, #358, #3566, .T. ) ;
#4171 = EDGE_LOOP ( 'NONE', ( #3248, #451, #3869, #2844, #3337, #2173 ) ) ;
#4172 = DIRECTION ( 'NONE',  ( -0.0000000000000000000, -0.0000000000000000000, 1.000000000000000000 ) ) ;
#4173 = ORIENTED_EDGE ( 'NONE', *, *, #288, .F. ) ;
#4174 = DIRECTION ( 'NONE',  ( -0.0000000000000000000, 1.000000000000000000, -0.0000000000000000000 ) ) ;
#4175 = AXIS2_PLACEMENT_3D ( 'NONE', #3553, #1480, #1453 ) ;
#4176 = CARTESIAN_POINT ( 'NONE',  ( -65.50000000000000000, 0.0000000000000000000, -44.34999999999998010 ) ) ;
#4177 = CARTESIAN_POINT ( 'NONE',  ( -32.99999999999999289, 18.00000000000000000, -14.93571428571446091 ) ) ;
#4178 = CARTESIAN_POINT ( 'NONE',  ( 43.00000000000000000, 5.999999999999998224, 24.89285714285711393 ) ) ;
#4179 = ORIENTED_EDGE ( 'NONE', *, *, #1798, .T. ) ;
#4180 = ORIENTED_EDGE ( 'NONE', *, *, #904, .F. ) ;
#4181 = DIRECTION ( 'NONE',  ( -0.0000000000000000000, 1.000000000000000000, -0.0000000000000000000 ) ) ;
#4182 = CARTESIAN_POINT ( 'NONE',  ( -52.50000000000000711, 103.0953168557000907, -47.34999999999998010 ) ) ;
#4183 = EDGE_CURVE ( 'NONE', #3635, #714, #894, .T. ) ;
#4184 = DIRECTION ( 'NONE',  ( 0.0000000000000000000, 0.0000000000000000000, -1.000000000000000000 ) ) ;
#4185 = DIRECTION ( 'NONE',  ( 0.0000000000000000000, 0.0000000000000000000, 1.000000000000000000 ) ) ;
#4186 = ORIENTED_EDGE ( 'NONE', *, *, #2143, .T. ) ;
#4187 = CARTESIAN_POINT ( 'NONE',  ( -56.00000000000000711, 12.72334312977474546, -27.89285714285734841 ) ) ;
#4188 = ORIENTED_EDGE ( 'NONE', *, *, #2504, .F. ) ;
#4189 = VECTOR ( 'NONE', #4405, 1000.000000000000000 ) ;
#4190 = EDGE_CURVE ( 'NONE', #2631, #3421, #4340, .T. ) ;
#4191 = CARTESIAN_POINT ( 'NONE',  ( -43.00000000000000000, 5.999999999999998224, 24.89285714285711748 ) ) ;
#4192 = VECTOR ( 'NONE', #2651, 1000.000000000000000 ) ;
#4193 = EDGE_CURVE ( 'NONE', #2156, #4004, #2364, .T. ) ;
#4194 = ORIENTED_EDGE ( 'NONE', *, *, #4391, .T. ) ;
#4195 = AXIS2_PLACEMENT_3D ( 'NONE', #753, #3970, #769 ) ;
#4196 = VECTOR ( 'NONE', #1874, 1000.000000000000000 ) ;
#4197 = AXIS2_PLACEMENT_3D ( 'NONE', #2747, #2031, #2284 ) ;
#4198 = DIRECTION ( 'NONE',  ( 0.0000000000000000000, 0.0000000000000000000, 1.000000000000000000 ) ) ;
#4199 = ADVANCED_FACE ( 'NONE', ( #3677 ), #2996, .F. ) ;
#4200 = CIRCLE ( 'NONE', #2737, 3.000000000000009770 ) ;
#4201 = PRODUCT_DEFINITION_FORMATION_WITH_SPECIFIED_SOURCE ( 'ANY', '', #2839, .NOT_KNOWN. ) ;
#4202 = FACE_OUTER_BOUND ( 'NONE', #3001, .T. ) ;
#4203 = AXIS2_PLACEMENT_3D ( 'NONE', #1676, #1976, #886 ) ;
#4204 = EDGE_LOOP ( 'NONE', ( #4148, #762, #345, #3540, #3210, #2875 ) ) ;
#4205 = AXIS2_PLACEMENT_3D ( 'NONE', #2065, #289, #245 ) ;
#4206 = CARTESIAN_POINT ( 'NONE',  ( 65.49999999999998579, -6.000000000000000000, -42.87500000000000000 ) ) ;
#4207 = VECTOR ( 'NONE', #1727, 1000.000000000000000 ) ;
#4208 = EDGE_LOOP ( 'NONE', ( #383, #3504, #2076 ) ) ;
#4209 = CARTESIAN_POINT ( 'NONE',  ( 63.99999999999998579, -2.000000000000000000, 41.37500000000000000 ) ) ;
#4210 = CARTESIAN_POINT ( 'NONE',  ( 46.00000000000000000, 5.999999999999998224, 17.93571428571422999 ) ) ;
#4211 = CARTESIAN_POINT ( 'NONE',  ( -64.00000000000000000, 5.999999999999998224, -6.972940423267302457 ) ) ;
#4212 = CONICAL_SURFACE ( 'NONE', #2016, 5.143372999999999529, 0.02993239667170246449 ) ;
#4213 = DIRECTION ( 'NONE',  ( 1.000000000000000000, -0.0000000000000000000, 0.0000000000000000000 ) ) ;
#4214 = ORIENTED_EDGE ( 'NONE', *, *, #1547, .T. ) ;
#4215 = DIRECTION ( 'NONE',  ( -0.0000000000000000000, 1.000000000000000000, -0.0000000000000000000 ) ) ;
#4216 = AXIS2_PLACEMENT_3D ( 'NONE', #3549, #4543, #3853 ) ;
#4217 = ORIENTED_EDGE ( 'NONE', *, *, #770, .F. ) ;
#4218 = DIRECTION ( 'NONE',  ( 1.000000000000000000, 0.0000000000000000000, 2.282530889443167700E-17 ) ) ;
#4219 = EDGE_CURVE ( 'NONE', #4140, #3921, #3771, .T. ) ;
#4220 = ORIENTED_EDGE ( 'NONE', *, *, #4533, .T. ) ;
#4221 = CYLINDRICAL_SURFACE ( 'NONE', #375, 3.000000000000004441 ) ;
#4222 = EDGE_CURVE ( 'NONE', #4104, #3342, #3680, .T. ) ;
#4223 = DIRECTION ( 'NONE',  ( -0.0000000000000000000, 1.000000000000000000, -0.0000000000000000000 ) ) ;
#4224 = VERTEX_POINT ( 'NONE', #3045 ) ;
#4225 = ORIENTED_EDGE ( 'NONE', *, *, #2110, .F. ) ;
#4226 = EDGE_CURVE ( 'NONE', #225, #4397, #964, .T. ) ;
#4227 = CARTESIAN_POINT ( 'NONE',  ( 68.50000000000000000, 0.0000000000000000000, 47.35000000000000853 ) ) ;
#4228 = CARTESIAN_POINT ( 'NONE',  ( -55.93898140391453921, 12.30474249911385343, -27.22568392278489924 ) ) ;
#4229 = CARTESIAN_POINT ( 'NONE',  ( 63.99999999999998579, -2.000000000000000000, -41.37500000000000000 ) ) ;
#4230 = CARTESIAN_POINT ( 'NONE',  ( -60.50000000000000000, 18.00000000000000000, -1.249999999999994227 ) ) ;
#4231 = ORIENTED_EDGE ( 'NONE', *, *, #4222, .T. ) ;
#4232 = CARTESIAN_POINT ( 'NONE',  ( -46.00000000000000711, 5.999999999999998224, -11.93571428571446269 ) ) ;
#4233 = ORIENTED_EDGE ( 'NONE', *, *, #2659, .T. ) ;
#4234 = EDGE_LOOP ( 'NONE', ( #2041, #294, #3138, #460 ) ) ;
#4235 = DIRECTION ( 'NONE',  ( 0.0000000000000000000, 0.0000000000000000000, -1.000000000000000000 ) ) ;
#4236 = ORIENTED_EDGE ( 'NONE', *, *, #415, .T. ) ;
#4237 = ORIENTED_EDGE ( 'NONE', *, *, #4137, .F. ) ;
#4238 = EDGE_CURVE ( 'NONE', #3405, #389, #3827, .T. ) ;
#4239 = CARTESIAN_POINT ( 'NONE',  ( -64.00000000000001421, -4.499999999999957367, 41.37500000000000000 ) ) ;
#4240 = DIRECTION ( 'NONE',  ( 0.0000000000000000000, 1.000000000000000000, 0.0000000000000000000 ) ) ;
#4241 = ORIENTED_EDGE ( 'NONE', *, *, #2379, .T. ) ;
#4242 = EDGE_CURVE ( 'NONE', #3421, #20, #1606, .T. ) ;
#4243 = ORIENTED_EDGE ( 'NONE', *, *, #3479, .F. ) ;
#4244 = CIRCLE ( 'NONE', #1231, 3.000000000000009770 ) ;
#4245 = CARTESIAN_POINT ( 'NONE',  ( -53.00000000000000000, 5.999999999999998224, -24.89285714285734130 ) ) ;
#4246 = FACE_OUTER_BOUND ( 'NONE', #656, .T. ) ;
#4247 = DIRECTION ( 'NONE',  ( 0.0000000000000000000, 0.0000000000000000000, 1.000000000000000000 ) ) ;
#4248 = DIRECTION ( 'NONE',  ( 0.0000000000000000000, 0.0000000000000000000, 1.000000000000000000 ) ) ;
#4249 = EDGE_LOOP ( 'NONE', ( #397, #2993 ) ) ;
#4250 = CARTESIAN_POINT ( 'NONE',  ( -32.99999999999999289, 5.999999999999998224, 14.93571428571422643 ) ) ;
#4251 = ORIENTED_EDGE ( 'NONE', *, *, #399, .F. ) ;
#4252 = DIRECTION ( 'NONE',  ( 0.0000000000000000000, 0.0000000000000000000, 1.000000000000000000 ) ) ;
#4253 = CONICAL_SURFACE ( 'NONE', #1137, 1.250000000000001110, 1.029744258676654090 ) ;
#4254 = CARTESIAN_POINT ( 'NONE',  ( -57.08000000000000540, 9.000000000000000000, -25.65502857142879023 ) ) ;
#4255 = ORIENTED_EDGE ( 'NONE', *, *, #605, .F. ) ;
#4256 = DIRECTION ( 'NONE',  ( -0.0000000000000000000, 1.000000000000000000, -0.0000000000000000000 ) ) ;
#4257 = VERTEX_POINT ( 'NONE', #1331 ) ;
#4258 = CIRCLE ( 'NONE', #1533, 1.500000000000001332 ) ;
#4259 = DIRECTION ( 'NONE',  ( -0.0000000000000000000, -1.000000000000000000, -0.0000000000000000000 ) ) ;
#4260 = VECTOR ( 'NONE', #1161, 1000.000000000000000 ) ;
#4261 = AXIS2_PLACEMENT_3D ( 'NONE', #2270, #3659, #1495 ) ;
#4262 = CARTESIAN_POINT ( 'NONE',  ( -65.50000000000005684, -6.000000000000000000, 41.37500000000000000 ) ) ;
#4263 = ORIENTED_EDGE ( 'NONE', *, *, #1881, .T. ) ;
#4264 = CIRCLE ( 'NONE', #2874, 1.250000000000001110 ) ;
#4265 = VECTOR ( 'NONE', #3193, 1000.000000000000000 ) ;
#4266 = ORIENTED_EDGE ( 'NONE', *, *, #2049, .F. ) ;
#4267 = EDGE_CURVE ( 'NONE', #4473, #3149, #3340, .T. ) ;
#4268 = AXIS2_PLACEMENT_3D ( 'NONE', #4317, #2917, #3626 ) ;
#4269 = CARTESIAN_POINT ( 'NONE',  ( -56.00000000000000000, 18.00000000000000000, -31.85000000000023945 ) ) ;
#4270 = FACE_OUTER_BOUND ( 'NONE', #2185, .T. ) ;
#4271 = ADVANCED_FACE ( 'NONE', ( #867 ), #187, .F. ) ;
#4272 = DIRECTION ( 'NONE',  ( 1.000000000000000000, 0.0000000000000000000, 0.0000000000000000000 ) ) ;
#4273 = LINE ( 'NONE', #89, #2149 ) ;
#4274 = AXIS2_PLACEMENT_3D ( 'NONE', #3105, #2048, #3445 ) ;
#4275 = AXIS2_PLACEMENT_3D ( 'NONE', #2546, #3929, #779 ) ;
#4276 = EDGE_LOOP ( 'NONE', ( #2247, #3996, #642 ) ) ;
#4277 = CARTESIAN_POINT ( 'NONE',  ( -68.49999999999998579, -6.000000000000000000, 31.35000000000000853 ) ) ;
#4278 = ORIENTED_EDGE ( 'NONE', *, *, #3592, .F. ) ;
#4279 = VECTOR ( 'NONE', #1328, 1000.000000000000000 ) ;
#4280 = CARTESIAN_POINT ( 'NONE',  ( -32.99999999999999289, 5.999999999999998224, -14.93571428571446091 ) ) ;
#4281 = ADVANCED_FACE ( 'NONE', ( #4446 ), #208, .F. ) ;
#4282 = PERSON ( 'UNSPECIFIED', 'UNSPECIFIED', 'UNSPECIFIED', ('UNSPECIFIED'), ('UNSPECIFIED'), ('UNSPECIFIED') ) ;
#4283 = DIRECTION ( 'NONE',  ( -0.0000000000000000000, 1.000000000000000000, -0.0000000000000000000 ) ) ;
#4284 = DIRECTION ( 'NONE',  ( -0.0000000000000000000, -1.000000000000000000, -0.0000000000000000000 ) ) ;
#4285 = VECTOR ( 'NONE', #378, 1000.000000000000000 ) ;
#4286 = EDGE_LOOP ( 'NONE', ( #3356, #290, #763 ) ) ;
#4287 = DIRECTION ( 'NONE',  ( 0.0000000000000000000, 0.0000000000000000000, 1.000000000000000000 ) ) ;
#4288 = ORIENTED_EDGE ( 'NONE', *, *, #2543, .F. ) ;
#4289 = EDGE_CURVE ( 'NONE', #732, #189, #2352, .T. ) ;
#4290 = DIRECTION ( 'NONE',  ( -0.0000000000000000000, 1.000000000000000000, -0.0000000000000000000 ) ) ;
#4291 = EDGE_CURVE ( 'NONE', #1374, #2210, #702, .T. ) ;
#4292 = EDGE_LOOP ( 'NONE', ( #1049, #3141, #4168, #2934, #3579, #2140, #1414, #3448 ) ) ;
#4293 = CARTESIAN_POINT ( 'NONE',  ( 0.0000000000000000000, 7.999999999999998224, -38.09999999999998010 ) ) ;
#4294 = ORIENTED_EDGE ( 'NONE', *, *, #1641, .T. ) ;
#4295 = EDGE_LOOP ( 'NONE', ( #551, #1010, #1958, #3059 ) ) ;
#4296 = LINE ( 'NONE', #3960, #453 ) ;
#4297 = CARTESIAN_POINT ( 'NONE',  ( 61.00000000000000000, 0.0000000000000000000, 39.85000000000000853 ) ) ;
#4298 = CARTESIAN_POINT ( 'NONE',  ( 60.50000000000000000, 7.248924226215546440, 0.0000000000000000000 ) ) ;
#4299 = EDGE_CURVE ( 'NONE', #1398, #1113, #3966, .T. ) ;
#4300 = CARTESIAN_POINT ( 'NONE',  ( -62.50000000000001421, -2.000000000000000000, -42.87500000000000000 ) ) ;
#4301 = ORIENTED_EDGE ( 'NONE', *, *, #2766, .F. ) ;
#4302 = CARTESIAN_POINT ( 'NONE',  ( -53.00000000000000000, 18.00000000000000000, -14.93571428571446091 ) ) ;
#4303 = EDGE_LOOP ( 'NONE', ( #4536, #2886, #2327, #1632 ) ) ;
#4304 = LINE ( 'NONE', #793, #2138 ) ;
#4305 = PLANE ( 'NONE',  #522 ) ;
#4306 = CARTESIAN_POINT ( 'NONE',  ( -65.50000000000000000, -5.999999999999957367, -41.99632034355964549 ) ) ;
#4307 = ORIENTED_EDGE ( 'NONE', *, *, #3201, .F. ) ;
#4308 = EDGE_CURVE ( 'NONE', #2835, #3484, #2469, .T. ) ;
#4309 = LINE ( 'NONE', #1102, #3 ) ;
#4310 = ORIENTED_EDGE ( 'NONE', *, *, #386, .T. ) ;
#4311 = COORDINATED_UNIVERSAL_TIME_OFFSET ( 8, 0, .BEHIND. ) ;
#4312 = LINE ( 'NONE', #1542, #4196 ) ;
#4313 = CARTESIAN_POINT ( 'NONE',  ( -68.50000000000000000, -6.000000000000000000, 47.35000000000000853 ) ) ;
#4314 = VERTEX_POINT ( 'NONE', #4144 ) ;
#4315 = DIRECTION ( 'NONE',  ( -1.000000000000000000, -0.0000000000000000000, -0.0000000000000000000 ) ) ;
#4316 = CARTESIAN_POINT ( 'NONE',  ( -62.50000000000001421, -2.000000000000000000, -42.87500000000000000 ) ) ;
#4317 = CARTESIAN_POINT ( 'NONE',  ( -53.00000000000000000, 18.00000000000000000, -11.93571428571446269 ) ) ;
#4318 = VECTOR ( 'NONE', #2079, 1000.000000000000000 ) ;
#4319 = ORIENTED_EDGE ( 'NONE', *, *, #835, .T. ) ;
#4320 = LINE ( 'NONE', #1815, #75 ) ;
#4321 = ORIENTED_EDGE ( 'NONE', *, *, #698, .F. ) ;
#4322 = DIRECTION ( 'NONE',  ( 0.0000000000000000000, 0.0000000000000000000, 1.000000000000000000 ) ) ;
#4323 = DIRECTION ( 'NONE',  ( 0.0000000000000000000, 0.0000000000000000000, 1.000000000000000000 ) ) ;
#4324 = CARTESIAN_POINT ( 'NONE',  ( -64.00000000000001421, -2.000000000000000000, -42.87500000000000000 ) ) ;
#4325 = CARTESIAN_POINT ( 'NONE',  ( 46.00000000000000711, 5.999999999999998224, 21.89285714285710327 ) ) ;
#4326 = ORIENTED_EDGE ( 'NONE', *, *, #1394, .F. ) ;
#4327 = CARTESIAN_POINT ( 'NONE',  ( -60.50000000000000000, 7.999999999999998224, -38.09999999999998010 ) ) ;
#4328 = EDGE_CURVE ( 'NONE', #897, #3887, #1708, .T. ) ;
#4329 = ORIENTED_EDGE ( 'NONE', *, *, #4289, .F. ) ;
#4330 = PERSON_AND_ORGANIZATION ( #4282, #2078 ) ;
#4331 = EDGE_CURVE ( 'NONE', #1220, #2238, #2080, .T. ) ;
#4332 = CYLINDRICAL_SURFACE ( 'NONE', #436, 3.000000000000002665 ) ;
#4333 = AXIS2_PLACEMENT_3D ( 'NONE', #3979, #2884, #3950 ) ;
#4334 = CARTESIAN_POINT ( 'NONE',  ( -55.50197510804618162, 6.860286112105912437, -26.22812453716189296 ) ) ;
#4335 = AXIS2_PLACEMENT_3D ( 'NONE', #111, #1094, #2508 ) ;
#4336 = ORIENTED_EDGE ( 'NONE', *, *, #1896, .F. ) ;
#4337 = CARTESIAN_POINT ( 'NONE',  ( 63.99999999999998579, -6.000000000000000000, -44.37500000000000711 ) ) ;
#4338 = AXIS2_PLACEMENT_3D ( 'NONE', #1838, #3945, #1141 ) ;
#4339 = FACE_OUTER_BOUND ( 'NONE', #3344, .T. ) ;
#4340 = CIRCLE ( 'NONE', #4197, 1.250000000000001110 ) ;
#4341 = LINE ( 'NONE', #2256, #3323 ) ;
#4342 = VECTOR ( 'NONE', #2056, 1000.000000000000000 ) ;
#4343 = EDGE_LOOP ( 'NONE', ( #4225, #4514 ) ) ;
#4344 = EDGE_CURVE ( 'NONE', #3706, #2969, #1395, .T. ) ;
#4345 = DIRECTION ( 'NONE',  ( 0.0000000000000000000, 1.000000000000000000, -0.0000000000000000000 ) ) ;
#4346 = ORIENTED_EDGE ( 'NONE', *, *, #3851, .F. ) ;
#4347 = DIRECTION ( 'NONE',  ( -0.9995520592605567911, 0.0000000000000000000, 0.02992792722492291710 ) ) ;
#4348 = CARTESIAN_POINT ( 'NONE',  ( 42.99999999999999289, 18.00000000000000000, 17.93571428571422999 ) ) ;
#4349 = CARTESIAN_POINT ( 'NONE',  ( 0.0000000000000000000, 7.999999999999998224, 19.91428571428566485 ) ) ;
#4350 = AXIS2_PLACEMENT_3D ( 'NONE', #3607, #2627, #2263 ) ;
#4351 = VECTOR ( 'NONE', #4156, 1000.000000000000000 ) ;
#4352 = LINE ( 'NONE', #1196, #1548 ) ;
#4353 = ORIENTED_EDGE ( 'NONE', *, *, #4008, .F. ) ;
#4354 = DIRECTION ( 'NONE',  ( 0.0000000000000000000, 0.5150380749100544886, 0.8571673007021121116 ) ) ;
#4355 = CONICAL_SURFACE ( 'NONE', #1558, 5.143372999999999529, 0.02993239667170246449 ) ;
#4356 = ORIENTED_EDGE ( 'NONE', *, *, #4145, .T. ) ;
#4357 = CALENDAR_DATE ( 2019, 26, 6 ) ;
#4358 = DIRECTION ( 'NONE',  ( 0.0000000000000000000, 0.0000000000000000000, 1.000000000000000000 ) ) ;
#4359 = EDGE_CURVE ( 'NONE', #932, #2060, #356, .T. ) ;
#4360 = FACE_BOUND ( 'NONE', #3369, .T. ) ;
#4361 = VERTEX_POINT ( 'NONE', #1028 ) ;
#4362 = EDGE_CURVE ( 'NONE', #721, #3349, #1105, .T. ) ;
#4363 = CARTESIAN_POINT ( 'NONE',  ( -56.00000000000000000, 5.999999999999998224, 31.85000000000000497 ) ) ;
#4364 = PLANE ( 'NONE',  #1165 ) ;
#4365 = VERTEX_POINT ( 'NONE', #2786 ) ;
#4366 = FACE_OUTER_BOUND ( 'NONE', #2602, .T. ) ;
#4367 = DIRECTION ( 'NONE',  ( 0.0000000000000000000, 1.000000000000000000, -0.0000000000000000000 ) ) ;
#4368 = ORIENTED_EDGE ( 'NONE', *, *, #1223, .T. ) ;
#4369 = LINE ( 'NONE', #183, #1030 ) ;
#4370 = ORIENTED_EDGE ( 'NONE', *, *, #3874, .T. ) ;
#4371 = DIRECTION ( 'NONE',  ( -0.0000000000000000000, 1.000000000000000000, -0.0000000000000000000 ) ) ;
#4372 = CARTESIAN_POINT ( 'NONE',  ( -65.50000000000000000, -6.000000000000000000, -47.34999999999998010 ) ) ;
#4373 = CYLINDRICAL_SURFACE ( 'NONE', #2297, 4.216400000000006365 ) ;
#4374 = CARTESIAN_POINT ( 'NONE',  ( -56.00000000000000000, 18.00000000000000000, 31.85000000000000497 ) ) ;
#4375 = EDGE_LOOP ( 'NONE', ( #2769, #4064 ) ) ;
#4376 = CARTESIAN_POINT ( 'NONE',  ( 0.0000000000000000000, 18.00000000000000000, -18.66428571428591709 ) ) ;
#4377 = ORIENTED_EDGE ( 'NONE', *, *, #2861, .F. ) ;
#4378 = DIRECTION ( 'NONE',  ( 0.0000000000000000000, 0.0000000000000000000, 1.000000000000000000 ) ) ;
#4379 = DIRECTION ( 'NONE',  ( 1.000000000000000000, 0.0000000000000000000, 0.0000000000000000000 ) ) ;
#4380 = ORIENTED_EDGE ( 'NONE', *, *, #3744, .T. ) ;
#4381 = ORIENTED_EDGE ( 'NONE', *, *, #835, .F. ) ;
#4382 = CARTESIAN_POINT ( 'NONE',  ( 0.0000000000000000000, 7.999999999999998224, 39.35000000000000853 ) ) ;
#4383 = DIRECTION ( 'NONE',  ( -0.0000000000000000000, 1.000000000000000000, -0.0000000000000000000 ) ) ;
#4384 = ADVANCED_FACE ( 'NONE', ( #2486 ), #299, .F. ) ;
#4385 = FACE_OUTER_BOUND ( 'NONE', #1582, .T. ) ;
#4386 = VERTEX_POINT ( 'NONE', #1071 ) ;
#4387 = FACE_OUTER_BOUND ( 'NONE', #2920, .T. ) ;
#4388 = ORIENTED_EDGE ( 'NONE', *, *, #2192, .F. ) ;
#4389 = DIRECTION ( 'NONE',  ( 0.0000000000000000000, 0.0000000000000000000, -1.000000000000000000 ) ) ;
#4390 = DIRECTION ( 'NONE',  ( -0.0000000000000000000, -0.0000000000000000000, -1.000000000000000000 ) ) ;
#4391 = EDGE_CURVE ( 'NONE', #2528, #225, #1400, .T. ) ;
#4392 = DIRECTION ( 'NONE',  ( -0.0000000000000000000, 1.000000000000000000, -0.0000000000000000000 ) ) ;
#4393 = DIRECTION ( 'NONE',  ( 0.0000000000000000000, 1.000000000000000000, -0.0000000000000000000 ) ) ;
#4394 = VECTOR ( 'NONE', #1004, 1000.000000000000000 ) ;
#4395 = VERTEX_POINT ( 'NONE', #988 ) ;
#4396 = DIRECTION ( 'NONE',  ( -0.0000000000000000000, 1.000000000000000000, -0.0000000000000000000 ) ) ;
#4397 = VERTEX_POINT ( 'NONE', #4166 ) ;
#4398 = APPROVAL_ROLE ( '' ) ;
#4399 = AXIS2_PLACEMENT_3D ( 'NONE', #135, #1604, #4416 ) ;
#4400 = DIRECTION ( 'NONE',  ( -0.0000000000000000000, 1.000000000000000000, -0.0000000000000000000 ) ) ;
#4401 = CARTESIAN_POINT ( 'NONE',  ( -36.00000000000000711, 5.999999999999998224, -11.93571428571445203 ) ) ;
#4402 = VERTEX_POINT ( 'NONE', #1054 ) ;
#4403 = LOCAL_TIME ( 10, 26, 6.000000000000000000, #2910 ) ;
#4404 = DIRECTION ( 'NONE',  ( 0.0000000000000000000, 0.0000000000000000000, -1.000000000000000000 ) ) ;
#4405 = DIRECTION ( 'NONE',  ( -0.0000000000000000000, 1.000000000000000000, 0.0000000000000000000 ) ) ;
#4406 = CIRCLE ( 'NONE', #3594, 1.249999999999987121 ) ;
#4407 = CARTESIAN_POINT ( 'NONE',  ( -32.99999999999999289, 5.999999999999998224, -14.93571428571446091 ) ) ;
#4408 = EDGE_CURVE ( 'NONE', #3221, #2842, #1034, .T. ) ;
#4409 = VERTEX_POINT ( 'NONE', #1793 ) ;
#4410 = CARTESIAN_POINT ( 'NONE',  ( 68.50000000000000000, 0.0000000000000000000, -44.34999999999998010 ) ) ;
#4411 = CIRCLE ( 'NONE', #2439, 1.250000000000001110 ) ;
#4412 = AXIS2_PLACEMENT_3D ( 'NONE', #3273, #2957, #1572 ) ;
#4413 = EDGE_LOOP ( 'NONE', ( #4539, #2859, #4237, #3854 ) ) ;
#4414 = DIRECTION ( 'NONE',  ( -0.0000000000000000000, 1.000000000000000000, -0.0000000000000000000 ) ) ;
#4415 = AXIS2_PLACEMENT_3D ( 'NONE', #380, #337, #1752 ) ;
#4416 = DIRECTION ( 'NONE',  ( 0.0000000000000000000, 0.0000000000000000000, -1.000000000000000000 ) ) ;
#4417 = DIRECTION ( 'NONE',  ( -0.0000000000000000000, -0.0000000000000000000, 1.000000000000000000 ) ) ;
#4418 = CARTESIAN_POINT ( 'NONE',  ( -52.50000000000000711, -6.000000000000000000, 47.35000000000002984 ) ) ;
#4419 = VECTOR ( 'NONE', #1007, 1000.000000000000000 ) ;
#4420 = AXIS2_PLACEMENT_3D ( 'NONE', #2870, #1158, #4272 ) ;
#4421 = EDGE_LOOP ( 'NONE', ( #1181, #1162, #3767, #3136 ) ) ;
#4422 = PLANE ( 'NONE',  #217 ) ;
#4423 = EDGE_CURVE ( 'NONE', #2835, #1466, #77, .T. ) ;
#4424 = VERTEX_POINT ( 'NONE', #4534 ) ;
#4425 = VECTOR ( 'NONE', #1566, 1000.000000000000000 ) ;
#4426 = CIRCLE ( 'NONE', #1182, 4.216400000000001924 ) ;
#4427 = DIRECTION ( 'NONE',  ( 0.0000000000000000000, 0.0000000000000000000, -1.000000000000000000 ) ) ;
#4428 = AXIS2_PLACEMENT_3D ( 'NONE', #2988, #3762, #4084 ) ;
#4429 = ADVANCED_FACE ( 'NONE', ( #1356 ), #3789, .T. ) ;
#4430 = LINE ( 'NONE', #4401, #2359 ) ;
#4431 = VECTOR ( 'NONE', #106, 1000.000000000000000 ) ;
#4432 = EDGE_CURVE ( 'NONE', #830, #2575, #639, .T. ) ;
#4433 = AXIS2_PLACEMENT_3D ( 'NONE', #4107, #999, #1296 ) ;
#4434 = FACE_OUTER_BOUND ( 'NONE', #2770, .T. ) ;
#4435 = DIRECTION ( 'NONE',  ( 0.0000000000000000000, -0.7071067811865475727, 0.7071067811865475727 ) ) ;
#4436 = ORIENTED_EDGE ( 'NONE', *, *, #3472, .T. ) ;
#4437 = LINE ( 'NONE', #3807, #817 ) ;
#4438 = DIRECTION ( 'NONE',  ( 0.0000000000000000000, 0.0000000000000000000, 1.000000000000000000 ) ) ;
#4439 = ORIENTED_EDGE ( 'NONE', *, *, #1428, .T. ) ;
#4440 = APPLICATION_CONTEXT ( 'configuration controlled 3d designs of mechanical parts and assemblies' ) ;
#4441 = DIRECTION ( 'NONE',  ( -0.0000000000000000000, -1.000000000000000000, 0.0000000000000000000 ) ) ;
#4442 = EDGE_LOOP ( 'NONE', ( #2538, #110, #3245, #3811 ) ) ;
#4443 = LINE ( 'NONE', #592, #1936 ) ;
#4444 = CYLINDRICAL_SURFACE ( 'NONE', #348, 3.000000000000002665 ) ;
#4445 = EDGE_CURVE ( 'NONE', #4506, #3083, #1377, .T. ) ;
#4446 = FACE_OUTER_BOUND ( 'NONE', #3666, .T. ) ;
#4447 = CARTESIAN_POINT ( 'NONE',  ( -62.50000000000001421, -2.000000000000000000, 42.87500000000000000 ) ) ;
#4448 = EDGE_CURVE ( 'NONE', #1459, #3913, #1156, .T. ) ;
#4449 = ORIENTED_EDGE ( 'NONE', *, *, #3102, .T. ) ;
#4450 = DIRECTION ( 'NONE',  ( -2.282530889443167700E-17, 0.0000000000000000000, 1.000000000000000000 ) ) ;
#4451 = ORIENTED_EDGE ( 'NONE', *, *, #3074, .T. ) ;
#4452 = CARTESIAN_POINT ( 'NONE',  ( -56.00000000000000711, 5.999999999999998224, -11.93571428571446269 ) ) ;
#4453 = EDGE_CURVE ( 'NONE', #251, #295, #1997, .T. ) ;
#4454 = FACE_OUTER_BOUND ( 'NONE', #4276, .T. ) ;
#4455 = FACE_OUTER_BOUND ( 'NONE', #2985, .T. ) ;
#4456 = ORIENTED_EDGE ( 'NONE', *, *, #2525, .F. ) ;
#4457 = DIRECTION ( 'NONE',  ( 0.0000000000000000000, 1.000000000000000000, 0.0000000000000000000 ) ) ;
#4458 = DIRECTION ( 'NONE',  ( 0.0000000000000000000, 0.0000000000000000000, -1.000000000000000000 ) ) ;
#4459 = CARTESIAN_POINT ( 'NONE',  ( 42.99999999999999289, 5.999999999999998224, -21.89285714285733775 ) ) ;
#4460 = ORIENTED_EDGE ( 'NONE', *, *, #464, .T. ) ;
#4461 = DIRECTION ( 'NONE',  ( -0.0000000000000000000, 0.0000000000000000000, 1.000000000000000000 ) ) ;
#4462 = EDGE_LOOP ( 'NONE', ( #3612, #2805 ) ) ;
#4463 = DIRECTION ( 'NONE',  ( 0.0000000000000000000, 0.0000000000000000000, -1.000000000000000000 ) ) ;
#4464 = CARTESIAN_POINT ( 'NONE',  ( -55.07153048748491386, 9.775961320475367700, -25.72253177295766946 ) ) ;
#4465 = DIRECTION ( 'NONE',  ( 0.0000000000000000000, 0.0000000000000000000, 1.000000000000000000 ) ) ;
#4466 = FACE_OUTER_BOUND ( 'NONE', #4513, .T. ) ;
#4467 = ORIENTED_EDGE ( 'NONE', *, *, #3793, .F. ) ;
#4468 = DIRECTION ( 'NONE',  ( 0.0000000000000000000, 0.0000000000000000000, -1.000000000000000000 ) ) ;
#4469 = ORIENTED_EDGE ( 'NONE', *, *, #2288, .T. ) ;
#4470 = LINE ( 'NONE', #922, #2440 ) ;
#4471 = EDGE_CURVE ( 'NONE', #3276, #1885, #422, .T. ) ;
#4472 = AXIS2_PLACEMENT_3D ( 'NONE', #2531, #746, #1769 ) ;
#4473 = VERTEX_POINT ( 'NONE', #2848 ) ;
#4474 = EDGE_CURVE ( 'NONE', #1508, #3887, #1501, .T. ) ;
#4475 = FACE_OUTER_BOUND ( 'NONE', #4413, .T. ) ;
#4476 = PLANE ( 'NONE',  #4205 ) ;
#4477 = FACE_OUTER_BOUND ( 'NONE', #4132, .T. ) ;
#4478 = EDGE_CURVE ( 'NONE', #4537, #644, #3257, .T. ) ;
#4479 = CARTESIAN_POINT ( 'NONE',  ( -43.00000000000000000, 18.00000000000000000, 24.89285714285711748 ) ) ;
#4480 = DIRECTION ( 'NONE',  ( 0.0000000000000000000, 0.0000000000000000000, 1.000000000000000000 ) ) ;
#4481 = LINE ( 'NONE', #1324, #811 ) ;
#4482 = ORIENTED_EDGE ( 'NONE', *, *, #1365, .T. ) ;
#4483 = EDGE_LOOP ( 'NONE', ( #3773, #1411, #1103, #2298, #3951 ) ) ;
#4484 = DIRECTION ( 'NONE',  ( 1.000000000000000000, 0.0000000000000000000, 0.0000000000000000000 ) ) ;
#4485 = AXIS2_PLACEMENT_3D ( 'NONE', #459, #1442, #2246 ) ;
#4486 = DIRECTION ( 'NONE',  ( 0.0000000000000000000, 1.000000000000000000, 0.0000000000000000000 ) ) ;
#4487 = CARTESIAN_POINT ( 'NONE',  ( 1.530808498934183189E-16, 18.00000000000000000, -40.59999999999997300 ) ) ;
#4488 = SECURITY_CLASSIFICATION ( '', '', #461 ) ;
#4489 = CARTESIAN_POINT ( 'NONE',  ( -52.37999999999999545, 5.999999999999998224, -32.83420243387595860 ) ) ;
#4490 = ADVANCED_FACE ( 'NONE', ( #1860 ), #1090, .F. ) ;
#4491 = AXIS2_PLACEMENT_3D ( 'NONE', #2392, #628, #1246 ) ;
#4492 = AXIS2_PLACEMENT_3D ( 'NONE', #1060, #3500, #2107 ) ;
#4493 = ORIENTED_EDGE ( 'NONE', *, *, #2983, .T. ) ;
#4494 = CARTESIAN_POINT ( 'NONE',  ( 60.50000000000000000, 18.00000000000000000, 39.35000000000000853 ) ) ;
#4495 = ORIENTED_EDGE ( 'NONE', *, *, #2907, .F. ) ;
#4496 = VECTOR ( 'NONE', #2427, 1000.000000000000000 ) ;
#4497 = DIRECTION ( 'NONE',  ( -1.000000000000000000, -0.0000000000000000000, -0.0000000000000000000 ) ) ;
#4498 = AXIS2_PLACEMENT_3D ( 'NONE', #620, #916, #2380 ) ;
#4499 = AXIS2_PLACEMENT_3D ( 'NONE', #3722, #1072, #4185 ) ;
#4500 = EDGE_LOOP ( 'NONE', ( #2909, #3447, #2494, #754, #2177, #324, #2057, #192 ) ) ;
#4501 = DIRECTION ( 'NONE',  ( 0.0000000000000000000, 0.0000000000000000000, 1.000000000000000000 ) ) ;
#4502 = EDGE_CURVE ( 'NONE', #1729, #545, #2532, .T. ) ;
#4503 = DIRECTION ( 'NONE',  ( -0.0000000000000000000, 1.000000000000000000, -0.0000000000000000000 ) ) ;
#4504 = CIRCLE ( 'NONE', #4268, 3.000000000000004441 ) ;
#4505 = APPROVAL ( #504, 'UNSPECIFIED' ) ;
#4506 = VERTEX_POINT ( 'NONE', #2552 ) ;
#4507 = AXIS2_PLACEMENT_3D ( 'NONE', #2370, #3057, #2070 ) ;
#4508 = CARTESIAN_POINT ( 'NONE',  ( 60.50000000000000000, 7.999999999999998224, 38.10000000000000853 ) ) ;
#4509 = DIRECTION ( 'NONE',  ( -0.0000000000000000000, 1.000000000000000000, -0.0000000000000000000 ) ) ;
#4510 = DIRECTION ( 'NONE',  ( -0.0000000000000000000, 1.000000000000000000, -0.0000000000000000000 ) ) ;
#4511 = AXIS2_PLACEMENT_3D ( 'NONE', #716, #354, #3151 ) ;
#4512 = ADVANCED_FACE ( 'NONE', ( #1185 ), #3394, .F. ) ;
#4513 = EDGE_LOOP ( 'NONE', ( #1002, #4186, #2130, #529, #1256 ) ) ;
#4514 = ORIENTED_EDGE ( 'NONE', *, *, #2533, .F. ) ;
#4515 = CARTESIAN_POINT ( 'NONE',  ( -26.00000000000000000, 5.999999999999998224, 1.978571428571319624 ) ) ;
#4516 = CARTESIAN_POINT ( 'NONE',  ( 65.50000000000000000, -6.000000000000000000, -44.34999999999998010 ) ) ;
#4517 = LINE ( 'NONE', #3842, #2443 ) ;
#4518 = ORIENTED_EDGE ( 'NONE', *, *, #1266, .T. ) ;
#4519 = CARTESIAN_POINT ( 'NONE',  ( 55.99999999999999289, 5.999999999999998224, 31.85000000000000497 ) ) ;
#4520 = VERTEX_POINT ( 'NONE', #2235 ) ;
#4521 = CARTESIAN_POINT ( 'NONE',  ( -61.00000000000000000, 18.00000000000000000, -42.84999999999998721 ) ) ;
#4522 = ORIENTED_EDGE ( 'NONE', *, *, #1494, .F. ) ;
#4523 = CARTESIAN_POINT ( 'NONE',  ( 1.530808498934188612E-16, 7.999999999999998224, -21.16428571428590288 ) ) ;
#4524 = DIRECTION ( 'NONE',  ( 0.0000000000000000000, 0.0000000000000000000, 1.000000000000000000 ) ) ;
#4525 = CARTESIAN_POINT ( 'NONE',  ( 62.49999999999998579, -2.000000000000000000, -42.87500000000000000 ) ) ;
#4526 = EDGE_CURVE ( 'NONE', #3919, #2034, #1879, .T. ) ;
#4527 = CARTESIAN_POINT ( 'NONE',  ( -57.08000000000000540, 13.21640000000000015, -9.935714285714460914 ) ) ;
#4528 = PLANE ( 'NONE',  #242 ) ;
#4529 = VERTEX_POINT ( 'NONE', #4298 ) ;
#4530 = ORIENTED_EDGE ( 'NONE', *, *, #1624, .T. ) ;
#4531 = DIRECTION ( 'NONE',  ( -0.0000000000000000000, -1.000000000000000000, -0.0000000000000000000 ) ) ;
#4532 = DIRECTION ( 'NONE',  ( 0.0000000000000000000, 0.0000000000000000000, -1.000000000000000000 ) ) ;
#4533 = EDGE_CURVE ( 'NONE', #4473, #1059, #1812, .T. ) ;
#4534 = CARTESIAN_POINT ( 'NONE',  ( 46.00000000000000000, 5.999999999999998224, -17.93571428571447157 ) ) ;
#4535 = FACE_OUTER_BOUND ( 'NONE', #503, .T. ) ;
#4536 = ORIENTED_EDGE ( 'NONE', *, *, #718, .F. ) ;
#4537 = VERTEX_POINT ( 'NONE', #3624 ) ;
#4538 = DIRECTION ( 'NONE',  ( -1.000000000000000000, -0.0000000000000000000, 1.141265444721583850E-17 ) ) ;
#4539 = ORIENTED_EDGE ( 'NONE', *, *, #1151, .T. ) ;
#4540 = DIRECTION ( 'NONE',  ( -0.0000000000000000000, 1.000000000000000000, -0.0000000000000000000 ) ) ;
#4541 = ORIENTED_EDGE ( 'NONE', *, *, #2178, .T. ) ;
#4542 = DIRECTION ( 'NONE',  ( -0.0000000000000000000, 1.000000000000000000, -0.0000000000000000000 ) ) ;
#4543 = DIRECTION ( 'NONE',  ( 0.0000000000000000000, 1.000000000000000000, 0.0000000000000000000 ) ) ;
#4544 = ORIENTED_EDGE ( 'NONE', *, *, #466, .T. ) ;
#4545 = VERTEX_POINT ( 'NONE', #3642 ) ;
#4546 = CARTESIAN_POINT ( 'NONE',  ( 52.50000000000000711, -2.000000000000000000, -42.87500000000000000 ) ) ;
#4547 = DIRECTION ( 'NONE',  ( 0.0000000000000000000, 0.0000000000000000000, -1.000000000000000000 ) ) ;
#4548 = CARTESIAN_POINT ( 'NONE',  ( -32.99999999999999289, 18.00000000000000000, -11.93571428571445203 ) ) ;
#4549 = ADVANCED_FACE ( 'NONE', ( #469 ), #128, .F. ) ;
#4550 = FACE_OUTER_BOUND ( 'NONE', #3550, .T. ) ;
ENDSEC;
END-ISO-10303-21;
