ISO-10303-21;
HEADER;
FILE_DESCRIPTION (( 'STEP AP203' ),
    '1' );
FILE_NAME ('COLD-TOWER-MAIN-COVER-v003.STEP',
    '2019-09-18T15:50:48',
    ( '' ),
    ( '' ),
    'SwSTEP 2.0',
    'SolidWorks 2019',
    '' );
FILE_SCHEMA (( 'CONFIG_CONTROL_DESIGN' ));
ENDSEC;

DATA;
#1 = DIRECTION ( 'NONE',  ( -0.0000000000000000000, -0.0000000000000000000, 1.000000000000000000 ) ) ;
#2 = CYLINDRICAL_SURFACE ( 'NONE', #2786, 2.249999999999995115 ) ;
#3 = VERTEX_POINT ( 'NONE', #1659 ) ;
#4 = CARTESIAN_POINT ( 'NONE',  ( 124.2500000000000000, 210.0000000000000284, 8.673617379884035472E-16 ) ) ;
#5 = ORIENTED_EDGE ( 'NONE', *, *, #673, .F. ) ;
#6 = DIRECTION ( 'NONE',  ( 0.0000000000000000000, 0.0000000000000000000, -1.000000000000000000 ) ) ;
#7 = ORIENTED_EDGE ( 'NONE', *, *, #495, .F. ) ;
#8 = FACE_OUTER_BOUND ( 'NONE', #2886, .T. ) ;
#9 = DIRECTION ( 'NONE',  ( 1.000000000000000000, 0.0000000000000000000, 0.0000000000000000000 ) ) ;
#10 = CARTESIAN_POINT ( 'NONE',  ( 112.5000000000000142, 197.5000000000000000, 3.000000000000000000 ) ) ;
#11 = DIRECTION ( 'NONE',  ( -0.0000000000000000000, -0.0000000000000000000, 1.000000000000000000 ) ) ;
#12 = CYLINDRICAL_SURFACE ( 'NONE', #2162, 2.249999999999988010 ) ;
#13 = DIRECTION ( 'NONE',  ( -0.0000000000000000000, -0.0000000000000000000, 1.000000000000000000 ) ) ;
#14 = FACE_BOUND ( 'NONE', #2322, .T. ) ;
#15 = DIRECTION ( 'NONE',  ( -0.0000000000000000000, -0.0000000000000000000, 1.000000000000000000 ) ) ;
#16 = EDGE_LOOP ( 'NONE', ( #1881, #2857 ) ) ;
#17 = CARTESIAN_POINT ( 'NONE',  ( 36.00000000000000711, 450.0000000000000568, 3.000000000000000000 ) ) ;
#18 = ADVANCED_FACE ( 'NONE', ( #2634 ), #933, .F. ) ;
#19 = EDGE_CURVE ( 'NONE', #839, #2480, #2902, .T. ) ;
#20 = ORIENTED_EDGE ( 'NONE', *, *, #1321, .T. ) ;
#21 = CIRCLE ( 'NONE', #119, 2.249999999999995115 ) ;
#22 = DIRECTION ( 'NONE',  ( -0.0000000000000000000, -0.0000000000000000000, 1.000000000000000000 ) ) ;
#23 = CIRCLE ( 'NONE', #2484, 2.249999999999997780 ) ;
#24 = VECTOR ( 'NONE', #1940, 1000.000000000000000 ) ;
#25 = VERTEX_POINT ( 'NONE', #1435 ) ;
#26 = DIRECTION ( 'NONE',  ( -0.0000000000000000000, -0.0000000000000000000, 1.000000000000000000 ) ) ;
#27 = CARTESIAN_POINT ( 'NONE',  ( 5.500000000000005329, 370.0000000000000000, 8.673617379884035472E-16 ) ) ;
#28 = CIRCLE ( 'NONE', #2190, 2.249999999999991562 ) ;
#29 = AXIS2_PLACEMENT_3D ( 'NONE', #546, #1486, #2919 ) ;
#30 = DIRECTION ( 'NONE',  ( -0.0000000000000000000, -0.0000000000000000000, 1.000000000000000000 ) ) ;
#31 = CARTESIAN_POINT ( 'NONE',  ( 114.7500000000000000, 37.49999999999998579, -1.279755905108981194E-15 ) ) ;
#32 = DIRECTION ( 'NONE',  ( 1.000000000000000000, 0.0000000000000000000, 0.0000000000000000000 ) ) ;
#33 = DIRECTION ( 'NONE',  ( -0.0000000000000000000, -0.0000000000000000000, 1.000000000000000000 ) ) ;
#34 = LINE ( 'NONE', #2903, #1158 ) ;
#35 = CYLINDRICAL_SURFACE ( 'NONE', #1218, 2.250000000000001776 ) ;
#36 = ORIENTED_EDGE ( 'NONE', *, *, #410, .F. ) ;
#37 = LINE ( 'NONE', #2677, #2644 ) ;
#38 = ORIENTED_EDGE ( 'NONE', *, *, #516, .F. ) ;
#39 = EDGE_CURVE ( 'NONE', #2646, #2411, #2438, .T. ) ;
#40 = EDGE_CURVE ( 'NONE', #180, #1136, #2672, .T. ) ;
#41 = APPROVAL_STATUS ( 'not_yet_approved' ) ;
#42 = FACE_OUTER_BOUND ( 'NONE', #1135, .T. ) ;
#43 = CARTESIAN_POINT ( 'NONE',  ( 19.49999999999999645, 22.49999999999990408, -1.279755905108981194E-15 ) ) ;
#44 = FACE_OUTER_BOUND ( 'NONE', #3006, .T. ) ;
#45 = VERTEX_POINT ( 'NONE', #2407 ) ;
#46 = DIRECTION ( 'NONE',  ( -0.0000000000000000000, -0.0000000000000000000, 1.000000000000000000 ) ) ;
#47 = DIRECTION ( 'NONE',  ( -0.0000000000000000000, -0.0000000000000000000, 1.000000000000000000 ) ) ;
#48 = CIRCLE ( 'NONE', #3009, 2.249999999999995115 ) ;
#49 = CIRCLE ( 'NONE', #1964, 2.249999999999988010 ) ;
#50 = FACE_BOUND ( 'NONE', #591, .T. ) ;
#51 = CARTESIAN_POINT ( 'NONE',  ( 126.5000000000000000, 210.0000000000000284, 3.000000000000000000 ) ) ;
#52 = DIRECTION ( 'NONE',  ( 1.000000000000000000, 0.0000000000000000000, 0.0000000000000000000 ) ) ;
#53 = AXIS2_PLACEMENT_3D ( 'NONE', #2547, #140, #376 ) ;
#54 = VERTEX_POINT ( 'NONE', #285 ) ;
#55 = DATE_AND_TIME ( #2201, #1878 ) ;
#56 = DIRECTION ( 'NONE',  ( -0.0000000000000000000, -0.0000000000000000000, -1.000000000000000000 ) ) ;
#57 = EDGE_CURVE ( 'NONE', #1047, #2711, #2332, .T. ) ;
#58 = DIRECTION ( 'NONE',  ( -0.0000000000000000000, -0.0000000000000000000, 1.000000000000000000 ) ) ;
#59 = DIRECTION ( 'NONE',  ( -0.0000000000000000000, -0.0000000000000000000, 1.000000000000000000 ) ) ;
#60 = EDGE_CURVE ( 'NONE', #2399, #2596, #2838, .T. ) ;
#61 = EDGE_CURVE ( 'NONE', #1012, #1416, #1476, .T. ) ;
#62 = ORIENTED_EDGE ( 'NONE', *, *, #2549, .T. ) ;
#63 = CARTESIAN_POINT ( 'NONE',  ( 126.5000000000000000, 450.0000000000000000, 8.673617379884035472E-16 ) ) ;
#64 = CYLINDRICAL_SURFACE ( 'NONE', #413, 2.249999999999988010 ) ;
#65 = CARTESIAN_POINT ( 'NONE',  ( 5.500000000000005329, 130.0000000000000000, 3.000000000000000000 ) ) ;
#66 = ORIENTED_EDGE ( 'NONE', *, *, #2929, .F. ) ;
#67 = CARTESIAN_POINT ( 'NONE',  ( 96.00000000000000000, 370.0000000000000000, 8.673617379884035472E-16 ) ) ;
#68 = EDGE_LOOP ( 'NONE', ( #2000, #135 ) ) ;
#69 = CYLINDRICAL_SURFACE ( 'NONE', #686, 2.249999999999988010 ) ;
#70 = CIRCLE ( 'NONE', #2073, 2.249999999999995115 ) ;
#71 = DIRECTION ( 'NONE',  ( 0.0000000000000000000, 0.0000000000000000000, -1.000000000000000000 ) ) ;
#72 = DIRECTION ( 'NONE',  ( 1.000000000000000000, 0.0000000000000000000, 0.0000000000000000000 ) ) ;
#73 = ORIENTED_EDGE ( 'NONE', *, *, #61, .T. ) ;
#74 = EDGE_CURVE ( 'NONE', #1856, #968, #370, .T. ) ;
#75 = DIRECTION ( 'NONE',  ( -0.0000000000000000000, -0.0000000000000000000, -1.000000000000000000 ) ) ;
#76 = VECTOR ( 'NONE', #2830, 1000.000000000000000 ) ;
#77 = EDGE_CURVE ( 'NONE', #2242, #663, #2439, .T. ) ;
#78 = CIRCLE ( 'NONE', #2487, 2.249999999999988010 ) ;
#79 = FACE_BOUND ( 'NONE', #1402, .T. ) ;
#80 = DIRECTION ( 'NONE',  ( 0.0000000000000000000, 0.0000000000000000000, -1.000000000000000000 ) ) ;
#81 = ORIENTED_EDGE ( 'NONE', *, *, #2249, .F. ) ;
#82 = ORIENTED_EDGE ( 'NONE', *, *, #2998, .F. ) ;
#83 = VERTEX_POINT ( 'NONE', #1207 ) ;
#84 = CARTESIAN_POINT ( 'NONE',  ( 112.5000000000000142, 302.5000000000000000, 3.000000000000000000 ) ) ;
#85 = DIRECTION ( 'NONE',  ( -0.0000000000000000000, -0.0000000000000000000, 1.000000000000000000 ) ) ;
#86 = DIRECTION ( 'NONE',  ( 1.000000000000000000, 0.0000000000000000000, 0.0000000000000000000 ) ) ;
#87 = CARTESIAN_POINT ( 'NONE',  ( 110.2500000000000284, 357.5000000000000000, -1.279755905108981194E-15 ) ) ;
#88 = ORIENTED_EDGE ( 'NONE', *, *, #2781, .T. ) ;
#89 = DIRECTION ( 'NONE',  ( 1.000000000000000000, 0.0000000000000000000, 0.0000000000000000000 ) ) ;
#90 = CARTESIAN_POINT ( 'NONE',  ( 19.49999999999999289, 477.4999999999999432, 3.000000000000000000 ) ) ;
#91 = VECTOR ( 'NONE', #133, 1000.000000000000000 ) ;
#92 = ORIENTED_EDGE ( 'NONE', *, *, #1407, .T. ) ;
#93 = ORIENTED_EDGE ( 'NONE', *, *, #1406, .F. ) ;
#94 = VECTOR ( 'NONE', #2898, 1000.000000000000000 ) ;
#95 = EDGE_CURVE ( 'NONE', #2560, #3074, #2188, .T. ) ;
#96 = EDGE_LOOP ( 'NONE', ( #2518, #1875 ) ) ;
#97 = VECTOR ( 'NONE', #543, 1000.000000000000000 ) ;
#98 = VERTEX_POINT ( 'NONE', #1499 ) ;
#99 = DIRECTION ( 'NONE',  ( -0.0000000000000000000, -0.0000000000000000000, 1.000000000000000000 ) ) ;
#100 = DIRECTION ( 'NONE',  ( 1.000000000000000000, 0.0000000000000000000, 0.0000000000000000000 ) ) ;
#101 = ORIENTED_EDGE ( 'NONE', *, *, #1050, .T. ) ;
#102 = LINE ( 'NONE', #2541, #1327 ) ;
#103 = CARTESIAN_POINT ( 'NONE',  ( 96.00000000000000000, 370.0000000000000000, 3.000000000000000000 ) ) ;
#104 = DIRECTION ( 'NONE',  ( -0.0000000000000000000, -0.0000000000000000000, 1.000000000000000000 ) ) ;
#105 = VERTEX_POINT ( 'NONE', #1484 ) ;
#106 = EDGE_LOOP ( 'NONE', ( #2018, #1101, #562, #1804 ) ) ;
#107 = DIRECTION ( 'NONE',  ( 1.000000000000000000, 0.0000000000000000000, 0.0000000000000000000 ) ) ;
#108 = ORIENTED_EDGE ( 'NONE', *, *, #2968, .T. ) ;
#109 = EDGE_LOOP ( 'NONE', ( #2406, #1663, #2500, #1930 ) ) ;
#110 = EDGE_CURVE ( 'NONE', #3004, #2646, #1941, .T. ) ;
#111 = EDGE_CURVE ( 'NONE', #432, #2361, #2645, .T. ) ;
#112 = DIRECTION ( 'NONE',  ( 1.000000000000000000, 0.0000000000000000000, 0.0000000000000000000 ) ) ;
#113 = CARTESIAN_POINT ( 'NONE',  ( 112.5000000000000142, 357.5000000000000000, 3.000000000000000000 ) ) ;
#114 = DIRECTION ( 'NONE',  ( 1.000000000000000000, 0.0000000000000000000, 0.0000000000000000000 ) ) ;
#115 = AXIS2_PLACEMENT_3D ( 'NONE', #1017, #15, #1454 ) ;
#116 = CYLINDRICAL_SURFACE ( 'NONE', #2286, 2.249999999999996891 ) ;
#117 = EDGE_LOOP ( 'NONE', ( #537, #1905 ) ) ;
#118 = CARTESIAN_POINT ( 'NONE',  ( 0.0000000000000000000, 0.0000000000000000000, 3.000000000000000000 ) ) ;
#119 = AXIS2_PLACEMENT_3D ( 'NONE', #1378, #1660, #2854 ) ;
#120 = DIRECTION ( 'NONE',  ( -1.000000000000000000, 0.0000000000000000000, 0.0000000000000000000 ) ) ;
#121 = CIRCLE ( 'NONE', #763, 2.249999999999988010 ) ;
#122 = EDGE_LOOP ( 'NONE', ( #596, #2107, #1317, #691, #1789, #1636 ) ) ;
#123 = VECTOR ( 'NONE', #2148, 1000.000000000000000 ) ;
#124 = AXIS2_PLACEMENT_3D ( 'NONE', #3012, #131, #379 ) ;
#125 = ORIENTED_EDGE ( 'NONE', *, *, #1666, .F. ) ;
#126 = ORIENTED_EDGE ( 'NONE', *, *, #2548, .F. ) ;
#127 = CARTESIAN_POINT ( 'NONE',  ( 126.5000000000000000, 130.0000000000000000, 3.000000000000000000 ) ) ;
#128 = ADVANCED_FACE ( 'NONE', ( #946 ), #2916, .F. ) ;
#129 = ADVANCED_FACE ( 'NONE', ( #2947 ), #743, .F. ) ;
#130 = FACE_OUTER_BOUND ( 'NONE', #1783, .T. ) ;
#131 = DIRECTION ( 'NONE',  ( -0.0000000000000000000, -0.0000000000000000000, 1.000000000000000000 ) ) ;
#132 = VERTEX_POINT ( 'NONE', #514 ) ;
#133 = DIRECTION ( 'NONE',  ( -0.0000000000000000000, -0.0000000000000000000, 1.000000000000000000 ) ) ;
#134 = CARTESIAN_POINT ( 'NONE',  ( 17.25000000000000711, 117.4999999999999432, 3.000000000000000000 ) ) ;
#135 = ORIENTED_EDGE ( 'NONE', *, *, #356, .T. ) ;
#136 = CARTESIAN_POINT ( 'NONE',  ( 17.25000000000000711, 382.4999999999999432, 3.000000000000000000 ) ) ;
#137 = CIRCLE ( 'NONE', #2802, 2.249999999999995115 ) ;
#138 = VERTEX_POINT ( 'NONE', #2690 ) ;
#139 = ORIENTED_EDGE ( 'NONE', *, *, #1903, .F. ) ;
#140 = DIRECTION ( 'NONE',  ( -0.0000000000000000000, -0.0000000000000000000, 1.000000000000000000 ) ) ;
#141 = VECTOR ( 'NONE', #172, 1000.000000000000000 ) ;
#142 = AXIS2_PLACEMENT_3D ( 'NONE', #1740, #2230, #1220 ) ;
#143 = VERTEX_POINT ( 'NONE', #483 ) ;
#144 = DIRECTION ( 'NONE',  ( 1.000000000000000000, 0.0000000000000000000, 0.0000000000000000000 ) ) ;
#145 = ADVANCED_FACE ( 'NONE', ( #1987 ), #2704, .F. ) ;
#146 = CYLINDRICAL_SURFACE ( 'NONE', #1311, 2.250000000000001776 ) ;
#147 = ADVANCED_FACE ( 'NONE', ( #983 ), #1976, .F. ) ;
#148 = DIRECTION ( 'NONE',  ( -0.0000000000000000000, -0.0000000000000000000, 1.000000000000000000 ) ) ;
#149 = VERTEX_POINT ( 'NONE', #2019 ) ;
#150 = EDGE_LOOP ( 'NONE', ( #2601, #492, #2363, #346 ) ) ;
#151 = FACE_OUTER_BOUND ( 'NONE', #1039, .T. ) ;
#152 = ORIENTED_EDGE ( 'NONE', *, *, #355, .T. ) ;
#153 = ORIENTED_EDGE ( 'NONE', *, *, #2536, .F. ) ;
#154 = CALENDAR_DATE ( 2019, 18, 9 ) ;
#155 = DIRECTION ( 'NONE',  ( -0.0000000000000000000, -0.0000000000000000000, 1.000000000000000000 ) ) ;
#156 = CARTESIAN_POINT ( 'NONE',  ( 5.000000000000000000, 485.0000000000000000, 3.000000000000000000 ) ) ;
#157 = EDGE_LOOP ( 'NONE', ( #2860, #1926, #62, #2155 ) ) ;
#158 = DIRECTION ( 'NONE',  ( -1.000000000000000000, 0.0000000000000000000, 0.0000000000000000000 ) ) ;
#159 = CARTESIAN_POINT ( 'NONE',  ( 0.0000000000000000000, 0.0000000000000000000, 3.000000000000000000 ) ) ;
#160 = EDGE_CURVE ( 'NONE', #2620, #2514, #787, .T. ) ;
#161 = ADVANCED_FACE ( 'NONE', ( #1510 ), #556, .F. ) ;
#162 = ORIENTED_EDGE ( 'NONE', *, *, #2929, .T. ) ;
#163 = VERTEX_POINT ( 'NONE', #869 ) ;
#164 = CIRCLE ( 'NONE', #3028, 2.249999999999995115 ) ;
#165 = AXIS2_PLACEMENT_3D ( 'NONE', #726, #252, #529 ) ;
#166 = CARTESIAN_POINT ( 'NONE',  ( 3.250000000000007550, 450.0000000000000000, 3.000000000000000000 ) ) ;
#167 = ORIENTED_EDGE ( 'NONE', *, *, #2928, .T. ) ;
#168 = CARTESIAN_POINT ( 'NONE',  ( 17.25000000000000711, 277.4999999999999432, 3.000000000000000000 ) ) ;
#169 = ORIENTED_EDGE ( 'NONE', *, *, #1928, .T. ) ;
#170 = CARTESIAN_POINT ( 'NONE',  ( 93.75000000000000000, 450.0000000000000568, 3.000000000000000000 ) ) ;
#171 = CIRCLE ( 'NONE', #812, 2.250000000000001776 ) ;
#172 = DIRECTION ( 'NONE',  ( -0.0000000000000000000, -0.0000000000000000000, -1.000000000000000000 ) ) ;
#173 = ORIENTED_EDGE ( 'NONE', *, *, #3030, .F. ) ;
#174 = DIRECTION ( 'NONE',  ( -0.0000000000000000000, -0.0000000000000000000, 1.000000000000000000 ) ) ;
#175 = ORIENTED_EDGE ( 'NONE', *, *, #739, .F. ) ;
#176 = DIRECTION ( 'NONE',  ( 1.000000000000000000, 0.0000000000000000000, 0.0000000000000000000 ) ) ;
#177 = DIRECTION ( 'NONE',  ( -0.0000000000000000000, -0.0000000000000000000, -1.000000000000000000 ) ) ;
#178 = ADVANCED_FACE ( 'NONE', ( #1364 ), #2, .F. ) ;
#179 = EDGE_CURVE ( 'NONE', #920, #3051, #326, .T. ) ;
#180 = VERTEX_POINT ( 'NONE', #884 ) ;
#181 = CARTESIAN_POINT ( 'NONE',  ( 21.74999999999998579, 382.4999999999999432, 0.0000000000000000000 ) ) ;
#182 = ORIENTED_EDGE ( 'NONE', *, *, #2301, .T. ) ;
#183 = DIRECTION ( 'NONE',  ( 1.000000000000000000, 0.0000000000000000000, 0.0000000000000000000 ) ) ;
#184 = DIRECTION ( 'NONE',  ( -0.0000000000000000000, -0.0000000000000000000, 1.000000000000000000 ) ) ;
#185 = AXIS2_PLACEMENT_3D ( 'NONE', #2419, #1507, #1495 ) ;
#186 = CARTESIAN_POINT ( 'NONE',  ( 126.5000000000000000, 290.0000000000000000, 8.673617379884035472E-16 ) ) ;
#187 = EDGE_LOOP ( 'NONE', ( #637, #2091 ) ) ;
#188 = CIRCLE ( 'NONE', #583, 2.249999999999988010 ) ;
#189 = DIRECTION ( 'NONE',  ( -0.0000000000000000000, -0.0000000000000000000, 1.000000000000000000 ) ) ;
#190 = AXIS2_PLACEMENT_3D ( 'NONE', #3080, #2344, #1181 ) ;
#191 = ORIENTED_EDGE ( 'NONE', *, *, #457, .F. ) ;
#192 = VECTOR ( 'NONE', #1304, 1000.000000000000000 ) ;
#193 = DIRECTION ( 'NONE',  ( -0.0000000000000000000, -0.0000000000000000000, 1.000000000000000000 ) ) ;
#194 = FACE_BOUND ( 'NONE', #2031, .T. ) ;
#195 = ORIENTED_EDGE ( 'NONE', *, *, #2851, .F. ) ;
#196 = EDGE_LOOP ( 'NONE', ( #2144, #1434, #2790, #2149 ) ) ;
#197 = DIRECTION ( 'NONE',  ( -0.0000000000000000000, -0.0000000000000000000, 1.000000000000000000 ) ) ;
#198 = ORIENTED_EDGE ( 'NONE', *, *, #433, .F. ) ;
#199 = DIRECTION ( 'NONE',  ( -1.000000000000000000, 0.0000000000000000000, 0.0000000000000000000 ) ) ;
#200 = EDGE_LOOP ( 'NONE', ( #505, #1867 ) ) ;
#201 = CARTESIAN_POINT ( 'NONE',  ( 127.0000000000000000, 480.0000000000000000, 0.0000000000000000000 ) ) ;
#202 = CARTESIAN_POINT ( 'NONE',  ( 36.00000000000000711, 50.00000000000002842, 3.000000000000000000 ) ) ;
#203 = ORIENTED_EDGE ( 'NONE', *, *, #1505, .F. ) ;
#204 = EDGE_CURVE ( 'NONE', #2679, #2417, #1052, .T. ) ;
#205 = EDGE_CURVE ( 'NONE', #2194, #238, #237, .T. ) ;
#206 = EDGE_CURVE ( 'NONE', #1054, #1837, #1884, .T. ) ;
#207 = CARTESIAN_POINT ( 'NONE',  ( 36.00000000000000711, 290.0000000000000568, 8.673617379884035472E-16 ) ) ;
#208 = LINE ( 'NONE', #2859, #1833 ) ;
#209 = ORIENTED_EDGE ( 'NONE', *, *, #306, .F. ) ;
#210 = CARTESIAN_POINT ( 'NONE',  ( 3.250000000000007105, 370.0000000000000000, 3.000000000000000000 ) ) ;
#211 = LINE ( 'NONE', #2648, #385 ) ;
#212 = CARTESIAN_POINT ( 'NONE',  ( 21.74999999999998579, 62.49999999999990052, -1.279755905108981194E-15 ) ) ;
#213 = ORIENTED_EDGE ( 'NONE', *, *, #266, .T. ) ;
#214 = LINE ( 'NONE', #1160, #522 ) ;
#215 = VERTEX_POINT ( 'NONE', #2342 ) ;
#216 = AXIS2_PLACEMENT_3D ( 'NONE', #1087, #1813, #1839 ) ;
#217 = LINE ( 'NONE', #2394, #1269 ) ;
#218 = EDGE_LOOP ( 'NONE', ( #1912, #1543, #1888, #613 ) ) ;
#219 = CARTESIAN_POINT ( 'NONE',  ( 36.00000000000000711, 210.0000000000000284, 3.000000000000000000 ) ) ;
#220 = AXIS2_PLACEMENT_3D ( 'NONE', #2176, #2227, #2905 ) ;
#221 = AXIS2_PLACEMENT_3D ( 'NONE', #827, #1328, #1820 ) ;
#222 = VERTEX_POINT ( 'NONE', #2143 ) ;
#223 = VECTOR ( 'NONE', #11, 1000.000000000000000 ) ;
#224 = CARTESIAN_POINT ( 'NONE',  ( 17.25000000000000711, 382.4999999999999432, 0.0000000000000000000 ) ) ;
#225 = CARTESIAN_POINT ( 'NONE',  ( 93.75000000000000000, 370.0000000000000000, 3.000000000000000000 ) ) ;
#226 = EDGE_CURVE ( 'NONE', #1598, #1140, #1831, .T. ) ;
#227 = AXIS2_PLACEMENT_3D ( 'NONE', #580, #366, #1356 ) ;
#228 = ORIENTED_EDGE ( 'NONE', *, *, #111, .T. ) ;
#229 = DIRECTION ( 'NONE',  ( -1.000000000000000000, 0.0000000000000000000, 0.0000000000000000000 ) ) ;
#230 = CARTESIAN_POINT ( 'NONE',  ( 114.7500000000000000, 142.5000000000000000, 0.0000000000000000000 ) ) ;
#231 = PLANE ( 'NONE',  #2038 ) ;
#232 = CARTESIAN_POINT ( 'NONE',  ( 112.5000000000000142, 357.5000000000000000, -1.279755905108981194E-15 ) ) ;
#233 = APPROVAL ( #2313, 'UNSPECIFIED' ) ;
#234 = DIRECTION ( 'NONE',  ( -0.0000000000000000000, -0.0000000000000000000, 1.000000000000000000 ) ) ;
#235 = ORIENTED_EDGE ( 'NONE', *, *, #1903, .T. ) ;
#236 = DIRECTION ( 'NONE',  ( 1.000000000000000000, 0.0000000000000000000, 0.0000000000000000000 ) ) ;
#237 = LINE ( 'NONE', #1855, #76 ) ;
#238 = VERTEX_POINT ( 'NONE', #468 ) ;
#239 = CARTESIAN_POINT ( 'NONE',  ( 19.49999999999999645, 382.4999999999999432, -1.279755905108981194E-15 ) ) ;
#240 = EDGE_LOOP ( 'NONE', ( #2770, #1621 ) ) ;
#241 = CARTESIAN_POINT ( 'NONE',  ( 33.75000000000000711, 50.00000000000002842, 8.673617379884035472E-16 ) ) ;
#242 = CIRCLE ( 'NONE', #294, 2.249999999999988010 ) ;
#243 = AXIS2_PLACEMENT_3D ( 'NONE', #2520, #1051, #2041 ) ;
#244 = ORIENTED_EDGE ( 'NONE', *, *, #2318, .T. ) ;
#245 = CARTESIAN_POINT ( 'NONE',  ( 21.74999999999998579, 222.4999999999999147, 0.0000000000000000000 ) ) ;
#246 = CARTESIAN_POINT ( 'NONE',  ( 36.00000000000000711, 210.0000000000000284, 3.000000000000000000 ) ) ;
#247 = CIRCLE ( 'NONE', #2552, 2.250000000000001776 ) ;
#248 = DIRECTION ( 'NONE',  ( -0.0000000000000000000, -0.0000000000000000000, 1.000000000000000000 ) ) ;
#249 = CARTESIAN_POINT ( 'NONE',  ( 17.25000000000000000, 437.5000000000000000, 3.000000000000000000 ) ) ;
#250 = AXIS2_PLACEMENT_3D ( 'NONE', #3081, #2121, #1858 ) ;
#251 = ORIENTED_EDGE ( 'NONE', *, *, #673, .T. ) ;
#252 = DIRECTION ( 'NONE',  ( -0.0000000000000000000, -0.0000000000000000000, -1.000000000000000000 ) ) ;
#253 = EDGE_CURVE ( 'NONE', #801, #2071, #2485, .T. ) ;
#254 = DIRECTION ( 'NONE',  ( 1.000000000000000000, 0.0000000000000000000, 0.0000000000000000000 ) ) ;
#255 = ORIENTED_EDGE ( 'NONE', *, *, #2266, .F. ) ;
#256 = CARTESIAN_POINT ( 'NONE',  ( 21.74999999999998579, 62.49999999999990052, 3.000000000000000000 ) ) ;
#257 = ORIENTED_EDGE ( 'NONE', *, *, #1452, .T. ) ;
#258 = DATE_AND_TIME ( #2726, #2079 ) ;
#259 = DIRECTION ( 'NONE',  ( -1.000000000000000000, 0.0000000000000000000, 0.0000000000000000000 ) ) ;
#260 = ORIENTED_EDGE ( 'NONE', *, *, #1863, .T. ) ;
#261 = CARTESIAN_POINT ( 'NONE',  ( 19.49999999999999289, 437.5000000000000000, -1.279755905108981194E-15 ) ) ;
#262 = LINE ( 'NONE', #2475, #2007 ) ;
#263 = DIRECTION ( 'NONE',  ( 1.000000000000000000, 0.0000000000000000000, 0.0000000000000000000 ) ) ;
#264 = ORIENTED_EDGE ( 'NONE', *, *, #1468, .T. ) ;
#265 = DIRECTION ( 'NONE',  ( -1.000000000000000000, 0.0000000000000000000, 0.0000000000000000000 ) ) ;
#266 = EDGE_CURVE ( 'NONE', #1295, #2570, #2856, .T. ) ;
#267 = EDGE_CURVE ( 'NONE', #1422, #316, #217, .T. ) ;
#268 = FACE_BOUND ( 'NONE', #1938, .T. ) ;
#269 = CARTESIAN_POINT ( 'NONE',  ( 3.250000000000007994, 290.0000000000000000, 8.673617379884035472E-16 ) ) ;
#270 = FACE_OUTER_BOUND ( 'NONE', #2378, .T. ) ;
#271 = AXIS2_PLACEMENT_3D ( 'NONE', #343, #1293, #107 ) ;
#272 = ORIENTED_EDGE ( 'NONE', *, *, #1707, .T. ) ;
#273 = CC_DESIGN_PERSON_AND_ORGANIZATION_ASSIGNMENT ( #2924, #749, ( #2444 ) ) ;
#274 = CC_DESIGN_APPROVAL ( #308, ( #536 ) ) ;
#275 = AXIS2_PLACEMENT_3D ( 'NONE', #1178, #1118, #1399 ) ;
#276 = APPROVAL_STATUS ( 'not_yet_approved' ) ;
#277 = DIRECTION ( 'NONE',  ( -0.0000000000000000000, -0.0000000000000000000, 1.000000000000000000 ) ) ;
#278 = CIRCLE ( 'NONE', #2074, 2.250000000000001776 ) ;
#279 = CLOSED_SHELL ( 'NONE', ( #1172, #1765, #18, #2232, #713, #2067, #1034, #322, #2532, #161, #875, #1612, #498, #1277, #128, #2055, #892, #2109, #1432, #1274, #837, #147, #1610, #1303, #2445, #2497, #2462, #567, #2200, #340, #2751, #647, #2853, #1408, #2156, #836, #854, #2951, #2387, #324, #178, #2196, #2426, #1845, #2667, #1948, #593, #1883, #1591, #145, #1808, #2594, #512, #2388, #1016, #1748, #2890, #3097, #2768, #794, #1769, #1929, #2069, #2641, #648, #3117, #566, #1104, #2598, #1360, #1553, #993, #1539, #958, #129, #2218, #994, #534, #891, #1049, #2002, #2461, #976, #741 ) ) ;
#280 = DIRECTION ( 'NONE',  ( -1.000000000000000000, 0.0000000000000000000, 0.0000000000000000000 ) ) ;
#281 = CARTESIAN_POINT ( 'NONE',  ( 0.0000000000000000000, 0.0000000000000000000, 3.000000000000000000 ) ) ;
#282 = CARTESIAN_POINT ( 'NONE',  ( 36.00000000000000711, 290.0000000000000568, 8.673617379884035472E-16 ) ) ;
#283 = CIRCLE ( 'NONE', #664, 2.249999999999996891 ) ;
#284 = VECTOR ( 'NONE', #2479, 1000.000000000000000 ) ;
#285 = CARTESIAN_POINT ( 'NONE',  ( 98.25000000000000000, 370.0000000000000000, 8.673617379884035472E-16 ) ) ;
#286 = CARTESIAN_POINT ( 'NONE',  ( 36.00000000000000711, 210.0000000000000284, 8.673617379884035472E-16 ) ) ;
#287 = CARTESIAN_POINT ( 'NONE',  ( 7.750000000000001776, 290.0000000000000000, 8.673617379884035472E-16 ) ) ;
#288 = ORIENTED_EDGE ( 'NONE', *, *, #1195, .T. ) ;
#289 = LINE ( 'NONE', #2659, #2187 ) ;
#290 = ORIENTED_EDGE ( 'NONE', *, *, #110, .T. ) ;
#291 = EDGE_CURVE ( 'NONE', #1330, #2175, #2077, .T. ) ;
#292 = CARTESIAN_POINT ( 'NONE',  ( 114.7500000000000000, 197.5000000000000000, 0.0000000000000000000 ) ) ;
#293 = DIRECTION ( 'NONE',  ( -0.0000000000000000000, -0.0000000000000000000, -1.000000000000000000 ) ) ;
#294 = AXIS2_PLACEMENT_3D ( 'NONE', #1628, #1897, #1129 ) ;
#295 = LINE ( 'NONE', #2900, #2285 ) ;
#296 = CARTESIAN_POINT ( 'NONE',  ( 112.5000000000000142, 37.49999999999998579, 3.000000000000000000 ) ) ;
#297 = CARTESIAN_POINT ( 'NONE',  ( 128.7500000000000000, 130.0000000000000000, 3.000000000000000000 ) ) ;
#298 = FACE_OUTER_BOUND ( 'NONE', #1530, .T. ) ;
#299 = CIRCLE ( 'NONE', #3011, 2.250000000000001776 ) ;
#300 = DIRECTION ( 'NONE',  ( 1.000000000000000000, 0.0000000000000000000, 0.0000000000000000000 ) ) ;
#301 = DIRECTION ( 'NONE',  ( -0.0000000000000000000, -0.0000000000000000000, 1.000000000000000000 ) ) ;
#302 = CARTESIAN_POINT ( 'NONE',  ( 126.5000000000000000, 130.0000000000000000, 8.673617379884035472E-16 ) ) ;
#303 = VERTEX_POINT ( 'NONE', #168 ) ;
#304 =( NAMED_UNIT ( * ) SI_UNIT ( $, .STERADIAN. ) SOLID_ANGLE_UNIT ( ) );
#305 = LINE ( 'NONE', #766, #1441 ) ;
#306 = EDGE_CURVE ( 'NONE', #1915, #1405, #2600, .T. ) ;
#307 = EDGE_CURVE ( 'NONE', #791, #2759, #3046, .T. ) ;
#308 = APPROVAL ( #276, 'UNSPECIFIED' ) ;
#309 = FACE_OUTER_BOUND ( 'NONE', #2063, .T. ) ;
#310 = CARTESIAN_POINT ( 'NONE',  ( 36.00000000000000711, 450.0000000000000568, 3.000000000000000000 ) ) ;
#311 = DIRECTION ( 'NONE',  ( -0.0000000000000000000, -0.0000000000000000000, 1.000000000000000000 ) ) ;
#312 = VERTEX_POINT ( 'NONE', #3102 ) ;
#313 = CARTESIAN_POINT ( 'NONE',  ( 126.5000000000000000, 210.0000000000000284, 3.000000000000000000 ) ) ;
#314 = FACE_BOUND ( 'NONE', #2305, .T. ) ;
#315 = CARTESIAN_POINT ( 'NONE',  ( 132.0000000000000000, 0.0000000000000000000, 3.000000000000000000 ) ) ;
#316 = VERTEX_POINT ( 'NONE', #921 ) ;
#317 = ORIENTED_EDGE ( 'NONE', *, *, #2640, .F. ) ;
#318 = ORIENTED_EDGE ( 'NONE', *, *, #57, .F. ) ;
#319 = DIRECTION ( 'NONE',  ( -0.0000000000000000000, -0.0000000000000000000, 1.000000000000000000 ) ) ;
#320 = AXIS2_PLACEMENT_3D ( 'NONE', #934, #1137, #2887 ) ;
#321 = DIRECTION ( 'NONE',  ( -0.0000000000000000000, -0.0000000000000000000, -1.000000000000000000 ) ) ;
#322 = ADVANCED_FACE ( 'NONE', ( #1911 ), #3061, .F. ) ;
#323 = CARTESIAN_POINT ( 'NONE',  ( 36.00000000000000711, 290.0000000000000568, 3.000000000000000000 ) ) ;
#324 = ADVANCED_FACE ( 'NONE', ( #1120 ), #1645, .F. ) ;
#325 = AXIS2_PLACEMENT_3D ( 'NONE', #2883, #2068, #3026 ) ;
#326 = CIRCLE ( 'NONE', #1265, 2.250000000000001776 ) ;
#327 = CARTESIAN_POINT ( 'NONE',  ( 7.750000000000001776, 290.0000000000000000, 3.000000000000000000 ) ) ;
#328 = CIRCLE ( 'NONE', #2743, 2.250000000000001776 ) ;
#329 = EDGE_CURVE ( 'NONE', #1509, #1917, #417, .T. ) ;
#330 =( GEOMETRIC_REPRESENTATION_CONTEXT ( 3 ) GLOBAL_UNCERTAINTY_ASSIGNED_CONTEXT ( ( #2092 ) ) GLOBAL_UNIT_ASSIGNED_CONTEXT ( ( #1237, #523, #304 ) ) REPRESENTATION_CONTEXT ( 'NONE', 'WORKASPACE' ) );
#331 = CARTESIAN_POINT ( 'NONE',  ( 124.2500000000000000, 130.0000000000000000, 8.673617379884035472E-16 ) ) ;
#332 = VERTEX_POINT ( 'NONE', #2102 ) ;
#333 = VERTEX_POINT ( 'NONE', #1925 ) ;
#334 = FACE_OUTER_BOUND ( 'NONE', #109, .T. ) ;
#335 = DIRECTION ( 'NONE',  ( -0.0000000000000000000, -0.0000000000000000000, 1.000000000000000000 ) ) ;
#336 = DIRECTION ( 'NONE',  ( -0.0000000000000000000, -0.0000000000000000000, -1.000000000000000000 ) ) ;
#337 = ORIENTED_EDGE ( 'NONE', *, *, #615, .T. ) ;
#338 = DIRECTION ( 'NONE',  ( 1.000000000000000000, 0.0000000000000000000, 0.0000000000000000000 ) ) ;
#339 = AXIS2_PLACEMENT_3D ( 'NONE', #411, #2064, #3023 ) ;
#340 = ADVANCED_FACE ( 'NONE', ( #1715 ), #35, .F. ) ;
#341 = ORIENTED_EDGE ( 'NONE', *, *, #1233, .F. ) ;
#342 = VECTOR ( 'NONE', #1671, 1000.000000000000000 ) ;
#343 = CARTESIAN_POINT ( 'NONE',  ( 96.00000000000000000, 290.0000000000000568, 8.673617379884035472E-16 ) ) ;
#344 = VERTEX_POINT ( 'NONE', #1731 ) ;
#345 = AXIS2_PLACEMENT_3D ( 'NONE', #996, #2233, #1985 ) ;
#346 = ORIENTED_EDGE ( 'NONE', *, *, #2908, .F. ) ;
#347 = CARTESIAN_POINT ( 'NONE',  ( 96.00000000000000000, 450.0000000000000568, 3.000000000000000000 ) ) ;
#348 = CARTESIAN_POINT ( 'NONE',  ( 3.250000000000007994, 130.0000000000000000, 8.673617379884035472E-16 ) ) ;
#349 = DIRECTION ( 'NONE',  ( -0.0000000000000000000, -0.0000000000000000000, 1.000000000000000000 ) ) ;
#350 = ORIENTED_EDGE ( 'NONE', *, *, #1859, .F. ) ;
#351 = DIRECTION ( 'NONE',  ( 1.000000000000000000, 0.0000000000000000000, 0.0000000000000000000 ) ) ;
#352 = CARTESIAN_POINT ( 'NONE',  ( 36.00000000000000711, 290.0000000000000568, 3.000000000000000000 ) ) ;
#353 = VERTEX_POINT ( 'NONE', #707 ) ;
#354 = EDGE_LOOP ( 'NONE', ( #1077, #833, #1736, #3001 ) ) ;
#355 = EDGE_CURVE ( 'NONE', #1743, #842, #2383, .T. ) ;
#356 = EDGE_CURVE ( 'NONE', #791, #2560, #1361, .T. ) ;
#357 = ORIENTED_EDGE ( 'NONE', *, *, #1340, .T. ) ;
#358 = VERTEX_POINT ( 'NONE', #287 ) ;
#359 = DIRECTION ( 'NONE',  ( 1.000000000000000000, 0.0000000000000000000, 0.0000000000000000000 ) ) ;
#360 = CARTESIAN_POINT ( 'NONE',  ( 5.500000000000005329, 450.0000000000000000, 3.000000000000000000 ) ) ;
#361 = AXIS2_PLACEMENT_3D ( 'NONE', #845, #3021, #810 ) ;
#362 = DIRECTION ( 'NONE',  ( -0.0000000000000000000, -0.0000000000000000000, 1.000000000000000000 ) ) ;
#363 = ORIENTED_EDGE ( 'NONE', *, *, #1986, .F. ) ;
#364 = DIRECTION ( 'NONE',  ( -0.0000000000000000000, -0.0000000000000000000, 1.000000000000000000 ) ) ;
#365 = VECTOR ( 'NONE', #1086, 1000.000000000000000 ) ;
#366 = DIRECTION ( 'NONE',  ( -0.0000000000000000000, -0.0000000000000000000, 1.000000000000000000 ) ) ;
#367 = CIRCLE ( 'NONE', #764, 2.249999999999991562 ) ;
#368 = FACE_OUTER_BOUND ( 'NONE', #588, .T. ) ;
#369 = AXIS2_PLACEMENT_3D ( 'NONE', #261, #2180, #508 ) ;
#370 = CIRCLE ( 'NONE', #2133, 2.249999999999988010 ) ;
#371 = VERTEX_POINT ( 'NONE', #1438 ) ;
#372 = CARTESIAN_POINT ( 'NONE',  ( 128.7500000000000000, 130.0000000000000000, 8.673617379884035472E-16 ) ) ;
#373 = CIRCLE ( 'NONE', #2136, 2.249999999999988010 ) ;
#374 = ORIENTED_EDGE ( 'NONE', *, *, #457, .T. ) ;
#375 = ORIENTED_EDGE ( 'NONE', *, *, #734, .F. ) ;
#376 = DIRECTION ( 'NONE',  ( 1.000000000000000000, 0.0000000000000000000, 0.0000000000000000000 ) ) ;
#377 = EDGE_CURVE ( 'NONE', #3053, #777, #1617, .T. ) ;
#378 = EDGE_CURVE ( 'NONE', #1019, #1447, #967, .T. ) ;
#379 = DIRECTION ( 'NONE',  ( 1.000000000000000000, 0.0000000000000000000, 0.0000000000000000000 ) ) ;
#380 = ORIENTED_EDGE ( 'NONE', *, *, #476, .T. ) ;
#381 = DIRECTION ( 'NONE',  ( -0.0000000000000000000, -0.0000000000000000000, 1.000000000000000000 ) ) ;
#382 = DIRECTION ( 'NONE',  ( 1.000000000000000000, 0.0000000000000000000, 0.0000000000000000000 ) ) ;
#383 = ORIENTED_EDGE ( 'NONE', *, *, #2172, .F. ) ;
#384 = CARTESIAN_POINT ( 'NONE',  ( 36.00000000000000711, 50.00000000000002842, 3.000000000000000000 ) ) ;
#385 = VECTOR ( 'NONE', #2824, 1000.000000000000000 ) ;
#386 = DIRECTION ( 'NONE',  ( 1.000000000000000000, 0.0000000000000000000, 0.0000000000000000000 ) ) ;
#387 = ORIENTED_EDGE ( 'NONE', *, *, #57, .T. ) ;
#388 = VERTEX_POINT ( 'NONE', #1944 ) ;
#389 = AXIS2_PLACEMENT_3D ( 'NONE', #219, #2832, #183 ) ;
#390 = DIRECTION ( 'NONE',  ( 1.000000000000000000, 0.0000000000000000000, 0.0000000000000000000 ) ) ;
#391 = CIRCLE ( 'NONE', #1185, 2.249999999999988010 ) ;
#392 = FACE_BOUND ( 'NONE', #532, .T. ) ;
#393 = EDGE_CURVE ( 'NONE', #180, #485, #1876, .T. ) ;
#394 = EDGE_CURVE ( 'NONE', #2414, #3013, #660, .T. ) ;
#395 = FACE_OUTER_BOUND ( 'NONE', #1548, .T. ) ;
#396 = ORIENTED_EDGE ( 'NONE', *, *, #1686, .T. ) ;
#397 = DIRECTION ( 'NONE',  ( 0.0000000000000000000, 0.0000000000000000000, -1.000000000000000000 ) ) ;
#398 = FACE_OUTER_BOUND ( 'NONE', #3101, .T. ) ;
#399 = DIRECTION ( 'NONE',  ( -0.0000000000000000000, -0.0000000000000000000, 1.000000000000000000 ) ) ;
#400 = ORIENTED_EDGE ( 'NONE', *, *, #2820, .T. ) ;
#401 = DIRECTION ( 'NONE',  ( -0.0000000000000000000, -0.0000000000000000000, -1.000000000000000000 ) ) ;
#402 = ORIENTED_EDGE ( 'NONE', *, *, #1885, .F. ) ;
#403 = CARTESIAN_POINT ( 'NONE',  ( 33.75000000000000711, 130.0000000000000284, 3.000000000000000000 ) ) ;
#404 = ORIENTED_EDGE ( 'NONE', *, *, #2318, .F. ) ;
#405 = DIRECTION ( 'NONE',  ( -0.0000000000000000000, -0.0000000000000000000, 1.000000000000000000 ) ) ;
#406 = FACE_OUTER_BOUND ( 'NONE', #1287, .T. ) ;
#407 = VERTEX_POINT ( 'NONE', #269 ) ;
#408 = DIRECTION ( 'NONE',  ( -0.0000000000000000000, -0.0000000000000000000, 1.000000000000000000 ) ) ;
#409 = ORIENTED_EDGE ( 'NONE', *, *, #2402, .F. ) ;
#410 = EDGE_CURVE ( 'NONE', #435, #1018, #2192, .T. ) ;
#411 = CARTESIAN_POINT ( 'NONE',  ( 96.00000000000000000, 50.00000000000002842, 3.000000000000000000 ) ) ;
#412 = ORIENTED_EDGE ( 'NONE', *, *, #1506, .F. ) ;
#413 = AXIS2_PLACEMENT_3D ( 'NONE', #1511, #1278, #1485 ) ;
#414 = EDGE_CURVE ( 'NONE', #1557, #451, #601, .T. ) ;
#415 = DIRECTION ( 'NONE',  ( -0.0000000000000000000, -0.0000000000000000000, 1.000000000000000000 ) ) ;
#416 = ORIENTED_EDGE ( 'NONE', *, *, #1986, .T. ) ;
#417 = LINE ( 'NONE', #2564, #2240 ) ;
#418 = EDGE_LOOP ( 'NONE', ( #1893, #1777, #911, #2579 ) ) ;
#419 = CARTESIAN_POINT ( 'NONE',  ( 17.25000000000000000, 437.5000000000000000, 0.0000000000000000000 ) ) ;
#420 = VECTOR ( 'NONE', #666, 1000.000000000000000 ) ;
#421 = AXIS2_PLACEMENT_3D ( 'NONE', #2470, #2238, #2888 ) ;
#422 = CARTESIAN_POINT ( 'NONE',  ( 38.25000000000000000, 290.0000000000000568, 3.000000000000000000 ) ) ;
#423 = VERTEX_POINT ( 'NONE', #2675 ) ;
#424 = AXIS2_PLACEMENT_3D ( 'NONE', #718, #1949, #2430 ) ;
#425 = DIRECTION ( 'NONE',  ( -0.0000000000000000000, -0.0000000000000000000, 1.000000000000000000 ) ) ;
#426 = DIRECTION ( 'NONE',  ( 1.000000000000000000, 0.0000000000000000000, 0.0000000000000000000 ) ) ;
#427 = EDGE_LOOP ( 'NONE', ( #2563, #5, #1102, #3037 ) ) ;
#428 = DIRECTION ( 'NONE',  ( -0.0000000000000000000, -0.0000000000000000000, -1.000000000000000000 ) ) ;
#429 = FACE_OUTER_BOUND ( 'NONE', #729, .T. ) ;
#430 = EDGE_LOOP ( 'NONE', ( #1536, #1766 ) ) ;
#431 = MANIFOLD_SOLID_BREP ( 'M4 Clearance Hole3', #279 ) ;
#432 = VERTEX_POINT ( 'NONE', #745 ) ;
#433 = EDGE_CURVE ( 'NONE', #1136, #1335, #2829, .T. ) ;
#434 = EDGE_CURVE ( 'NONE', #2993, #238, #814, .T. ) ;
#435 = VERTEX_POINT ( 'NONE', #2933 ) ;
#436 = DIRECTION ( 'NONE',  ( -1.000000000000000000, 0.0000000000000000000, 0.0000000000000000000 ) ) ;
#437 = ORIENTED_EDGE ( 'NONE', *, *, #3066, .T. ) ;
#438 = DIRECTION ( 'NONE',  ( -0.0000000000000000000, -0.0000000000000000000, -1.000000000000000000 ) ) ;
#439 = AXIS2_PLACEMENT_3D ( 'NONE', #1426, #2861, #473 ) ;
#440 = CYLINDRICAL_SURFACE ( 'NONE', #1031, 2.249999999999996891 ) ;
#441 = ORIENTED_EDGE ( 'NONE', *, *, #549, .T. ) ;
#442 = AXIS2_PLACEMENT_3D ( 'NONE', #3112, #428, #895 ) ;
#443 = DIRECTION ( 'NONE',  ( 1.000000000000000000, 0.0000000000000000000, 0.0000000000000000000 ) ) ;
#444 = AXIS2_PLACEMENT_3D ( 'NONE', #2114, #2613, #1394 ) ;
#445 = CARTESIAN_POINT ( 'NONE',  ( 124.2500000000000000, 450.0000000000000000, 8.673617379884035472E-16 ) ) ;
#446 = ORIENTED_EDGE ( 'NONE', *, *, #550, .F. ) ;
#447 = DIRECTION ( 'NONE',  ( 1.000000000000000000, 0.0000000000000000000, 0.0000000000000000000 ) ) ;
#448 = CARTESIAN_POINT ( 'NONE',  ( 110.2500000000000284, 357.5000000000000000, 0.0000000000000000000 ) ) ;
#449 = CARTESIAN_POINT ( 'NONE',  ( 19.49999999999999645, 382.4999999999999432, 3.000000000000000000 ) ) ;
#450 = DIRECTION ( 'NONE',  ( -0.0000000000000000000, -0.0000000000000000000, -1.000000000000000000 ) ) ;
#451 = VERTEX_POINT ( 'NONE', #531 ) ;
#452 = ORIENTED_EDGE ( 'NONE', *, *, #1554, .F. ) ;
#453 = CARTESIAN_POINT ( 'NONE',  ( 19.49999999999999645, 222.4999999999999147, 3.000000000000000000 ) ) ;
#454 = ORIENTED_EDGE ( 'NONE', *, *, #2706, .T. ) ;
#455 = FACE_OUTER_BOUND ( 'NONE', #427, .T. ) ;
#456 = EDGE_CURVE ( 'NONE', #2962, #1346, #1785, .T. ) ;
#457 = EDGE_CURVE ( 'NONE', #432, #1416, #2952, .T. ) ;
#458 = CARTESIAN_POINT ( 'NONE',  ( 0.0000000000000000000, 485.0000000000000000, 3.000000000000000000 ) ) ;
#459 = ORIENTED_EDGE ( 'NONE', *, *, #267, .F. ) ;
#460 = CARTESIAN_POINT ( 'NONE',  ( 0.0000000000000000000, 0.0000000000000000000, 3.000000000000000000 ) ) ;
#461 = VERTEX_POINT ( 'NONE', #1501 ) ;
#462 = CARTESIAN_POINT ( 'NONE',  ( 38.25000000000000000, 130.0000000000000284, 3.000000000000000000 ) ) ;
#463 = DIRECTION ( 'NONE',  ( 1.000000000000000000, 0.0000000000000000000, 0.0000000000000000000 ) ) ;
#464 = EDGE_LOOP ( 'NONE', ( #2315, #1318 ) ) ;
#465 = ORIENTED_EDGE ( 'NONE', *, *, #856, .T. ) ;
#466 = EDGE_LOOP ( 'NONE', ( #1643, #2809 ) ) ;
#467 = AXIS2_PLACEMENT_3D ( 'NONE', #582, #799, #1044 ) ;
#468 = CARTESIAN_POINT ( 'NONE',  ( 124.2500000000000000, 210.0000000000000284, 3.000000000000000000 ) ) ;
#469 = EDGE_LOOP ( 'NONE', ( #2309, #620 ) ) ;
#470 = CARTESIAN_POINT ( 'NONE',  ( 0.0000000000000000000, 0.0000000000000000000, 0.0000000000000000000 ) ) ;
#471 = VECTOR ( 'NONE', #1567, 1000.000000000000000 ) ;
#472 = ORIENTED_EDGE ( 'NONE', *, *, #1147, .T. ) ;
#473 = DIRECTION ( 'NONE',  ( 1.000000000000000000, 0.0000000000000000000, 0.0000000000000000000 ) ) ;
#474 = CIRCLE ( 'NONE', #611, 2.250000000000001776 ) ;
#475 = EDGE_CURVE ( 'NONE', #2514, #2882, #2432, .T. ) ;
#476 = EDGE_CURVE ( 'NONE', #3043, #3079, #1056, .T. ) ;
#477 = EDGE_LOOP ( 'NONE', ( #1302, #2103 ) ) ;
#478 = CARTESIAN_POINT ( 'NONE',  ( 17.25000000000000711, 62.49999999999990052, 0.0000000000000000000 ) ) ;
#479 = FACE_OUTER_BOUND ( 'NONE', #2341, .T. ) ;
#480 = LINE ( 'NONE', #2451, #2899 ) ;
#481 = DIRECTION ( 'NONE',  ( -0.0000000000000000000, -0.0000000000000000000, 1.000000000000000000 ) ) ;
#482 = EDGE_LOOP ( 'NONE', ( #2339, #656 ) ) ;
#483 = CARTESIAN_POINT ( 'NONE',  ( 110.2500000000000284, 357.5000000000000000, 3.000000000000000000 ) ) ;
#484 = CARTESIAN_POINT ( 'NONE',  ( 126.5000000000000000, 50.00000000000001421, 3.000000000000000000 ) ) ;
#485 = VERTEX_POINT ( 'NONE', #1053 ) ;
#486 = DIRECTION ( 'NONE',  ( -0.0000000000000000000, -0.0000000000000000000, 1.000000000000000000 ) ) ;
#487 = ORIENTED_EDGE ( 'NONE', *, *, #1276, .T. ) ;
#488 = DIRECTION ( 'NONE',  ( -1.000000000000000000, 0.0000000000000000000, 0.0000000000000000000 ) ) ;
#489 = DIRECTION ( 'NONE',  ( -0.0000000000000000000, -0.0000000000000000000, 1.000000000000000000 ) ) ;
#490 = VECTOR ( 'NONE', #2463, 1000.000000000000000 ) ;
#491 = CIRCLE ( 'NONE', #2254, 2.250000000000001776 ) ;
#492 = ORIENTED_EDGE ( 'NONE', *, *, #2340, .T. ) ;
#493 = DIRECTION ( 'NONE',  ( -1.000000000000000000, 0.0000000000000000000, 0.0000000000000000000 ) ) ;
#494 = CARTESIAN_POINT ( 'NONE',  ( 19.49999999999999645, 22.49999999999990408, 3.000000000000000000 ) ) ;
#495 = EDGE_CURVE ( 'NONE', #358, #2679, #2521, .T. ) ;
#496 = EDGE_CURVE ( 'NONE', #2273, #1150, #520, .T. ) ;
#497 = DIRECTION ( 'NONE',  ( -0.0000000000000000000, -0.0000000000000000000, 1.000000000000000000 ) ) ;
#498 = ADVANCED_FACE ( 'NONE', ( #2259 ), #1309, .F. ) ;
#499 = CARTESIAN_POINT ( 'NONE',  ( 21.74999999999998579, 22.49999999999990408, 3.000000000000000000 ) ) ;
#500 = AXIS2_PLACEMENT_3D ( 'NONE', #1570, #2036, #390 ) ;
#501 = CARTESIAN_POINT ( 'NONE',  ( 110.2500000000000284, 302.5000000000000000, 0.0000000000000000000 ) ) ;
#502 = FACE_BOUND ( 'NONE', #1746, .T. ) ;
#503 = CARTESIAN_POINT ( 'NONE',  ( 126.5000000000000000, 450.0000000000000000, 3.000000000000000000 ) ) ;
#504 = CARTESIAN_POINT ( 'NONE',  ( 98.25000000000000000, 290.0000000000000568, 8.673617379884035472E-16 ) ) ;
#505 = ORIENTED_EDGE ( 'NONE', *, *, #2736, .T. ) ;
#506 = DIRECTION ( 'NONE',  ( -0.0000000000000000000, -0.0000000000000000000, -1.000000000000000000 ) ) ;
#507 = ORIENTED_EDGE ( 'NONE', *, *, #2198, .F. ) ;
#508 = DIRECTION ( 'NONE',  ( -1.000000000000000000, 0.0000000000000000000, 0.0000000000000000000 ) ) ;
#509 = DIRECTION ( 'NONE',  ( 1.000000000000000000, 0.0000000000000000000, 0.0000000000000000000 ) ) ;
#510 = DIRECTION ( 'NONE',  ( -0.0000000000000000000, -0.0000000000000000000, 1.000000000000000000 ) ) ;
#511 = LINE ( 'NONE', #2717, #97 ) ;
#512 = ADVANCED_FACE ( 'NONE', ( #2539 ), #1066, .F. ) ;
#513 = ORIENTED_EDGE ( 'NONE', *, *, #1144, .T. ) ;
#514 = CARTESIAN_POINT ( 'NONE',  ( 114.7500000000000000, 462.4999999999999432, 3.000000000000000000 ) ) ;
#515 = DIRECTION ( 'NONE',  ( -0.0000000000000000000, -0.0000000000000000000, 1.000000000000000000 ) ) ;
#516 = EDGE_CURVE ( 'NONE', #3079, #3043, #2587, .T. ) ;
#517 = DIRECTION ( 'NONE',  ( -0.0000000000000000000, -0.0000000000000000000, 1.000000000000000000 ) ) ;
#518 = ORIENTED_EDGE ( 'NONE', *, *, #2820, .F. ) ;
#519 = CARTESIAN_POINT ( 'NONE',  ( 21.74999999999998579, 222.4999999999999147, -1.279755905108981194E-15 ) ) ;
#520 = CIRCLE ( 'NONE', #2842, 2.250000000000001776 ) ;
#521 = ORIENTED_EDGE ( 'NONE', *, *, #2981, .F. ) ;
#522 = VECTOR ( 'NONE', #2141, 1000.000000000000000 ) ;
#523 =( NAMED_UNIT ( * ) PLANE_ANGLE_UNIT ( ) SI_UNIT ( $, .RADIAN. ) );
#524 = LINE ( 'NONE', #733, #490 ) ;
#525 = CIRCLE ( 'NONE', #2283, 2.249999999999996891 ) ;
#526 = CARTESIAN_POINT ( 'NONE',  ( 93.75000000000000000, 50.00000000000002842, 8.673617379884035472E-16 ) ) ;
#527 = AXIS2_PLACEMENT_3D ( 'NONE', #760, #1725, #2705 ) ;
#528 = LINE ( 'NONE', #2153, #2586 ) ;
#529 = DIRECTION ( 'NONE',  ( -1.000000000000000000, 0.0000000000000000000, 0.0000000000000000000 ) ) ;
#530 = CARTESIAN_POINT ( 'NONE',  ( 126.5000000000000000, 210.0000000000000284, 3.000000000000000000 ) ) ;
#531 = CARTESIAN_POINT ( 'NONE',  ( 7.750000000000001776, 210.0000000000000284, 8.673617379884035472E-16 ) ) ;
#532 = EDGE_LOOP ( 'NONE', ( #861, #2098 ) ) ;
#533 = DIRECTION ( 'NONE',  ( -0.0000000000000000000, -0.0000000000000000000, 1.000000000000000000 ) ) ;
#534 = ADVANCED_FACE ( 'NONE', ( #1323 ), #2246, .F. ) ;
#535 = EDGE_CURVE ( 'NONE', #2351, #1059, #2992, .T. ) ;
#536 = PRODUCT_DEFINITION ( 'UNKNOWN', '', #2444, #2606 ) ;
#537 = ORIENTED_EDGE ( 'NONE', *, *, #2039, .T. ) ;
#538 = APPROVAL_ROLE ( '' ) ;
#539 = DIRECTION ( 'NONE',  ( -0.0000000000000000000, -0.0000000000000000000, 1.000000000000000000 ) ) ;
#540 = CYLINDRICAL_SURFACE ( 'NONE', #1560, 2.249999999999988010 ) ;
#541 = LINE ( 'NONE', #1205, #2097 ) ;
#542 = CIRCLE ( 'NONE', #2503, 2.249999999999997780 ) ;
#543 = DIRECTION ( 'NONE',  ( -0.0000000000000000000, -0.0000000000000000000, -1.000000000000000000 ) ) ;
#544 = ORIENTED_EDGE ( 'NONE', *, *, #1968, .F. ) ;
#545 = CARTESIAN_POINT ( 'NONE',  ( 36.00000000000000711, 130.0000000000000284, 3.000000000000000000 ) ) ;
#546 = CARTESIAN_POINT ( 'NONE',  ( 112.5000000000000142, 37.49999999999998579, -1.279755905108981194E-15 ) ) ;
#547 = ORIENTED_EDGE ( 'NONE', *, *, #179, .F. ) ;
#548 = VERTEX_POINT ( 'NONE', #87 ) ;
#549 = EDGE_CURVE ( 'NONE', #881, #1541, #2526, .T. ) ;
#550 = EDGE_CURVE ( 'NONE', #1381, #1870, #1889, .T. ) ;
#551 = PERSON_AND_ORGANIZATION ( #2214, #3036 ) ;
#552 = CARTESIAN_POINT ( 'NONE',  ( 98.25000000000000000, 450.0000000000000568, 8.673617379884035472E-16 ) ) ;
#553 = DIRECTION ( 'NONE',  ( -1.000000000000000000, -0.0000000000000000000, -0.0000000000000000000 ) ) ;
#554 = DIRECTION ( 'NONE',  ( -0.0000000000000000000, -0.0000000000000000000, 1.000000000000000000 ) ) ;
#555 = ORIENTED_EDGE ( 'NONE', *, *, #759, .T. ) ;
#556 = CYLINDRICAL_SURFACE ( 'NONE', #809, 2.249999999999991562 ) ;
#557 = FACE_BOUND ( 'NONE', #762, .T. ) ;
#558 = ORIENTED_EDGE ( 'NONE', *, *, #2023, .T. ) ;
#559 = ORIENTED_EDGE ( 'NONE', *, *, #615, .F. ) ;
#560 = ORIENTED_EDGE ( 'NONE', *, *, #826, .F. ) ;
#561 = CYLINDRICAL_SURFACE ( 'NONE', #1239, 2.249999999999996891 ) ;
#562 = ORIENTED_EDGE ( 'NONE', *, *, #1148, .T. ) ;
#563 = AXIS2_PLACEMENT_3D ( 'NONE', #1470, #1228, #985 ) ;
#564 = FACE_OUTER_BOUND ( 'NONE', #586, .T. ) ;
#565 = AXIS2_PLACEMENT_3D ( 'NONE', #2683, #737, #1023 ) ;
#566 = ADVANCED_FACE ( 'NONE', ( #2775 ), #116, .F. ) ;
#567 = ADVANCED_FACE ( 'NONE', ( #2494 ), #1079, .F. ) ;
#568 = ORIENTED_EDGE ( 'NONE', *, *, #1988, .T. ) ;
#569 = AXIS2_PLACEMENT_3D ( 'NONE', #2450, #1462, #2942 ) ;
#570 = CARTESIAN_POINT ( 'NONE',  ( 38.25000000000000000, 290.0000000000000568, 3.000000000000000000 ) ) ;
#571 = DIRECTION ( 'NONE',  ( 1.000000000000000000, 0.0000000000000000000, 0.0000000000000000000 ) ) ;
#572 = ORIENTED_EDGE ( 'NONE', *, *, #2478, .F. ) ;
#573 = ORIENTED_EDGE ( 'NONE', *, *, #1641, .T. ) ;
#574 = APPROVAL_DATE_TIME ( #1796, #233 ) ;
#575 = LINE ( 'NONE', #2255, #192 ) ;
#576 = CARTESIAN_POINT ( 'NONE',  ( 96.00000000000000000, 370.0000000000000000, 3.000000000000000000 ) ) ;
#577 = CARTESIAN_POINT ( 'NONE',  ( 114.7500000000000000, 37.49999999999998579, 0.0000000000000000000 ) ) ;
#578 = ORIENTED_EDGE ( 'NONE', *, *, #329, .T. ) ;
#579 = CYLINDRICAL_SURFACE ( 'NONE', #1026, 2.250000000000001776 ) ;
#580 = CARTESIAN_POINT ( 'NONE',  ( 36.00000000000000711, 130.0000000000000284, 8.673617379884035472E-16 ) ) ;
#581 = EDGE_CURVE ( 'NONE', #1085, #1018, #2975, .T. ) ;
#582 = CARTESIAN_POINT ( 'NONE',  ( 126.5000000000000000, 290.0000000000000000, 3.000000000000000000 ) ) ;
#583 = AXIS2_PLACEMENT_3D ( 'NONE', #2131, #913, #1882 ) ;
#584 = CIRCLE ( 'NONE', #2014, 2.249999999999988010 ) ;
#585 = FACE_OUTER_BOUND ( 'NONE', #1732, .T. ) ;
#586 = EDGE_LOOP ( 'NONE', ( #1060, #3060, #396, #2282 ) ) ;
#587 = CIRCLE ( 'NONE', #2869, 2.250000000000001776 ) ;
#588 = EDGE_LOOP ( 'NONE', ( #922, #3022, #2836, #521 ) ) ;
#589 = LINE ( 'NONE', #2535, #1810 ) ;
#590 = DIRECTION ( 'NONE',  ( -1.000000000000000000, 0.0000000000000000000, 0.0000000000000000000 ) ) ;
#591 = EDGE_LOOP ( 'NONE', ( #2256, #228 ) ) ;
#592 = CARTESIAN_POINT ( 'NONE',  ( 21.74999999999998579, 382.4999999999999432, 3.000000000000000000 ) ) ;
#593 = ADVANCED_FACE ( 'NONE', ( #395 ), #1573, .F. ) ;
#594 = CYLINDRICAL_SURFACE ( 'NONE', #1729, 2.249999999999995115 ) ;
#595 = EDGE_LOOP ( 'NONE', ( #2660, #446 ) ) ;
#596 = ORIENTED_EDGE ( 'NONE', *, *, #2158, .F. ) ;
#597 = EDGE_CURVE ( 'NONE', #1161, #1398, #1559, .T. ) ;
#598 = CARTESIAN_POINT ( 'NONE',  ( 21.74999999999998579, 477.4999999999999432, 3.000000000000000000 ) ) ;
#599 = ORIENTED_EDGE ( 'NONE', *, *, #495, .T. ) ;
#600 = EDGE_LOOP ( 'NONE', ( #725, #817 ) ) ;
#601 = CIRCLE ( 'NONE', #1048, 2.249999999999996891 ) ;
#602 = VERTEX_POINT ( 'NONE', #598 ) ;
#603 = DIRECTION ( 'NONE',  ( -1.000000000000000000, 0.0000000000000000000, 0.0000000000000000000 ) ) ;
#604 = AXIS2_PLACEMENT_3D ( 'NONE', #941, #1151, #1332 ) ;
#605 = AXIS2_PLACEMENT_3D ( 'NONE', #2559, #399, #915 ) ;
#606 = CARTESIAN_POINT ( 'NONE',  ( 126.5000000000000000, 130.0000000000000000, 3.000000000000000000 ) ) ;
#607 = CIRCLE ( 'NONE', #1007, 2.249999999999988010 ) ;
#608 = AXIS2_PLACEMENT_3D ( 'NONE', #63, #46, #2170 ) ;
#609 = ORIENTED_EDGE ( 'NONE', *, *, #2893, .F. ) ;
#610 = DIRECTION ( 'NONE',  ( -0.0000000000000000000, -0.0000000000000000000, 1.000000000000000000 ) ) ;
#611 = AXIS2_PLACEMENT_3D ( 'NONE', #2476, #2258, #1771 ) ;
#612 = ORIENTED_EDGE ( 'NONE', *, *, #2366, .T. ) ;
#613 = ORIENTED_EDGE ( 'NONE', *, *, #2515, .T. ) ;
#614 = EDGE_CURVE ( 'NONE', #842, #1743, #1467, .T. ) ;
#615 = EDGE_CURVE ( 'NONE', #2247, #1917, #3089, .T. ) ;
#616 = DIRECTION ( 'NONE',  ( 1.000000000000000000, 0.0000000000000000000, 0.0000000000000000000 ) ) ;
#617 = VERTEX_POINT ( 'NONE', #1793 ) ;
#618 = CARTESIAN_POINT ( 'NONE',  ( 112.5000000000000142, 142.5000000000000000, -1.279755905108981194E-15 ) ) ;
#619 = DIRECTION ( 'NONE',  ( 1.000000000000000000, 0.0000000000000000000, 0.0000000000000000000 ) ) ;
#620 = ORIENTED_EDGE ( 'NONE', *, *, #2821, .F. ) ;
#621 = VERTEX_POINT ( 'NONE', #2797 ) ;
#622 = ORIENTED_EDGE ( 'NONE', *, *, #1540, .T. ) ;
#623 = CARTESIAN_POINT ( 'NONE',  ( 36.00000000000000711, 290.0000000000000568, 3.000000000000000000 ) ) ;
#624 = EDGE_LOOP ( 'NONE', ( #255, #318 ) ) ;
#625 = CIRCLE ( 'NONE', #2357, 5.000000000000004441 ) ;
#626 = DIRECTION ( 'NONE',  ( -0.0000000000000000000, -0.0000000000000000000, 1.000000000000000000 ) ) ;
#627 = CIRCLE ( 'NONE', #873, 2.249999999999988010 ) ;
#629 = ORIENTED_EDGE ( 'NONE', *, *, #206, .F. ) ;
#628 = EDGE_CURVE ( 'NONE', #1372, #1870, #1584, .T. ) ;
#630 = EDGE_CURVE ( 'NONE', #2758, #371, #1776, .T. ) ;
#631 = CARTESIAN_POINT ( 'NONE',  ( 112.5000000000000142, 142.5000000000000000, 3.000000000000000000 ) ) ;
#632 = EDGE_CURVE ( 'NONE', #2361, #432, #1604, .T. ) ;
#633 = ORIENTED_EDGE ( 'NONE', *, *, #1806, .F. ) ;
#634 = DIRECTION ( 'NONE',  ( -1.000000000000000000, 0.0000000000000000000, 0.0000000000000000000 ) ) ;
#635 = FACE_BOUND ( 'NONE', #2358, .T. ) ;
#636 = ORIENTED_EDGE ( 'NONE', *, *, #757, .F. ) ;
#637 = ORIENTED_EDGE ( 'NONE', *, *, #1747, .T. ) ;
#638 = CARTESIAN_POINT ( 'NONE',  ( 19.49999999999999645, 22.49999999999990408, 3.000000000000000000 ) ) ;
#639 = ORIENTED_EDGE ( 'NONE', *, *, #1711, .T. ) ;
#640 = DIRECTION ( 'NONE',  ( -1.000000000000000000, 0.0000000000000000000, 0.0000000000000000000 ) ) ;
#641 = CARTESIAN_POINT ( 'NONE',  ( 124.2500000000000000, 50.00000000000001421, 3.000000000000000000 ) ) ;
#642 = EDGE_LOOP ( 'NONE', ( #1000, #828, #3103, #92 ) ) ;
#643 = CYLINDRICAL_SURFACE ( 'NONE', #1635, 2.249999999999996891 ) ;
#644 = CARTESIAN_POINT ( 'NONE',  ( 5.500000000000005329, 50.00000000000001421, 8.673617379884035472E-16 ) ) ;
#645 = ORIENTED_EDGE ( 'NONE', *, *, #1968, .T. ) ;
#646 = CARTESIAN_POINT ( 'NONE',  ( 0.0000000000000000000, 480.0000000000000000, 3.000000000000000000 ) ) ;
#647 = ADVANCED_FACE ( 'NONE', ( #585 ), #1542, .F. ) ;
#648 = ADVANCED_FACE ( 'NONE', ( #2619 ), #692, .T. ) ;
#649 = AXIS2_PLACEMENT_3D ( 'NONE', #65, #999, #1992 ) ;
#650 = DIRECTION ( 'NONE',  ( -1.000000000000000000, 0.0000000000000000000, 0.0000000000000000000 ) ) ;
#651 = ORIENTED_EDGE ( 'NONE', *, *, #2572, .T. ) ;
#652 = ORIENTED_EDGE ( 'NONE', *, *, #1123, .T. ) ;
#653 = AXIS2_PLACEMENT_3D ( 'NONE', #3024, #2513, #382 ) ;
#654 = AXIS2_PLACEMENT_3D ( 'NONE', #1961, #1946, #1198 ) ;
#655 = FACE_OUTER_BOUND ( 'NONE', #106, .T. ) ;
#656 = ORIENTED_EDGE ( 'NONE', *, *, #3029, .T. ) ;
#657 = CARTESIAN_POINT ( 'NONE',  ( 112.5000000000000142, 142.5000000000000000, -1.279755905108981194E-15 ) ) ;
#658 = ORIENTED_EDGE ( 'NONE', *, *, #291, .T. ) ;
#659 = LINE ( 'NONE', #1624, #2553 ) ;
#660 = CIRCLE ( 'NONE', #115, 2.249999999999997780 ) ;
#661 = LINE ( 'NONE', #3064, #141 ) ;
#662 = CARTESIAN_POINT ( 'NONE',  ( 124.2500000000000000, 290.0000000000000000, 3.000000000000000000 ) ) ;
#663 = VERTEX_POINT ( 'NONE', #1869 ) ;
#664 = AXIS2_PLACEMENT_3D ( 'NONE', #1388, #1201, #1479 ) ;
#665 = CARTESIAN_POINT ( 'NONE',  ( 21.74999999999998579, 277.4999999999999432, 3.000000000000000000 ) ) ;
#666 = DIRECTION ( 'NONE',  ( -0.0000000000000000000, -0.0000000000000000000, -1.000000000000000000 ) ) ;
#667 = EDGE_LOOP ( 'NONE', ( #2823, #1623 ) ) ;
#668 = CARTESIAN_POINT ( 'NONE',  ( 17.25000000000000711, 222.4999999999999147, -1.279755905108981194E-15 ) ) ;
#669 = DIRECTION ( 'NONE',  ( -0.0000000000000000000, -0.0000000000000000000, 1.000000000000000000 ) ) ;
#670 = FACE_BOUND ( 'NONE', #464, .T. ) ;
#671 = DIRECTION ( 'NONE',  ( -1.000000000000000000, 0.0000000000000000000, 0.0000000000000000000 ) ) ;
#672 = EDGE_CURVE ( 'NONE', #1447, #1200, #1093, .T. ) ;
#673 = EDGE_CURVE ( 'NONE', #1045, #353, #2278, .T. ) ;
#674 = ORIENTED_EDGE ( 'NONE', *, *, #675, .F. ) ;
#675 = EDGE_CURVE ( 'NONE', #149, #2122, #21, .T. ) ;
#676 = CARTESIAN_POINT ( 'NONE',  ( 38.25000000000000000, 50.00000000000002842, 3.000000000000000000 ) ) ;
#677 = ORIENTED_EDGE ( 'NONE', *, *, #1972, .T. ) ;
#678 = DIRECTION ( 'NONE',  ( -0.0000000000000000000, -0.0000000000000000000, -1.000000000000000000 ) ) ;
#679 = ORIENTED_EDGE ( 'NONE', *, *, #2819, .T. ) ;
#680 = CARTESIAN_POINT ( 'NONE',  ( 38.25000000000000000, 210.0000000000000284, 3.000000000000000000 ) ) ;
#681 = CARTESIAN_POINT ( 'NONE',  ( 124.2500000000000000, 50.00000000000001421, 3.000000000000000000 ) ) ;
#682 = ORIENTED_EDGE ( 'NONE', *, *, #2316, .F. ) ;
#683 = CARTESIAN_POINT ( 'NONE',  ( 17.25000000000000711, 277.4999999999999432, -1.279755905108981194E-15 ) ) ;
#684 = CIRCLE ( 'NONE', #1242, 2.249999999999988010 ) ;
#685 = EDGE_LOOP ( 'NONE', ( #3057, #3099 ) ) ;
#686 = AXIS2_PLACEMENT_3D ( 'NONE', #1251, #2492, #1997 ) ;
#687 = CARTESIAN_POINT ( 'NONE',  ( 36.00000000000000711, 370.0000000000000000, 8.673617379884035472E-16 ) ) ;
#688 = CARTESIAN_POINT ( 'NONE',  ( 114.7500000000000000, 357.5000000000000000, 3.000000000000000000 ) ) ;
#689 = FACE_BOUND ( 'NONE', #2427, .T. ) ;
#690 = VERTEX_POINT ( 'NONE', #676 ) ;
#691 = ORIENTED_EDGE ( 'NONE', *, *, #2267, .T. ) ;
#692 = CYLINDRICAL_SURFACE ( 'NONE', #275, 5.000000000000000000 ) ;
#693 = ORIENTED_EDGE ( 'NONE', *, *, #2572, .F. ) ;
#694 = CARTESIAN_POINT ( 'NONE',  ( 19.49999999999999645, 382.4999999999999432, 0.0000000000000000000 ) ) ;
#695 = EDGE_LOOP ( 'NONE', ( #3110, #2263 ) ) ;
#696 = DIRECTION ( 'NONE',  ( -0.0000000000000000000, -0.0000000000000000000, -1.000000000000000000 ) ) ;
#697 = EDGE_CURVE ( 'NONE', #2758, #1515, #1673, .T. ) ;
#698 = EDGE_CURVE ( 'NONE', #1416, #1012, #1415, .T. ) ;
#699 = EDGE_LOOP ( 'NONE', ( #1638, #1273, #2969, #2433 ) ) ;
#700 = CARTESIAN_POINT ( 'NONE',  ( 112.5000000000000142, 462.4999999999999432, -1.279755905108981194E-15 ) ) ;
#701 = ORIENTED_EDGE ( 'NONE', *, *, #1469, .F. ) ;
#702 = FACE_OUTER_BOUND ( 'NONE', #1115, .T. ) ;
#703 = LINE ( 'NONE', #448, #2609 ) ;
#704 = DIRECTION ( 'NONE',  ( 1.000000000000000000, 0.0000000000000000000, 0.0000000000000000000 ) ) ;
#705 = ORIENTED_EDGE ( 'NONE', *, *, #597, .T. ) ;
#706 = LINE ( 'NONE', #2409, #844 ) ;
#707 = CARTESIAN_POINT ( 'NONE',  ( 21.74999999999998579, 437.5000000000000000, 3.000000000000000000 ) ) ;
#708 = VERTEX_POINT ( 'NONE', #2116 ) ;
#709 = DIRECTION ( 'NONE',  ( 1.000000000000000000, 0.0000000000000000000, 0.0000000000000000000 ) ) ;
#710 = CIRCLE ( 'NONE', #1734, 2.250000000000001776 ) ;
#711 = VECTOR ( 'NONE', #75, 1000.000000000000000 ) ;
#712 = ORIENTED_EDGE ( 'NONE', *, *, #160, .T. ) ;
#713 = ADVANCED_FACE ( 'NONE', ( #655 ), #1642, .F. ) ;
#714 = AXIS2_PLACEMENT_3D ( 'NONE', #186, #2106, #2604 ) ;
#715 = AXIS2_PLACEMENT_3D ( 'NONE', #657, #3078, #2636 ) ;
#716 = EDGE_CURVE ( 'NONE', #407, #2417, #214, .T. ) ;
#717 = EDGE_CURVE ( 'NONE', #2022, #435, #706, .T. ) ;
#718 = CARTESIAN_POINT ( 'NONE',  ( 0.0000000000000000000, 0.0000000000000000000, 0.0000000000000000000 ) ) ;
#719 = LINE ( 'NONE', #2416, #1234 ) ;
#720 = CC_DESIGN_APPROVAL ( #233, ( #2290 ) ) ;
#721 = EDGE_LOOP ( 'NONE', ( #1042, #874, #1392, #2773 ) ) ;
#722 = CARTESIAN_POINT ( 'NONE',  ( 96.00000000000000000, 130.0000000000000284, 3.000000000000000000 ) ) ;
#723 = CARTESIAN_POINT ( 'NONE',  ( 3.250000000000007994, 450.0000000000000000, 8.673617379884035472E-16 ) ) ;
#724 = CARTESIAN_POINT ( 'NONE',  ( 17.25000000000000711, 62.49999999999990052, 3.000000000000000000 ) ) ;
#725 = ORIENTED_EDGE ( 'NONE', *, *, #2108, .T. ) ;
#726 = CARTESIAN_POINT ( 'NONE',  ( 19.49999999999999289, 437.5000000000000000, -1.279755905108981194E-15 ) ) ;
#727 = DIRECTION ( 'NONE',  ( -0.0000000000000000000, -0.0000000000000000000, 1.000000000000000000 ) ) ;
#728 = DIRECTION ( 'NONE',  ( 1.000000000000000000, 0.0000000000000000000, 0.0000000000000000000 ) ) ;
#729 = EDGE_LOOP ( 'NONE', ( #209, #2723, #2742, #955 ) ) ;
#730 = DIRECTION ( 'NONE',  ( 1.000000000000000000, 0.0000000000000000000, 0.0000000000000000000 ) ) ;
#731 = VERTEX_POINT ( 'NONE', #1853 ) ;
#732 = MECHANICAL_CONTEXT ( 'NONE', #1547, 'mechanical' ) ;
#733 = CARTESIAN_POINT ( 'NONE',  ( 7.750000000000001776, 210.0000000000000284, 3.000000000000000000 ) ) ;
#734 = EDGE_CURVE ( 'NONE', #2472, #2480, #2892, .T. ) ;
#735 = CIRCLE ( 'NONE', #2454, 2.249999999999988010 ) ;
#736 = EDGE_LOOP ( 'NONE', ( #1365, #701, #2794, #658 ) ) ;
#737 = DIRECTION ( 'NONE',  ( -0.0000000000000000000, -0.0000000000000000000, 1.000000000000000000 ) ) ;
#738 = LINE ( 'NONE', #978, #1579 ) ;
#739 = EDGE_CURVE ( 'NONE', #1262, #388, #2642, .T. ) ;
#740 = CARTESIAN_POINT ( 'NONE',  ( 124.2500000000000000, 130.0000000000000000, 3.000000000000000000 ) ) ;
#741 = ADVANCED_FACE ( 'NONE', ( #2224 ), #64, .F. ) ;
#742 = AXIS2_PLACEMENT_3D ( 'NONE', #2567, #1078, #3020 ) ;
#743 = CYLINDRICAL_SURFACE ( 'NONE', #1214, 2.249999999999991562 ) ;
#744 = FACE_BOUND ( 'NONE', #466, .T. ) ;
#745 = CARTESIAN_POINT ( 'NONE',  ( 93.75000000000000000, 290.0000000000000568, 8.673617379884035472E-16 ) ) ;
#746 = ORIENTED_EDGE ( 'NONE', *, *, #160, .F. ) ;
#747 = CARTESIAN_POINT ( 'NONE',  ( 5.500000000000005329, 210.0000000000000284, 3.000000000000000000 ) ) ;
#748 = ORIENTED_EDGE ( 'NONE', *, *, #1292, .F. ) ;
#749 = PERSON_AND_ORGANIZATION_ROLE ( 'creator' ) ;
#750 = CARTESIAN_POINT ( 'NONE',  ( 112.5000000000000142, 37.49999999999998579, 0.0000000000000000000 ) ) ;
#751 = APPLICATION_CONTEXT ( 'configuration controlled 3d designs of mechanical parts and assemblies' ) ;
#752 = FACE_OUTER_BOUND ( 'NONE', #1812, .T. ) ;
#753 = LINE ( 'NONE', #2464, #1116 ) ;
#754 = CARTESIAN_POINT ( 'NONE',  ( 112.5000000000000142, 462.4999999999999432, 3.000000000000000000 ) ) ;
#755 = LINE ( 'NONE', #1483, #1386 ) ;
#756 = ORIENTED_EDGE ( 'NONE', *, *, #1842, .T. ) ;
#757 = EDGE_CURVE ( 'NONE', #332, #2570, #70, .T. ) ;
#758 = CARTESIAN_POINT ( 'NONE',  ( 96.00000000000000000, 290.0000000000000568, 3.000000000000000000 ) ) ;
#759 = EDGE_CURVE ( 'NONE', #1422, #2875, #897, .T. ) ;
#760 = CARTESIAN_POINT ( 'NONE',  ( 5.500000000000005329, 290.0000000000000000, 8.673617379884035472E-16 ) ) ;
#761 = CARTESIAN_POINT ( 'NONE',  ( 3.250000000000007105, 210.0000000000000284, 3.000000000000000000 ) ) ;
#762 = EDGE_LOOP ( 'NONE', ( #1945, #2034 ) ) ;
#763 = AXIS2_PLACEMENT_3D ( 'NONE', #43, #977, #1969 ) ;
#764 = AXIS2_PLACEMENT_3D ( 'NONE', #1314, #2293, #2275 ) ;
#765 = PERSON_AND_ORGANIZATION_ROLE ( 'classification_officer' ) ;
#766 = CARTESIAN_POINT ( 'NONE',  ( 93.75000000000000000, 130.0000000000000284, 3.000000000000000000 ) ) ;
#767 = AXIS2_PLACEMENT_3D ( 'NONE', #2525, #2404, #1672 ) ;
#768 = FACE_OUTER_BOUND ( 'NONE', #1568, .T. ) ;
#769 = CARTESIAN_POINT ( 'NONE',  ( 3.250000000000007105, 130.0000000000000000, 3.000000000000000000 ) ) ;
#770 = CIRCLE ( 'NONE', #2537, 2.249999999999996891 ) ;
#771 = CARTESIAN_POINT ( 'NONE',  ( 19.49999999999999645, 117.4999999999999432, 0.0000000000000000000 ) ) ;
#772 = DIRECTION ( 'NONE',  ( -0.0000000000000000000, -0.0000000000000000000, -1.000000000000000000 ) ) ;
#773 = EDGE_CURVE ( 'NONE', #1072, #1262, #34, .T. ) ;
#774 = EDGE_CURVE ( 'NONE', #238, #2993, #2702, .T. ) ;
#775 = FACE_BOUND ( 'NONE', #1854, .T. ) ;
#776 = CARTESIAN_POINT ( 'NONE',  ( 93.75000000000000000, 290.0000000000000568, 3.000000000000000000 ) ) ;
#777 = VERTEX_POINT ( 'NONE', #2236 ) ;
#778 = CC_DESIGN_DATE_AND_TIME_ASSIGNMENT ( #2712, #2972, ( #2290 ) ) ;
#779 = PERSON_AND_ORGANIZATION ( #2214, #3036 ) ;
#780 = LINE ( 'NONE', #1702, #1497 ) ;
#781 = CIRCLE ( 'NONE', #1576, 2.250000000000001776 ) ;
#782 = DIRECTION ( 'NONE',  ( 1.000000000000000000, 0.0000000000000000000, 0.0000000000000000000 ) ) ;
#783 = DIRECTION ( 'NONE',  ( -0.0000000000000000000, -0.0000000000000000000, 1.000000000000000000 ) ) ;
#784 = VECTOR ( 'NONE', #3014, 1000.000000000000000 ) ;
#785 = ORIENTED_EDGE ( 'NONE', *, *, #804, .T. ) ;
#786 = CIRCLE ( 'NONE', #1851, 2.250000000000001776 ) ;
#787 = LINE ( 'NONE', #2481, #1677 ) ;
#788 = CIRCLE ( 'NONE', #1288, 2.250000000000001776 ) ;
#789 = FACE_BOUND ( 'NONE', #2241, .T. ) ;
#790 = ORIENTED_EDGE ( 'NONE', *, *, #2425, .T. ) ;
#791 = VERTEX_POINT ( 'NONE', #331 ) ;
#792 = ORIENTED_EDGE ( 'NONE', *, *, #393, .T. ) ;
#793 = ORIENTED_EDGE ( 'NONE', *, *, #1358, .F. ) ;
#794 = ADVANCED_FACE ( 'NONE', ( #1247, #2453, #1714, #1209, #1727, #998, #2210, #314, #1977, #2707, #775, #268, #1989, #2949, #1258, #1744, #2004, #79, #1014, #2960, #14, #947, #2441, #2674, #2483, #789, #1761, #2730, #557, #502, #1943, #1958, #50, #1453, #2424, #2191, #744, #966, #2918 ), #2691, .T. ) ;
#795 = EDGE_CURVE ( 'NONE', #3013, #2414, #1937, .T. ) ;
#796 = CARTESIAN_POINT ( 'NONE',  ( 33.75000000000000711, 50.00000000000002842, 3.000000000000000000 ) ) ;
#797 = DIRECTION ( 'NONE',  ( -0.0000000000000000000, -0.0000000000000000000, 1.000000000000000000 ) ) ;
#798 = ORIENTED_EDGE ( 'NONE', *, *, #40, .T. ) ;
#799 = DIRECTION ( 'NONE',  ( -0.0000000000000000000, -0.0000000000000000000, 1.000000000000000000 ) ) ;
#800 = EDGE_LOOP ( 'NONE', ( #3045, #2043, #167, #652 ) ) ;
#801 = VERTEX_POINT ( 'NONE', #1811 ) ;
#802 = CARTESIAN_POINT ( 'NONE',  ( 110.2500000000000284, 302.5000000000000000, -1.279755905108981194E-15 ) ) ;
#803 = VERTEX_POINT ( 'NONE', #2030 ) ;
#804 = EDGE_CURVE ( 'NONE', #2620, #1334, #1879, .T. ) ;
#805 = CC_DESIGN_SECURITY_CLASSIFICATION ( #2290, ( #2444 ) ) ;
#806 = AXIS2_PLACEMENT_3D ( 'NONE', #3056, #450, #2868 ) ;
#807 = CARTESIAN_POINT ( 'NONE',  ( 17.25000000000000711, 117.4999999999999432, 0.0000000000000000000 ) ) ;
#808 = AXIS2_PLACEMENT_3D ( 'NONE', #961, #71, #1952 ) ;
#809 = AXIS2_PLACEMENT_3D ( 'NONE', #2362, #1622, #1162 ) ;
#810 = DIRECTION ( 'NONE',  ( -1.000000000000000000, 0.0000000000000000000, 0.0000000000000000000 ) ) ;
#811 = ORIENTED_EDGE ( 'NONE', *, *, #2536, .T. ) ;
#812 = AXIS2_PLACEMENT_3D ( 'NONE', #1957, #47, #984 ) ;
#813 = CARTESIAN_POINT ( 'NONE',  ( 132.0000000000000000, 0.0000000000000000000, 0.0000000000000000000 ) ) ;
#814 = CIRCLE ( 'NONE', #2939, 2.250000000000001776 ) ;
#815 = LOCAL_TIME ( 8, 50, 48.00000000000000000, #989 ) ;
#816 = ORIENTED_EDGE ( 'NONE', *, *, #1521, .T. ) ;
#817 = ORIENTED_EDGE ( 'NONE', *, *, #496, .T. ) ;
#818 = EDGE_LOOP ( 'NONE', ( #1868, #1773, #3019, #609 ) ) ;
#819 = ORIENTED_EDGE ( 'NONE', *, *, #2845, .T. ) ;
#820 = CARTESIAN_POINT ( 'NONE',  ( 114.7500000000000000, 37.49999999999998579, 3.000000000000000000 ) ) ;
#821 = DIRECTION ( 'NONE',  ( -0.0000000000000000000, -0.0000000000000000000, 1.000000000000000000 ) ) ;
#822 = EDGE_CURVE ( 'NONE', #388, #1262, #2945, .T. ) ;
#823 = ORIENTED_EDGE ( 'NONE', *, *, #307, .F. ) ;
#824 = CARTESIAN_POINT ( 'NONE',  ( 17.25000000000000711, 62.49999999999990052, -1.279755905108981194E-15 ) ) ;
#825 = CIRCLE ( 'NONE', #1069, 2.249999999999996891 ) ;
#826 = EDGE_CURVE ( 'NONE', #2611, #1330, #1538, .T. ) ;
#827 = CARTESIAN_POINT ( 'NONE',  ( 19.49999999999999645, 222.4999999999999147, 0.0000000000000000000 ) ) ;
#828 = ORIENTED_EDGE ( 'NONE', *, *, #2736, .F. ) ;
#829 = CIRCLE ( 'NONE', #2617, 2.250000000000001776 ) ;
#830 = EDGE_LOOP ( 'NONE', ( #2583, #2616, #578, #1037 ) ) ;
#831 = CARTESIAN_POINT ( 'NONE',  ( 19.49999999999999645, 277.4999999999999432, -1.279755905108981194E-15 ) ) ;
#832 = CARTESIAN_POINT ( 'NONE',  ( 19.49999999999999645, 62.49999999999990052, 3.000000000000000000 ) ) ;
#833 = ORIENTED_EDGE ( 'NONE', *, *, #2573, .T. ) ;
#834 = DIRECTION ( 'NONE',  ( -0.0000000000000000000, -0.0000000000000000000, -1.000000000000000000 ) ) ;
#835 = CARTESIAN_POINT ( 'NONE',  ( 98.25000000000000000, 210.0000000000000284, 8.673617379884035472E-16 ) ) ;
#836 = ADVANCED_FACE ( 'NONE', ( #1070 ), #594, .F. ) ;
#837 = ADVANCED_FACE ( 'NONE', ( #2542 ), #1550, .F. ) ;
#838 = ORIENTED_EDGE ( 'NONE', *, *, #1385, .T. ) ;
#839 = VERTEX_POINT ( 'NONE', #1774 ) ;
#840 = CYLINDRICAL_SURFACE ( 'NONE', #325, 2.249999999999996891 ) ;
#841 = ORIENTED_EDGE ( 'NONE', *, *, #1665, .F. ) ;
#842 = VERTEX_POINT ( 'NONE', #2524 ) ;
#843 = DIRECTION ( 'NONE',  ( -1.000000000000000000, 0.0000000000000000000, 0.0000000000000000000 ) ) ;
#844 = VECTOR ( 'NONE', #2173, 1000.000000000000000 ) ;
#845 = CARTESIAN_POINT ( 'NONE',  ( 112.5000000000000142, 462.4999999999999432, -1.279755905108981194E-15 ) ) ;
#846 = VERTEX_POINT ( 'NONE', #2045 ) ;
#847 = DIRECTION ( 'NONE',  ( -0.0000000000000000000, -0.0000000000000000000, 1.000000000000000000 ) ) ;
#848 = CIRCLE ( 'NONE', #1355, 2.250000000000001776 ) ;
#849 = AXIS2_PLACEMENT_3D ( 'NONE', #2452, #772, #2468 ) ;
#850 = FACE_OUTER_BOUND ( 'NONE', #1362, .T. ) ;
#851 = AXIS2_PLACEMENT_3D ( 'NONE', #2877, #935, #1662 ) ;
#852 = ORIENTED_EDGE ( 'NONE', *, *, #2287, .F. ) ;
#853 = CARTESIAN_POINT ( 'NONE',  ( 126.5000000000000000, 50.00000000000001421, 8.673617379884035472E-16 ) ) ;
#854 = ADVANCED_FACE ( 'NONE', ( #368 ), #3015, .F. ) ;
#855 = CIRCLE ( 'NONE', #2393, 2.249999999999995115 ) ;
#856 = EDGE_CURVE ( 'NONE', #602, #83, #367, .T. ) ;
#857 = ORIENTED_EDGE ( 'NONE', *, *, #3094, .T. ) ;
#858 = VERTEX_POINT ( 'NONE', #835 ) ;
#859 = CARTESIAN_POINT ( 'NONE',  ( 112.5000000000000142, 462.4999999999999432, 0.0000000000000000000 ) ) ;
#860 = EDGE_CURVE ( 'NONE', #83, #602, #1352, .T. ) ;
#861 = ORIENTED_EDGE ( 'NONE', *, *, #1730, .F. ) ;
#862 = CARTESIAN_POINT ( 'NONE',  ( 112.5000000000000142, 197.5000000000000000, 0.0000000000000000000 ) ) ;
#863 = FACE_BOUND ( 'NONE', #477, .T. ) ;
#864 = CARTESIAN_POINT ( 'NONE',  ( 33.75000000000000711, 370.0000000000000000, 3.000000000000000000 ) ) ;
#865 = ORIENTED_EDGE ( 'NONE', *, *, #917, .F. ) ;
#866 = AXIS2_PLACEMENT_3D ( 'NONE', #990, #1267, #2013 ) ;
#867 = AXIS2_PLACEMENT_3D ( 'NONE', #576, #847, #351 ) ;
#868 = ORIENTED_EDGE ( 'NONE', *, *, #2618, .F. ) ;
#869 = CARTESIAN_POINT ( 'NONE',  ( 3.250000000000007994, 50.00000000000001421, 8.673617379884035472E-16 ) ) ;
#870 = EDGE_LOOP ( 'NONE', ( #2850, #507, #1700, #2117 ) ) ;
#871 = CARTESIAN_POINT ( 'NONE',  ( 19.49999999999999645, 277.4999999999999432, 3.000000000000000000 ) ) ;
#872 = LINE ( 'NONE', #641, #2550 ) ;
#873 = AXIS2_PLACEMENT_3D ( 'NONE', #831, #1797, #843 ) ;
#874 = ORIENTED_EDGE ( 'NONE', *, *, #2663, .T. ) ;
#875 = ADVANCED_FACE ( 'NONE', ( #1058 ), #1032, .F. ) ;
#876 = CARTESIAN_POINT ( 'NONE',  ( 33.75000000000000711, 210.0000000000000284, 8.673617379884035472E-16 ) ) ;
#877 = CARTESIAN_POINT ( 'NONE',  ( 128.7500000000000000, 210.0000000000000284, 3.000000000000000000 ) ) ;
#878 = ORIENTED_EDGE ( 'NONE', *, *, #39, .F. ) ;
#879 = DIRECTION ( 'NONE',  ( 1.000000000000000000, 0.0000000000000000000, 0.0000000000000000000 ) ) ;
#880 = FACE_BOUND ( 'NONE', #1088, .T. ) ;
#881 = VERTEX_POINT ( 'NONE', #134 ) ;
#882 = DIRECTION ( 'NONE',  ( 1.000000000000000000, 0.0000000000000000000, 0.0000000000000000000 ) ) ;
#883 = EDGE_LOOP ( 'NONE', ( #2747, #816, #2005, #153 ) ) ;
#884 = CARTESIAN_POINT ( 'NONE',  ( 110.2500000000000284, 302.5000000000000000, 3.000000000000000000 ) ) ;
#885 = EDGE_LOOP ( 'NONE', ( #2934, #88, #2395, #2264 ) ) ;
#886 = CARTESIAN_POINT ( 'NONE',  ( 7.750000000000001776, 50.00000000000001421, 3.000000000000000000 ) ) ;
#887 = DIRECTION ( 'NONE',  ( 1.000000000000000000, 0.0000000000000000000, 0.0000000000000000000 ) ) ;
#888 = DIRECTION ( 'NONE',  ( 0.0000000000000000000, -1.000000000000000000, 0.0000000000000000000 ) ) ;
#889 = ORIENTED_EDGE ( 'NONE', *, *, #860, .T. ) ;
#890 = DIRECTION ( 'NONE',  ( -1.000000000000000000, 0.0000000000000000000, 0.0000000000000000000 ) ) ;
#891 = ADVANCED_FACE ( 'NONE', ( #850 ), #3003, .F. ) ;
#892 = ADVANCED_FACE ( 'NONE', ( #2778 ), #2308, .F. ) ;
#893 = CARTESIAN_POINT ( 'NONE',  ( 38.25000000000000000, 370.0000000000000000, 3.000000000000000000 ) ) ;
#894 = ORIENTED_EDGE ( 'NONE', *, *, #2267, .F. ) ;
#895 = DIRECTION ( 'NONE',  ( -1.000000000000000000, 0.0000000000000000000, 0.0000000000000000000 ) ) ;
#896 = ORIENTED_EDGE ( 'NONE', *, *, #1173, .T. ) ;
#897 = CIRCLE ( 'NONE', #1418, 2.249999999999995115 ) ;
#898 = AXIS2_PLACEMENT_3D ( 'NONE', #2931, #1275, #89 ) ;
#899 = CARTESIAN_POINT ( 'NONE',  ( 19.49999999999999645, 117.4999999999999432, 0.0000000000000000000 ) ) ;
#900 = VERTEX_POINT ( 'NONE', #1835 ) ;
#901 = DIRECTION ( 'NONE',  ( -0.0000000000000000000, -0.0000000000000000000, 1.000000000000000000 ) ) ;
#902 = ORIENTED_EDGE ( 'NONE', *, *, #2821, .T. ) ;
#903 = LINE ( 'NONE', #886, #1580 ) ;
#904 = AXIS2_PLACEMENT_3D ( 'NONE', #2930, #497, #1936 ) ;
#905 = VECTOR ( 'NONE', #1535, 1000.000000000000000 ) ;
#906 = DIRECTION ( 'NONE',  ( -0.0000000000000000000, -0.0000000000000000000, 1.000000000000000000 ) ) ;
#907 = CARTESIAN_POINT ( 'NONE',  ( 128.7500000000000000, 130.0000000000000000, 3.000000000000000000 ) ) ;
#908 = ORIENTED_EDGE ( 'NONE', *, *, #672, .F. ) ;
#909 = CARTESIAN_POINT ( 'NONE',  ( 124.2500000000000000, 370.0000000000000000, 8.673617379884035472E-16 ) ) ;
#910 = CARTESIAN_POINT ( 'NONE',  ( 132.0000000000000000, 480.0000000000000000, 3.000000000000000000 ) ) ;
#911 = ORIENTED_EDGE ( 'NONE', *, *, #253, .T. ) ;
#912 = LINE ( 'NONE', #1170, #2740 ) ;
#913 = DIRECTION ( 'NONE',  ( 0.0000000000000000000, 0.0000000000000000000, -1.000000000000000000 ) ) ;
#914 = FACE_BOUND ( 'NONE', #1947, .T. ) ;
#915 = DIRECTION ( 'NONE',  ( 1.000000000000000000, 0.0000000000000000000, 0.0000000000000000000 ) ) ;
#916 = EDGE_LOOP ( 'NONE', ( #746, #2330, #2732, #2291 ) ) ;
#917 = EDGE_CURVE ( 'NONE', #1439, #98, #1578, .T. ) ;
#918 = ORIENTED_EDGE ( 'NONE', *, *, #975, .F. ) ;
#919 = AXIS2_PLACEMENT_3D ( 'NONE', #310, #2957, #509 ) ;
#920 = VERTEX_POINT ( 'NONE', #2793 ) ;
#921 = CARTESIAN_POINT ( 'NONE',  ( 33.75000000000000711, 210.0000000000000284, 3.000000000000000000 ) ) ;
#922 = ORIENTED_EDGE ( 'NONE', *, *, #2706, .F. ) ;
#923 = FACE_OUTER_BOUND ( 'NONE', #2545, .T. ) ;
#924 = CIRCLE ( 'NONE', #2211, 2.249999999999988010 ) ;
#925 = ORIENTED_EDGE ( 'NONE', *, *, #1590, .F. ) ;
#926 = FACE_OUTER_BOUND ( 'NONE', #2709, .T. ) ;
#927 = AXIS2_PLACEMENT_3D ( 'NONE', #1154, #1098, #1850 ) ;
#928 = ORIENTED_EDGE ( 'NONE', *, *, #1747, .F. ) ;
#929 = DIRECTION ( 'NONE',  ( -0.0000000000000000000, -0.0000000000000000000, -1.000000000000000000 ) ) ;
#930 = FACE_OUTER_BOUND ( 'NONE', #218, .T. ) ;
#931 = DIRECTION ( 'NONE',  ( -0.0000000000000000000, -0.0000000000000000000, -1.000000000000000000 ) ) ;
#932 = ORIENTED_EDGE ( 'NONE', *, *, #2220, .T. ) ;
#933 = CYLINDRICAL_SURFACE ( 'NONE', #1096, 2.249999999999988010 ) ;
#934 = CARTESIAN_POINT ( 'NONE',  ( 96.00000000000000000, 290.0000000000000568, 3.000000000000000000 ) ) ;
#935 = DIRECTION ( 'NONE',  ( -0.0000000000000000000, -0.0000000000000000000, 1.000000000000000000 ) ) ;
#936 = ORIENTED_EDGE ( 'NONE', *, *, #2003, .T. ) ;
#937 = LINE ( 'NONE', #1601, #1329 ) ;
#938 = ORIENTED_EDGE ( 'NONE', *, *, #1236, .F. ) ;
#939 = CARTESIAN_POINT ( 'NONE',  ( 132.0000000000000000, 480.0000000000000000, 3.000000000000000000 ) ) ;
#940 = ORIENTED_EDGE ( 'NONE', *, *, #2425, .F. ) ;
#941 = CARTESIAN_POINT ( 'NONE',  ( 5.500000000000005329, 450.0000000000000000, 3.000000000000000000 ) ) ;
#942 = CARTESIAN_POINT ( 'NONE',  ( 0.0000000000000000000, 0.0000000000000000000, 0.0000000000000000000 ) ) ;
#943 = DIRECTION ( 'NONE',  ( -1.000000000000000000, 0.0000000000000000000, 0.0000000000000000000 ) ) ;
#944 = DIRECTION ( 'NONE',  ( -1.000000000000000000, 0.0000000000000000000, 0.0000000000000000000 ) ) ;
#945 = EDGE_LOOP ( 'NONE', ( #1923, #2059 ) ) ;
#946 = FACE_OUTER_BOUND ( 'NONE', #1369, .T. ) ;
#947 = FACE_BOUND ( 'NONE', #1762, .T. ) ;
#948 = DIRECTION ( 'NONE',  ( 1.000000000000000000, 0.0000000000000000000, 0.0000000000000000000 ) ) ;
#949 = ORIENTED_EDGE ( 'NONE', *, *, #1321, .F. ) ;
#950 = DIRECTION ( 'NONE',  ( 1.000000000000000000, 0.0000000000000000000, 0.0000000000000000000 ) ) ;
#951 = EDGE_CURVE ( 'NONE', #2234, #461, #3027, .T. ) ;
#952 = EDGE_CURVE ( 'NONE', #1216, #2234, #2135, .T. ) ;
#953 = VECTOR ( 'NONE', #987, 1000.000000000000000 ) ;
#954 = AXIS2_PLACEMENT_3D ( 'NONE', #1013, #2655, #1724 ) ;
#955 = ORIENTED_EDGE ( 'NONE', *, *, #2249, .T. ) ;
#956 = AXIS2_PLACEMENT_3D ( 'NONE', #2189, #33, #1713 ) ;
#957 = AXIS2_PLACEMENT_3D ( 'NONE', #1772, #2509, #3000 ) ;
#958 = ADVANCED_FACE ( 'NONE', ( #1134 ), #1614, .F. ) ;
#959 = DIRECTION ( 'NONE',  ( 1.000000000000000000, 0.0000000000000000000, 0.0000000000000000000 ) ) ;
#960 = ORIENTED_EDGE ( 'NONE', *, *, #2422, .F. ) ;
#961 = CARTESIAN_POINT ( 'NONE',  ( 112.5000000000000142, 462.4999999999999432, 3.000000000000000000 ) ) ;
#962 = DIRECTION ( 'NONE',  ( -0.0000000000000000000, -0.0000000000000000000, -1.000000000000000000 ) ) ;
#963 = CARTESIAN_POINT ( 'NONE',  ( 36.00000000000000711, 370.0000000000000000, 8.673617379884035472E-16 ) ) ;
#964 = CARTESIAN_POINT ( 'NONE',  ( 96.00000000000000000, 290.0000000000000568, 8.673617379884035472E-16 ) ) ;
#965 = CARTESIAN_POINT ( 'NONE',  ( 114.7500000000000000, 197.5000000000000000, 3.000000000000000000 ) ) ;
#966 = FACE_BOUND ( 'NONE', #2980, .T. ) ;
#967 = LINE ( 'NONE', #315, #2442 ) ;
#968 = VERTEX_POINT ( 'NONE', #212 ) ;
#969 = CYLINDRICAL_SURFACE ( 'NONE', #2943, 2.249999999999996891 ) ;
#970 = EDGE_LOOP ( 'NONE', ( #198, #2901 ) ) ;
#971 = VECTOR ( 'NONE', #2894, 1000.000000000000000 ) ;
#972 = APPROVAL_ROLE ( '' ) ;
#973 = DIRECTION ( 'NONE',  ( -0.0000000000000000000, -0.0000000000000000000, 1.000000000000000000 ) ) ;
#974 = CIRCLE ( 'NONE', #1962, 2.249999999999996891 ) ;
#975 = EDGE_CURVE ( 'NONE', #215, #2194, #2184, .T. ) ;
#976 = ADVANCED_FACE ( 'NONE', ( #3114 ), #2849, .F. ) ;
#977 = DIRECTION ( 'NONE',  ( -0.0000000000000000000, -0.0000000000000000000, -1.000000000000000000 ) ) ;
#978 = CARTESIAN_POINT ( 'NONE',  ( 110.2500000000000284, 142.5000000000000000, 0.0000000000000000000 ) ) ;
#979 = VECTOR ( 'NONE', #2381, 1000.000000000000000 ) ;
#980 = CARTESIAN_POINT ( 'NONE',  ( 110.2500000000000284, 197.5000000000000000, -1.279755905108981194E-15 ) ) ;
#981 = AXIS2_PLACEMENT_3D ( 'NONE', #2270, #2049, #1125 ) ;
#982 = ORIENTED_EDGE ( 'NONE', *, *, #2477, .T. ) ;
#983 = FACE_OUTER_BOUND ( 'NONE', #3084, .T. ) ;
#984 = DIRECTION ( 'NONE',  ( 1.000000000000000000, 0.0000000000000000000, 0.0000000000000000000 ) ) ;
#985 = DIRECTION ( 'NONE',  ( -1.000000000000000000, 0.0000000000000000000, -0.0000000000000000000 ) ) ;
#986 = DIRECTION ( 'NONE',  ( 1.000000000000000000, 0.0000000000000000000, 0.0000000000000000000 ) ) ;
#987 = DIRECTION ( 'NONE',  ( -0.0000000000000000000, -0.0000000000000000000, 1.000000000000000000 ) ) ;
#988 = EDGE_LOOP ( 'NONE', ( #251, #2670 ) ) ;
#989 = COORDINATED_UNIVERSAL_TIME_OFFSET ( 8, 0, .BEHIND. ) ;
#990 = CARTESIAN_POINT ( 'NONE',  ( 19.49999999999999645, 222.4999999999999147, 3.000000000000000000 ) ) ;
#991 = CARTESIAN_POINT ( 'NONE',  ( 96.00000000000000000, 450.0000000000000568, 3.000000000000000000 ) ) ;
#992 = CARTESIAN_POINT ( 'NONE',  ( 36.00000000000000711, 450.0000000000000568, 8.673617379884035472E-16 ) ) ;
#993 = ADVANCED_FACE ( 'NONE', ( #2652 ), #1342, .F. ) ;
#994 = ADVANCED_FACE ( 'NONE', ( #429 ), #3098, .F. ) ;
#995 = LINE ( 'NONE', #1954, #223 ) ;
#996 = CARTESIAN_POINT ( 'NONE',  ( 112.5000000000000142, 302.5000000000000000, -1.279755905108981194E-15 ) ) ;
#997 = DIRECTION ( 'NONE',  ( -1.000000000000000000, 0.0000000000000000000, 0.0000000000000000000 ) ) ;
#998 = FACE_BOUND ( 'NONE', #1324, .T. ) ;
#999 = DIRECTION ( 'NONE',  ( -0.0000000000000000000, -0.0000000000000000000, 1.000000000000000000 ) ) ;
#1000 = ORIENTED_EDGE ( 'NONE', *, *, #1767, .F. ) ;
#1001 = CARTESIAN_POINT ( 'NONE',  ( 38.25000000000000000, 210.0000000000000284, 3.000000000000000000 ) ) ;
#1002 = AXIS2_PLACEMENT_3D ( 'NONE', #2986, #336, #1802 ) ;
#1003 = ORIENTED_EDGE ( 'NONE', *, *, #39, .T. ) ;
#1004 = AXIS2_PLACEMENT_3D ( 'NONE', #2058, #2400, #229 ) ;
#1005 = APPROVAL_DATE_TIME ( #55, #308 ) ;
#1006 = FACE_OUTER_BOUND ( 'NONE', #699, .T. ) ;
#1007 = AXIS2_PLACEMENT_3D ( 'NONE', #232, #1973, #944 ) ;
#1008 = AXIS2_PLACEMENT_3D ( 'NONE', #964, #1676, #1193 ) ;
#1009 = LINE ( 'NONE', #1756, #2299 ) ;
#1010 = CIRCLE ( 'NONE', #2789, 2.249999999999995115 ) ;
#1011 = DIRECTION ( 'NONE',  ( 1.000000000000000000, 0.0000000000000000000, 0.0000000000000000000 ) ) ;
#1012 = VERTEX_POINT ( 'NONE', #2574 ) ;
#1013 = CARTESIAN_POINT ( 'NONE',  ( 36.00000000000000711, 130.0000000000000284, 3.000000000000000000 ) ) ;
#1014 = FACE_BOUND ( 'NONE', #482, .T. ) ;
#1015 = EDGE_CURVE ( 'NONE', #371, #2923, #2806, .T. ) ;
#1016 = ADVANCED_FACE ( 'NONE', ( #1634 ), #1396, .F. ) ;
#1017 = CARTESIAN_POINT ( 'NONE',  ( 5.500000000000005329, 210.0000000000000284, 3.000000000000000000 ) ) ;
#1018 = VERTEX_POINT ( 'NONE', #31 ) ;
#1019 = VERTEX_POINT ( 'NONE', #1464 ) ;
#1020 = ORIENTED_EDGE ( 'NONE', *, *, #951, .F. ) ;
#1021 = APPLICATION_PROTOCOL_DEFINITION ( 'international standard', 'config_control_design', 1994, #751 ) ;
#1022 = DIRECTION ( 'NONE',  ( -1.000000000000000000, 0.0000000000000000000, 0.0000000000000000000 ) ) ;
#1023 = DIRECTION ( 'NONE',  ( 1.000000000000000000, 0.0000000000000000000, 0.0000000000000000000 ) ) ;
#1024 = CARTESIAN_POINT ( 'NONE',  ( 126.5000000000000000, 50.00000000000001421, 3.000000000000000000 ) ) ;
#1025 = CIRCLE ( 'NONE', #2757, 2.249999999999988010 ) ;
#1026 = AXIS2_PLACEMENT_3D ( 'NONE', #2556, #2523, #144 ) ;
#1027 = CARTESIAN_POINT ( 'NONE',  ( 19.49999999999999645, 117.4999999999999432, 3.000000000000000000 ) ) ;
#1028 = AXIS2_PLACEMENT_3D ( 'NONE', #84, #2681, #1022 ) ;
#1029 = ORIENTED_EDGE ( 'NONE', *, *, #475, .T. ) ;
#1030 = AXIS2_PLACEMENT_3D ( 'NONE', #2428, #486, #950 ) ;
#1031 = AXIS2_PLACEMENT_3D ( 'NONE', #3050, #1110, #1874 ) ;
#1032 = CYLINDRICAL_SURFACE ( 'NONE', #1261, 2.249999999999988010 ) ;
#1033 = EDGE_CURVE ( 'NONE', #3, #2247, #755, .T. ) ;
#1034 = ADVANCED_FACE ( 'NONE', ( #2405 ), #1955, .F. ) ;
#1035 = EDGE_CURVE ( 'NONE', #2022, #1085, #1757, .T. ) ;
#1036 = ORIENTED_EDGE ( 'NONE', *, *, #179, .T. ) ;
#1037 = ORIENTED_EDGE ( 'NONE', *, *, #1236, .T. ) ;
#1038 = CARTESIAN_POINT ( 'NONE',  ( 126.5000000000000000, 370.0000000000000000, 3.000000000000000000 ) ) ;
#1039 = EDGE_LOOP ( 'NONE', ( #1815, #2543, #2087, #383 ) ) ;
#1040 = DIRECTION ( 'NONE',  ( -0.0000000000000000000, -0.0000000000000000000, 1.000000000000000000 ) ) ;
#1041 = DIRECTION ( 'NONE',  ( -0.0000000000000000000, -0.0000000000000000000, -1.000000000000000000 ) ) ;
#1042 = ORIENTED_EDGE ( 'NONE', *, *, #3029, .F. ) ;
#1043 = CARTESIAN_POINT ( 'NONE',  ( 33.75000000000000711, 450.0000000000000568, 3.000000000000000000 ) ) ;
#1044 = DIRECTION ( 'NONE',  ( 1.000000000000000000, 0.0000000000000000000, 0.0000000000000000000 ) ) ;
#1045 = VERTEX_POINT ( 'NONE', #249 ) ;
#1046 = ORIENTED_EDGE ( 'NONE', *, *, #2735, .T. ) ;
#1047 = VERTEX_POINT ( 'NONE', #1244 ) ;
#1048 = AXIS2_PLACEMENT_3D ( 'NONE', #2193, #517, #728 ) ;
#1049 = ADVANCED_FACE ( 'NONE', ( #44 ), #12, .F. ) ;
#1050 = EDGE_CURVE ( 'NONE', #1335, #1136, #1333, .T. ) ;
#1051 = DIRECTION ( 'NONE',  ( -0.0000000000000000000, -0.0000000000000000000, 1.000000000000000000 ) ) ;
#1052 = CIRCLE ( 'NONE', #1420, 2.249999999999997780 ) ;
#1053 = CARTESIAN_POINT ( 'NONE',  ( 114.7500000000000000, 302.5000000000000000, 3.000000000000000000 ) ) ;
#1054 = VERTEX_POINT ( 'NONE', #499 ) ;
#1055 = CARTESIAN_POINT ( 'NONE',  ( 19.49999999999999645, 222.4999999999999147, -1.279755905108981194E-15 ) ) ;
#1056 = CIRCLE ( 'NONE', #2744, 2.250000000000001776 ) ;
#1057 = DIRECTION ( 'NONE',  ( 1.000000000000000000, 0.0000000000000000000, 0.0000000000000000000 ) ) ;
#1058 = FACE_OUTER_BOUND ( 'NONE', #418, .T. ) ;
#1059 = VERTEX_POINT ( 'NONE', #724 ) ;
#1060 = ORIENTED_EDGE ( 'NONE', *, *, #630, .F. ) ;
#1061 = PERSON_AND_ORGANIZATION ( #2214, #3036 ) ;
#1062 = DIRECTION ( 'NONE',  ( -0.0000000000000000000, -0.0000000000000000000, 1.000000000000000000 ) ) ;
#1063 = CYLINDRICAL_SURFACE ( 'NONE', #867, 2.250000000000001776 ) ;
#1064 = EDGE_CURVE ( 'NONE', #1281, #2047, #1703, .T. ) ;
#1065 = CC_DESIGN_PERSON_AND_ORGANIZATION_ASSIGNMENT ( #2415, #1996, ( #2123 ) ) ;
#1066 = CYLINDRICAL_SURFACE ( 'NONE', #957, 2.249999999999996891 ) ;
#1067 = EDGE_LOOP ( 'NONE', ( #416, #1778 ) ) ;
#1068 = DIRECTION ( 'NONE',  ( -0.0000000000000000000, -0.0000000000000000000, 1.000000000000000000 ) ) ;
#1069 = AXIS2_PLACEMENT_3D ( 'NONE', #1819, #364, #2029 ) ;
#1070 = FACE_OUTER_BOUND ( 'NONE', #1487, .T. ) ;
#1071 = ORIENTED_EDGE ( 'NONE', *, *, #2403, .T. ) ;
#1072 = VERTEX_POINT ( 'NONE', #1450 ) ;
#1073 = CARTESIAN_POINT ( 'NONE',  ( 96.00000000000000000, 130.0000000000000284, 3.000000000000000000 ) ) ;
#1074 = AXIS2_PLACEMENT_3D ( 'NONE', #1038, #626, #112 ) ;
#1075 = EDGE_LOOP ( 'NONE', ( #66, #622, #387, #852 ) ) ;
#1076 = VECTOR ( 'NONE', #1684, 1000.000000000000000 ) ;
#1077 = ORIENTED_EDGE ( 'NONE', *, *, #2967, .F. ) ;
#1078 = DIRECTION ( 'NONE',  ( -0.0000000000000000000, -0.0000000000000000000, -1.000000000000000000 ) ) ;
#1079 = CYLINDRICAL_SURFACE ( 'NONE', #3077, 2.250000000000001776 ) ;
#1080 = ORIENTED_EDGE ( 'NONE', *, *, #1590, .T. ) ;
#1081 = EDGE_CURVE ( 'NONE', #1541, #731, #511, .T. ) ;
#1082 = CARTESIAN_POINT ( 'NONE',  ( 126.5000000000000000, 370.0000000000000000, 3.000000000000000000 ) ) ;
#1083 = EDGE_CURVE ( 'NONE', #3105, #1295, #1245, .T. ) ;
#1084 = CARTESIAN_POINT ( 'NONE',  ( 93.75000000000000000, 210.0000000000000284, 3.000000000000000000 ) ) ;
#1085 = VERTEX_POINT ( 'NONE', #820 ) ;
#1086 = DIRECTION ( 'NONE',  ( -0.0000000000000000000, -0.0000000000000000000, 1.000000000000000000 ) ) ;
#1087 = CARTESIAN_POINT ( 'NONE',  ( 36.00000000000000711, 50.00000000000002842, 8.673617379884035472E-16 ) ) ;
#1088 = EDGE_LOOP ( 'NONE', ( #2160, #1197 ) ) ;
#1089 = ORIENTED_EDGE ( 'NONE', *, *, #2171, .F. ) ;
#1090 = COORDINATED_UNIVERSAL_TIME_OFFSET ( 8, 0, .BEHIND. ) ;
#1091 = CARTESIAN_POINT ( 'NONE',  ( 126.5000000000000000, 370.0000000000000000, 8.673617379884035472E-16 ) ) ;
#1092 = CARTESIAN_POINT ( 'NONE',  ( 128.7500000000000000, 50.00000000000001421, 8.673617379884035472E-16 ) ) ;
#1093 = CIRCLE ( 'NONE', #1991, 5.000000000000004441 ) ;
#1094 = ORIENTED_EDGE ( 'NONE', *, *, #1711, .F. ) ;
#1095 = LINE ( 'NONE', #1043, #2671 ) ;
#1096 = AXIS2_PLACEMENT_3D ( 'NONE', #2561, #401, #265 ) ;
#1097 = FACE_BOUND ( 'NONE', #1563, .T. ) ;
#1098 = DIRECTION ( 'NONE',  ( -0.0000000000000000000, -0.0000000000000000000, -1.000000000000000000 ) ) ;
#1099 = VECTOR ( 'NONE', #2140, 1000.000000000000000 ) ;
#1100 = AXIS2_PLACEMENT_3D ( 'NONE', #694, #678, #436 ) ;
#1101 = ORIENTED_EDGE ( 'NONE', *, *, #1081, .T. ) ;
#1102 = ORIENTED_EDGE ( 'NONE', *, *, #2172, .T. ) ;
#1103 = EDGE_CURVE ( 'NONE', #2936, #2486, #1967, .T. ) ;
#1104 = ADVANCED_FACE ( 'NONE', ( #2774 ), #2787, .F. ) ;
#1105 = DIRECTION ( 'NONE',  ( -0.0000000000000000000, -0.0000000000000000000, 1.000000000000000000 ) ) ;
#1106 = ORIENTED_EDGE ( 'NONE', *, *, #3049, .F. ) ;
#1107 = DIRECTION ( 'NONE',  ( 1.000000000000000000, 0.0000000000000000000, 0.0000000000000000000 ) ) ;
#1108 = ORIENTED_EDGE ( 'NONE', *, *, #1809, .T. ) ;
#1109 = DIRECTION ( 'NONE',  ( -0.0000000000000000000, -0.0000000000000000000, 1.000000000000000000 ) ) ;
#1110 = DIRECTION ( 'NONE',  ( -0.0000000000000000000, -0.0000000000000000000, 1.000000000000000000 ) ) ;
#1111 = ORIENTED_EDGE ( 'NONE', *, *, #1083, .T. ) ;
#1112 = EDGE_LOOP ( 'NONE', ( #191, #1896, #2260, #73 ) ) ;
#1113 = DIRECTION ( 'NONE',  ( -1.000000000000000000, 0.0000000000000000000, 0.0000000000000000000 ) ) ;
#1114 = AXIS2_PLACEMENT_3D ( 'NONE', #1024, #797, #1520 ) ;
#1115 = EDGE_LOOP ( 'NONE', ( #2814, #1600, #811, #152 ) ) ;
#1116 = VECTOR ( 'NONE', #553, 1000.000000000000000 ) ;
#1117 = AXIS2_PLACEMENT_3D ( 'NONE', #618, #834, #603 ) ;
#1118 = DIRECTION ( 'NONE',  ( 0.0000000000000000000, 0.0000000000000000000, -1.000000000000000000 ) ) ;
#1119 = ORIENTED_EDGE ( 'NONE', *, *, #1015, .T. ) ;
#1120 = FACE_OUTER_BOUND ( 'NONE', #2801, .T. ) ;
#1121 = ORIENTED_EDGE ( 'NONE', *, *, #2496, .F. ) ;
#1122 = CARTESIAN_POINT ( 'NONE',  ( 96.00000000000000000, 50.00000000000002842, 8.673617379884035472E-16 ) ) ;
#1123 = EDGE_CURVE ( 'NONE', #1346, #2962, #2099, .T. ) ;
#1124 = EDGE_CURVE ( 'NONE', #45, #1072, #829, .T. ) ;
#1125 = DIRECTION ( 'NONE',  ( 1.000000000000000000, 0.0000000000000000000, 0.0000000000000000000 ) ) ;
#1126 = LINE ( 'NONE', #662, #3033 ) ;
#1127 = AXIS2_PLACEMENT_3D ( 'NONE', #3035, #2748, #1844 ) ;
#1128 = EDGE_LOOP ( 'NONE', ( #889, #465 ) ) ;
#1129 = DIRECTION ( 'NONE',  ( -1.000000000000000000, 0.0000000000000000000, 0.0000000000000000000 ) ) ;
#1130 = DIRECTION ( 'NONE',  ( 1.000000000000000000, 0.0000000000000000000, 0.0000000000000000000 ) ) ;
#1131 = EDGE_LOOP ( 'NONE', ( #126, #1145 ) ) ;
#1132 = DIRECTION ( 'NONE',  ( -0.0000000000000000000, -0.0000000000000000000, 1.000000000000000000 ) ) ;
#1133 = DIRECTION ( 'NONE',  ( -1.000000000000000000, 0.0000000000000000000, 0.0000000000000000000 ) ) ;
#1134 = FACE_OUTER_BOUND ( 'NONE', #2769, .T. ) ;
#1135 = EDGE_LOOP ( 'NONE', ( #2688, #2157, #1169, #2324 ) ) ;
#1136 = VERTEX_POINT ( 'NONE', #802 ) ;
#1137 = DIRECTION ( 'NONE',  ( -0.0000000000000000000, -0.0000000000000000000, 1.000000000000000000 ) ) ;
#1138 = EDGE_LOOP ( 'NONE', ( #1282, #1260, #1910, #2239 ) ) ;
#1139 = DIRECTION ( 'NONE',  ( -0.0000000000000000000, -0.0000000000000000000, 1.000000000000000000 ) ) ;
#1140 = VERTEX_POINT ( 'NONE', #2800 ) ;
#1141 = LINE ( 'NONE', #419, #2866 ) ;
#1142 = DIRECTION ( 'NONE',  ( 0.0000000000000000000, 0.0000000000000000000, -1.000000000000000000 ) ) ;
#1143 = PLANE ( 'NONE',  #1615 ) ;
#1145 = ORIENTED_EDGE ( 'NONE', *, *, #1254, .F. ) ;
#1144 = EDGE_CURVE ( 'NONE', #3051, #920, #2053, .T. ) ;
#1146 = DIRECTION ( 'NONE',  ( 1.000000000000000000, 0.0000000000000000000, 0.0000000000000000000 ) ) ;
#1147 = EDGE_CURVE ( 'NONE', #858, #1439, #299, .T. ) ;
#1148 = EDGE_CURVE ( 'NONE', #731, #423, #2257, .T. ) ;
#1149 = DIRECTION ( 'NONE',  ( -0.0000000000000000000, -0.0000000000000000000, 1.000000000000000000 ) ) ;
#1150 = VERTEX_POINT ( 'NONE', #2996 ) ;
#1151 = DIRECTION ( 'NONE',  ( -0.0000000000000000000, -0.0000000000000000000, 1.000000000000000000 ) ) ;
#1152 = DIRECTION ( 'NONE',  ( -0.0000000000000000000, -0.0000000000000000000, -1.000000000000000000 ) ) ;
#1153 = AXIS2_PLACEMENT_3D ( 'NONE', #1259, #1695, #2692 ) ;
#1154 = CARTESIAN_POINT ( 'NONE',  ( 19.49999999999999645, 62.49999999999990052, 0.0000000000000000000 ) ) ;
#1155 = ORIENTED_EDGE ( 'NONE', *, *, #2365, .T. ) ;
#1156 = CIRCLE ( 'NONE', #220, 2.249999999999988010 ) ;
#1157 = ORIENTED_EDGE ( 'NONE', *, *, #1385, .F. ) ;
#1158 = VECTOR ( 'NONE', #727, 1000.000000000000000 ) ;
#1159 = AXIS2_PLACEMENT_3D ( 'NONE', #2437, #510, #2716 ) ;
#1160 = CARTESIAN_POINT ( 'NONE',  ( 3.250000000000007550, 290.0000000000000000, 3.000000000000000000 ) ) ;
#1161 = VERTEX_POINT ( 'NONE', #2024 ) ;
#1162 = DIRECTION ( 'NONE',  ( -1.000000000000000000, 0.0000000000000000000, 0.0000000000000000000 ) ) ;
#1163 = ORIENTED_EDGE ( 'NONE', *, *, #672, .T. ) ;
#1164 = CARTESIAN_POINT ( 'NONE',  ( 126.5000000000000000, 370.0000000000000000, 3.000000000000000000 ) ) ;
#1165 = AXIS2_PLACEMENT_3D ( 'NONE', #2333, #174, #2385 ) ;
#1166 = ORIENTED_EDGE ( 'NONE', *, *, #697, .F. ) ;
#1167 = CARTESIAN_POINT ( 'NONE',  ( 93.75000000000000000, 290.0000000000000568, 3.000000000000000000 ) ) ;
#1168 = LINE ( 'NONE', #3108, #123 ) ;
#1169 = ORIENTED_EDGE ( 'NONE', *, *, #1666, .T. ) ;
#1170 = CARTESIAN_POINT ( 'NONE',  ( 17.25000000000000711, 277.4999999999999432, 0.0000000000000000000 ) ) ;
#1171 = CYLINDRICAL_SURFACE ( 'NONE', #444, 2.249999999999996891 ) ;
#1172 = ADVANCED_FACE ( 'NONE', ( #1531 ), #2982, .F. ) ;
#1173 = EDGE_CURVE ( 'NONE', #222, #1456, #627, .T. ) ;
#1174 = CYLINDRICAL_SURFACE ( 'NONE', #1419, 2.250000000000001776 ) ;
#1175 = APPROVAL ( #41, 'UNSPECIFIED' ) ;
#1176 = DIRECTION ( 'NONE',  ( 1.000000000000000000, 0.0000000000000000000, 0.0000000000000000000 ) ) ;
#1177 = ORIENTED_EDGE ( 'NONE', *, *, #329, .F. ) ;
#1178 = CARTESIAN_POINT ( 'NONE',  ( 5.000000000000000000, 480.0000000000000000, 3.000000000000000000 ) ) ;
#1179 = CARTESIAN_POINT ( 'NONE',  ( 124.2500000000000000, 130.0000000000000000, 3.000000000000000000 ) ) ;
#1180 = ORIENTED_EDGE ( 'NONE', *, *, #1525, .F. ) ;
#1181 = DIRECTION ( 'NONE',  ( -1.000000000000000000, 0.0000000000000000000, 0.0000000000000000000 ) ) ;
#1182 = AXIS2_PLACEMENT_3D ( 'NONE', #2585, #425, #2839 ) ;
#1183 = AXIS2_PLACEMENT_3D ( 'NONE', #1753, #319, #2243 ) ;
#1184 = CARTESIAN_POINT ( 'NONE',  ( 21.74999999999998579, 382.4999999999999432, -1.279755905108981194E-15 ) ) ;
#1185 = AXIS2_PLACEMENT_3D ( 'NONE', #2504, #1816, #1558 ) ;
#1186 = ORIENTED_EDGE ( 'NONE', *, *, #2023, .F. ) ;
#1187 = DIRECTION ( 'NONE',  ( 1.000000000000000000, 0.0000000000000000000, 0.0000000000000000000 ) ) ;
#1188 = DIRECTION ( 'NONE',  ( -0.0000000000000000000, -0.0000000000000000000, 1.000000000000000000 ) ) ;
#1189 = CARTESIAN_POINT ( 'NONE',  ( 7.750000000000001776, 130.0000000000000000, 3.000000000000000000 ) ) ;
#1190 = EDGE_CURVE ( 'NONE', #1456, #222, #391, .T. ) ;
#1191 = EDGE_CURVE ( 'NONE', #2646, #3004, #788, .T. ) ;
#1192 = EDGE_LOOP ( 'NONE', ( #2920, #2633, #1108, #317 ) ) ;
#1193 = DIRECTION ( 'NONE',  ( 1.000000000000000000, 0.0000000000000000000, 0.0000000000000000000 ) ) ;
#1194 = DIRECTION ( 'NONE',  ( -0.0000000000000000000, -0.0000000000000000000, 1.000000000000000000 ) ) ;
#1195 = EDGE_CURVE ( 'NONE', #1587, #2175, #589, .T. ) ;
#1196 = CARTESIAN_POINT ( 'NONE',  ( 19.49999999999999289, 477.4999999999999432, -1.279755905108981194E-15 ) ) ;
#1197 = ORIENTED_EDGE ( 'NONE', *, *, #2999, .F. ) ;
#1198 = DIRECTION ( 'NONE',  ( 1.000000000000000000, 0.0000000000000000000, 0.0000000000000000000 ) ) ;
#1199 = PRODUCT_RELATED_PRODUCT_CATEGORY ( 'detail', '', ( #2123 ) ) ;
#1200 = VERTEX_POINT ( 'NONE', #1545 ) ;
#1201 = DIRECTION ( 'NONE',  ( -0.0000000000000000000, -0.0000000000000000000, 1.000000000000000000 ) ) ;
#1202 = CARTESIAN_POINT ( 'NONE',  ( 96.00000000000000000, 450.0000000000000568, 3.000000000000000000 ) ) ;
#1203 = ORIENTED_EDGE ( 'NONE', *, *, #378, .T. ) ;
#1204 = CARTESIAN_POINT ( 'NONE',  ( 112.5000000000000142, 357.5000000000000000, -1.279755905108981194E-15 ) ) ;
#1205 = CARTESIAN_POINT ( 'NONE',  ( 21.74999999999998579, 62.49999999999990052, 0.0000000000000000000 ) ) ;
#1206 = FACE_BOUND ( 'NONE', #3119, .T. ) ;
#1207 = CARTESIAN_POINT ( 'NONE',  ( 17.25000000000000000, 477.4999999999999432, 3.000000000000000000 ) ) ;
#1208 = VECTOR ( 'NONE', #2745, 1000.000000000000000 ) ;
#1209 = FACE_BOUND ( 'NONE', #624, .T. ) ;
#1210 = AXIS2_PLACEMENT_3D ( 'NONE', #2827, #1909, #3100 ) ;
#1211 = CYLINDRICAL_SURFACE ( 'NONE', #3085, 2.249999999999995115 ) ;
#1212 = CIRCLE ( 'NONE', #2584, 2.249999999999988010 ) ;
#1213 = EDGE_CURVE ( 'NONE', #1377, #1682, #587, .T. ) ;
#1214 = AXIS2_PLACEMENT_3D ( 'NONE', #1712, #2718, #1693 ) ;
#1215 = EDGE_CURVE ( 'NONE', #803, #2489, #2508, .T. ) ;
#1216 = VERTEX_POINT ( 'NONE', #1283 ) ;
#1217 = AXIS2_PLACEMENT_3D ( 'NONE', #1921, #30, #704 ) ;
#1218 = AXIS2_PLACEMENT_3D ( 'NONE', #503, #1978, #1248 ) ;
#1219 = COORDINATED_UNIVERSAL_TIME_OFFSET ( 8, 0, .BEHIND. ) ;
#1220 = DIRECTION ( 'NONE',  ( 1.000000000000000000, 0.0000000000000000000, 0.0000000000000000000 ) ) ;
#1221 = CC_DESIGN_APPROVAL ( #1175, ( #2444 ) ) ;
#1222 = CARTESIAN_POINT ( 'NONE',  ( 7.750000000000002665, 50.00000000000001421, 3.000000000000000000 ) ) ;
#1223 = DIRECTION ( 'NONE',  ( -1.000000000000000000, 0.0000000000000000000, 0.0000000000000000000 ) ) ;
#1224 = FACE_OUTER_BOUND ( 'NONE', #1112, .T. ) ;
#1225 = CARTESIAN_POINT ( 'NONE',  ( 19.49999999999999645, 277.4999999999999432, 0.0000000000000000000 ) ) ;
#1226 = ORIENTED_EDGE ( 'NONE', *, *, #1035, .F. ) ;
#1227 = CARTESIAN_POINT ( 'NONE',  ( 19.49999999999999645, 222.4999999999999147, -1.279755905108981194E-15 ) ) ;
#1228 = DIRECTION ( 'NONE',  ( 0.0000000000000000000, 0.0000000000000000000, -1.000000000000000000 ) ) ;
#1229 = DIRECTION ( 'NONE',  ( -1.000000000000000000, 0.0000000000000000000, 0.0000000000000000000 ) ) ;
#1230 = ORIENTED_EDGE ( 'NONE', *, *, #581, .F. ) ;
#1231 = LINE ( 'NONE', #1001, #953 ) ;
#1232 = ORIENTED_EDGE ( 'NONE', *, *, #378, .F. ) ;
#1233 = EDGE_CURVE ( 'NONE', #3004, #1338, #575, .T. ) ;
#1234 = VECTOR ( 'NONE', #2125, 1000.000000000000000 ) ;
#1235 = CIRCLE ( 'NONE', #1491, 2.249999999999996891 ) ;
#1236 = EDGE_CURVE ( 'NONE', #1917, #2247, #1914, .T. ) ;
#1237 =( LENGTH_UNIT ( ) NAMED_UNIT ( * ) SI_UNIT ( .MILLI., .METRE. ) );
#1238 = CARTESIAN_POINT ( 'NONE',  ( 3.250000000000007550, 210.0000000000000284, 3.000000000000000000 ) ) ;
#1239 = AXIS2_PLACEMENT_3D ( 'NONE', #2178, #22, #959 ) ;
#1240 = AXIS2_PLACEMENT_3D ( 'NONE', #1611, #193, #1373 ) ;
#1241 = CARTESIAN_POINT ( 'NONE',  ( 96.00000000000000000, 50.00000000000002842, 3.000000000000000000 ) ) ;
#1242 = AXIS2_PLACEMENT_3D ( 'NONE', #2449, #2911, #2435 ) ;
#1243 = AXIS2_PLACEMENT_3D ( 'NONE', #1225, #1691, #2207 ) ;
#1244 = CARTESIAN_POINT ( 'NONE',  ( 114.7500000000000000, 197.5000000000000000, -1.279755905108981194E-15 ) ) ;
#1245 = CIRCLE ( 'NONE', #2217, 2.249999999999995115 ) ;
#1246 = CARTESIAN_POINT ( 'NONE',  ( 19.49999999999999645, 62.49999999999990052, -1.279755905108981194E-15 ) ) ;
#1247 = FACE_BOUND ( 'NONE', #595, .T. ) ;
#1248 = DIRECTION ( 'NONE',  ( 1.000000000000000000, 0.0000000000000000000, 0.0000000000000000000 ) ) ;
#1249 = DIRECTION ( 'NONE',  ( -0.0000000000000000000, -0.0000000000000000000, -1.000000000000000000 ) ) ;
#1250 = EDGE_LOOP ( 'NONE', ( #2397, #1489, #1294, #857 ) ) ;
#1251 = CARTESIAN_POINT ( 'NONE',  ( 19.49999999999999645, 22.49999999999990408, 0.0000000000000000000 ) ) ;
#1252 = DIRECTION ( 'NONE',  ( 1.000000000000000000, 0.0000000000000000000, 0.0000000000000000000 ) ) ;
#1253 = DIRECTION ( 'NONE',  ( -0.0000000000000000000, -0.0000000000000000000, -1.000000000000000000 ) ) ;
#1254 = EDGE_CURVE ( 'NONE', #1338, #2411, #2360, .T. ) ;
#1255 = DIRECTION ( 'NONE',  ( -1.000000000000000000, 0.0000000000000000000, 0.0000000000000000000 ) ) ;
#1256 = ORIENTED_EDGE ( 'NONE', *, *, #1787, .F. ) ;
#1257 = CARTESIAN_POINT ( 'NONE',  ( 0.0000000000000000000, 485.0000000000000000, 0.0000000000000000000 ) ) ;
#1258 = FACE_BOUND ( 'NONE', #1627, .T. ) ;
#1259 = CARTESIAN_POINT ( 'NONE',  ( 126.5000000000000000, 130.0000000000000000, 8.673617379884035472E-16 ) ) ;
#1260 = ORIENTED_EDGE ( 'NONE', *, *, #1427, .F. ) ;
#1261 = AXIS2_PLACEMENT_3D ( 'NONE', #2057, #1526, #2020 ) ;
#1262 = VERTEX_POINT ( 'NONE', #2105 ) ;
#1263 = ORIENTED_EDGE ( 'NONE', *, *, #2302, .T. ) ;
#1264 = CIRCLE ( 'NONE', #1990, 2.249999999999988010 ) ;
#1265 = AXIS2_PLACEMENT_3D ( 'NONE', #1421, #2379, #1871 ) ;
#1266 = COORDINATED_UNIVERSAL_TIME_OFFSET ( 8, 0, .BEHIND. ) ;
#1267 = DIRECTION ( 'NONE',  ( 0.0000000000000000000, 0.0000000000000000000, -1.000000000000000000 ) ) ;
#1268 = AXIS2_PLACEMENT_3D ( 'NONE', #2822, #1149, #2588 ) ;
#1269 = VECTOR ( 'NONE', #1139, 1000.000000000000000 ) ;
#1270 = CYLINDRICAL_SURFACE ( 'NONE', #1114, 2.250000000000001776 ) ;
#1271 = DIRECTION ( 'NONE',  ( -0.0000000000000000000, -0.0000000000000000000, 1.000000000000000000 ) ) ;
#1272 = CIRCLE ( 'NONE', #227, 2.249999999999995115 ) ;
#1273 = ORIENTED_EDGE ( 'NONE', *, *, #3069, .F. ) ;
#1274 = ADVANCED_FACE ( 'NONE', ( #1350 ), #2833, .F. ) ;
#1275 = DIRECTION ( 'NONE',  ( -0.0000000000000000000, -0.0000000000000000000, 1.000000000000000000 ) ) ;
#1276 = EDGE_CURVE ( 'NONE', #485, #1335, #661, .T. ) ;
#1277 = ADVANCED_FACE ( 'NONE', ( #2328 ), #2089, .F. ) ;
#1278 = DIRECTION ( 'NONE',  ( -0.0000000000000000000, -0.0000000000000000000, -1.000000000000000000 ) ) ;
#1279 = ORIENTED_EDGE ( 'NONE', *, *, #773, .F. ) ;
#1280 = ORIENTED_EDGE ( 'NONE', *, *, #1452, .F. ) ;
#1281 = VERTEX_POINT ( 'NONE', #2581 ) ;
#1282 = ORIENTED_EDGE ( 'NONE', *, *, #1540, .F. ) ;
#1283 = CARTESIAN_POINT ( 'NONE',  ( 33.75000000000000711, 370.0000000000000000, 8.673617379884035472E-16 ) ) ;
#1284 = CARTESIAN_POINT ( 'NONE',  ( 19.49999999999999645, 62.49999999999990052, -1.279755905108981194E-15 ) ) ;
#1285 = AXIS2_PLACEMENT_3D ( 'NONE', #2164, #6, #2110 ) ;
#1286 = VECTOR ( 'NONE', #2753, 1000.000000000000000 ) ;
#1287 = EDGE_LOOP ( 'NONE', ( #195, #1646, #902, #7 ) ) ;
#1288 = AXIS2_PLACEMENT_3D ( 'NONE', #2761, #1829, #359 ) ;
#1289 = DIRECTION ( 'NONE',  ( -0.0000000000000000000, -0.0000000000000000000, 1.000000000000000000 ) ) ;
#1290 = EDGE_LOOP ( 'NONE', ( #1569, #290 ) ) ;
#1291 = ORIENTED_EDGE ( 'NONE', *, *, #1233, .T. ) ;
#1292 = EDGE_CURVE ( 'NONE', #1439, #858, #2764, .T. ) ;
#1293 = DIRECTION ( 'NONE',  ( -0.0000000000000000000, -0.0000000000000000000, 1.000000000000000000 ) ) ;
#1294 = ORIENTED_EDGE ( 'NONE', *, *, #2083, .T. ) ;
#1295 = VERTEX_POINT ( 'NONE', #2367 ) ;
#1296 = DIRECTION ( 'NONE',  ( 1.000000000000000000, 0.0000000000000000000, 0.0000000000000000000 ) ) ;
#1297 = CARTESIAN_POINT ( 'NONE',  ( 17.25000000000000711, 22.49999999999990408, 3.000000000000000000 ) ) ;
#1298 = EDGE_LOOP ( 'NONE', ( #705, #1932 ) ) ;
#1299 = DIRECTION ( 'NONE',  ( 0.0000000000000000000, 0.0000000000000000000, -1.000000000000000000 ) ) ;
#1300 = DIRECTION ( 'NONE',  ( -0.0000000000000000000, -0.0000000000000000000, 1.000000000000000000 ) ) ;
#1301 = ORIENTED_EDGE ( 'NONE', *, *, #1730, .T. ) ;
#1302 = ORIENTED_EDGE ( 'NONE', *, *, #2220, .F. ) ;
#1303 = ADVANCED_FACE ( 'NONE', ( #406 ), #440, .F. ) ;
#1304 = DIRECTION ( 'NONE',  ( -0.0000000000000000000, -0.0000000000000000000, 1.000000000000000000 ) ) ;
#1305 = AXIS2_PLACEMENT_3D ( 'NONE', #2174, #80, #2225 ) ;
#1306 = AXIS2_PLACEMENT_3D ( 'NONE', #2756, #1289, #1566 ) ;
#1307 = DIRECTION ( 'NONE',  ( -0.0000000000000000000, -0.0000000000000000000, 1.000000000000000000 ) ) ;
#1308 = AXIS2_PLACEMENT_3D ( 'NONE', #1455, #1681, #730 ) ;
#1309 = CYLINDRICAL_SURFACE ( 'NONE', #1002, 2.249999999999988010 ) ;
#1310 = EDGE_LOOP ( 'NONE', ( #472, #2115 ) ) ;
#1311 = AXIS2_PLACEMENT_3D ( 'NONE', #103, #2261, #1057 ) ;
#1312 = DIRECTION ( 'NONE',  ( -0.0000000000000000000, -0.0000000000000000000, 1.000000000000000000 ) ) ;
#1313 = AXIS2_PLACEMENT_3D ( 'NONE', #1316, #1105, #386 ) ;
#1314 = CARTESIAN_POINT ( 'NONE',  ( 19.49999999999999289, 477.4999999999999432, 3.000000000000000000 ) ) ;
#1315 = CYLINDRICAL_SURFACE ( 'NONE', #2237, 2.250000000000001776 ) ;
#1316 = CARTESIAN_POINT ( 'NONE',  ( 96.00000000000000000, 130.0000000000000284, 3.000000000000000000 ) ) ;
#1317 = ORIENTED_EDGE ( 'NONE', *, *, #19, .F. ) ;
#1318 = ORIENTED_EDGE ( 'NONE', *, *, #394, .F. ) ;
#1319 = DIRECTION ( 'NONE',  ( -0.0000000000000000000, -0.0000000000000000000, 1.000000000000000000 ) ) ;
#1320 = EDGE_CURVE ( 'NONE', #353, #1045, #2413, .T. ) ;
#1321 = EDGE_CURVE ( 'NONE', #1692, #3079, #872, .T. ) ;
#1322 = CIRCLE ( 'NONE', #1847, 2.249999999999996891 ) ;
#1323 = FACE_OUTER_BOUND ( 'NONE', #157, .T. ) ;
#1324 = EDGE_LOOP ( 'NONE', ( #402, #1848 ) ) ;
#1325 = LINE ( 'NONE', #2307, #91 ) ;
#1326 = VECTOR ( 'NONE', #3107, 1000.000000000000000 ) ;
#1327 = VECTOR ( 'NONE', #1312, 1000.000000000000000 ) ;
#1328 = DIRECTION ( 'NONE',  ( -0.0000000000000000000, -0.0000000000000000000, -1.000000000000000000 ) ) ;
#1329 = VECTOR ( 'NONE', #2161, 1000.000000000000000 ) ;
#1330 = VERTEX_POINT ( 'NONE', #422 ) ;
#1331 = EDGE_LOOP ( 'NONE', ( #1512, #928, #599, #2139 ) ) ;
#1332 = DIRECTION ( 'NONE',  ( 1.000000000000000000, 0.0000000000000000000, 0.0000000000000000000 ) ) ;
#1333 = CIRCLE ( 'NONE', #345, 2.249999999999988010 ) ;
#1334 = VERTEX_POINT ( 'NONE', #1367 ) ;
#1335 = VERTEX_POINT ( 'NONE', #2345 ) ;
#1336 = DIRECTION ( 'NONE',  ( -0.0000000000000000000, -0.0000000000000000000, -1.000000000000000000 ) ) ;
#1337 = LINE ( 'NONE', #156, #2440 ) ;
#1338 = VERTEX_POINT ( 'NONE', #1877 ) ;
#1339 = DIRECTION ( 'NONE',  ( -0.0000000000000000000, -0.0000000000000000000, 1.000000000000000000 ) ) ;
#1340 = EDGE_CURVE ( 'NONE', #1085, #2022, #242, .T. ) ;
#1341 = FACE_BOUND ( 'NONE', #2826, .T. ) ;
#1342 = CYLINDRICAL_SURFACE ( 'NONE', #927, 2.249999999999988010 ) ;
#1343 = VERTEX_POINT ( 'NONE', #665 ) ;
#1344 = ORIENTED_EDGE ( 'NONE', *, *, #2983, .F. ) ;
#1345 = DIRECTION ( 'NONE',  ( -0.0000000000000000000, -0.0000000000000000000, -1.000000000000000000 ) ) ;
#1346 = VERTEX_POINT ( 'NONE', #1446 ) ;
#1347 = CARTESIAN_POINT ( 'NONE',  ( 36.00000000000000711, 290.0000000000000568, 3.000000000000000000 ) ) ;
#1348 = ORIENTED_EDGE ( 'NONE', *, *, #1506, .T. ) ;
#1349 = DIRECTION ( 'NONE',  ( -0.0000000000000000000, -0.0000000000000000000, -1.000000000000000000 ) ) ;
#1350 = FACE_OUTER_BOUND ( 'NONE', #1581, .T. ) ;
#1351 = ORIENTED_EDGE ( 'NONE', *, *, #1276, .F. ) ;
#1352 = CIRCLE ( 'NONE', #2329, 2.249999999999991562 ) ;
#1353 = ORIENTED_EDGE ( 'NONE', *, *, #2316, .T. ) ;
#1354 = CARTESIAN_POINT ( 'NONE',  ( 112.5000000000000142, 142.5000000000000000, 3.000000000000000000 ) ) ;
#1355 = AXIS2_PLACEMENT_3D ( 'NONE', #853, #1654, #2796 ) ;
#1356 = DIRECTION ( 'NONE',  ( 1.000000000000000000, 0.0000000000000000000, 0.0000000000000000000 ) ) ;
#1357 = FACE_BOUND ( 'NONE', #1667, .T. ) ;
#1358 = EDGE_CURVE ( 'NONE', #2570, #332, #1374, .T. ) ;
#1359 = CIRCLE ( 'NONE', #714, 2.250000000000001776 ) ;
#1360 = ADVANCED_FACE ( 'NONE', ( #2384 ), #1862, .F. ) ;
#1361 = CIRCLE ( 'NONE', #1153, 2.250000000000001776 ) ;
#1362 = EDGE_LOOP ( 'NONE', ( #1387, #2995, #1263, #3007 ) ) ;
#1363 = ORIENTED_EDGE ( 'NONE', *, *, #2618, .T. ) ;
#1364 = FACE_OUTER_BOUND ( 'NONE', #736, .T. ) ;
#1365 = ORIENTED_EDGE ( 'NONE', *, *, #1195, .F. ) ;
#1366 = FACE_OUTER_BOUND ( 'NONE', #1524, .T. ) ;
#1367 = CARTESIAN_POINT ( 'NONE',  ( 7.750000000000001776, 370.0000000000000000, 8.673617379884035472E-16 ) ) ;
#1368 = DIRECTION ( 'NONE',  ( -0.0000000000000000000, -0.0000000000000000000, 1.000000000000000000 ) ) ;
#1369 = EDGE_LOOP ( 'NONE', ( #1661, #213, #2772, #868 ) ) ;
#1370 = DIRECTION ( 'NONE',  ( -0.0000000000000000000, -0.0000000000000000000, 1.000000000000000000 ) ) ;
#1371 = DIRECTION ( 'NONE',  ( -0.0000000000000000000, -0.0000000000000000000, 1.000000000000000000 ) ) ;
#1372 = VERTEX_POINT ( 'NONE', #3052 ) ;
#1373 = DIRECTION ( 'NONE',  ( 1.000000000000000000, 0.0000000000000000000, 0.0000000000000000000 ) ) ;
#1374 = CIRCLE ( 'NONE', #1798, 2.249999999999995115 ) ;
#1375 = ORIENTED_EDGE ( 'NONE', *, *, #1572, .T. ) ;
#1376 = CIRCLE ( 'NONE', #919, 2.249999999999995115 ) ;
#1377 = VERTEX_POINT ( 'NONE', #909 ) ;
#1378 = CARTESIAN_POINT ( 'NONE',  ( 36.00000000000000711, 450.0000000000000568, 8.673617379884035472E-16 ) ) ;
#1379 = ORIENTED_EDGE ( 'NONE', *, *, #2265, .T. ) ;
#1380 = CARTESIAN_POINT ( 'NONE',  ( 5.500000000000005329, 290.0000000000000000, 3.000000000000000000 ) ) ;
#1381 = VERTEX_POINT ( 'NONE', #2398 ) ;
#1382 = DIRECTION ( 'NONE',  ( -1.000000000000000000, 0.0000000000000000000, 0.0000000000000000000 ) ) ;
#1383 = CIRCLE ( 'NONE', #2386, 2.249999999999988010 ) ;
#1384 = DIRECTION ( 'NONE',  ( -1.000000000000000000, 0.0000000000000000000, 0.0000000000000000000 ) ) ;
#1385 = EDGE_CURVE ( 'NONE', #2372, #690, #1750, .T. ) ;
#1386 = VECTOR ( 'NONE', #481, 1000.000000000000000 ) ;
#1387 = ORIENTED_EDGE ( 'NONE', *, *, #2534, .F. ) ;
#1388 = CARTESIAN_POINT ( 'NONE',  ( 5.500000000000005329, 50.00000000000001421, 8.673617379884035472E-16 ) ) ;
#1389 = DIRECTION ( 'NONE',  ( -0.0000000000000000000, -0.0000000000000000000, 1.000000000000000000 ) ) ;
#1390 = DIRECTION ( 'NONE',  ( 0.0000000000000000000, 0.0000000000000000000, -1.000000000000000000 ) ) ;
#1391 = LINE ( 'NONE', #893, #1678 ) ;
#1392 = ORIENTED_EDGE ( 'NONE', *, *, #1103, .T. ) ;
#1393 = LINE ( 'NONE', #478, #2895 ) ;
#1394 = DIRECTION ( 'NONE',  ( 1.000000000000000000, 0.0000000000000000000, 0.0000000000000000000 ) ) ;
#1395 = CARTESIAN_POINT ( 'NONE',  ( 7.750000000000002665, 370.0000000000000000, 3.000000000000000000 ) ) ;
#1396 = PLANE ( 'NONE',  #2678 ) ;
#1397 = EDGE_LOOP ( 'NONE', ( #2987, #3058 ) ) ;
#1398 = VERTEX_POINT ( 'NONE', #241 ) ;
#1399 = DIRECTION ( 'NONE',  ( -1.000000000000000000, 0.0000000000000000000, 0.0000000000000000000 ) ) ;
#1400 = EDGE_LOOP ( 'NONE', ( #1428, #357 ) ) ;
#1401 = DIRECTION ( 'NONE',  ( -0.0000000000000000000, -0.0000000000000000000, 1.000000000000000000 ) ) ;
#1402 = EDGE_LOOP ( 'NONE', ( #169, #677 ) ) ;
#1403 = CARTESIAN_POINT ( 'NONE',  ( 110.2500000000000284, 197.5000000000000000, 0.0000000000000000000 ) ) ;
#1404 = DIRECTION ( 'NONE',  ( -0.0000000000000000000, -0.0000000000000000000, 1.000000000000000000 ) ) ;
#1405 = VERTEX_POINT ( 'NONE', #1184 ) ;
#1406 = EDGE_CURVE ( 'NONE', #1200, #839, #719, .T. ) ;
#1407 = EDGE_CURVE ( 'NONE', #1870, #1381, #2669, .T. ) ;
#1408 = ADVANCED_FACE ( 'NONE', ( #926 ), #2607, .F. ) ;
#1409 = LINE ( 'NONE', #224, #1326 ) ;
#1410 = LINE ( 'NONE', #3075, #1099 ) ;
#1411 = EDGE_LOOP ( 'NONE', ( #792, #2752 ) ) ;
#1412 = DIRECTION ( 'NONE',  ( 1.000000000000000000, 0.0000000000000000000, 0.0000000000000000000 ) ) ;
#1413 = CARTESIAN_POINT ( 'NONE',  ( 126.5000000000000000, 210.0000000000000284, 8.673617379884035472E-16 ) ) ;
#1414 = DIRECTION ( 'NONE',  ( -0.0000000000000000000, -0.0000000000000000000, 1.000000000000000000 ) ) ;
#1415 = CIRCLE ( 'NONE', #320, 2.250000000000001776 ) ;
#1416 = VERTEX_POINT ( 'NONE', #1167 ) ;
#1417 = AXIS2_PLACEMENT_3D ( 'NONE', #2150, #2630, #2612 ) ;
#1418 = AXIS2_PLACEMENT_3D ( 'NONE', #286, #2469, #300 ) ;
#1419 = AXIS2_PLACEMENT_3D ( 'NONE', #2944, #248, #263 ) ;
#1420 = AXIS2_PLACEMENT_3D ( 'NONE', #1380, #2813, #2086 ) ;
#1421 = CARTESIAN_POINT ( 'NONE',  ( 126.5000000000000000, 370.0000000000000000, 3.000000000000000000 ) ) ;
#1422 = VERTEX_POINT ( 'NONE', #876 ) ;
#1423 = CARTESIAN_POINT ( 'NONE',  ( 17.25000000000000000, 437.5000000000000000, -1.279755905108981194E-15 ) ) ;
#1424 = CIRCLE ( 'NONE', #1784, 2.249999999999996891 ) ;
#1425 = ORIENTED_EDGE ( 'NONE', *, *, #1572, .F. ) ;
#1426 = CARTESIAN_POINT ( 'NONE',  ( 36.00000000000000711, 50.00000000000002842, 3.000000000000000000 ) ) ;
#1427 = EDGE_CURVE ( 'NONE', #344, #2828, #1490, .T. ) ;
#1428 = ORIENTED_EDGE ( 'NONE', *, *, #1035, .T. ) ;
#1429 = DIRECTION ( 'NONE',  ( -0.0000000000000000000, -0.0000000000000000000, -1.000000000000000000 ) ) ;
#1430 = FACE_OUTER_BOUND ( 'NONE', #2129, .T. ) ;
#1431 = DIRECTION ( 'NONE',  ( -0.0000000000000000000, -0.0000000000000000000, -1.000000000000000000 ) ) ;
#1432 = ADVANCED_FACE ( 'NONE', ( #2818 ), #643, .F. ) ;
#1433 = DIRECTION ( 'NONE',  ( -1.000000000000000000, 0.0000000000000000000, 0.0000000000000000000 ) ) ;
#1434 = ORIENTED_EDGE ( 'NONE', *, *, #307, .T. ) ;
#1435 = CARTESIAN_POINT ( 'NONE',  ( 98.25000000000000000, 210.0000000000000284, 3.000000000000000000 ) ) ;
#1436 = DIRECTION ( 'NONE',  ( -1.000000000000000000, 0.0000000000000000000, 0.0000000000000000000 ) ) ;
#1437 = AXIS2_PLACEMENT_3D ( 'NONE', #113, #2289, #2997 ) ;
#1438 = CARTESIAN_POINT ( 'NONE',  ( 3.250000000000007105, 450.0000000000000000, 3.000000000000000000 ) ) ;
#1439 = VERTEX_POINT ( 'NONE', #3068 ) ;
#1440 = CARTESIAN_POINT ( 'NONE',  ( 17.25000000000000711, 222.4999999999999147, 0.0000000000000000000 ) ) ;
#1441 = VECTOR ( 'NONE', #973, 1000.000000000000000 ) ;
#1442 = CIRCLE ( 'NONE', #243, 2.249999999999995115 ) ;
#1443 = ORIENTED_EDGE ( 'NONE', *, *, #3116, .F. ) ;
#1444 = AXIS2_PLACEMENT_3D ( 'NONE', #1919, #1655, #2631 ) ;
#1445 = FACE_OUTER_BOUND ( 'NONE', #1653, .T. ) ;
#1446 = CARTESIAN_POINT ( 'NONE',  ( 7.750000000000002665, 130.0000000000000000, 3.000000000000000000 ) ) ;
#1447 = VERTEX_POINT ( 'NONE', #939 ) ;
#1448 = DIRECTION ( 'NONE',  ( 0.0000000000000000000, 1.000000000000000000, 0.0000000000000000000 ) ) ;
#1449 = FACE_BOUND ( 'NONE', #2142, .T. ) ;
#1450 = CARTESIAN_POINT ( 'NONE',  ( 128.7500000000000000, 290.0000000000000000, 8.673617379884035472E-16 ) ) ;
#1451 = CARTESIAN_POINT ( 'NONE',  ( 128.7500000000000000, 450.0000000000000000, 3.000000000000000000 ) ) ;
#1452 = EDGE_CURVE ( 'NONE', #2025, #143, #1025, .T. ) ;
#1453 = FACE_BOUND ( 'NONE', #945, .T. ) ;
#1454 = DIRECTION ( 'NONE',  ( 1.000000000000000000, 0.0000000000000000000, 0.0000000000000000000 ) ) ;
#1455 = CARTESIAN_POINT ( 'NONE',  ( 126.5000000000000000, 130.0000000000000000, 3.000000000000000000 ) ) ;
#1456 = VERTEX_POINT ( 'NONE', #683 ) ;
#1457 = APPLICATION_PROTOCOL_DEFINITION ( 'international standard', 'config_control_design', 1994, #1547 ) ;
#1458 = LINE ( 'NONE', #2431, #3008 ) ;
#1459 = ORIENTED_EDGE ( 'NONE', *, *, #2754, .T. ) ;
#1460 = CARTESIAN_POINT ( 'NONE',  ( 5.000000000000000000, 485.0000000000000000, 0.0000000000000000000 ) ) ;
#1461 = DIRECTION ( 'NONE',  ( 0.0000000000000000000, -0.0000000000000000000, 1.000000000000000000 ) ) ;
#1462 = DIRECTION ( 'NONE',  ( -0.0000000000000000000, -0.0000000000000000000, 1.000000000000000000 ) ) ;
#1463 = FACE_BOUND ( 'NONE', #2530, .T. ) ;
#1464 = CARTESIAN_POINT ( 'NONE',  ( 132.0000000000000000, 0.0000000000000000000, 3.000000000000000000 ) ) ;
#1465 = ORIENTED_EDGE ( 'NONE', *, *, #2640, .T. ) ;
#1466 = DIRECTION ( 'NONE',  ( -0.0000000000000000000, -0.0000000000000000000, 1.000000000000000000 ) ) ;
#1467 = CIRCLE ( 'NONE', #1313, 2.250000000000001776 ) ;
#1468 = EDGE_CURVE ( 'NONE', #316, #2268, #137, .T. ) ;
#1469 = EDGE_CURVE ( 'NONE', #2611, #1587, #2050, .T. ) ;
#1470 = CARTESIAN_POINT ( 'NONE',  ( 0.0000000000000000000, 0.0000000000000000000, 0.0000000000000000000 ) ) ;
#1471 = EDGE_CURVE ( 'NONE', #2047, #1960, #1931, .T. ) ;
#1472 = CARTESIAN_POINT ( 'NONE',  ( 96.00000000000000000, 130.0000000000000284, 3.000000000000000000 ) ) ;
#1473 = EDGE_LOOP ( 'NONE', ( #3032, #2294 ) ) ;
#1474 = DIRECTION ( 'NONE',  ( -0.0000000000000000000, -0.0000000000000000000, -1.000000000000000000 ) ) ;
#1475 = CIRCLE ( 'NONE', #369, 2.249999999999991562 ) ;
#1476 = CIRCLE ( 'NONE', #1735, 2.250000000000001776 ) ;
#1477 = ORIENTED_EDGE ( 'NONE', *, *, #1842, .F. ) ;
#1478 = CIRCLE ( 'NONE', #1165, 2.250000000000001776 ) ;
#1479 = DIRECTION ( 'NONE',  ( 1.000000000000000000, 0.0000000000000000000, 0.0000000000000000000 ) ) ;
#1480 = CARTESIAN_POINT ( 'NONE',  ( 112.5000000000000142, 37.49999999999998579, 0.0000000000000000000 ) ) ;
#1481 = CARTESIAN_POINT ( 'NONE',  ( 98.25000000000000000, 50.00000000000002842, 3.000000000000000000 ) ) ;
#1482 = CYLINDRICAL_SURFACE ( 'NONE', #1217, 2.250000000000001776 ) ;
#1483 = CARTESIAN_POINT ( 'NONE',  ( 93.75000000000000000, 450.0000000000000568, 3.000000000000000000 ) ) ;
#1484 = CARTESIAN_POINT ( 'NONE',  ( 17.25000000000000711, 382.4999999999999432, -1.279755905108981194E-15 ) ) ;
#1485 = DIRECTION ( 'NONE',  ( -1.000000000000000000, 0.0000000000000000000, 0.0000000000000000000 ) ) ;
#1486 = DIRECTION ( 'NONE',  ( -0.0000000000000000000, -0.0000000000000000000, -1.000000000000000000 ) ) ;
#1487 = EDGE_LOOP ( 'NONE', ( #2137, #288, #108, #560 ) ) ;
#1488 = CARTESIAN_POINT ( 'NONE',  ( 33.75000000000000711, 50.00000000000002842, 3.000000000000000000 ) ) ;
#1489 = ORIENTED_EDGE ( 'NONE', *, *, #860, .F. ) ;
#1490 = CIRCLE ( 'NONE', #1285, 2.249999999999988010 ) ;
#1491 = AXIS2_PLACEMENT_3D ( 'NONE', #1790, #381, #2571 ) ;
#1492 = DIRECTION ( 'NONE',  ( -0.0000000000000000000, -0.0000000000000000000, -1.000000000000000000 ) ) ;
#1493 = CIRCLE ( 'NONE', #1028, 2.249999999999988010 ) ;
#1494 = CARTESIAN_POINT ( 'NONE',  ( 112.5000000000000142, 302.5000000000000000, 0.0000000000000000000 ) ) ;
#1495 = DIRECTION ( 'NONE',  ( -1.000000000000000000, 0.0000000000000000000, 0.0000000000000000000 ) ) ;
#1496 = DIRECTION ( 'NONE',  ( -0.0000000000000000000, -0.0000000000000000000, 1.000000000000000000 ) ) ;
#1497 = VECTOR ( 'NONE', #1768, 1000.000000000000000 ) ;
#1498 = ORIENTED_EDGE ( 'NONE', *, *, #434, .T. ) ;
#1499 = CARTESIAN_POINT ( 'NONE',  ( 93.75000000000000000, 210.0000000000000284, 3.000000000000000000 ) ) ;
#1500 = DIRECTION ( 'NONE',  ( -0.0000000000000000000, -0.0000000000000000000, 1.000000000000000000 ) ) ;
#1501 = CARTESIAN_POINT ( 'NONE',  ( 38.25000000000000000, 370.0000000000000000, 3.000000000000000000 ) ) ;
#1502 = ORIENTED_EDGE ( 'NONE', *, *, #1685, .T. ) ;
#1503 = APPROVAL_DATE_TIME ( #1965, #1175 ) ;
#1504 = CARTESIAN_POINT ( 'NONE',  ( 21.74999999999998579, 117.4999999999999432, 3.000000000000000000 ) ) ;
#1505 = EDGE_CURVE ( 'NONE', #2522, #105, #1409, .T. ) ;
#1506 = EDGE_CURVE ( 'NONE', #54, #1828, #2881, .T. ) ;
#1507 = DIRECTION ( 'NONE',  ( -0.0000000000000000000, -0.0000000000000000000, -1.000000000000000000 ) ) ;
#1508 = DIRECTION ( 'NONE',  ( -1.000000000000000000, 0.0000000000000000000, 0.0000000000000000000 ) ) ;
#1509 = VERTEX_POINT ( 'NONE', #552 ) ;
#1510 = FACE_OUTER_BOUND ( 'NONE', #2637, .T. ) ;
#1511 = CARTESIAN_POINT ( 'NONE',  ( 112.5000000000000142, 462.4999999999999432, 0.0000000000000000000 ) ) ;
#1512 = ORIENTED_EDGE ( 'NONE', *, *, #716, .F. ) ;
#1513 = ORIENTED_EDGE ( 'NONE', *, *, #433, .T. ) ;
#1514 = AXIS2_PLACEMENT_3D ( 'NONE', #1620, #197, #2874 ) ;
#1515 = VERTEX_POINT ( 'NONE', #2697 ) ;
#1516 = EDGE_LOOP ( 'NONE', ( #2146, #437, #2954, #1279 ) ) ;
#1517 = VECTOR ( 'NONE', #1249, 1000.000000000000000 ) ;
#1518 = CARTESIAN_POINT ( 'NONE',  ( 3.250000000000007994, 210.0000000000000284, 8.673617379884035472E-16 ) ) ;
#1519 = AXIS2_PLACEMENT_3D ( 'NONE', #631, #2300, #2569 ) ;
#1520 = DIRECTION ( 'NONE',  ( 1.000000000000000000, 0.0000000000000000000, 0.0000000000000000000 ) ) ;
#1521 = EDGE_CURVE ( 'NONE', #2273, #842, #305, .T. ) ;
#1522 = EDGE_CURVE ( 'NONE', #451, #3013, #524, .T. ) ;
#1523 = CARTESIAN_POINT ( 'NONE',  ( 19.49999999999999645, 277.4999999999999432, 0.0000000000000000000 ) ) ;
#1524 = EDGE_LOOP ( 'NONE', ( #2336, #400, #513, #1186 ) ) ;
#1525 = EDGE_CURVE ( 'NONE', #1140, #1598, #2253, .T. ) ;
#1526 = DIRECTION ( 'NONE',  ( -0.0000000000000000000, -0.0000000000000000000, -1.000000000000000000 ) ) ;
#1527 = ORIENTED_EDGE ( 'NONE', *, *, #2037, .F. ) ;
#1528 = ORIENTED_EDGE ( 'NONE', *, *, #77, .F. ) ;
#1529 = ORIENTED_EDGE ( 'NONE', *, *, #2804, .T. ) ;
#1530 = EDGE_LOOP ( 'NONE', ( #2028, #645, #819, #412 ) ) ;
#1531 = FACE_OUTER_BOUND ( 'NONE', #2783, .T. ) ;
#1532 = CARTESIAN_POINT ( 'NONE',  ( 5.500000000000005329, 450.0000000000000000, 3.000000000000000000 ) ) ;
#1533 = VECTOR ( 'NONE', #2205, 1000.000000000000000 ) ;
#1534 = AXIS2_PLACEMENT_3D ( 'NONE', #494, #2337, #3072 ) ;
#1535 = DIRECTION ( 'NONE',  ( -0.0000000000000000000, -0.0000000000000000000, -1.000000000000000000 ) ) ;
#1536 = ORIENTED_EDGE ( 'NONE', *, *, #2477, .F. ) ;
#1537 = CYLINDRICAL_SURFACE ( 'NONE', #1751, 2.250000000000001776 ) ;
#1538 = LINE ( 'NONE', #570, #3082 ) ;
#1539 = ADVANCED_FACE ( 'NONE', ( #1719 ), #2973, .F. ) ;
#1540 = EDGE_CURVE ( 'NONE', #2828, #1047, #1982, .T. ) ;
#1541 = VERTEX_POINT ( 'NONE', #1504 ) ;
#1542 = CYLINDRICAL_SURFACE ( 'NONE', #2528, 2.250000000000001776 ) ;
#1543 = ORIENTED_EDGE ( 'NONE', *, *, #597, .F. ) ;
#1544 = EDGE_LOOP ( 'NONE', ( #2904, #2599 ) ) ;
#1545 = CARTESIAN_POINT ( 'NONE',  ( 127.0000000000000000, 485.0000000000000000, 3.000000000000000000 ) ) ;
#1546 = CARTESIAN_POINT ( 'NONE',  ( 96.00000000000000000, 210.0000000000000284, 3.000000000000000000 ) ) ;
#1547 = APPLICATION_CONTEXT ( 'configuration controlled 3d designs of mechanical parts and assemblies' ) ;
#1548 = EDGE_LOOP ( 'NONE', ( #341, #3062, #1003, #1630 ) ) ;
#1549 = FACE_OUTER_BOUND ( 'NONE', #1898, .T. ) ;
#1550 = CYLINDRICAL_SURFACE ( 'NONE', #653, 2.250000000000001776 ) ;
#1551 = ORIENTED_EDGE ( 'NONE', *, *, #2663, .F. ) ;
#1552 = CYLINDRICAL_SURFACE ( 'NONE', #767, 2.249999999999996891 ) ;
#1553 = ADVANCED_FACE ( 'NONE', ( #2474 ), #69, .F. ) ;
#1554 = EDGE_CURVE ( 'NONE', #1557, #2414, #2713, .T. ) ;
#1555 = DIRECTION ( 'NONE',  ( -0.0000000000000000000, -0.0000000000000000000, 1.000000000000000000 ) ) ;
#1556 = ORIENTED_EDGE ( 'NONE', *, *, #2950, .T. ) ;
#1557 = VERTEX_POINT ( 'NONE', #1518 ) ;
#1558 = DIRECTION ( 'NONE',  ( -1.000000000000000000, 0.0000000000000000000, 0.0000000000000000000 ) ) ;
#1559 = CIRCLE ( 'NONE', #216, 2.249999999999995115 ) ;
#1560 = AXIS2_PLACEMENT_3D ( 'NONE', #1494, #1705, #1998 ) ;
#1561 = AXIS2_PLACEMENT_3D ( 'NONE', #963, #1414, #2206 ) ;
#1562 = CARTESIAN_POINT ( 'NONE',  ( 5.500000000000005329, 130.0000000000000000, 3.000000000000000000 ) ) ;
#1563 = EDGE_LOOP ( 'NONE', ( #938, #559 ) ) ;
#1564 = AXIS2_PLACEMENT_3D ( 'NONE', #754, #1690, #1722 ) ;
#1565 = CYLINDRICAL_SURFACE ( 'NONE', #339, 2.250000000000001776 ) ;
#1566 = DIRECTION ( 'NONE',  ( 1.000000000000000000, 0.0000000000000000000, 0.0000000000000000000 ) ) ;
#1567 = DIRECTION ( 'NONE',  ( -0.0000000000000000000, -0.0000000000000000000, 1.000000000000000000 ) ) ;
#1568 = EDGE_LOOP ( 'NONE', ( #3047, #1841, #1425, #2863 ) ) ;
#1569 = ORIENTED_EDGE ( 'NONE', *, *, #1191, .T. ) ;
#1570 = CARTESIAN_POINT ( 'NONE',  ( 5.500000000000005329, 130.0000000000000000, 3.000000000000000000 ) ) ;
#1571 = EDGE_CURVE ( 'NONE', #1398, #2372, #2955, .T. ) ;
#1572 = EDGE_CURVE ( 'NONE', #1960, #1019, #780, .T. ) ;
#1573 = CYLINDRICAL_SURFACE ( 'NONE', #2124, 2.250000000000001776 ) ;
#1574 = ORIENTED_EDGE ( 'NONE', *, *, #1767, .T. ) ;
#1575 = FACE_OUTER_BOUND ( 'NONE', #3018, .T. ) ;
#1576 = AXIS2_PLACEMENT_3D ( 'NONE', #2984, #1040, #100 ) ;
#1577 = FACE_BOUND ( 'NONE', #1400, .T. ) ;
#1578 = LINE ( 'NONE', #1084, #2834 ) ;
#1579 = VECTOR ( 'NONE', #962, 1000.000000000000000 ) ;
#1580 = VECTOR ( 'NONE', #405, 1000.000000000000000 ) ;
#1581 = EDGE_LOOP ( 'NONE', ( #82, #2731, #838, #2078 ) ) ;
#1582 = ORIENTED_EDGE ( 'NONE', *, *, #628, .F. ) ;
#1583 = AXIS2_PLACEMENT_3D ( 'NONE', #1922, #1674, #671 ) ;
#1584 = LINE ( 'NONE', #2279, #2138 ) ;
#1585 = ORIENTED_EDGE ( 'NONE', *, *, #1033, .T. ) ;
#1586 = DIRECTION ( 'NONE',  ( 1.000000000000000000, 0.0000000000000000000, 0.0000000000000000000 ) ) ;
#1587 = VERTEX_POINT ( 'NONE', #2216 ) ;
#1588 = DIRECTION ( 'NONE',  ( 1.000000000000000000, 0.0000000000000000000, 0.0000000000000000000 ) ) ;
#1589 = ORIENTED_EDGE ( 'NONE', *, *, #291, .F. ) ;
#1590 = EDGE_CURVE ( 'NONE', #3, #1509, #2349, .T. ) ;
#1591 = ADVANCED_FACE ( 'NONE', ( #1006 ), #2938, .F. ) ;
#1592 = EDGE_CURVE ( 'NONE', #485, #180, #1493, .T. ) ;
#1593 = ORIENTED_EDGE ( 'NONE', *, *, #1825, .F. ) ;
#1594 = LINE ( 'NONE', #1834, #784 ) ;
#1595 = FACE_BOUND ( 'NONE', #2605, .T. ) ;
#1596 = ORIENTED_EDGE ( 'NONE', *, *, #1103, .F. ) ;
#1597 = DIRECTION ( 'NONE',  ( 0.0000000000000000000, 0.0000000000000000000, -1.000000000000000000 ) ) ;
#1598 = VERTEX_POINT ( 'NONE', #1950 ) ;
#1599 = DIRECTION ( 'NONE',  ( -0.0000000000000000000, -0.0000000000000000000, -1.000000000000000000 ) ) ;
#1600 = ORIENTED_EDGE ( 'NONE', *, *, #2108, .F. ) ;
#1601 = CARTESIAN_POINT ( 'NONE',  ( 7.750000000000001776, 370.0000000000000000, 3.000000000000000000 ) ) ;
#1602 = DIRECTION ( 'NONE',  ( -0.0000000000000000000, -0.0000000000000000000, 1.000000000000000000 ) ) ;
#1603 = VERTEX_POINT ( 'NONE', #2734 ) ;
#1604 = CIRCLE ( 'NONE', #271, 2.250000000000001776 ) ;
#1605 = DIRECTION ( 'NONE',  ( -0.0000000000000000000, -0.0000000000000000000, -1.000000000000000000 ) ) ;
#1606 = LOCAL_TIME ( 8, 50, 48.00000000000000000, #1090 ) ;
#1607 = AXIS2_PLACEMENT_3D ( 'NONE', #2932, #104, #1791 ) ;
#1608 = DIRECTION ( 'NONE',  ( -0.0000000000000000000, -0.0000000000000000000, 1.000000000000000000 ) ) ;
#1609 = EDGE_LOOP ( 'NONE', ( #629, #2654, #1963, #682 ) ) ;
#1610 = ADVANCED_FACE ( 'NONE', ( #334 ), #561, .F. ) ;
#1611 = CARTESIAN_POINT ( 'NONE',  ( 36.00000000000000711, 50.00000000000002842, 3.000000000000000000 ) ) ;
#1612 = ADVANCED_FACE ( 'NONE', ( #42 ), #2907, .F. ) ;
#1613 = AXIS2_PLACEMENT_3D ( 'NONE', #1227, #2423, #2001 ) ;
#1614 = CYLINDRICAL_SURFACE ( 'NONE', #806, 2.249999999999988010 ) ;
#1615 = AXIS2_PLACEMENT_3D ( 'NONE', #458, #888, #2835 ) ;
#1616 = EDGE_LOOP ( 'NONE', ( #1094, #1764, #182, #203 ) ) ;
#1617 = CIRCLE ( 'NONE', #1726, 2.249999999999991562 ) ;
#1618 = EDGE_CURVE ( 'NONE', #858, #25, #1458, .T. ) ;
#1619 = EDGE_LOOP ( 'NONE', ( #1860, #2006, #375, #1696 ) ) ;
#1620 = CARTESIAN_POINT ( 'NONE',  ( 5.500000000000005329, 450.0000000000000000, 8.673617379884035472E-16 ) ) ;
#1621 = ORIENTED_EDGE ( 'NONE', *, *, #535, .T. ) ;
#1622 = DIRECTION ( 'NONE',  ( -0.0000000000000000000, -0.0000000000000000000, -1.000000000000000000 ) ) ;
#1623 = ORIENTED_EDGE ( 'NONE', *, *, #2084, .T. ) ;
#1624 = CARTESIAN_POINT ( 'NONE',  ( 38.25000000000000000, 50.00000000000002842, 3.000000000000000000 ) ) ;
#1625 = CARTESIAN_POINT ( 'NONE',  ( 19.49999999999999289, 437.5000000000000000, 3.000000000000000000 ) ) ;
#1626 = CARTESIAN_POINT ( 'NONE',  ( 19.49999999999999289, 477.4999999999999432, -1.279755905108981194E-15 ) ) ;
#1627 = EDGE_LOOP ( 'NONE', ( #1111, #2101 ) ) ;
#1628 = CARTESIAN_POINT ( 'NONE',  ( 112.5000000000000142, 37.49999999999998579, 3.000000000000000000 ) ) ;
#1629 = CARTESIAN_POINT ( 'NONE',  ( 128.7500000000000000, 50.00000000000001421, 3.000000000000000000 ) ) ;
#1630 = ORIENTED_EDGE ( 'NONE', *, *, #2548, .T. ) ;
#1631 = DIRECTION ( 'NONE',  ( -0.0000000000000000000, -0.0000000000000000000, 1.000000000000000000 ) ) ;
#1632 = DIRECTION ( 'NONE',  ( -0.0000000000000000000, -0.0000000000000000000, 1.000000000000000000 ) ) ;
#1633 = FACE_BOUND ( 'NONE', #2739, .T. ) ;
#1634 = FACE_OUTER_BOUND ( 'NONE', #150, .T. ) ;
#1635 = AXIS2_PLACEMENT_3D ( 'NONE', #1668, #1370, #2348 ) ;
#1636 = ORIENTED_EDGE ( 'NONE', *, *, #2219, .F. ) ;
#1637 = AXIS2_PLACEMENT_3D ( 'NONE', #862, #1849, #1113 ) ;
#1638 = ORIENTED_EDGE ( 'NONE', *, *, #3066, .F. ) ;
#1639 = AXIS2_PLACEMENT_3D ( 'NONE', #1866, #1632, #463 ) ;
#1640 = EDGE_CURVE ( 'NONE', #1836, #2962, #2203, .T. ) ;
#1641 = EDGE_CURVE ( 'NONE', #900, #2071, #738, .T. ) ;
#1642 = CYLINDRICAL_SURFACE ( 'NONE', #2782, 2.249999999999988010 ) ;
#1643 = ORIENTED_EDGE ( 'NONE', *, *, #1469, .T. ) ;
#1644 = EDGE_CURVE ( 'NONE', #846, #3091, #247, .T. ) ;
#1645 = CYLINDRICAL_SURFACE ( 'NONE', #851, 2.249999999999995115 ) ;
#1646 = ORIENTED_EDGE ( 'NONE', *, *, #716, .T. ) ;
#1647 = DIRECTION ( 'NONE',  ( 0.0000000000000000000, 0.0000000000000000000, -1.000000000000000000 ) ) ;
#1648 = AXIS2_PLACEMENT_3D ( 'NONE', #2668, #1742, #2913 ) ;
#1649 = FACE_OUTER_BOUND ( 'NONE', #885, .T. ) ;
#1650 = AXIS2_PLACEMENT_3D ( 'NONE', #1480, #56, #2448 ) ;
#1651 = EDGE_LOOP ( 'NONE', ( #173, #1527, #1353, #2577 ) ) ;
#1652 = CARTESIAN_POINT ( 'NONE',  ( 36.00000000000000711, 210.0000000000000284, 3.000000000000000000 ) ) ;
#1653 = EDGE_LOOP ( 'NONE', ( #908, #1344, #894, #93 ) ) ;
#1654 = DIRECTION ( 'NONE',  ( -0.0000000000000000000, -0.0000000000000000000, 1.000000000000000000 ) ) ;
#1655 = DIRECTION ( 'NONE',  ( -0.0000000000000000000, -0.0000000000000000000, 1.000000000000000000 ) ) ;
#1656 = CARTESIAN_POINT ( 'NONE',  ( 132.0000000000000000, 0.0000000000000000000, 3.000000000000000000 ) ) ;
#1657 = FACE_BOUND ( 'NONE', #695, .T. ) ;
#1658 = EDGE_LOOP ( 'NONE', ( #949, #2676, #2163, #380 ) ) ;
#1659 = CARTESIAN_POINT ( 'NONE',  ( 93.75000000000000000, 450.0000000000000568, 8.673617379884035472E-16 ) ) ;
#1660 = DIRECTION ( 'NONE',  ( -0.0000000000000000000, -0.0000000000000000000, 1.000000000000000000 ) ) ;
#1661 = ORIENTED_EDGE ( 'NONE', *, *, #2872, .F. ) ;
#1662 = DIRECTION ( 'NONE',  ( 1.000000000000000000, 0.0000000000000000000, 0.0000000000000000000 ) ) ;
#1663 = ORIENTED_EDGE ( 'NONE', *, *, #1554, .T. ) ;
#1664 = DIRECTION ( 'NONE',  ( 1.000000000000000000, 0.0000000000000000000, 0.0000000000000000000 ) ) ;
#1665 = EDGE_CURVE ( 'NONE', #2351, #968, #541, .T. ) ;
#1666 = EDGE_CURVE ( 'NONE', #1018, #435, #2458, .T. ) ;
#1667 = EDGE_LOOP ( 'NONE', ( #2490, #1157 ) ) ;
#1668 = CARTESIAN_POINT ( 'NONE',  ( 5.500000000000005329, 50.00000000000001421, 3.000000000000000000 ) ) ;
#1669 = ORIENTED_EDGE ( 'NONE', *, *, #1825, .T. ) ;
#1670 = CARTESIAN_POINT ( 'NONE',  ( 3.250000000000007994, 370.0000000000000000, 8.673617379884035472E-16 ) ) ;
#1671 = DIRECTION ( 'NONE',  ( -0.0000000000000000000, -0.0000000000000000000, -1.000000000000000000 ) ) ;
#1672 = DIRECTION ( 'NONE',  ( 1.000000000000000000, 0.0000000000000000000, 0.0000000000000000000 ) ) ;
#1673 = CIRCLE ( 'NONE', #1514, 2.249999999999996891 ) ;
#1674 = DIRECTION ( 'NONE',  ( -0.0000000000000000000, -0.0000000000000000000, -1.000000000000000000 ) ) ;
#1675 = AXIS2_PLACEMENT_3D ( 'NONE', #687, #2897, #1412 ) ;
#1676 = DIRECTION ( 'NONE',  ( -0.0000000000000000000, -0.0000000000000000000, 1.000000000000000000 ) ) ;
#1677 = VECTOR ( 'NONE', #1760, 1000.000000000000000 ) ;
#1678 = VECTOR ( 'NONE', #2128, 1000.000000000000000 ) ;
#1679 = VECTOR ( 'NONE', #1599, 1000.000000000000000 ) ;
#1680 = ORIENTED_EDGE ( 'NONE', *, *, #2302, .F. ) ;
#1681 = DIRECTION ( 'NONE',  ( -0.0000000000000000000, -0.0000000000000000000, 1.000000000000000000 ) ) ;
#1682 = VERTEX_POINT ( 'NONE', #2941 ) ;
#1683 = CALENDAR_DATE ( 2019, 18, 9 ) ;
#1684 = DIRECTION ( 'NONE',  ( -0.0000000000000000000, -0.0000000000000000000, 1.000000000000000000 ) ) ;
#1685 = EDGE_CURVE ( 'NONE', #1200, #1281, #753, .T. ) ;
#1686 = EDGE_CURVE ( 'NONE', #1515, #2923, #1770, .T. ) ;
#1687 = VERTEX_POINT ( 'NONE', #526 ) ;
#1688 = DIRECTION ( 'NONE',  ( -0.0000000000000000000, -0.0000000000000000000, 1.000000000000000000 ) ) ;
#1689 = DIRECTION ( 'NONE',  ( -0.0000000000000000000, -0.0000000000000000000, 1.000000000000000000 ) ) ;
#1690 = DIRECTION ( 'NONE',  ( 0.0000000000000000000, 0.0000000000000000000, -1.000000000000000000 ) ) ;
#1691 = DIRECTION ( 'NONE',  ( -0.0000000000000000000, -0.0000000000000000000, -1.000000000000000000 ) ) ;
#1692 = VERTEX_POINT ( 'NONE', #2231 ) ;
#1693 = DIRECTION ( 'NONE',  ( -1.000000000000000000, 0.0000000000000000000, 0.0000000000000000000 ) ) ;
#1694 = DIRECTION ( 'NONE',  ( 1.000000000000000000, 0.0000000000000000000, 0.0000000000000000000 ) ) ;
#1695 = DIRECTION ( 'NONE',  ( -0.0000000000000000000, -0.0000000000000000000, 1.000000000000000000 ) ) ;
#1696 = ORIENTED_EDGE ( 'NONE', *, *, #2340, .F. ) ;
#1697 = CARTESIAN_POINT ( 'NONE',  ( 19.49999999999999645, 382.4999999999999432, -1.279755905108981194E-15 ) ) ;
#1698 = VECTOR ( 'NONE', #1492, 1000.000000000000000 ) ;
#1699 = CIRCLE ( 'NONE', #2803, 2.250000000000001776 ) ;
#1700 = ORIENTED_EDGE ( 'NONE', *, *, #1709, .T. ) ;
#1701 = CIRCLE ( 'NONE', #2673, 2.249999999999995115 ) ;
#1702 = CARTESIAN_POINT ( 'NONE',  ( 0.0000000000000000000, 0.0000000000000000000, 3.000000000000000000 ) ) ;
#1703 = CIRCLE ( 'NONE', #1648, 5.000000000000000000 ) ;
#1704 = ORIENTED_EDGE ( 'NONE', *, *, #456, .F. ) ;
#1705 = DIRECTION ( 'NONE',  ( -0.0000000000000000000, -0.0000000000000000000, -1.000000000000000000 ) ) ;
#1706 = DIRECTION ( 'NONE',  ( -0.0000000000000000000, -0.0000000000000000000, 1.000000000000000000 ) ) ;
#1707 = EDGE_CURVE ( 'NONE', #2798, #1692, #1803, .T. ) ;
#1708 = DIRECTION ( 'NONE',  ( 1.000000000000000000, 0.0000000000000000000, 0.0000000000000000000 ) ) ;
#1709 = EDGE_CURVE ( 'NONE', #1846, #846, #2016, .T. ) ;
#1710 = FACE_BOUND ( 'NONE', #117, .T. ) ;
#1711 = EDGE_CURVE ( 'NONE', #1915, #2522, #684, .T. ) ;
#1712 = CARTESIAN_POINT ( 'NONE',  ( 19.49999999999999289, 477.4999999999999432, 0.0000000000000000000 ) ) ;
#1713 = DIRECTION ( 'NONE',  ( 1.000000000000000000, 0.0000000000000000000, 0.0000000000000000000 ) ) ;
#1714 = FACE_BOUND ( 'NONE', #970, .T. ) ;
#1715 = FACE_OUTER_BOUND ( 'NONE', #2870, .T. ) ;
#1716 = DIRECTION ( 'NONE',  ( 1.000000000000000000, 0.0000000000000000000, 0.0000000000000000000 ) ) ;
#1717 = EDGE_LOOP ( 'NONE', ( #823, #1980, #2251, #612 ) ) ;
#1718 = PERSON_AND_ORGANIZATION_ROLE ( 'design_supplier' ) ;
#1719 = FACE_OUTER_BOUND ( 'NONE', #2456, .T. ) ;
#1720 = CARTESIAN_POINT ( 'NONE',  ( 0.0000000000000000000, 480.0000000000000000, 0.0000000000000000000 ) ) ;
#1721 = DIRECTION ( 'NONE',  ( -0.0000000000000000000, -0.0000000000000000000, 1.000000000000000000 ) ) ;
#1722 = DIRECTION ( 'NONE',  ( -1.000000000000000000, 0.0000000000000000000, 0.0000000000000000000 ) ) ;
#1723 = EDGE_CURVE ( 'NONE', #2122, #149, #48, .T. ) ;
#1724 = DIRECTION ( 'NONE',  ( 1.000000000000000000, 0.0000000000000000000, 0.0000000000000000000 ) ) ;
#1725 = DIRECTION ( 'NONE',  ( -0.0000000000000000000, -0.0000000000000000000, 1.000000000000000000 ) ) ;
#1726 = AXIS2_PLACEMENT_3D ( 'NONE', #1196, #2708, #1959 ) ;
#1727 = FACE_BOUND ( 'NONE', #2389, .T. ) ;
#1728 = EDGE_CURVE ( 'NONE', #2025, #1603, #1009, .T. ) ;
#1729 = AXIS2_PLACEMENT_3D ( 'NONE', #352, #2248, #338 ) ;
#1730 = EDGE_CURVE ( 'NONE', #621, #2664, #1376, .T. ) ;
#1731 = CARTESIAN_POINT ( 'NONE',  ( 110.2500000000000284, 197.5000000000000000, 3.000000000000000000 ) ) ;
#1732 = EDGE_LOOP ( 'NONE', ( #2658, #374, #2376, #3031 ) ) ;
#1733 = DIRECTION ( 'NONE',  ( -1.000000000000000000, 0.0000000000000000000, 0.0000000000000000000 ) ) ;
#1734 = AXIS2_PLACEMENT_3D ( 'NONE', #302, #58, #2714 ) ;
#1735 = AXIS2_PLACEMENT_3D ( 'NONE', #758, #2959, #32 ) ;
#1736 = ORIENTED_EDGE ( 'NONE', *, *, #2999, .T. ) ;
#1737 = VECTOR ( 'NONE', #3039, 1000.000000000000000 ) ;
#1738 = AXIS2_PLACEMENT_3D ( 'NONE', #1826, #1555, #571 ) ;
#1739 = DATE_TIME_ROLE ( 'creation_date' ) ;
#1740 = CARTESIAN_POINT ( 'NONE',  ( 96.00000000000000000, 450.0000000000000568, 8.673617379884035472E-16 ) ) ;
#1741 = PLANE ( 'NONE',  #3106 ) ;
#1742 = DIRECTION ( 'NONE',  ( -0.0000000000000000000, -0.0000000000000000000, 1.000000000000000000 ) ) ;
#1743 = VERTEX_POINT ( 'NONE', #2221 ) ;
#1744 = FACE_BOUND ( 'NONE', #600, .T. ) ;
#1745 = DIRECTION ( 'NONE',  ( -0.0000000000000000000, -0.0000000000000000000, 1.000000000000000000 ) ) ;
#1746 = EDGE_LOOP ( 'NONE', ( #2113, #2889 ) ) ;
#1747 = EDGE_CURVE ( 'NONE', #358, #407, #1322, .T. ) ;
#1748 = ADVANCED_FACE ( 'NONE', ( #768 ), #1741, .F. ) ;
#1749 = EDGE_LOOP ( 'NONE', ( #636, #793 ) ) ;
#1750 = CIRCLE ( 'NONE', #439, 2.249999999999995115 ) ;
#1751 = AXIS2_PLACEMENT_3D ( 'NONE', #1082, #2988, #2791 ) ;
#1752 = PERSON_AND_ORGANIZATION_ROLE ( 'creator' ) ;
#1753 = CARTESIAN_POINT ( 'NONE',  ( 126.5000000000000000, 290.0000000000000000, 3.000000000000000000 ) ) ;
#1754 = CIRCLE ( 'NONE', #1444, 2.249999999999995115 ) ;
#1755 = DIRECTION ( 'NONE',  ( -0.0000000000000000000, -0.0000000000000000000, -1.000000000000000000 ) ) ;
#1756 = CARTESIAN_POINT ( 'NONE',  ( 114.7500000000000000, 357.5000000000000000, 0.0000000000000000000 ) ) ;
#1757 = CIRCLE ( 'NONE', #2922, 2.249999999999988010 ) ;
#1758 = DIRECTION ( 'NONE',  ( 0.0000000000000000000, 0.0000000000000000000, -1.000000000000000000 ) ) ;
#1759 = ORIENTED_EDGE ( 'NONE', *, *, #630, .T. ) ;
#1760 = DIRECTION ( 'NONE',  ( -0.0000000000000000000, -0.0000000000000000000, 1.000000000000000000 ) ) ;
#1761 = FACE_BOUND ( 'NONE', #685, .T. ) ;
#1762 = EDGE_LOOP ( 'NONE', ( #272, #2186 ) ) ;
#1763 = ORIENTED_EDGE ( 'NONE', *, *, #1787, .T. ) ;
#1764 = ORIENTED_EDGE ( 'NONE', *, *, #306, .T. ) ;
#1765 = ADVANCED_FACE ( 'NONE', ( #2728 ), #2715, .F. ) ;
#1766 = ORIENTED_EDGE ( 'NONE', *, *, #2725, .F. ) ;
#1767 = EDGE_CURVE ( 'NONE', #132, #1381, #262, .T. ) ;
#1768 = DIRECTION ( 'NONE',  ( 1.000000000000000000, 0.0000000000000000000, 0.0000000000000000000 ) ) ;
#1769 = ADVANCED_FACE ( 'NONE', ( #2181 ), #1270, .F. ) ;
#1770 = LINE ( 'NONE', #2700, #1533 ) ;
#1771 = DIRECTION ( 'NONE',  ( 1.000000000000000000, 0.0000000000000000000, 0.0000000000000000000 ) ) ;
#1772 = CARTESIAN_POINT ( 'NONE',  ( 5.500000000000005329, 290.0000000000000000, 3.000000000000000000 ) ) ;
#1773 = ORIENTED_EDGE ( 'NONE', *, *, #205, .T. ) ;
#1774 = CARTESIAN_POINT ( 'NONE',  ( 127.0000000000000000, 485.0000000000000000, 0.0000000000000000000 ) ) ;
#1775 = AXIS2_PLACEMENT_3D ( 'NONE', #606, #148, #2977 ) ;
#1776 = LINE ( 'NONE', #166, #1208 ) ;
#1777 = ORIENTED_EDGE ( 'NONE', *, *, #2126, .T. ) ;
#1778 = ORIENTED_EDGE ( 'NONE', *, *, #2771, .T. ) ;
#1779 = CIRCLE ( 'NONE', #808, 2.249999999999988010 ) ;
#1780 = VECTOR ( 'NONE', #2235, 1000.000000000000000 ) ;
#1781 = SHAPE_DEFINITION_REPRESENTATION ( #2354, #2467 ) ;
#1782 = DIRECTION ( 'NONE',  ( -1.000000000000000000, 0.0000000000000000000, 0.0000000000000000000 ) ) ;
#1783 = EDGE_LOOP ( 'NONE', ( #544, #409, #1348, #1529 ) ) ;
#1784 = AXIS2_PLACEMENT_3D ( 'NONE', #644, #1371, #1130 ) ;
#1785 = CIRCLE ( 'NONE', #649, 2.249999999999997780 ) ;
#1786 = DIRECTION ( 'NONE',  ( -0.0000000000000000000, -0.0000000000000000000, -1.000000000000000000 ) ) ;
#1787 = EDGE_CURVE ( 'NONE', #143, #2025, #1799, .T. ) ;
#1788 = DIRECTION ( 'NONE',  ( 1.000000000000000000, 0.0000000000000000000, 0.0000000000000000000 ) ) ;
#1789 = ORIENTED_EDGE ( 'NONE', *, *, #2819, .F. ) ;
#1790 = CARTESIAN_POINT ( 'NONE',  ( 5.500000000000005329, 130.0000000000000000, 8.673617379884035472E-16 ) ) ;
#1791 = DIRECTION ( 'NONE',  ( 1.000000000000000000, 0.0000000000000000000, 0.0000000000000000000 ) ) ;
#1792 = ORIENTED_EDGE ( 'NONE', *, *, #917, .T. ) ;
#1793 = CARTESIAN_POINT ( 'NONE',  ( 132.0000000000000000, 480.0000000000000000, 0.0000000000000000000 ) ) ;
#1794 = EDGE_LOOP ( 'NONE', ( #2776, #2891 ) ) ;
#1795 = EDGE_LOOP ( 'NONE', ( #2466, #2990 ) ) ;
#1796 = DATE_AND_TIME ( #154, #1606 ) ;
#1797 = DIRECTION ( 'NONE',  ( -0.0000000000000000000, -0.0000000000000000000, -1.000000000000000000 ) ) ;
#1798 = AXIS2_PLACEMENT_3D ( 'NONE', #2662, #489, #1146 ) ;
#1799 = CIRCLE ( 'NONE', #1437, 2.249999999999988010 ) ;
#1800 = DIRECTION ( 'NONE',  ( 1.000000000000000000, 0.0000000000000000000, 0.0000000000000000000 ) ) ;
#1801 = CIRCLE ( 'NONE', #2862, 2.249999999999988010 ) ;
#1802 = DIRECTION ( 'NONE',  ( -1.000000000000000000, 0.0000000000000000000, 0.0000000000000000000 ) ) ;
#1803 = CIRCLE ( 'NONE', #2917, 2.250000000000001776 ) ;
#1804 = ORIENTED_EDGE ( 'NONE', *, *, #1824, .F. ) ;
#1805 = CIRCLE ( 'NONE', #2408, 2.249999999999988010 ) ;
#1806 = EDGE_CURVE ( 'NONE', #1682, #1377, #781, .T. ) ;
#1807 = CARTESIAN_POINT ( 'NONE',  ( 98.25000000000000000, 450.0000000000000568, 3.000000000000000000 ) ) ;
#1808 = ADVANCED_FACE ( 'NONE', ( #564 ), #2271, .F. ) ;
#1809 = EDGE_CURVE ( 'NONE', #968, #1856, #735, .T. ) ;
#1810 = VECTOR ( 'NONE', #2314, 1000.000000000000000 ) ;
#1811 = CARTESIAN_POINT ( 'NONE',  ( 114.7500000000000000, 142.5000000000000000, -1.279755905108981194E-15 ) ) ;
#1812 = EDGE_LOOP ( 'NONE', ( #1166, #1759, #1119, #1975 ) ) ;
#1813 = DIRECTION ( 'NONE',  ( -0.0000000000000000000, -0.0000000000000000000, 1.000000000000000000 ) ) ;
#1814 = ORIENTED_EDGE ( 'NONE', *, *, #614, .F. ) ;
#1815 = ORIENTED_EDGE ( 'NONE', *, *, #1320, .F. ) ;
#1816 = DIRECTION ( 'NONE',  ( -0.0000000000000000000, -0.0000000000000000000, -1.000000000000000000 ) ) ;
#1817 = DIRECTION ( 'NONE',  ( 0.0000000000000000000, 0.0000000000000000000, -1.000000000000000000 ) ) ;
#1818 = EDGE_LOOP ( 'NONE', ( #404, #1020 ) ) ;
#1819 = CARTESIAN_POINT ( 'NONE',  ( 5.500000000000005329, 210.0000000000000284, 8.673617379884035472E-16 ) ) ;
#1820 = DIRECTION ( 'NONE',  ( -1.000000000000000000, 0.0000000000000000000, 0.0000000000000000000 ) ) ;
#1821 = ORIENTED_EDGE ( 'NONE', *, *, #1081, .F. ) ;
#1822 = ORIENTED_EDGE ( 'NONE', *, *, #1592, .F. ) ;
#1823 = CARTESIAN_POINT ( 'NONE',  ( 5.500000000000005329, 450.0000000000000000, 8.673617379884035472E-16 ) ) ;
#1824 = EDGE_CURVE ( 'NONE', #881, #423, #2026, .T. ) ;
#1825 = EDGE_CURVE ( 'NONE', #98, #25, #1699, .T. ) ;
#1826 = CARTESIAN_POINT ( 'NONE',  ( 96.00000000000000000, 450.0000000000000568, 3.000000000000000000 ) ) ;
#1827 = ORIENTED_EDGE ( 'NONE', *, *, #1522, .T. ) ;
#1828 = VERTEX_POINT ( 'NONE', #2749 ) ;
#1829 = DIRECTION ( 'NONE',  ( -0.0000000000000000000, -0.0000000000000000000, 1.000000000000000000 ) ) ;
#1830 = VECTOR ( 'NONE', #1631, 1000.000000000000000 ) ;
#1831 = CIRCLE ( 'NONE', #2075, 2.249999999999988010 ) ;
#1832 = ORIENTED_EDGE ( 'NONE', *, *, #757, .T. ) ;
#1833 = VECTOR ( 'NONE', #1404, 1000.000000000000000 ) ;
#1834 = CARTESIAN_POINT ( 'NONE',  ( 21.74999999999998579, 277.4999999999999432, 0.0000000000000000000 ) ) ;
#1835 = CARTESIAN_POINT ( 'NONE',  ( 110.2500000000000284, 142.5000000000000000, 3.000000000000000000 ) ) ;
#1836 = VERTEX_POINT ( 'NONE', #348 ) ;
#1837 = VERTEX_POINT ( 'NONE', #1297 ) ;
#1838 = CARTESIAN_POINT ( 'NONE',  ( 38.25000000000000000, 290.0000000000000568, 8.673617379884035472E-16 ) ) ;
#1839 = DIRECTION ( 'NONE',  ( 1.000000000000000000, 0.0000000000000000000, 0.0000000000000000000 ) ) ;
#1840 = ORIENTED_EDGE ( 'NONE', *, *, #2873, .T. ) ;
#1841 = ORIENTED_EDGE ( 'NONE', *, *, #2750, .F. ) ;
#1842 = EDGE_CURVE ( 'NONE', #2875, #1422, #1442, .T. ) ;
#1843 = EDGE_CURVE ( 'NONE', #2923, #371, #542, .T. ) ;
#1844 = DIRECTION ( 'NONE',  ( -1.000000000000000000, 0.0000000000000000000, 0.0000000000000000000 ) ) ;
#1845 = ADVANCED_FACE ( 'NONE', ( #130 ), #1063, .F. ) ;
#1846 = VERTEX_POINT ( 'NONE', #3002 ) ;
#1847 = AXIS2_PLACEMENT_3D ( 'NONE', #2684, #783, #1983 ) ;
#1848 = ORIENTED_EDGE ( 'NONE', *, *, #60, .F. ) ;
#1849 = DIRECTION ( 'NONE',  ( -0.0000000000000000000, -0.0000000000000000000, -1.000000000000000000 ) ) ;
#1850 = DIRECTION ( 'NONE',  ( -1.000000000000000000, 0.0000000000000000000, 0.0000000000000000000 ) ) ;
#1851 = AXIS2_PLACEMENT_3D ( 'NONE', #1122, #1109, #1873 ) ;
#1852 = ORIENTED_EDGE ( 'NONE', *, *, #1144, .F. ) ;
#1853 = CARTESIAN_POINT ( 'NONE',  ( 21.74999999999998579, 117.4999999999999432, -1.279755905108981194E-15 ) ) ;
#1854 = EDGE_LOOP ( 'NONE', ( #139, #2499 ) ) ;
#1855 = CARTESIAN_POINT ( 'NONE',  ( 124.2500000000000000, 210.0000000000000284, 3.000000000000000000 ) ) ;
#1856 = VERTEX_POINT ( 'NONE', #824 ) ;
#1857 = DIRECTION ( 'NONE',  ( -0.0000000000000000000, -0.0000000000000000000, 1.000000000000000000 ) ) ;
#1858 = DIRECTION ( 'NONE',  ( -1.000000000000000000, 0.0000000000000000000, 0.0000000000000000000 ) ) ;
#1860 = ORIENTED_EDGE ( 'NONE', *, *, #1064, .F. ) ;
#1859 = EDGE_CURVE ( 'NONE', #451, #1557, #825, .T. ) ;
#1861 = EDGE_CURVE ( 'NONE', #1059, #2351, #924, .T. ) ;
#1862 = CYLINDRICAL_SURFACE ( 'NONE', #1182, 2.249999999999995115 ) ;
#1863 = EDGE_CURVE ( 'NONE', #1343, #222, #1594, .T. ) ;
#1864 = CARTESIAN_POINT ( 'NONE',  ( 96.00000000000000000, 370.0000000000000000, 8.673617379884035472E-16 ) ) ;
#1865 = ORIENTED_EDGE ( 'NONE', *, *, #2750, .T. ) ;
#1866 = CARTESIAN_POINT ( 'NONE',  ( 96.00000000000000000, 130.0000000000000284, 8.673617379884035472E-16 ) ) ;
#1867 = ORIENTED_EDGE ( 'NONE', *, *, #2422, .T. ) ;
#1868 = ORIENTED_EDGE ( 'NONE', *, *, #2084, .F. ) ;
#1869 = CARTESIAN_POINT ( 'NONE',  ( 21.74999999999998579, 437.5000000000000000, -1.279755905108981194E-15 ) ) ;
#1870 = VERTEX_POINT ( 'NONE', #2044 ) ;
#1871 = DIRECTION ( 'NONE',  ( 1.000000000000000000, 0.0000000000000000000, 0.0000000000000000000 ) ) ;
#1872 = EDGE_LOOP ( 'NONE', ( #2682, #2615 ) ) ;
#1873 = DIRECTION ( 'NONE',  ( 1.000000000000000000, 0.0000000000000000000, 0.0000000000000000000 ) ) ;
#1874 = DIRECTION ( 'NONE',  ( 1.000000000000000000, 0.0000000000000000000, 0.0000000000000000000 ) ) ;
#1875 = ORIENTED_EDGE ( 'NONE', *, *, #1525, .T. ) ;
#1876 = CIRCLE ( 'NONE', #1305, 2.249999999999988010 ) ;
#1877 = CARTESIAN_POINT ( 'NONE',  ( 124.2500000000000000, 450.0000000000000000, 3.000000000000000000 ) ) ;
#1878 = LOCAL_TIME ( 8, 50, 48.00000000000000000, #1219 ) ;
#1879 = CIRCLE ( 'NONE', #1306, 2.249999999999996891 ) ;
#1880 = DIRECTION ( 'NONE',  ( -0.0000000000000000000, -0.0000000000000000000, 1.000000000000000000 ) ) ;
#1881 = ORIENTED_EDGE ( 'NONE', *, *, #2625, .F. ) ;
#1882 = DIRECTION ( 'NONE',  ( -1.000000000000000000, 0.0000000000000000000, 0.0000000000000000000 ) ) ;
#1883 = ADVANCED_FACE ( 'NONE', ( #1549 ), #1537, .F. ) ;
#1884 = CIRCLE ( 'NONE', #3086, 2.249999999999988010 ) ;
#1885 = EDGE_CURVE ( 'NONE', #2596, #2399, #1801, .T. ) ;
#1886 = CARTESIAN_POINT ( 'NONE',  ( 126.5000000000000000, 210.0000000000000284, 8.673617379884035472E-16 ) ) ;
#1887 = CIRCLE ( 'NONE', #527, 2.249999999999996891 ) ;
#1888 = ORIENTED_EDGE ( 'NONE', *, *, #2202, .T. ) ;
#1889 = CIRCLE ( 'NONE', #361, 2.249999999999988010 ) ;
#1890 = ORIENTED_EDGE ( 'NONE', *, *, #856, .F. ) ;
#1891 = ORIENTED_EDGE ( 'NONE', *, *, #377, .T. ) ;
#1892 = DIRECTION ( 'NONE',  ( 0.0000000000000000000, 0.0000000000000000000, -1.000000000000000000 ) ) ;
#1893 = ORIENTED_EDGE ( 'NONE', *, *, #2771, .F. ) ;
#1894 = DIRECTION ( 'NONE',  ( 0.0000000000000000000, 0.0000000000000000000, -1.000000000000000000 ) ) ;
#1895 = DIRECTION ( 'NONE',  ( -0.0000000000000000000, -0.0000000000000000000, -1.000000000000000000 ) ) ;
#1896 = ORIENTED_EDGE ( 'NONE', *, *, #632, .F. ) ;
#1897 = DIRECTION ( 'NONE',  ( 0.0000000000000000000, 0.0000000000000000000, -1.000000000000000000 ) ) ;
#1898 = EDGE_LOOP ( 'NONE', ( #518, #633, #558, #1036 ) ) ;
#1899 = CARTESIAN_POINT ( 'NONE',  ( 93.75000000000000000, 50.00000000000002842, 3.000000000000000000 ) ) ;
#1900 = CYLINDRICAL_SURFACE ( 'NONE', #1240, 2.249999999999995115 ) ;
#1901 = FACE_BOUND ( 'NONE', #2971, .T. ) ;
#1902 = EDGE_CURVE ( 'NONE', #353, #663, #2511, .T. ) ;
#1903 = EDGE_CURVE ( 'NONE', #2071, #801, #2720, .T. ) ;
#1904 = AXIS2_PLACEMENT_3D ( 'NONE', #207, #2147, #3087 ) ;
#1905 = ORIENTED_EDGE ( 'NONE', *, *, #2281, .T. ) ;
#1906 = AXIS2_PLACEMENT_3D ( 'NONE', #1532, #335, #2763 ) ;
#1907 = ORIENTED_EDGE ( 'NONE', *, *, #1824, .T. ) ;
#1908 = AXIS2_PLACEMENT_3D ( 'NONE', #1164, #1857, #709 ) ;
#1909 = DIRECTION ( 'NONE',  ( 0.0000000000000000000, 0.0000000000000000000, -1.000000000000000000 ) ) ;
#1910 = ORIENTED_EDGE ( 'NONE', *, *, #2287, .T. ) ;
#1911 = FACE_OUTER_BOUND ( 'NONE', #1616, .T. ) ;
#1912 = ORIENTED_EDGE ( 'NONE', *, *, #1571, .F. ) ;
#1913 = DIRECTION ( 'NONE',  ( -0.0000000000000000000, -0.0000000000000000000, 1.000000000000000000 ) ) ;
#1914 = CIRCLE ( 'NONE', #2555, 2.250000000000001776 ) ;
#1915 = VERTEX_POINT ( 'NONE', #592 ) ;
#1916 = CARTESIAN_POINT ( 'NONE',  ( 112.5000000000000142, 357.5000000000000000, 3.000000000000000000 ) ) ;
#1917 = VERTEX_POINT ( 'NONE', #1807 ) ;
#1918 = CARTESIAN_POINT ( 'NONE',  ( 98.25000000000000000, 130.0000000000000284, 3.000000000000000000 ) ) ;
#1919 = CARTESIAN_POINT ( 'NONE',  ( 36.00000000000000711, 450.0000000000000568, 3.000000000000000000 ) ) ;
#1920 = LINE ( 'NONE', #1189, #2991 ) ;
#1921 = CARTESIAN_POINT ( 'NONE',  ( 96.00000000000000000, 210.0000000000000284, 3.000000000000000000 ) ) ;
#1922 = CARTESIAN_POINT ( 'NONE',  ( 112.5000000000000142, 357.5000000000000000, 0.0000000000000000000 ) ) ;
#1923 = ORIENTED_EDGE ( 'NONE', *, *, #2402, .T. ) ;
#1924 = VERTEX_POINT ( 'NONE', #813 ) ;
#1925 = CARTESIAN_POINT ( 'NONE',  ( 7.750000000000001776, 130.0000000000000000, 8.673617379884035472E-16 ) ) ;
#1926 = ORIENTED_EDGE ( 'NONE', *, *, #2039, .F. ) ;
#1927 = CYLINDRICAL_SURFACE ( 'NONE', #1908, 2.250000000000001776 ) ;
#1928 = EDGE_CURVE ( 'NONE', #333, #1836, #1235, .T. ) ;
#1929 = ADVANCED_FACE ( 'NONE', ( #2274 ), #1565, .F. ) ;
#1930 = ORIENTED_EDGE ( 'NONE', *, *, #1522, .F. ) ;
#1931 = LINE ( 'NONE', #460, #971 ) ;
#1932 = ORIENTED_EDGE ( 'NONE', *, *, #2998, .T. ) ;
#1933 = DIRECTION ( 'NONE',  ( -0.0000000000000000000, -0.0000000000000000000, 1.000000000000000000 ) ) ;
#1934 = LINE ( 'NONE', #2865, #2961 ) ;
#1935 = CARTESIAN_POINT ( 'NONE',  ( 3.250000000000007105, 50.00000000000001421, 3.000000000000000000 ) ) ;
#1936 = DIRECTION ( 'NONE',  ( 1.000000000000000000, 0.0000000000000000000, 0.0000000000000000000 ) ) ;
#1937 = CIRCLE ( 'NONE', #1607, 2.249999999999997780 ) ;
#1938 = EDGE_LOOP ( 'NONE', ( #36, #125 ) ) ;
#1939 = CIRCLE ( 'NONE', #654, 2.249999999999995115 ) ;
#1940 = DIRECTION ( 'NONE',  ( -0.0000000000000000000, -0.0000000000000000000, 1.000000000000000000 ) ) ;
#1941 = CIRCLE ( 'NONE', #608, 2.250000000000001776 ) ;
#1942 = VECTOR ( 'NONE', #2792, 1000.000000000000000 ) ;
#1943 = FACE_BOUND ( 'NONE', #1290, .T. ) ;
#1944 = CARTESIAN_POINT ( 'NONE',  ( 124.2500000000000000, 290.0000000000000000, 3.000000000000000000 ) ) ;
#1945 = ORIENTED_EDGE ( 'NONE', *, *, #3069, .T. ) ;
#1946 = DIRECTION ( 'NONE',  ( -0.0000000000000000000, -0.0000000000000000000, 1.000000000000000000 ) ) ;
#1947 = EDGE_LOOP ( 'NONE', ( #2765, #2369 ) ) ;
#1948 = ADVANCED_FACE ( 'NONE', ( #1575 ), #579, .F. ) ;
#1949 = DIRECTION ( 'NONE',  ( 0.0000000000000000000, 0.0000000000000000000, 1.000000000000000000 ) ) ;
#1950 = CARTESIAN_POINT ( 'NONE',  ( 17.25000000000000711, 222.4999999999999147, 3.000000000000000000 ) ) ;
#1951 = ORIENTED_EDGE ( 'NONE', *, *, #1640, .T. ) ;
#1952 = DIRECTION ( 'NONE',  ( -1.000000000000000000, 0.0000000000000000000, 0.0000000000000000000 ) ) ;
#1953 = CARTESIAN_POINT ( 'NONE',  ( 126.5000000000000000, 50.00000000000001421, 8.673617379884035472E-16 ) ) ;
#1954 = CARTESIAN_POINT ( 'NONE',  ( 3.250000000000007550, 50.00000000000001421, 3.000000000000000000 ) ) ;
#1955 = CYLINDRICAL_SURFACE ( 'NONE', #1243, 2.249999999999988010 ) ;
#1956 = DIRECTION ( 'NONE',  ( -0.0000000000000000000, -0.0000000000000000000, -1.000000000000000000 ) ) ;
#1957 = CARTESIAN_POINT ( 'NONE',  ( 96.00000000000000000, 370.0000000000000000, 3.000000000000000000 ) ) ;
#1958 = FACE_BOUND ( 'NONE', #1310, .T. ) ;
#1959 = DIRECTION ( 'NONE',  ( -1.000000000000000000, 0.0000000000000000000, 0.0000000000000000000 ) ) ;
#1960 = VERTEX_POINT ( 'NONE', #118 ) ;
#1961 = CARTESIAN_POINT ( 'NONE',  ( 36.00000000000000711, 370.0000000000000000, 3.000000000000000000 ) ) ;
#1962 = AXIS2_PLACEMENT_3D ( 'NONE', #2292, #1339, #2317 ) ;
#1963 = ORIENTED_EDGE ( 'NONE', *, *, #1215, .T. ) ;
#1964 = AXIS2_PLACEMENT_3D ( 'NONE', #239, #3063, #1382 ) ;
#1965 = DATE_AND_TIME ( #1683, #815 ) ;
#1966 = DIRECTION ( 'NONE',  ( -1.000000000000000000, 0.0000000000000000000, 0.0000000000000000000 ) ) ;
#1967 = CIRCLE ( 'NONE', #53, 2.249999999999997780 ) ;
#1968 = EDGE_CURVE ( 'NONE', #3073, #2817, #102, .T. ) ;
#1969 = DIRECTION ( 'NONE',  ( -1.000000000000000000, 0.0000000000000000000, 0.0000000000000000000 ) ) ;
#1970 = DIRECTION ( 'NONE',  ( 1.000000000000000000, 0.0000000000000000000, 0.0000000000000000000 ) ) ;
#1971 = CARTESIAN_POINT ( 'NONE',  ( 7.750000000000002665, 450.0000000000000000, 3.000000000000000000 ) ) ;
#1972 = EDGE_CURVE ( 'NONE', #1836, #333, #974, .T. ) ;
#1973 = DIRECTION ( 'NONE',  ( -0.0000000000000000000, -0.0000000000000000000, -1.000000000000000000 ) ) ;
#1974 = EDGE_CURVE ( 'NONE', #149, #621, #1325, .T. ) ;
#1975 = ORIENTED_EDGE ( 'NONE', *, *, #1686, .F. ) ;
#1976 = CYLINDRICAL_SURFACE ( 'NONE', #898, 2.250000000000001776 ) ;
#1977 = FACE_BOUND ( 'NONE', #3076, .T. ) ;
#1978 = DIRECTION ( 'NONE',  ( -0.0000000000000000000, -0.0000000000000000000, 1.000000000000000000 ) ) ;
#1979 = DIRECTION ( 'NONE',  ( -0.0000000000000000000, -0.0000000000000000000, -1.000000000000000000 ) ) ;
#1980 = ORIENTED_EDGE ( 'NONE', *, *, #2421, .F. ) ;
#1981 = PERSON_AND_ORGANIZATION ( #2214, #3036 ) ;
#1982 = LINE ( 'NONE', #292, #1698 ) ;
#1983 = DIRECTION ( 'NONE',  ( 1.000000000000000000, 0.0000000000000000000, 0.0000000000000000000 ) ) ;
#1984 = FACE_OUTER_BOUND ( 'NONE', #2429, .T. ) ;
#1985 = DIRECTION ( 'NONE',  ( -1.000000000000000000, 0.0000000000000000000, 0.0000000000000000000 ) ) ;
#1986 = EDGE_CURVE ( 'NONE', #900, #708, #3109, .T. ) ;
#1987 = FACE_OUTER_BOUND ( 'NONE', #2855, .T. ) ;
#1988 = EDGE_CURVE ( 'NONE', #2122, #2664, #1095, .T. ) ;
#1989 = FACE_BOUND ( 'NONE', #1473, .T. ) ;
#1990 = AXIS2_PLACEMENT_3D ( 'NONE', #1204, #1755, #493 ) ;
#1991 = AXIS2_PLACEMENT_3D ( 'NONE', #2100, #1194, #1436 ) ;
#1992 = DIRECTION ( 'NONE',  ( 1.000000000000000000, 0.0000000000000000000, 0.0000000000000000000 ) ) ;
#1993 = EDGE_LOOP ( 'NONE', ( #1840, #639 ) ) ;
#1994 = EDGE_LOOP ( 'NONE', ( #2446, #260, #896, #2540 ) ) ;
#1995 = CIRCLE ( 'NONE', #2649, 2.249999999999995115 ) ;
#1996 = PERSON_AND_ORGANIZATION_ROLE ( 'design_owner' ) ;
#1997 = DIRECTION ( 'NONE',  ( -1.000000000000000000, 0.0000000000000000000, 0.0000000000000000000 ) ) ;
#1998 = DIRECTION ( 'NONE',  ( -1.000000000000000000, 0.0000000000000000000, 0.0000000000000000000 ) ) ;
#1999 = DIRECTION ( 'NONE',  ( 1.000000000000000000, 0.0000000000000000000, 0.0000000000000000000 ) ) ;
#2000 = ORIENTED_EDGE ( 'NONE', *, *, #2421, .T. ) ;
#2001 = DIRECTION ( 'NONE',  ( -1.000000000000000000, 0.0000000000000000000, 0.0000000000000000000 ) ) ;
#2002 = ADVANCED_FACE ( 'NONE', ( #2080 ), #3038, .F. ) ;
#2003 = EDGE_CURVE ( 'NONE', #143, #548, #703, .T. ) ;
#2004 = FACE_BOUND ( 'NONE', #68, .T. ) ;
#2005 = ORIENTED_EDGE ( 'NONE', *, *, #614, .T. ) ;
#2006 = ORIENTED_EDGE ( 'NONE', *, *, #2781, .F. ) ;
#2007 = VECTOR ( 'NONE', #321, 1000.000000000000000 ) ;
#2008 = ORIENTED_EDGE ( 'NONE', *, *, #1123, .F. ) ;
#2009 = ORIENTED_EDGE ( 'NONE', *, *, #549, .F. ) ;
#2010 = AXIS2_PLACEMENT_3D ( 'NONE', #1202, #189, #443 ) ;
#2011 = VECTOR ( 'NONE', #1786, 1000.000000000000000 ) ;
#2012 = CYLINDRICAL_SURFACE ( 'NONE', #2994, 5.000000000000004441 ) ;
#2013 = DIRECTION ( 'NONE',  ( -1.000000000000000000, 0.0000000000000000000, 0.0000000000000000000 ) ) ;
#2014 = AXIS2_PLACEMENT_3D ( 'NONE', #2602, #438, #2088 ) ;
#2015 = FACE_OUTER_BOUND ( 'NONE', #818, .T. ) ;
#2016 = LINE ( 'NONE', #1481, #2505 ) ;
#2017 = DIRECTION ( 'NONE',  ( -1.000000000000000000, 0.0000000000000000000, 0.0000000000000000000 ) ) ;
#2018 = ORIENTED_EDGE ( 'NONE', *, *, #2365, .F. ) ;
#2019 = CARTESIAN_POINT ( 'NONE',  ( 38.25000000000000000, 450.0000000000000568, 8.673617379884035472E-16 ) ) ;
#2020 = DIRECTION ( 'NONE',  ( -1.000000000000000000, 0.0000000000000000000, 0.0000000000000000000 ) ) ;
#2021 = EDGE_LOOP ( 'NONE', ( #2008, #1704 ) ) ;
#2022 = VERTEX_POINT ( 'NONE', #2665 ) ;
#2023 = EDGE_CURVE ( 'NONE', #1682, #920, #211, .T. ) ;
#2024 = CARTESIAN_POINT ( 'NONE',  ( 38.25000000000000000, 50.00000000000002842, 8.673617379884035472E-16 ) ) ;
#2025 = VERTEX_POINT ( 'NONE', #688 ) ;
#2026 = LINE ( 'NONE', #807, #2011 ) ;
#2027 = DIRECTION ( 'NONE',  ( 0.0000000000000000000, 0.0000000000000000000, -1.000000000000000000 ) ) ;
#2028 = ORIENTED_EDGE ( 'NONE', *, *, #2979, .F. ) ;
#2029 = DIRECTION ( 'NONE',  ( 1.000000000000000000, 0.0000000000000000000, 0.0000000000000000000 ) ) ;
#2030 = CARTESIAN_POINT ( 'NONE',  ( 21.74999999999998579, 22.49999999999990408, -1.279755905108981194E-15 ) ) ;
#2031 = EDGE_LOOP ( 'NONE', ( #3071, #1814 ) ) ;
#2032 = AXIS2_PLACEMENT_3D ( 'NONE', #2811, #1597, #2576 ) ;
#2033 = ORIENTED_EDGE ( 'NONE', *, *, #1618, .F. ) ;
#2034 = ORIENTED_EDGE ( 'NONE', *, *, #1124, .T. ) ;
#2035 = AXIS2_PLACEMENT_3D ( 'NONE', #991, #1688, #1252 ) ;
#2036 = DIRECTION ( 'NONE',  ( -0.0000000000000000000, -0.0000000000000000000, 1.000000000000000000 ) ) ;
#2037 = EDGE_CURVE ( 'NONE', #1837, #1054, #2551, .T. ) ;
#2038 = AXIS2_PLACEMENT_3D ( 'NONE', #1656, #1133, #2319 ) ;
#2039 = EDGE_CURVE ( 'NONE', #303, #1343, #188, .T. ) ;
#2040 = AXIS2_PLACEMENT_3D ( 'NONE', #1027, #2027, #2017 ) ;
#2041 = DIRECTION ( 'NONE',  ( 1.000000000000000000, 0.0000000000000000000, 0.0000000000000000000 ) ) ;
#2042 = CARTESIAN_POINT ( 'NONE',  ( 96.00000000000000000, 130.0000000000000284, 8.673617379884035472E-16 ) ) ;
#2043 = ORIENTED_EDGE ( 'NONE', *, *, #1928, .F. ) ;
#2044 = CARTESIAN_POINT ( 'NONE',  ( 110.2500000000000284, 462.4999999999999432, -1.279755905108981194E-15 ) ) ;
#2045 = CARTESIAN_POINT ( 'NONE',  ( 98.25000000000000000, 50.00000000000002842, 3.000000000000000000 ) ) ;
#2046 = ORIENTED_EDGE ( 'NONE', *, *, #774, .F. ) ;
#2047 = VERTEX_POINT ( 'NONE', #646 ) ;
#2048 = ORIENTED_EDGE ( 'NONE', *, *, #2981, .T. ) ;
#2049 = DIRECTION ( 'NONE',  ( -0.0000000000000000000, -0.0000000000000000000, 1.000000000000000000 ) ) ;
#2050 = CIRCLE ( 'NONE', #1904, 2.249999999999995115 ) ;
#2051 = CIRCLE ( 'NONE', #1639, 2.250000000000001776 ) ;
#2052 = ORIENTED_EDGE ( 'NONE', *, *, #2689, .F. ) ;
#2053 = CIRCLE ( 'NONE', #1074, 2.250000000000001776 ) ;
#2054 = CARTESIAN_POINT ( 'NONE',  ( 19.49999999999999645, 62.49999999999990052, 3.000000000000000000 ) ) ;
#2055 = ADVANCED_FACE ( 'NONE', ( #2151 ), #2094, .F. ) ;
#2056 = VECTOR ( 'NONE', #539, 1000.000000000000000 ) ;
#2057 = CARTESIAN_POINT ( 'NONE',  ( 112.5000000000000142, 142.5000000000000000, 0.0000000000000000000 ) ) ;
#2058 = CARTESIAN_POINT ( 'NONE',  ( 19.49999999999999289, 437.5000000000000000, 0.0000000000000000000 ) ) ;
#2059 = ORIENTED_EDGE ( 'NONE', *, *, #2979, .T. ) ;
#2060 = ORIENTED_EDGE ( 'NONE', *, *, #1728, .F. ) ;
#2061 = DIRECTION ( 'NONE',  ( -0.0000000000000000000, -0.0000000000000000000, 1.000000000000000000 ) ) ;
#2062 = DIRECTION ( 'NONE',  ( 1.000000000000000000, 0.0000000000000000000, 0.0000000000000000000 ) ) ;
#2063 = EDGE_LOOP ( 'NONE', ( #3025, #712, #1029, #1089 ) ) ;
#2064 = DIRECTION ( 'NONE',  ( -0.0000000000000000000, -0.0000000000000000000, 1.000000000000000000 ) ) ;
#2065 = DIRECTION ( 'NONE',  ( -0.0000000000000000000, -0.0000000000000000000, 1.000000000000000000 ) ) ;
#2066 = EDGE_CURVE ( 'NONE', #2759, #3074, #491, .T. ) ;
#2067 = ADVANCED_FACE ( 'NONE', ( #1430 ), #2590, .F. ) ;
#2068 = DIRECTION ( 'NONE',  ( -0.0000000000000000000, -0.0000000000000000000, 1.000000000000000000 ) ) ;
#2069 = ADVANCED_FACE ( 'NONE', ( #930 ), #1900, .F. ) ;
#2070 = ORIENTED_EDGE ( 'NONE', *, *, #2928, .F. ) ;
#2071 = VERTEX_POINT ( 'NONE', #2352 ) ;
#2072 = DIRECTION ( 'NONE',  ( 1.000000000000000000, 0.0000000000000000000, 0.0000000000000000000 ) ) ;
#2073 = AXIS2_PLACEMENT_3D ( 'NONE', #545, #515, #2719 ) ;
#2074 = AXIS2_PLACEMENT_3D ( 'NONE', #67, #533, #2694 ) ;
#2075 = AXIS2_PLACEMENT_3D ( 'NONE', #453, #1892, #199 ) ;
#2076 = CIRCLE ( 'NONE', #1268, 2.250000000000001776 ) ;
#2077 = CIRCLE ( 'NONE', #3034, 2.249999999999995115 ) ;
#2078 = ORIENTED_EDGE ( 'NONE', *, *, #2202, .F. ) ;
#2079 = LOCAL_TIME ( 8, 50, 48.00000000000000000, #2229 ) ;
#2080 = FACE_OUTER_BOUND ( 'NONE', #1138, .T. ) ;
#2081 = CARTESIAN_POINT ( 'NONE',  ( 19.49999999999999645, 382.4999999999999432, 0.0000000000000000000 ) ) ;
#2082 = ORIENTED_EDGE ( 'NONE', *, *, #2689, .T. ) ;
#2083 = EDGE_CURVE ( 'NONE', #83, #777, #1934, .T. ) ;
#2084 = EDGE_CURVE ( 'NONE', #2194, #215, #2722, .T. ) ;
#2085 = ORIENTED_EDGE ( 'NONE', *, *, #1471, .T. ) ;
#2086 = DIRECTION ( 'NONE',  ( 1.000000000000000000, 0.0000000000000000000, 0.0000000000000000000 ) ) ;
#2087 = ORIENTED_EDGE ( 'NONE', *, *, #2478, .T. ) ;
#2088 = DIRECTION ( 'NONE',  ( -1.000000000000000000, 0.0000000000000000000, 0.0000000000000000000 ) ) ;
#2089 = CYLINDRICAL_SURFACE ( 'NONE', #250, 2.249999999999988010 ) ;
#2090 = EDGE_CURVE ( 'NONE', #2664, #621, #1754, .T. ) ;
#2091 = ORIENTED_EDGE ( 'NONE', *, *, #2851, .T. ) ;
#2092 = UNCERTAINTY_MEASURE_WITH_UNIT (LENGTH_MEASURE( 1.000000000000000082E-05 ), #1237, 'distance_accuracy_value', 'NONE');
#2093 = ORIENTED_EDGE ( 'NONE', *, *, #2968, .F. ) ;
#2094 = CYLINDRICAL_SURFACE ( 'NONE', #2760, 2.250000000000001776 ) ;
#2095 = DIRECTION ( 'NONE',  ( -1.000000000000000000, 0.0000000000000000000, 0.0000000000000000000 ) ) ;
#2096 = FACE_BOUND ( 'NONE', #2799, .T. ) ;
#2097 = VECTOR ( 'NONE', #2974, 1000.000000000000000 ) ;
#2098 = ORIENTED_EDGE ( 'NONE', *, *, #2090, .F. ) ;
#2099 = CIRCLE ( 'NONE', #500, 2.249999999999997780 ) ;
#2100 = CARTESIAN_POINT ( 'NONE',  ( 127.0000000000000000, 480.0000000000000000, 3.000000000000000000 ) ) ;
#2101 = ORIENTED_EDGE ( 'NONE', *, *, #2872, .T. ) ;
#2102 = CARTESIAN_POINT ( 'NONE',  ( 38.25000000000000000, 130.0000000000000284, 3.000000000000000000 ) ) ;
#2103 = ORIENTED_EDGE ( 'NONE', *, *, #1468, .F. ) ;
#2104 = CYLINDRICAL_SURFACE ( 'NONE', #389, 2.249999999999995115 ) ;
#2105 = CARTESIAN_POINT ( 'NONE',  ( 128.7500000000000000, 290.0000000000000000, 3.000000000000000000 ) ) ;
#2106 = DIRECTION ( 'NONE',  ( -0.0000000000000000000, -0.0000000000000000000, 1.000000000000000000 ) ) ;
#2107 = ORIENTED_EDGE ( 'NONE', *, *, #734, .T. ) ;
#2108 = EDGE_CURVE ( 'NONE', #1150, #2273, #2051, .T. ) ;
#2109 = ADVANCED_FACE ( 'NONE', ( #2884 ), #1171, .F. ) ;
#2110 = DIRECTION ( 'NONE',  ( -1.000000000000000000, 0.0000000000000000000, 0.0000000000000000000 ) ) ;
#2111 = PLANE ( 'NONE',  #2841 ) ;
#2112 = CARTESIAN_POINT ( 'NONE',  ( 21.74999999999998579, 22.49999999999990408, 0.0000000000000000000 ) ) ;
#2113 = ORIENTED_EDGE ( 'NONE', *, *, #1806, .T. ) ;
#2114 = CARTESIAN_POINT ( 'NONE',  ( 5.500000000000005329, 130.0000000000000000, 3.000000000000000000 ) ) ;
#2115 = ORIENTED_EDGE ( 'NONE', *, *, #1292, .T. ) ;
#2116 = CARTESIAN_POINT ( 'NONE',  ( 114.7500000000000000, 142.5000000000000000, 3.000000000000000000 ) ) ;
#2117 = ORIENTED_EDGE ( 'NONE', *, *, #1644, .T. ) ;
#2118 = DIRECTION ( 'NONE',  ( -0.0000000000000000000, -0.0000000000000000000, 1.000000000000000000 ) ) ;
#2119 = ORIENTED_EDGE ( 'NONE', *, *, #74, .T. ) ;
#2120 = DIRECTION ( 'NONE',  ( 1.000000000000000000, 0.0000000000000000000, 0.0000000000000000000 ) ) ;
#2121 = DIRECTION ( 'NONE',  ( -0.0000000000000000000, -0.0000000000000000000, -1.000000000000000000 ) ) ;
#2122 = VERTEX_POINT ( 'NONE', #2374 ) ;
#2123 = PRODUCT ( 'COLD-TOWER-MAIN-COVER-v003', 'COLD-TOWER-MAIN-COVER-v003', '', ( #732 ) ) ;
#2124 = AXIS2_PLACEMENT_3D ( 'NONE', #3044, #3017, #2562 ) ;
#2125 = DIRECTION ( 'NONE',  ( 0.0000000000000000000, 0.0000000000000000000, -1.000000000000000000 ) ) ;
#2126 = EDGE_CURVE ( 'NONE', #708, #801, #2391, .T. ) ;
#2127 = AXIS2_PLACEMENT_3D ( 'NONE', #3059, #415, #882 ) ;
#2128 = DIRECTION ( 'NONE',  ( -0.0000000000000000000, -0.0000000000000000000, 1.000000000000000000 ) ) ;
#2129 = EDGE_LOOP ( 'NONE', ( #1180, #2326, #2250, #1680 ) ) ;
#2130 = LINE ( 'NONE', #1918, #471 ) ;
#2131 = CARTESIAN_POINT ( 'NONE',  ( 19.49999999999999645, 277.4999999999999432, 3.000000000000000000 ) ) ;
#2132 = CIRCLE ( 'NONE', #1675, 2.249999999999995115 ) ;
#2133 = AXIS2_PLACEMENT_3D ( 'NONE', #1246, #1956, #997 ) ;
#2134 = FACE_BOUND ( 'NONE', #469, .T. ) ;
#2135 = LINE ( 'NONE', #864, #2482 ) ;
#2136 = AXIS2_PLACEMENT_3D ( 'NONE', #10, #2222, #943 ) ;
#2137 = ORIENTED_EDGE ( 'NONE', *, *, #2966, .F. ) ;
#2138 = VECTOR ( 'NONE', #1345, 1000.000000000000000 ) ;
#2139 = ORIENTED_EDGE ( 'NONE', *, *, #204, .T. ) ;
#2140 = DIRECTION ( 'NONE',  ( -0.0000000000000000000, -0.0000000000000000000, 1.000000000000000000 ) ) ;
#2141 = DIRECTION ( 'NONE',  ( -0.0000000000000000000, -0.0000000000000000000, 1.000000000000000000 ) ) ;
#2142 = EDGE_LOOP ( 'NONE', ( #1763, #257 ) ) ;
#2143 = CARTESIAN_POINT ( 'NONE',  ( 21.74999999999998579, 277.4999999999999432, -1.279755905108981194E-15 ) ) ;
#2144 = ORIENTED_EDGE ( 'NONE', *, *, #356, .F. ) ;
#2145 = CARTESIAN_POINT ( 'NONE',  ( 93.75000000000000000, 130.0000000000000284, 8.673617379884035472E-16 ) ) ;
#2146 = ORIENTED_EDGE ( 'NONE', *, *, #1124, .F. ) ;
#2147 = DIRECTION ( 'NONE',  ( -0.0000000000000000000, -0.0000000000000000000, 1.000000000000000000 ) ) ;
#2148 = DIRECTION ( 'NONE',  ( 0.0000000000000000000, 1.000000000000000000, 0.0000000000000000000 ) ) ;
#2149 = ORIENTED_EDGE ( 'NONE', *, *, #95, .F. ) ;
#2150 = CARTESIAN_POINT ( 'NONE',  ( 126.5000000000000000, 450.0000000000000000, 3.000000000000000000 ) ) ;
#2151 = FACE_OUTER_BOUND ( 'NONE', #883, .T. ) ;
#2152 = CARTESIAN_POINT ( 'NONE',  ( 128.7500000000000000, 210.0000000000000284, 3.000000000000000000 ) ) ;
#2153 = CARTESIAN_POINT ( 'NONE',  ( 132.0000000000000000, 0.0000000000000000000, 3.000000000000000000 ) ) ;
#2154 = DIRECTION ( 'NONE',  ( -0.0000000000000000000, -0.0000000000000000000, 1.000000000000000000 ) ) ;
#2155 = ORIENTED_EDGE ( 'NONE', *, *, #1190, .T. ) ;
#2156 = ADVANCED_FACE ( 'NONE', ( #479 ), #2401, .F. ) ;
#2157 = ORIENTED_EDGE ( 'NONE', *, *, #581, .T. ) ;
#2158 = EDGE_CURVE ( 'NONE', #2472, #2347, #2167, .T. ) ;
#2159 = DIRECTION ( 'NONE',  ( -0.0000000000000000000, -0.0000000000000000000, 1.000000000000000000 ) ) ;
#2160 = ORIENTED_EDGE ( 'NONE', *, *, #1644, .F. ) ;
#2161 = DIRECTION ( 'NONE',  ( -0.0000000000000000000, -0.0000000000000000000, 1.000000000000000000 ) ) ;
#2162 = AXIS2_PLACEMENT_3D ( 'NONE', #771, #2223, #1255 ) ;
#2163 = ORIENTED_EDGE ( 'NONE', *, *, #3049, .T. ) ;
#2164 = CARTESIAN_POINT ( 'NONE',  ( 112.5000000000000142, 197.5000000000000000, 3.000000000000000000 ) ) ;
#2165 = ORIENTED_EDGE ( 'NONE', *, *, #2967, .T. ) ;
#2166 = CARTESIAN_POINT ( 'NONE',  ( 5.500000000000005329, 370.0000000000000000, 3.000000000000000000 ) ) ;
#2167 = LINE ( 'NONE', #942, #94 ) ;
#2168 = DIRECTION ( 'NONE',  ( -0.0000000000000000000, -0.0000000000000000000, 1.000000000000000000 ) ) ;
#2169 = CARTESIAN_POINT ( 'NONE',  ( 7.750000000000002665, 290.0000000000000000, 3.000000000000000000 ) ) ;
#2170 = DIRECTION ( 'NONE',  ( 1.000000000000000000, 0.0000000000000000000, 0.0000000000000000000 ) ) ;
#2171 = EDGE_CURVE ( 'NONE', #1334, #2882, #937, .T. ) ;
#2172 = EDGE_CURVE ( 'NONE', #1045, #2242, #1141, .T. ) ;
#2173 = DIRECTION ( 'NONE',  ( -0.0000000000000000000, -0.0000000000000000000, -1.000000000000000000 ) ) ;
#2174 = CARTESIAN_POINT ( 'NONE',  ( 112.5000000000000142, 302.5000000000000000, 3.000000000000000000 ) ) ;
#2175 = VERTEX_POINT ( 'NONE', #2327 ) ;
#2176 = CARTESIAN_POINT ( 'NONE',  ( 19.49999999999999645, 117.4999999999999432, 3.000000000000000000 ) ) ;
#2177 = ORIENTED_EDGE ( 'NONE', *, *, #267, .T. ) ;
#2178 = CARTESIAN_POINT ( 'NONE',  ( 5.500000000000005329, 210.0000000000000284, 3.000000000000000000 ) ) ;
#2179 = EDGE_LOOP ( 'NONE', ( #756, #555 ) ) ;
#2180 = DIRECTION ( 'NONE',  ( -0.0000000000000000000, -0.0000000000000000000, -1.000000000000000000 ) ) ;
#2181 = FACE_OUTER_BOUND ( 'NONE', #1658, .T. ) ;
#2182 = APPROVAL_PERSON_ORGANIZATION ( #2661, #308, #538 ) ;
#2183 = FACE_BOUND ( 'NONE', #96, .T. ) ;
#2184 = CIRCLE ( 'NONE', #2582, 2.250000000000001776 ) ;
#2185 = DIRECTION ( 'NONE',  ( 0.0000000000000000000, 0.0000000000000000000, -1.000000000000000000 ) ) ;
#2186 = ORIENTED_EDGE ( 'NONE', *, *, #2595, .T. ) ;
#2187 = VECTOR ( 'NONE', #2921, 1000.000000000000000 ) ;
#2188 = LINE ( 'NONE', #297, #24 ) ;
#2189 = CARTESIAN_POINT ( 'NONE',  ( 5.500000000000005329, 290.0000000000000000, 3.000000000000000000 ) ) ;
#2190 = AXIS2_PLACEMENT_3D ( 'NONE', #1626, #1895, #3065 ) ;
#2191 = FACE_BOUND ( 'NONE', #2179, .T. ) ;
#2192 = CIRCLE ( 'NONE', #29, 2.249999999999988010 ) ;
#2193 = CARTESIAN_POINT ( 'NONE',  ( 5.500000000000005329, 210.0000000000000284, 8.673617379884035472E-16 ) ) ;
#2194 = VERTEX_POINT ( 'NONE', #4 ) ;
#2195 = DIRECTION ( 'NONE',  ( -0.0000000000000000000, -0.0000000000000000000, 1.000000000000000000 ) ) ;
#2196 = ADVANCED_FACE ( 'NONE', ( #923 ), #2104, .F. ) ;
#2197 = APPROVAL_PERSON_ORGANIZATION ( #551, #1175, #972 ) ;
#2198 = EDGE_CURVE ( 'NONE', #1846, #1687, #786, .T. ) ;
#2199 = ORIENTED_EDGE ( 'NONE', *, *, #1861, .F. ) ;
#2200 = ADVANCED_FACE ( 'NONE', ( #1366 ), #1927, .F. ) ;
#2201 = CALENDAR_DATE ( 2019, 18, 9 ) ;
#2202 = EDGE_CURVE ( 'NONE', #1161, #690, #659, .T. ) ;
#2203 = LINE ( 'NONE', #2925, #2964 ) ;
#2204 = CARTESIAN_POINT ( 'NONE',  ( 17.25000000000000711, 22.49999999999990408, -1.279755905108981194E-15 ) ) ;
#2205 = DIRECTION ( 'NONE',  ( -0.0000000000000000000, -0.0000000000000000000, 1.000000000000000000 ) ) ;
#2206 = DIRECTION ( 'NONE',  ( 1.000000000000000000, 0.0000000000000000000, 0.0000000000000000000 ) ) ;
#2207 = DIRECTION ( 'NONE',  ( -1.000000000000000000, 0.0000000000000000000, 0.0000000000000000000 ) ) ;
#2208 = ORIENTED_EDGE ( 'NONE', *, *, #456, .T. ) ;
#2209 = DIRECTION ( 'NONE',  ( 1.000000000000000000, 0.0000000000000000000, 0.0000000000000000000 ) ) ;
#2210 = FACE_BOUND ( 'NONE', #1795, .T. ) ;
#2211 = AXIS2_PLACEMENT_3D ( 'NONE', #2054, #1299, #2777 ) ;
#2212 = DIRECTION ( 'NONE',  ( 0.0000000000000000000, 1.000000000000000000, 0.0000000000000000000 ) ) ;
#2213 = DIRECTION ( 'NONE',  ( -0.0000000000000000000, -0.0000000000000000000, 1.000000000000000000 ) ) ;
#2214 = PERSON ( 'UNSPECIFIED', 'UNSPECIFIED', 'UNSPECIFIED', ('UNSPECIFIED'), ('UNSPECIFIED'), ('UNSPECIFIED') ) ;
#2215 = ORIENTED_EDGE ( 'NONE', *, *, #40, .F. ) ;
#2216 = CARTESIAN_POINT ( 'NONE',  ( 33.75000000000000711, 290.0000000000000568, 8.673617379884035472E-16 ) ) ;
#2217 = AXIS2_PLACEMENT_3D ( 'NONE', #2465, #311, #1011 ) ;
#2218 = ADVANCED_FACE ( 'NONE', ( #455 ), #2364, .F. ) ;
#2219 = EDGE_CURVE ( 'NONE', #2347, #1924, #2396, .T. ) ;
#2220 = EDGE_CURVE ( 'NONE', #2268, #316, #1701, .T. ) ;
#2221 = CARTESIAN_POINT ( 'NONE',  ( 98.25000000000000000, 130.0000000000000284, 3.000000000000000000 ) ) ;
#2222 = DIRECTION ( 'NONE',  ( 0.0000000000000000000, 0.0000000000000000000, -1.000000000000000000 ) ) ;
#2223 = DIRECTION ( 'NONE',  ( -0.0000000000000000000, -0.0000000000000000000, -1.000000000000000000 ) ) ;
#2224 = FACE_OUTER_BOUND ( 'NONE', #642, .T. ) ;
#2225 = DIRECTION ( 'NONE',  ( -1.000000000000000000, 0.0000000000000000000, 0.0000000000000000000 ) ) ;
#2226 = ORIENTED_EDGE ( 'NONE', *, *, #1972, .F. ) ;
#2227 = DIRECTION ( 'NONE',  ( 0.0000000000000000000, 0.0000000000000000000, -1.000000000000000000 ) ) ;
#2228 = ORIENTED_EDGE ( 'NONE', *, *, #822, .F. ) ;
#2229 = COORDINATED_UNIVERSAL_TIME_OFFSET ( 8, 0, .BEHIND. ) ;
#2230 = DIRECTION ( 'NONE',  ( -0.0000000000000000000, -0.0000000000000000000, 1.000000000000000000 ) ) ;
#2231 = CARTESIAN_POINT ( 'NONE',  ( 124.2500000000000000, 50.00000000000001421, 8.673617379884035472E-16 ) ) ;
#2232 = ADVANCED_FACE ( 'NONE', ( #2815 ), #2566, .F. ) ;
#2233 = DIRECTION ( 'NONE',  ( -0.0000000000000000000, -0.0000000000000000000, -1.000000000000000000 ) ) ;
#2234 = VERTEX_POINT ( 'NONE', #2580 ) ;
#2235 = DIRECTION ( 'NONE',  ( -1.000000000000000000, -0.0000000000000000000, -0.0000000000000000000 ) ) ;
#2236 = CARTESIAN_POINT ( 'NONE',  ( 17.25000000000000000, 477.4999999999999432, -1.279755905108981194E-15 ) ) ;
#2237 = AXIS2_PLACEMENT_3D ( 'NONE', #1073, #3016, #2295 ) ;
#2238 = DIRECTION ( 'NONE',  ( -0.0000000000000000000, -0.0000000000000000000, 1.000000000000000000 ) ) ;
#2239 = ORIENTED_EDGE ( 'NONE', *, *, #2266, .T. ) ;
#2240 = VECTOR ( 'NONE', #2159, 1000.000000000000000 ) ;
#2241 = EDGE_LOOP ( 'NONE', ( #1556, #785 ) ) ;
#2242 = VERTEX_POINT ( 'NONE', #1423 ) ;
#2243 = DIRECTION ( 'NONE',  ( 1.000000000000000000, 0.0000000000000000000, 0.0000000000000000000 ) ) ;
#2244 = CYLINDRICAL_SURFACE ( 'NONE', #2035, 2.250000000000001776 ) ;
#2245 = DIRECTION ( 'NONE',  ( -0.0000000000000000000, -0.0000000000000000000, 1.000000000000000000 ) ) ;
#2246 = CYLINDRICAL_SURFACE ( 'NONE', #2277, 2.249999999999988010 ) ;
#2247 = VERTEX_POINT ( 'NONE', #170 ) ;
#2248 = DIRECTION ( 'NONE',  ( -0.0000000000000000000, -0.0000000000000000000, 1.000000000000000000 ) ) ;
#2249 = EDGE_CURVE ( 'NONE', #105, #1405, #49, .T. ) ;
#2250 = ORIENTED_EDGE ( 'NONE', *, *, #60, .T. ) ;
#2251 = ORIENTED_EDGE ( 'NONE', *, *, #95, .T. ) ;
#2252 = ORIENTED_EDGE ( 'NONE', *, *, #550, .T. ) ;
#2253 = CIRCLE ( 'NONE', #866, 2.249999999999988010 ) ;
#2254 = AXIS2_PLACEMENT_3D ( 'NONE', #3054, #669, #176 ) ;
#2255 = CARTESIAN_POINT ( 'NONE',  ( 124.2500000000000000, 450.0000000000000000, 3.000000000000000000 ) ) ;
#2256 = ORIENTED_EDGE ( 'NONE', *, *, #632, .T. ) ;
#2257 = CIRCLE ( 'NONE', #742, 2.249999999999988010 ) ;
#2258 = DIRECTION ( 'NONE',  ( -0.0000000000000000000, -0.0000000000000000000, 1.000000000000000000 ) ) ;
#2259 = FACE_OUTER_BOUND ( 'NONE', #1192, .T. ) ;
#2260 = ORIENTED_EDGE ( 'NONE', *, *, #2755, .T. ) ;
#2261 = DIRECTION ( 'NONE',  ( -0.0000000000000000000, -0.0000000000000000000, 1.000000000000000000 ) ) ;
#2262 = DIRECTION ( 'NONE',  ( 0.0000000000000000000, 0.0000000000000000000, -1.000000000000000000 ) ) ;
#2263 = ORIENTED_EDGE ( 'NONE', *, *, #698, .F. ) ;
#2264 = ORIENTED_EDGE ( 'NONE', *, *, #1406, .T. ) ;
#2265 = EDGE_CURVE ( 'NONE', #138, #2486, #903, .T. ) ;
#2266 = EDGE_CURVE ( 'NONE', #2711, #1047, #584, .T. ) ;
#2267 = EDGE_CURVE ( 'NONE', #839, #617, #625, .T. ) ;
#2268 = VERTEX_POINT ( 'NONE', #680 ) ;
#2269 = ORIENTED_EDGE ( 'NONE', *, *, #2003, .F. ) ;
#2270 = CARTESIAN_POINT ( 'NONE',  ( 126.5000000000000000, 450.0000000000000000, 3.000000000000000000 ) ) ;
#2271 = CYLINDRICAL_SURFACE ( 'NONE', #1906, 2.249999999999996891 ) ;
#2272 = CARTESIAN_POINT ( 'NONE',  ( 126.5000000000000000, 290.0000000000000000, 3.000000000000000000 ) ) ;
#2273 = VERTEX_POINT ( 'NONE', #2145 ) ;
#2274 = FACE_OUTER_BOUND ( 'NONE', #870, .T. ) ;
#2275 = DIRECTION ( 'NONE',  ( -1.000000000000000000, 0.0000000000000000000, 0.0000000000000000000 ) ) ;
#2276 = CYLINDRICAL_SURFACE ( 'NONE', #604, 2.249999999999996891 ) ;
#2277 = AXIS2_PLACEMENT_3D ( 'NONE', #1523, #1041, #2738 ) ;
#2278 = CIRCLE ( 'NONE', #1210, 2.249999999999991562 ) ;
#2279 = CARTESIAN_POINT ( 'NONE',  ( 110.2500000000000284, 462.4999999999999432, 0.0000000000000000000 ) ) ;
#2280 = EDGE_LOOP ( 'NONE', ( #1280, #3042, #2805, #2269 ) ) ;
#2281 = EDGE_CURVE ( 'NONE', #1343, #303, #1805, .T. ) ;
#2282 = ORIENTED_EDGE ( 'NONE', *, *, #1843, .T. ) ;
#2283 = AXIS2_PLACEMENT_3D ( 'NONE', #1823, #610, #1187 ) ;
#2284 = DIRECTION ( 'NONE',  ( 1.000000000000000000, 0.0000000000000000000, 0.0000000000000000000 ) ) ;
#2285 = VECTOR ( 'NONE', #2912, 1000.000000000000000 ) ;
#2286 = AXIS2_PLACEMENT_3D ( 'NONE', #1562, #349, #2304 ) ;
#2287 = EDGE_CURVE ( 'NONE', #344, #2711, #2623, .T. ) ;
#2288 = EDGE_CURVE ( 'NONE', #2486, #2936, #2762, .T. ) ;
#2289 = DIRECTION ( 'NONE',  ( 0.0000000000000000000, 0.0000000000000000000, -1.000000000000000000 ) ) ;
#2290 = SECURITY_CLASSIFICATION ( '', '', #2473 ) ;
#2291 = ORIENTED_EDGE ( 'NONE', *, *, #2625, .T. ) ;
#2292 = CARTESIAN_POINT ( 'NONE',  ( 5.500000000000005329, 130.0000000000000000, 8.673617379884035472E-16 ) ) ;
#2293 = DIRECTION ( 'NONE',  ( 0.0000000000000000000, 0.0000000000000000000, -1.000000000000000000 ) ) ;
#2294 = ORIENTED_EDGE ( 'NONE', *, *, #1809, .F. ) ;
#2295 = DIRECTION ( 'NONE',  ( 1.000000000000000000, 0.0000000000000000000, 0.0000000000000000000 ) ) ;
#2296 = ORIENTED_EDGE ( 'NONE', *, *, #2037, .T. ) ;
#2297 = ORIENTED_EDGE ( 'NONE', *, *, #266, .F. ) ;
#2298 = CARTESIAN_POINT ( 'NONE',  ( 96.00000000000000000, 210.0000000000000284, 8.673617379884035472E-16 ) ) ;
#2299 = VECTOR ( 'NONE', #2737, 1000.000000000000000 ) ;
#2300 = DIRECTION ( 'NONE',  ( 0.0000000000000000000, 0.0000000000000000000, -1.000000000000000000 ) ) ;
#2301 = EDGE_CURVE ( 'NONE', #1405, #105, #1383, .T. ) ;
#2302 = EDGE_CURVE ( 'NONE', #1598, #2596, #2443, .T. ) ;
#2303 = CC_DESIGN_DATE_AND_TIME_ASSIGNMENT ( #258, #1739, ( #536 ) ) ;
#2304 = DIRECTION ( 'NONE',  ( 1.000000000000000000, 0.0000000000000000000, 0.0000000000000000000 ) ) ;
#2305 = EDGE_LOOP ( 'NONE', ( #81, #2963 ) ) ;
#2306 = AXIS2_PLACEMENT_3D ( 'NONE', #2816, #906, #887 ) ;
#2307 = CARTESIAN_POINT ( 'NONE',  ( 38.25000000000000000, 450.0000000000000568, 3.000000000000000000 ) ) ;
#2308 = CYLINDRICAL_SURFACE ( 'NONE', #1775, 2.250000000000001776 ) ;
#2309 = ORIENTED_EDGE ( 'NONE', *, *, #204, .F. ) ;
#2310 = LINE ( 'NONE', #245, #2331 ) ;
#2311 = EDGE_LOOP ( 'NONE', ( #175, #2228 ) ) ;
#2312 = ORIENTED_EDGE ( 'NONE', *, *, #2288, .F. ) ;
#2313 = APPROVAL_STATUS ( 'not_yet_approved' ) ;
#2314 = DIRECTION ( 'NONE',  ( -0.0000000000000000000, -0.0000000000000000000, 1.000000000000000000 ) ) ;
#2315 = ORIENTED_EDGE ( 'NONE', *, *, #795, .F. ) ;
#2316 = EDGE_CURVE ( 'NONE', #1837, #2489, #37, .T. ) ;
#2317 = DIRECTION ( 'NONE',  ( 1.000000000000000000, 0.0000000000000000000, 0.0000000000000000000 ) ) ;
#2318 = EDGE_CURVE ( 'NONE', #461, #2234, #1939, .T. ) ;
#2319 = DIRECTION ( 'NONE',  ( 0.0000000000000000000, 0.0000000000000000000, 1.000000000000000000 ) ) ;
#2320 = FACE_BOUND ( 'NONE', #1397, .T. ) ;
#2321 = EDGE_LOOP ( 'NONE', ( #841, #2199, #1465, #2119 ) ) ;
#2322 = EDGE_LOOP ( 'NONE', ( #2906, #2165 ) ) ;
#2323 = CC_DESIGN_PERSON_AND_ORGANIZATION_ASSIGNMENT ( #1981, #1718, ( #2444 ) ) ;
#2324 = ORIENTED_EDGE ( 'NONE', *, *, #717, .F. ) ;
#2325 = DIRECTION ( 'NONE',  ( 0.0000000000000000000, 0.0000000000000000000, -1.000000000000000000 ) ) ;
#2326 = ORIENTED_EDGE ( 'NONE', *, *, #2534, .T. ) ;
#2327 = CARTESIAN_POINT ( 'NONE',  ( 33.75000000000000711, 290.0000000000000568, 3.000000000000000000 ) ) ;
#2328 = FACE_OUTER_BOUND ( 'NONE', #1609, .T. ) ;
#2329 = AXIS2_PLACEMENT_3D ( 'NONE', #90, #2262, #120 ) ;
#2330 = ORIENTED_EDGE ( 'NONE', *, *, #2950, .F. ) ;
#2331 = VECTOR ( 'NONE', #929, 1000.000000000000000 ) ;
#2332 = CIRCLE ( 'NONE', #849, 2.249999999999988010 ) ;
#2333 = CARTESIAN_POINT ( 'NONE',  ( 96.00000000000000000, 370.0000000000000000, 3.000000000000000000 ) ) ;
#2334 = CIRCLE ( 'NONE', #956, 2.249999999999997780 ) ;
#2335 = AXIS2_PLACEMENT_3D ( 'NONE', #832, #1817, #1508 ) ;
#2336 = ORIENTED_EDGE ( 'NONE', *, *, #1213, .F. ) ;
#2337 = DIRECTION ( 'NONE',  ( 0.0000000000000000000, 0.0000000000000000000, -1.000000000000000000 ) ) ;
#2338 = FACE_BOUND ( 'NONE', #1818, .T. ) ;
#2339 = ORIENTED_EDGE ( 'NONE', *, *, #3116, .T. ) ;
#2340 = EDGE_CURVE ( 'NONE', #2047, #2472, #289, .T. ) ;
#2341 = EDGE_LOOP ( 'NONE', ( #2568, #2177, #264, #2343 ) ) ;
#2342 = CARTESIAN_POINT ( 'NONE',  ( 128.7500000000000000, 210.0000000000000284, 8.673617379884035472E-16 ) ) ;
#2343 = ORIENTED_EDGE ( 'NONE', *, *, #2403, .F. ) ;
#2344 = DIRECTION ( 'NONE',  ( -0.0000000000000000000, -0.0000000000000000000, -1.000000000000000000 ) ) ;
#2345 = CARTESIAN_POINT ( 'NONE',  ( 114.7500000000000000, 302.5000000000000000, -1.279755905108981194E-15 ) ) ;
#2346 = CARTESIAN_POINT ( 'NONE',  ( 21.74999999999998579, 477.4999999999999432, -1.279755905108981194E-15 ) ) ;
#2347 = VERTEX_POINT ( 'NONE', #2412 ) ;
#2348 = DIRECTION ( 'NONE',  ( 1.000000000000000000, 0.0000000000000000000, 0.0000000000000000000 ) ) ;
#2349 = CIRCLE ( 'NONE', #142, 2.250000000000001776 ) ;
#2350 = LINE ( 'NONE', #2112, #420 ) ;
#2351 = VERTEX_POINT ( 'NONE', #256 ) ;
#2352 = CARTESIAN_POINT ( 'NONE',  ( 110.2500000000000284, 142.5000000000000000, -1.279755905108981194E-15 ) ) ;
#2353 = FACE_OUTER_BOUND ( 'NONE', #2896, .T. ) ;
#2354 = PRODUCT_DEFINITION_SHAPE ( 'NONE', 'NONE',  #536 ) ;
#2355 = FACE_BOUND ( 'NONE', #1067, .T. ) ;
#2356 = DIRECTION ( 'NONE',  ( 1.000000000000000000, 0.0000000000000000000, 0.0000000000000000000 ) ) ;
#2357 = AXIS2_PLACEMENT_3D ( 'NONE', #201, #1894, #2858 ) ;
#2358 = EDGE_LOOP ( 'NONE', ( #2635, #38 ) ) ;
#2359 = ORIENTED_EDGE ( 'NONE', *, *, #1215, .F. ) ;
#2360 = CIRCLE ( 'NONE', #981, 2.250000000000001776 ) ;
#2361 = VERTEX_POINT ( 'NONE', #504 ) ;
#2362 = CARTESIAN_POINT ( 'NONE',  ( 19.49999999999999289, 477.4999999999999432, 0.0000000000000000000 ) ) ;
#2363 = ORIENTED_EDGE ( 'NONE', *, *, #2158, .T. ) ;
#2364 = CYLINDRICAL_SURFACE ( 'NONE', #2614, 2.249999999999991562 ) ;
#2365 = EDGE_CURVE ( 'NONE', #1541, #881, #1156, .T. ) ;
#2366 = EDGE_CURVE ( 'NONE', #3074, #2759, #2527, .T. ) ;
#2367 = CARTESIAN_POINT ( 'NONE',  ( 33.75000000000000711, 130.0000000000000284, 8.673617379884035472E-16 ) ) ;
#2368 = CARTESIAN_POINT ( 'NONE',  ( 93.75000000000000000, 50.00000000000002842, 3.000000000000000000 ) ) ;
#2369 = ORIENTED_EDGE ( 'NONE', *, *, #1015, .F. ) ;
#2370 = DIRECTION ( 'NONE',  ( 1.000000000000000000, 0.0000000000000000000, 0.0000000000000000000 ) ) ;
#2371 = DIRECTION ( 'NONE',  ( 1.000000000000000000, 0.0000000000000000000, 0.0000000000000000000 ) ) ;
#2372 = VERTEX_POINT ( 'NONE', #1488 ) ;
#2373 = DIRECTION ( 'NONE',  ( -0.0000000000000000000, -0.0000000000000000000, -1.000000000000000000 ) ) ;
#2374 = CARTESIAN_POINT ( 'NONE',  ( 33.75000000000000711, 450.0000000000000568, 8.673617379884035472E-16 ) ) ;
#2375 = CARTESIAN_POINT ( 'NONE',  ( 0.0000000000000000000, 0.0000000000000000000, 3.000000000000000000 ) ) ;
#2376 = ORIENTED_EDGE ( 'NONE', *, *, #698, .T. ) ;
#2377 = DIRECTION ( 'NONE',  ( -0.0000000000000000000, -0.0000000000000000000, -1.000000000000000000 ) ) ;
#2378 = EDGE_LOOP ( 'NONE', ( #2953, #674, #2795, #1301 ) ) ;
#2379 = DIRECTION ( 'NONE',  ( -0.0000000000000000000, -0.0000000000000000000, 1.000000000000000000 ) ) ;
#2380 = ORIENTED_EDGE ( 'NONE', *, *, #952, .F. ) ;
#2381 = DIRECTION ( 'NONE',  ( -0.0000000000000000000, -0.0000000000000000000, -1.000000000000000000 ) ) ;
#2382 = EDGE_LOOP ( 'NONE', ( #2810, #2510 ) ) ;
#2383 = CIRCLE ( 'NONE', #2985, 2.250000000000001776 ) ;
#2384 = FACE_OUTER_BOUND ( 'NONE', #2729, .T. ) ;
#2385 = DIRECTION ( 'NONE',  ( 1.000000000000000000, 0.0000000000000000000, 0.0000000000000000000 ) ) ;
#2386 = AXIS2_PLACEMENT_3D ( 'NONE', #1697, #1474, #1733 ) ;
#2387 = ADVANCED_FACE ( 'NONE', ( #270 ), #1211, .F. ) ;
#2388 = ADVANCED_FACE ( 'NONE', ( #2457 ), #969, .F. ) ;
#2389 = EDGE_LOOP ( 'NONE', ( #940, #2812 ) ) ;
#2390 = DIRECTION ( 'NONE',  ( -0.0000000000000000000, -0.0000000000000000000, 1.000000000000000000 ) ) ;
#2391 = LINE ( 'NONE', #230, #342 ) ;
#2392 = CARTESIAN_POINT ( 'NONE',  ( 33.75000000000000711, 450.0000000000000568, 3.000000000000000000 ) ) ;
#2393 = AXIS2_PLACEMENT_3D ( 'NONE', #323, #1271, #86 ) ;
#2394 = CARTESIAN_POINT ( 'NONE',  ( 33.75000000000000711, 210.0000000000000284, 3.000000000000000000 ) ) ;
#2395 = ORIENTED_EDGE ( 'NONE', *, *, #1685, .F. ) ;
#2396 = LINE ( 'NONE', #470, #2965 ) ;
#2397 = ORIENTED_EDGE ( 'NONE', *, *, #2754, .F. ) ;
#2398 = CARTESIAN_POINT ( 'NONE',  ( 114.7500000000000000, 462.4999999999999432, -1.279755905108981194E-15 ) ) ;
#2399 = VERTEX_POINT ( 'NONE', #519 ) ;
#2400 = DIRECTION ( 'NONE',  ( -0.0000000000000000000, -0.0000000000000000000, -1.000000000000000000 ) ) ;
#2401 = CYLINDRICAL_SURFACE ( 'NONE', #3113, 2.249999999999995115 ) ;
#2402 = EDGE_CURVE ( 'NONE', #54, #3073, #278, .T. ) ;
#2403 = EDGE_CURVE ( 'NONE', #2875, #2268, #1231, .T. ) ;
#2404 = DIRECTION ( 'NONE',  ( -0.0000000000000000000, -0.0000000000000000000, 1.000000000000000000 ) ) ;
#2405 = FACE_OUTER_BOUND ( 'NONE', #1994, .T. ) ;
#2406 = ORIENTED_EDGE ( 'NONE', *, *, #414, .F. ) ;
#2407 = CARTESIAN_POINT ( 'NONE',  ( 124.2500000000000000, 290.0000000000000000, 8.673617379884035472E-16 ) ) ;
#2408 = AXIS2_PLACEMENT_3D ( 'NONE', #871, #1647, #3104 ) ;
#2409 = CARTESIAN_POINT ( 'NONE',  ( 110.2500000000000284, 37.49999999999998579, 0.0000000000000000000 ) ) ;
#2410 = DIRECTION ( 'NONE',  ( -0.0000000000000000000, -0.0000000000000000000, 1.000000000000000000 ) ) ;
#2411 = VERTEX_POINT ( 'NONE', #2935 ) ;
#2412 = CARTESIAN_POINT ( 'NONE',  ( 0.0000000000000000000, 0.0000000000000000000, 0.0000000000000000000 ) ) ;
#2413 = CIRCLE ( 'NONE', #2608, 2.249999999999991562 ) ;
#2414 = VERTEX_POINT ( 'NONE', #761 ) ;
#2415 = PERSON_AND_ORGANIZATION ( #2214, #3036 ) ;
#2416 = CARTESIAN_POINT ( 'NONE',  ( 127.0000000000000000, 485.0000000000000000, 3.000000000000000000 ) ) ;
#2417 = VERTEX_POINT ( 'NONE', #2710 ) ;
#2418 = FACE_OUTER_BOUND ( 'NONE', #830, .T. ) ;
#2419 = CARTESIAN_POINT ( 'NONE',  ( 112.5000000000000142, 357.5000000000000000, 0.0000000000000000000 ) ) ;
#2420 = FACE_BOUND ( 'NONE', #1411, .T. ) ;
#2421 = EDGE_CURVE ( 'NONE', #2560, #791, #710, .T. ) ;
#2422 = EDGE_CURVE ( 'NONE', #132, #1372, #1779, .T. ) ;
#2423 = DIRECTION ( 'NONE',  ( -0.0000000000000000000, -0.0000000000000000000, -1.000000000000000000 ) ) ;
#2424 = FACE_BOUND ( 'NONE', #2978, .T. ) ;
#2425 = EDGE_CURVE ( 'NONE', #423, #731, #1212, .T. ) ;
#2426 = ADVANCED_FACE ( 'NONE', ( #2418 ), #2244, .F. ) ;
#2427 = EDGE_LOOP ( 'NONE', ( #2052, #1593 ) ) ;
#2428 = CARTESIAN_POINT ( 'NONE',  ( 5.500000000000005329, 50.00000000000001421, 3.000000000000000000 ) ) ;
#2429 = EDGE_LOOP ( 'NONE', ( #748, #1792, #1669, #2033 ) ) ;
#2430 = DIRECTION ( 'NONE',  ( 1.000000000000000000, 0.0000000000000000000, 0.0000000000000000000 ) ) ;
#2431 = CARTESIAN_POINT ( 'NONE',  ( 98.25000000000000000, 210.0000000000000284, 3.000000000000000000 ) ) ;
#2432 = CIRCLE ( 'NONE', #421, 2.249999999999997780 ) ;
#2433 = ORIENTED_EDGE ( 'NONE', *, *, #739, .T. ) ;
#2434 = CARTESIAN_POINT ( 'NONE',  ( 126.5000000000000000, 210.0000000000000284, 3.000000000000000000 ) ) ;
#2435 = DIRECTION ( 'NONE',  ( -1.000000000000000000, 0.0000000000000000000, 0.0000000000000000000 ) ) ;
#2436 = APPROVAL_PERSON_ORGANIZATION ( #1061, #233, #2491 ) ;
#2437 = CARTESIAN_POINT ( 'NONE',  ( 96.00000000000000000, 210.0000000000000284, 3.000000000000000000 ) ) ;
#2438 = LINE ( 'NONE', #1451, #2533 ) ;
#2439 = CIRCLE ( 'NONE', #165, 2.249999999999991562 ) ;
#2440 = VECTOR ( 'NONE', #408, 1000.000000000000000 ) ;
#2441 = FACE_OUTER_BOUND ( 'NONE', #122, .T. ) ;
#2442 = VECTOR ( 'NONE', #2212, 1000.000000000000000 ) ;
#2443 = LINE ( 'NONE', #1440, #1517 ) ;
#2444 = PRODUCT_DEFINITION_FORMATION_WITH_SPECIFIED_SOURCE ( 'ANY', '', #2123, .NOT_KNOWN. ) ;
#2445 = ADVANCED_FACE ( 'NONE', ( #309 ), #2910, .F. ) ;
#2446 = ORIENTED_EDGE ( 'NONE', *, *, #2281, .F. ) ;
#2447 = DIRECTION ( 'NONE',  ( 0.0000000000000000000, 0.0000000000000000000, -1.000000000000000000 ) ) ;
#2448 = DIRECTION ( 'NONE',  ( -1.000000000000000000, 0.0000000000000000000, 0.0000000000000000000 ) ) ;
#2449 = CARTESIAN_POINT ( 'NONE',  ( 19.49999999999999645, 382.4999999999999432, 3.000000000000000000 ) ) ;
#2450 = CARTESIAN_POINT ( 'NONE',  ( 36.00000000000000711, 450.0000000000000568, 3.000000000000000000 ) ) ;
#2451 = CARTESIAN_POINT ( 'NONE',  ( 21.74999999999998579, 477.4999999999999432, 0.0000000000000000000 ) ) ;
#2452 = CARTESIAN_POINT ( 'NONE',  ( 112.5000000000000142, 197.5000000000000000, -1.279755905108981194E-15 ) ) ;
#2453 = FACE_BOUND ( 'NONE', #430, .T. ) ;
#2454 = AXIS2_PLACEMENT_3D ( 'NONE', #1284, #2493, #590 ) ;
#2455 = CARTESIAN_POINT ( 'NONE',  ( 112.5000000000000142, 302.5000000000000000, -1.279755905108981194E-15 ) ) ;
#2456 = EDGE_LOOP ( 'NONE', ( #1230, #1226, #2575, #2976 ) ) ;
#2457 = FACE_OUTER_BOUND ( 'NONE', #2629, .T. ) ;
#2458 = CIRCLE ( 'NONE', #2502, 2.249999999999988010 ) ;
#2459 = ORIENTED_EDGE ( 'NONE', *, *, #2083, .F. ) ;
#2460 = AXIS2_PLACEMENT_3D ( 'NONE', #859, #1336, #1782 ) ;
#2461 = ADVANCED_FACE ( 'NONE', ( #2940 ), #540, .F. ) ;
#2462 = ADVANCED_FACE ( 'NONE', ( #2015 ), #2926, .F. ) ;
#2463 = DIRECTION ( 'NONE',  ( -0.0000000000000000000, -0.0000000000000000000, 1.000000000000000000 ) ) ;
#2464 = CARTESIAN_POINT ( 'NONE',  ( 0.0000000000000000000, 485.0000000000000000, 3.000000000000000000 ) ) ;
#2465 = CARTESIAN_POINT ( 'NONE',  ( 36.00000000000000711, 130.0000000000000284, 8.673617379884035472E-16 ) ) ;
#2466 = ORIENTED_EDGE ( 'NONE', *, *, #1190, .F. ) ;
#2467 = ADVANCED_BREP_SHAPE_REPRESENTATION ( 'COLD-TOWER-MAIN-COVER-v003', ( #431, #424 ), #330 ) ;
#2468 = DIRECTION ( 'NONE',  ( -1.000000000000000000, 0.0000000000000000000, 0.0000000000000000000 ) ) ;
#2469 = DIRECTION ( 'NONE',  ( -0.0000000000000000000, -0.0000000000000000000, 1.000000000000000000 ) ) ;
#2470 = CARTESIAN_POINT ( 'NONE',  ( 5.500000000000005329, 370.0000000000000000, 3.000000000000000000 ) ) ;
#2471 = ORIENTED_EDGE ( 'NONE', *, *, #205, .F. ) ;
#2472 = VERTEX_POINT ( 'NONE', #1720 ) ;
#2473 = SECURITY_CLASSIFICATION_LEVEL ( 'unclassified' ) ;
#2474 = FACE_OUTER_BOUND ( 'NONE', #1651, .T. ) ;
#2475 = CARTESIAN_POINT ( 'NONE',  ( 114.7500000000000000, 462.4999999999999432, 0.0000000000000000000 ) ) ;
#2476 = CARTESIAN_POINT ( 'NONE',  ( 96.00000000000000000, 50.00000000000002842, 8.673617379884035472E-16 ) ) ;
#2477 = EDGE_CURVE ( 'NONE', #548, #1603, #1264, .T. ) ;
#2478 = EDGE_CURVE ( 'NONE', #663, #2242, #1475, .T. ) ;
#2479 = DIRECTION ( 'NONE',  ( -0.0000000000000000000, -0.0000000000000000000, 1.000000000000000000 ) ) ;
#2480 = VERTEX_POINT ( 'NONE', #1460 ) ;
#2481 = CARTESIAN_POINT ( 'NONE',  ( 3.250000000000007550, 370.0000000000000000, 3.000000000000000000 ) ) ;
#2482 = VECTOR ( 'NONE', #2154, 1000.000000000000000 ) ;
#2483 = FACE_BOUND ( 'NONE', #187, .T. ) ;
#2484 = AXIS2_PLACEMENT_3D ( 'NONE', #2166, #2390, #447 ) ;
#2485 = CIRCLE ( 'NONE', #715, 2.249999999999988010 ) ;
#2486 = VERTEX_POINT ( 'NONE', #1222 ) ;
#2487 = AXIS2_PLACEMENT_3D ( 'NONE', #449, #3095, #2095 ) ;
#2488 = VECTOR ( 'NONE', #2578, 1000.000000000000000 ) ;
#2489 = VERTEX_POINT ( 'NONE', #2204 ) ;
#2490 = ORIENTED_EDGE ( 'NONE', *, *, #2515, .F. ) ;
#2491 = APPROVAL_ROLE ( '' ) ;
#2492 = DIRECTION ( 'NONE',  ( -0.0000000000000000000, -0.0000000000000000000, -1.000000000000000000 ) ) ;
#2493 = DIRECTION ( 'NONE',  ( -0.0000000000000000000, -0.0000000000000000000, -1.000000000000000000 ) ) ;
#2494 = FACE_OUTER_BOUND ( 'NONE', #1516, .T. ) ;
#2495 = ORIENTED_EDGE ( 'NONE', *, *, #795, .T. ) ;
#2496 = EDGE_CURVE ( 'NONE', #2489, #803, #121, .T. ) ;
#2497 = ADVANCED_FACE ( 'NONE', ( #752 ), #2276, .F. ) ;
#2498 = CARTESIAN_POINT ( 'NONE',  ( 36.00000000000000711, 370.0000000000000000, 3.000000000000000000 ) ) ;
#2499 = ORIENTED_EDGE ( 'NONE', *, *, #253, .F. ) ;
#2500 = ORIENTED_EDGE ( 'NONE', *, *, #394, .T. ) ;
#2501 = ORIENTED_EDGE ( 'NONE', *, *, #1723, .F. ) ;
#2502 = AXIS2_PLACEMENT_3D ( 'NONE', #2927, #1253, #1223 ) ;
#2503 = AXIS2_PLACEMENT_3D ( 'NONE', #360, #821, #1800 ) ;
#2504 = CARTESIAN_POINT ( 'NONE',  ( 19.49999999999999645, 277.4999999999999432, -1.279755905108981194E-15 ) ) ;
#2505 = VECTOR ( 'NONE', #26, 1000.000000000000000 ) ;
#2506 = AXIS2_PLACEMENT_3D ( 'NONE', #1413, #1689, #879 ) ;
#2507 = DIRECTION ( 'NONE',  ( 1.000000000000000000, 0.0000000000000000000, 0.0000000000000000000 ) ) ;
#2508 = CIRCLE ( 'NONE', #1127, 2.249999999999988010 ) ;
#2509 = DIRECTION ( 'NONE',  ( -0.0000000000000000000, -0.0000000000000000000, 1.000000000000000000 ) ) ;
#2510 = ORIENTED_EDGE ( 'NONE', *, *, #1723, .T. ) ;
#2511 = LINE ( 'NONE', #2766, #1286 ) ;
#2512 = EDGE_CURVE ( 'NONE', #1515, #2758, #525, .T. ) ;
#2513 = DIRECTION ( 'NONE',  ( -0.0000000000000000000, -0.0000000000000000000, 1.000000000000000000 ) ) ;
#2514 = VERTEX_POINT ( 'NONE', #210 ) ;
#2515 = EDGE_CURVE ( 'NONE', #690, #2372, #164, .T. ) ;
#2516 = CARTESIAN_POINT ( 'NONE',  ( 96.00000000000000000, 290.0000000000000568, 3.000000000000000000 ) ) ;
#2517 = EDGE_LOOP ( 'NONE', ( #1121, #2359 ) ) ;
#2518 = ORIENTED_EDGE ( 'NONE', *, *, #226, .T. ) ;
#2519 = CARTESIAN_POINT ( 'NONE',  ( 126.5000000000000000, 290.0000000000000000, 8.673617379884035472E-16 ) ) ;
#2520 = CARTESIAN_POINT ( 'NONE',  ( 36.00000000000000711, 210.0000000000000284, 8.673617379884035472E-16 ) ) ;
#2521 = LINE ( 'NONE', #327, #284 ) ;
#2522 = VERTEX_POINT ( 'NONE', #136 ) ;
#2523 = DIRECTION ( 'NONE',  ( -0.0000000000000000000, -0.0000000000000000000, 1.000000000000000000 ) ) ;
#2524 = CARTESIAN_POINT ( 'NONE',  ( 93.75000000000000000, 130.0000000000000284, 3.000000000000000000 ) ) ;
#2525 = CARTESIAN_POINT ( 'NONE',  ( 5.500000000000005329, 50.00000000000001421, 3.000000000000000000 ) ) ;
#2526 = CIRCLE ( 'NONE', #2040, 2.249999999999988010 ) ;
#2527 = CIRCLE ( 'NONE', #1308, 2.250000000000001776 ) ;
#2528 = AXIS2_PLACEMENT_3D ( 'NONE', #2516, #1, #236 ) ;
#2529 = ORIENTED_EDGE ( 'NONE', *, *, #2595, .F. ) ;
#2530 = EDGE_LOOP ( 'NONE', ( #441, #1155 ) ) ;
#2531 = CIRCLE ( 'NONE', #1159, 2.250000000000001776 ) ;
#2532 = ADVANCED_FACE ( 'NONE', ( #151 ), #3092, .F. ) ;
#2533 = VECTOR ( 'NONE', #13, 1000.000000000000000 ) ;
#2534 = EDGE_CURVE ( 'NONE', #1140, #2399, #2310, .T. ) ;
#2535 = CARTESIAN_POINT ( 'NONE',  ( 33.75000000000000711, 290.0000000000000568, 3.000000000000000000 ) ) ;
#2536 = EDGE_CURVE ( 'NONE', #1150, #1743, #2130, .T. ) ;
#2537 = AXIS2_PLACEMENT_3D ( 'NONE', #27, #1721, #1708 ) ;
#2538 = AXIS2_PLACEMENT_3D ( 'NONE', #2455, #2657, #1229 ) ;
#2539 = FACE_OUTER_BOUND ( 'NONE', #1331, .T. ) ;
#2540 = ORIENTED_EDGE ( 'NONE', *, *, #2549, .F. ) ;
#2541 = CARTESIAN_POINT ( 'NONE',  ( 93.75000000000000000, 370.0000000000000000, 3.000000000000000000 ) ) ;
#2542 = FACE_OUTER_BOUND ( 'NONE', #354, .T. ) ;
#2543 = ORIENTED_EDGE ( 'NONE', *, *, #1902, .T. ) ;
#2544 = LINE ( 'NONE', #1899, #365 ) ;
#2545 = EDGE_LOOP ( 'NONE', ( #459, #1477, #1071, #932 ) ) ;
#2546 = ORIENTED_EDGE ( 'NONE', *, *, #2893, .T. ) ;
#2547 = CARTESIAN_POINT ( 'NONE',  ( 5.500000000000005329, 50.00000000000001421, 3.000000000000000000 ) ) ;
#2548 = EDGE_CURVE ( 'NONE', #2411, #1338, #2703, .T. ) ;
#2549 = EDGE_CURVE ( 'NONE', #303, #1456, #912, .T. ) ;
#2550 = VECTOR ( 'NONE', #1602, 1000.000000000000000 ) ;
#2551 = CIRCLE ( 'NONE', #1534, 2.249999999999988010 ) ;
#2552 = AXIS2_PLACEMENT_3D ( 'NONE', #1241, #59, #1970 ) ;
#2553 = VECTOR ( 'NONE', #1913, 1000.000000000000000 ) ;
#2554 = ORIENTED_EDGE ( 'NONE', *, *, #2288, .T. ) ;
#2555 = AXIS2_PLACEMENT_3D ( 'NONE', #347, #1062, #1296 ) ;
#2556 = CARTESIAN_POINT ( 'NONE',  ( 96.00000000000000000, 210.0000000000000284, 3.000000000000000000 ) ) ;
#2557 = LINE ( 'NONE', #159, #1737 ) ;
#2558 = FACE_BOUND ( 'NONE', #1544, .T. ) ;
#2559 = CARTESIAN_POINT ( 'NONE',  ( 36.00000000000000711, 370.0000000000000000, 3.000000000000000000 ) ) ;
#2560 = VERTEX_POINT ( 'NONE', #372 ) ;
#2561 = CARTESIAN_POINT ( 'NONE',  ( 112.5000000000000142, 302.5000000000000000, 0.0000000000000000000 ) ) ;
#2562 = DIRECTION ( 'NONE',  ( 1.000000000000000000, 0.0000000000000000000, 0.0000000000000000000 ) ) ;
#2563 = ORIENTED_EDGE ( 'NONE', *, *, #1902, .F. ) ;
#2564 = CARTESIAN_POINT ( 'NONE',  ( 98.25000000000000000, 450.0000000000000568, 3.000000000000000000 ) ) ;
#2565 = ORIENTED_EDGE ( 'NONE', *, *, #206, .T. ) ;
#2566 = CYLINDRICAL_SURFACE ( 'NONE', #190, 2.249999999999988010 ) ;
#2567 = CARTESIAN_POINT ( 'NONE',  ( 19.49999999999999645, 117.4999999999999432, -1.279755905108981194E-15 ) ) ;
#2568 = ORIENTED_EDGE ( 'NONE', *, *, #759, .F. ) ;
#2569 = DIRECTION ( 'NONE',  ( -1.000000000000000000, 0.0000000000000000000, 0.0000000000000000000 ) ) ;
#2570 = VERTEX_POINT ( 'NONE', #3111 ) ;
#2571 = DIRECTION ( 'NONE',  ( 1.000000000000000000, 0.0000000000000000000, 0.0000000000000000000 ) ) ;
#2572 = EDGE_CURVE ( 'NONE', #312, #1216, #2132, .T. ) ;
#2573 = EDGE_CURVE ( 'NONE', #1687, #3091, #2544, .T. ) ;
#2574 = CARTESIAN_POINT ( 'NONE',  ( 98.25000000000000000, 290.0000000000000568, 3.000000000000000000 ) ) ;
#2575 = ORIENTED_EDGE ( 'NONE', *, *, #717, .T. ) ;
#2576 = DIRECTION ( 'NONE',  ( -1.000000000000000000, 0.0000000000000000000, 0.0000000000000000000 ) ) ;
#2577 = ORIENTED_EDGE ( 'NONE', *, *, #2496, .T. ) ;
#2578 = DIRECTION ( 'NONE',  ( -0.0000000000000000000, -0.0000000000000000000, 1.000000000000000000 ) ) ;
#2579 = ORIENTED_EDGE ( 'NONE', *, *, #1641, .F. ) ;
#2580 = CARTESIAN_POINT ( 'NONE',  ( 33.75000000000000711, 370.0000000000000000, 3.000000000000000000 ) ) ;
#2581 = CARTESIAN_POINT ( 'NONE',  ( 5.000000000000000000, 485.0000000000000000, 3.000000000000000000 ) ) ;
#2582 = AXIS2_PLACEMENT_3D ( 'NONE', #1886, #234, #1176 ) ;
#2583 = ORIENTED_EDGE ( 'NONE', *, *, #1033, .F. ) ;
#2584 = AXIS2_PLACEMENT_3D ( 'NONE', #2699, #293, #280 ) ;
#2585 = CARTESIAN_POINT ( 'NONE',  ( 36.00000000000000711, 130.0000000000000284, 3.000000000000000000 ) ) ;
#2586 = VECTOR ( 'NONE', #931, 1000.000000000000000 ) ;
#2587 = CIRCLE ( 'NONE', #124, 2.250000000000001776 ) ;
#2588 = DIRECTION ( 'NONE',  ( 1.000000000000000000, 0.0000000000000000000, 0.0000000000000000000 ) ) ;
#2589 = EDGE_LOOP ( 'NONE', ( #2501, #568, #2825, #2909 ) ) ;
#2590 = CYLINDRICAL_SURFACE ( 'NONE', #442, 2.249999999999988010 ) ;
#2591 = CARTESIAN_POINT ( 'NONE',  ( 38.25000000000000000, 210.0000000000000284, 8.673617379884035472E-16 ) ) ;
#2592 = FACE_BOUND ( 'NONE', #1128, .T. ) ;
#2593 = CARTESIAN_POINT ( 'NONE',  ( 5.500000000000005329, 450.0000000000000000, 3.000000000000000000 ) ) ;
#2594 = ADVANCED_FACE ( 'NONE', ( #2647 ), #840, .F. ) ;
#2595 = EDGE_CURVE ( 'NONE', #1692, #2798, #848, .T. ) ;
#2596 = VERTEX_POINT ( 'NONE', #668 ) ;
#2597 = ORIENTED_EDGE ( 'NONE', *, *, #2126, .F. ) ;
#2598 = ADVANCED_FACE ( 'NONE', ( #702 ), #1315, .F. ) ;
#2599 = ORIENTED_EDGE ( 'NONE', *, *, #2066, .F. ) ;
#2600 = LINE ( 'NONE', #181, #1679 ) ;
#2601 = ORIENTED_EDGE ( 'NONE', *, *, #1471, .F. ) ;
#2602 = CARTESIAN_POINT ( 'NONE',  ( 112.5000000000000142, 197.5000000000000000, -1.279755905108981194E-15 ) ) ;
#2603 = DIRECTION ( 'NONE',  ( 1.000000000000000000, 0.0000000000000000000, 0.0000000000000000000 ) ) ;
#2604 = DIRECTION ( 'NONE',  ( 1.000000000000000000, 0.0000000000000000000, 0.0000000000000000000 ) ) ;
#2605 = EDGE_LOOP ( 'NONE', ( #1589, #2093 ) ) ;
#2606 = DESIGN_CONTEXT ( 'detailed design', #751, 'design' ) ;
#2607 = CYLINDRICAL_SURFACE ( 'NONE', #2010, 2.250000000000001776 ) ;
#2608 = AXIS2_PLACEMENT_3D ( 'NONE', #1625, #1142, #1384 ) ;
#2609 = VECTOR ( 'NONE', #1152, 1000.000000000000000 ) ;
#2610 = LINE ( 'NONE', #910, #2653 ) ;
#2611 = VERTEX_POINT ( 'NONE', #1838 ) ;
#2612 = DIRECTION ( 'NONE',  ( 1.000000000000000000, 0.0000000000000000000, 0.0000000000000000000 ) ) ;
#2613 = DIRECTION ( 'NONE',  ( -0.0000000000000000000, -0.0000000000000000000, 1.000000000000000000 ) ) ;
#2614 = AXIS2_PLACEMENT_3D ( 'NONE', #2879, #696, #640 ) ;
#2615 = ORIENTED_EDGE ( 'NONE', *, *, #414, .T. ) ;
#2616 = ORIENTED_EDGE ( 'NONE', *, *, #2735, .F. ) ;
#2617 = AXIS2_PLACEMENT_3D ( 'NONE', #2519, #2061, #2284 ) ;
#2618 = EDGE_CURVE ( 'NONE', #3105, #332, #2864, .T. ) ;
#2619 = FACE_OUTER_BOUND ( 'NONE', #1619, .T. ) ;
#2620 = VERTEX_POINT ( 'NONE', #1670 ) ;
#2621 = DIRECTION ( 'NONE',  ( -1.000000000000000000, 0.0000000000000000000, 0.0000000000000000000 ) ) ;
#2622 = EDGE_LOOP ( 'NONE', ( #2226, #1951, #2208, #2070 ) ) ;
#2623 = LINE ( 'NONE', #1403, #979 ) ;
#2624 = CARTESIAN_POINT ( 'NONE',  ( 124.2500000000000000, 370.0000000000000000, 3.000000000000000000 ) ) ;
#2625 = EDGE_CURVE ( 'NONE', #2882, #2514, #23, .T. ) ;
#2626 = ORIENTED_EDGE ( 'NONE', *, *, #1254, .T. ) ;
#2627 = DIRECTION ( 'NONE',  ( 0.0000000000000000000, 0.0000000000000000000, -1.000000000000000000 ) ) ;
#2628 = DIRECTION ( 'NONE',  ( -1.000000000000000000, 0.0000000000000000000, -0.0000000000000000000 ) ) ;
#2629 = EDGE_LOOP ( 'NONE', ( #452, #350, #1827, #2495 ) ) ;
#2630 = DIRECTION ( 'NONE',  ( -0.0000000000000000000, -0.0000000000000000000, 1.000000000000000000 ) ) ;
#2631 = DIRECTION ( 'NONE',  ( 1.000000000000000000, 0.0000000000000000000, 0.0000000000000000000 ) ) ;
#2632 = FACE_BOUND ( 'NONE', #1749, .T. ) ;
#2633 = ORIENTED_EDGE ( 'NONE', *, *, #1665, .T. ) ;
#2634 = FACE_OUTER_BOUND ( 'NONE', #2878, .T. ) ;
#2635 = ORIENTED_EDGE ( 'NONE', *, *, #476, .F. ) ;
#2636 = DIRECTION ( 'NONE',  ( -1.000000000000000000, 0.0000000000000000000, 0.0000000000000000000 ) ) ;
#2637 = EDGE_LOOP ( 'NONE', ( #1890, #1459, #1891, #2459 ) ) ;
#2638 = CARTESIAN_POINT ( 'NONE',  ( 36.00000000000000711, 210.0000000000000284, 3.000000000000000000 ) ) ;
#2639 = ORIENTED_EDGE ( 'NONE', *, *, #516, .T. ) ;
#2640 = EDGE_CURVE ( 'NONE', #1059, #1856, #1393, .T. ) ;
#2641 = ADVANCED_FACE ( 'NONE', ( #8 ), #1552, .F. ) ;
#2642 = CIRCLE ( 'NONE', #2127, 2.250000000000001776 ) ;
#2643 = CARTESIAN_POINT ( 'NONE',  ( 98.25000000000000000, 370.0000000000000000, 3.000000000000000000 ) ) ;
#2644 = VECTOR ( 'NONE', #1979, 1000.000000000000000 ) ;
#2645 = CIRCLE ( 'NONE', #1008, 2.250000000000001776 ) ;
#2646 = VERTEX_POINT ( 'NONE', #2651 ) ;
#2647 = FACE_OUTER_BOUND ( 'NONE', #916, .T. ) ;
#2648 = CARTESIAN_POINT ( 'NONE',  ( 128.7500000000000000, 370.0000000000000000, 3.000000000000000000 ) ) ;
#2649 = AXIS2_PLACEMENT_3D ( 'NONE', #282, #1496, #114 ) ;
#2650 = VECTOR ( 'NONE', #1401, 1000.000000000000000 ) ;
#2651 = CARTESIAN_POINT ( 'NONE',  ( 128.7500000000000000, 450.0000000000000000, 8.673617379884035472E-16 ) ) ;
#2652 = FACE_OUTER_BOUND ( 'NONE', #2321, .T. ) ;
#2653 = VECTOR ( 'NONE', #1880, 1000.000000000000000 ) ;
#2654 = ORIENTED_EDGE ( 'NONE', *, *, #3030, .T. ) ;
#2655 = DIRECTION ( 'NONE',  ( -0.0000000000000000000, -0.0000000000000000000, 1.000000000000000000 ) ) ;
#2656 = DIRECTION ( 'NONE',  ( -1.000000000000000000, 0.0000000000000000000, 0.0000000000000000000 ) ) ;
#2657 = DIRECTION ( 'NONE',  ( -0.0000000000000000000, -0.0000000000000000000, -1.000000000000000000 ) ) ;
#2658 = ORIENTED_EDGE ( 'NONE', *, *, #111, .F. ) ;
#2659 = CARTESIAN_POINT ( 'NONE',  ( 0.0000000000000000000, 480.0000000000000000, 3.000000000000000000 ) ) ;
#2660 = ORIENTED_EDGE ( 'NONE', *, *, #1407, .F. ) ;
#2661 = PERSON_AND_ORGANIZATION ( #2214, #3036 ) ;
#2662 = CARTESIAN_POINT ( 'NONE',  ( 36.00000000000000711, 130.0000000000000284, 3.000000000000000000 ) ) ;
#2663 = EDGE_CURVE ( 'NONE', #163, #2936, #995, .T. ) ;
#2664 = VERTEX_POINT ( 'NONE', #2392 ) ;
#2665 = CARTESIAN_POINT ( 'NONE',  ( 110.2500000000000284, 37.49999999999998579, 3.000000000000000000 ) ) ;
#2666 = FACE_BOUND ( 'NONE', #200, .T. ) ;
#2667 = ADVANCED_FACE ( 'NONE', ( #1224 ), #1174, .F. ) ;
#2668 = CARTESIAN_POINT ( 'NONE',  ( 5.000000000000000000, 480.0000000000000000, 3.000000000000000000 ) ) ;
#2669 = CIRCLE ( 'NONE', #3005, 2.249999999999988010 ) ;
#2670 = ORIENTED_EDGE ( 'NONE', *, *, #1320, .T. ) ;
#2671 = VECTOR ( 'NONE', #1068, 1000.000000000000000 ) ;
#2672 = LINE ( 'NONE', #501, #711 ) ;
#2673 = AXIS2_PLACEMENT_3D ( 'NONE', #2638, #3048, #2120 ) ;
#2674 = FACE_BOUND ( 'NONE', #1872, .T. ) ;
#2675 = CARTESIAN_POINT ( 'NONE',  ( 17.25000000000000711, 117.4999999999999432, -1.279755905108981194E-15 ) ) ;
#2676 = ORIENTED_EDGE ( 'NONE', *, *, #1707, .F. ) ;
#2677 = CARTESIAN_POINT ( 'NONE',  ( 17.25000000000000711, 22.49999999999990408, 0.0000000000000000000 ) ) ;
#2678 = AXIS2_PLACEMENT_3D ( 'NONE', #2375, #2687, #2185 ) ;
#2679 = VERTEX_POINT ( 'NONE', #2169 ) ;
#2680 = CARTESIAN_POINT ( 'NONE',  ( 127.0000000000000000, 480.0000000000000000, 3.000000000000000000 ) ) ;
#2681 = DIRECTION ( 'NONE',  ( 0.0000000000000000000, 0.0000000000000000000, -1.000000000000000000 ) ) ;
#2682 = ORIENTED_EDGE ( 'NONE', *, *, #1859, .T. ) ;
#2683 = CARTESIAN_POINT ( 'NONE',  ( 5.500000000000005329, 370.0000000000000000, 3.000000000000000000 ) ) ;
#2684 = CARTESIAN_POINT ( 'NONE',  ( 5.500000000000005329, 290.0000000000000000, 8.673617379884035472E-16 ) ) ;
#2685 = FACE_OUTER_BOUND ( 'NONE', #2589, .T. ) ;
#2686 = FACE_BOUND ( 'NONE', #1993, .T. ) ;
#2687 = DIRECTION ( 'NONE',  ( 1.000000000000000000, 0.0000000000000000000, 0.0000000000000000000 ) ) ;
#2688 = ORIENTED_EDGE ( 'NONE', *, *, #1340, .F. ) ;
#2689 = EDGE_CURVE ( 'NONE', #25, #98, #2531, .T. ) ;
#2690 = CARTESIAN_POINT ( 'NONE',  ( 7.750000000000001776, 50.00000000000001421, 8.673617379884035472E-16 ) ) ;
#2691 = PLANE ( 'NONE',  #563 ) ;
#2692 = DIRECTION ( 'NONE',  ( 1.000000000000000000, 0.0000000000000000000, 0.0000000000000000000 ) ) ;
#2693 = CARTESIAN_POINT ( 'NONE',  ( 38.25000000000000000, 130.0000000000000284, 8.673617379884035472E-16 ) ) ;
#2694 = DIRECTION ( 'NONE',  ( 1.000000000000000000, 0.0000000000000000000, 0.0000000000000000000 ) ) ;
#2695 = ORIENTED_EDGE ( 'NONE', *, *, #1147, .F. ) ;
#2696 = CALENDAR_DATE ( 2019, 18, 9 ) ;
#2697 = CARTESIAN_POINT ( 'NONE',  ( 7.750000000000001776, 450.0000000000000000, 8.673617379884035472E-16 ) ) ;
#2698 = VECTOR ( 'NONE', #2721, 1000.000000000000000 ) ;
#2699 = CARTESIAN_POINT ( 'NONE',  ( 19.49999999999999645, 117.4999999999999432, -1.279755905108981194E-15 ) ) ;
#2700 = CARTESIAN_POINT ( 'NONE',  ( 7.750000000000001776, 450.0000000000000000, 3.000000000000000000 ) ) ;
#2701 = LOCAL_TIME ( 8, 50, 48.00000000000000000, #1266 ) ;
#2702 = CIRCLE ( 'NONE', #2989, 2.250000000000001776 ) ;
#2703 = CIRCLE ( 'NONE', #1417, 2.250000000000001776 ) ;
#2704 = CYLINDRICAL_SURFACE ( 'NONE', #2741, 2.250000000000001776 ) ;
#2705 = DIRECTION ( 'NONE',  ( 1.000000000000000000, 0.0000000000000000000, 0.0000000000000000000 ) ) ;
#2706 = EDGE_CURVE ( 'NONE', #1216, #312, #2785, .T. ) ;
#2707 = FACE_BOUND ( 'NONE', #1794, .T. ) ;
#2708 = DIRECTION ( 'NONE',  ( -0.0000000000000000000, -0.0000000000000000000, -1.000000000000000000 ) ) ;
#2709 = EDGE_LOOP ( 'NONE', ( #925, #1585, #337, #1177 ) ) ;
#2710 = CARTESIAN_POINT ( 'NONE',  ( 3.250000000000007105, 290.0000000000000000, 3.000000000000000000 ) ) ;
#2711 = VERTEX_POINT ( 'NONE', #980 ) ;
#2712 = DATE_AND_TIME ( #2696, #2701 ) ;
#2713 = LINE ( 'NONE', #1238, #2056 ) ;
#2714 = DIRECTION ( 'NONE',  ( 1.000000000000000000, 0.0000000000000000000, 0.0000000000000000000 ) ) ;
#2715 = CYLINDRICAL_SURFACE ( 'NONE', #185, 2.249999999999988010 ) ;
#2716 = DIRECTION ( 'NONE',  ( 1.000000000000000000, 0.0000000000000000000, 0.0000000000000000000 ) ) ;
#2717 = CARTESIAN_POINT ( 'NONE',  ( 21.74999999999998579, 117.4999999999999432, 0.0000000000000000000 ) ) ;
#2718 = DIRECTION ( 'NONE',  ( -0.0000000000000000000, -0.0000000000000000000, -1.000000000000000000 ) ) ;
#2719 = DIRECTION ( 'NONE',  ( 1.000000000000000000, 0.0000000000000000000, 0.0000000000000000000 ) ) ;
#2720 = CIRCLE ( 'NONE', #1117, 2.249999999999988010 ) ;
#2721 = DIRECTION ( 'NONE',  ( -0.0000000000000000000, -0.0000000000000000000, 1.000000000000000000 ) ) ;
#2722 = CIRCLE ( 'NONE', #2506, 2.250000000000001776 ) ;
#2723 = ORIENTED_EDGE ( 'NONE', *, *, #2873, .F. ) ;
#2724 = AXIS2_PLACEMENT_3D ( 'NONE', #2593, #3041, #2356 ) ;
#2725 = EDGE_CURVE ( 'NONE', #1603, #548, #607, .T. ) ;
#2726 = CALENDAR_DATE ( 2019, 18, 9 ) ;
#2727 = DIRECTION ( 'NONE',  ( -0.0000000000000000000, -0.0000000000000000000, 1.000000000000000000 ) ) ;
#2728 = FACE_OUTER_BOUND ( 'NONE', #2280, .T. ) ;
#2729 = EDGE_LOOP ( 'NONE', ( #2297, #2784, #1363, #1832 ) ) ;
#2730 = FACE_BOUND ( 'NONE', #667, .T. ) ;
#2731 = ORIENTED_EDGE ( 'NONE', *, *, #1571, .T. ) ;
#2732 = ORIENTED_EDGE ( 'NONE', *, *, #2171, .T. ) ;
#2733 = ORIENTED_EDGE ( 'NONE', *, *, #1064, .T. ) ;
#2734 = CARTESIAN_POINT ( 'NONE',  ( 114.7500000000000000, 357.5000000000000000, -1.279755905108981194E-15 ) ) ;
#2735 = EDGE_CURVE ( 'NONE', #1509, #3, #2946, .T. ) ;
#2736 = EDGE_CURVE ( 'NONE', #1372, #132, #2948, .T. ) ;
#2737 = DIRECTION ( 'NONE',  ( -0.0000000000000000000, -0.0000000000000000000, -1.000000000000000000 ) ) ;
#2738 = DIRECTION ( 'NONE',  ( -1.000000000000000000, 0.0000000000000000000, 0.0000000000000000000 ) ) ;
#2739 = EDGE_LOOP ( 'NONE', ( #2312, #1596 ) ) ;
#2740 = VECTOR ( 'NONE', #2373, 1000.000000000000000 ) ;
#2741 = AXIS2_PLACEMENT_3D ( 'NONE', #313, #1466, #2209 ) ;
#2742 = ORIENTED_EDGE ( 'NONE', *, *, #1505, .T. ) ;
#2743 = AXIS2_PLACEMENT_3D ( 'NONE', #1864, #3090, #426 ) ;
#2744 = AXIS2_PLACEMENT_3D ( 'NONE', #484, #2410, #254 ) ;
#2745 = DIRECTION ( 'NONE',  ( -0.0000000000000000000, -0.0000000000000000000, 1.000000000000000000 ) ) ;
#2746 = ORIENTED_EDGE ( 'NONE', *, *, #393, .F. ) ;
#2747 = ORIENTED_EDGE ( 'NONE', *, *, #496, .F. ) ;
#2748 = DIRECTION ( 'NONE',  ( -0.0000000000000000000, -0.0000000000000000000, -1.000000000000000000 ) ) ;
#2749 = CARTESIAN_POINT ( 'NONE',  ( 98.25000000000000000, 370.0000000000000000, 3.000000000000000000 ) ) ;
#2750 = EDGE_CURVE ( 'NONE', #1019, #1924, #528, .T. ) ;
#2751 = ADVANCED_FACE ( 'NONE', ( #1984 ), #1482, .F. ) ;
#2752 = ORIENTED_EDGE ( 'NONE', *, *, #1592, .T. ) ;
#2753 = DIRECTION ( 'NONE',  ( -0.0000000000000000000, -0.0000000000000000000, -1.000000000000000000 ) ) ;
#2754 = EDGE_CURVE ( 'NONE', #602, #3053, #480, .T. ) ;
#2755 = EDGE_CURVE ( 'NONE', #2361, #1012, #295, .T. ) ;
#2756 = CARTESIAN_POINT ( 'NONE',  ( 5.500000000000005329, 370.0000000000000000, 8.673617379884035472E-16 ) ) ;
#2757 = AXIS2_PLACEMENT_3D ( 'NONE', #1916, #2627, #890 ) ;
#2758 = VERTEX_POINT ( 'NONE', #723 ) ;
#2759 = VERTEX_POINT ( 'NONE', #740 ) ;
#2760 = AXIS2_PLACEMENT_3D ( 'NONE', #722, #1132, #3093 ) ;
#2761 = CARTESIAN_POINT ( 'NONE',  ( 126.5000000000000000, 450.0000000000000000, 8.673617379884035472E-16 ) ) ;
#2762 = CIRCLE ( 'NONE', #1030, 2.249999999999997780 ) ;
#2763 = DIRECTION ( 'NONE',  ( 1.000000000000000000, 0.0000000000000000000, 0.0000000000000000000 ) ) ;
#2764 = CIRCLE ( 'NONE', #2306, 2.250000000000001776 ) ;
#2765 = ORIENTED_EDGE ( 'NONE', *, *, #1843, .F. ) ;
#2766 = CARTESIAN_POINT ( 'NONE',  ( 21.74999999999998579, 437.5000000000000000, 0.0000000000000000000 ) ) ;
#2767 = DIRECTION ( 'NONE',  ( -0.0000000000000000000, -0.0000000000000000000, 1.000000000000000000 ) ) ;
#2768 = ADVANCED_FACE ( 'NONE', ( #2666, #1449, #2420, #1206, #1463, #2183, #1710, #2686, #2808, #2592, #2355, #1577, #2848, #2096, #2632, #194, #2558, #3055, #1633, #1357, #880, #635, #398, #670, #2134, #3096, #914, #1901, #3040, #1341, #2867, #689, #1657, #2320, #1097, #863, #1595, #2338, #392 ), #2111, .F. ) ;
#2769 = EDGE_LOOP ( 'NONE', ( #2597, #363, #573, #235 ) ) ;
#2770 = ORIENTED_EDGE ( 'NONE', *, *, #1861, .T. ) ;
#2771 = EDGE_CURVE ( 'NONE', #708, #900, #3088, .T. ) ;
#2772 = ORIENTED_EDGE ( 'NONE', *, *, #1358, .T. ) ;
#2773 = ORIENTED_EDGE ( 'NONE', *, *, #2265, .F. ) ;
#2774 = FACE_OUTER_BOUND ( 'NONE', #1717, .T. ) ;
#2775 = FACE_OUTER_BOUND ( 'NONE', #800, .T. ) ;
#2776 = ORIENTED_EDGE ( 'NONE', *, *, #3094, .F. ) ;
#2777 = DIRECTION ( 'NONE',  ( -1.000000000000000000, 0.0000000000000000000, 0.0000000000000000000 ) ) ;
#2778 = FACE_OUTER_BOUND ( 'NONE', #196, .T. ) ;
#2779 = DIRECTION ( 'NONE',  ( 1.000000000000000000, 0.0000000000000000000, 0.0000000000000000000 ) ) ;
#2780 = AXIS2_PLACEMENT_3D ( 'NONE', #2498, #1300, #619 ) ;
#2781 = EDGE_CURVE ( 'NONE', #2480, #1281, #1337, .T. ) ;
#2782 = AXIS2_PLACEMENT_3D ( 'NONE', #899, #2377, #2656 ) ;
#2783 = EDGE_LOOP ( 'NONE', ( #960, #1574, #2252, #1582 ) ) ;
#2784 = ORIENTED_EDGE ( 'NONE', *, *, #1083, .F. ) ;
#2785 = CIRCLE ( 'NONE', #1561, 2.249999999999995115 ) ;
#2786 = AXIS2_PLACEMENT_3D ( 'NONE', #623, #901, #1586 ) ;
#2787 = CYLINDRICAL_SURFACE ( 'NONE', #3010, 2.250000000000001776 ) ;
#2788 = CC_DESIGN_PERSON_AND_ORGANIZATION_ASSIGNMENT ( #2937, #765, ( #2290 ) ) ;
#2789 = AXIS2_PLACEMENT_3D ( 'NONE', #2843, #1608, #2371 ) ;
#2790 = ORIENTED_EDGE ( 'NONE', *, *, #2066, .T. ) ;
#2791 = DIRECTION ( 'NONE',  ( 1.000000000000000000, 0.0000000000000000000, 0.0000000000000000000 ) ) ;
#2792 = DIRECTION ( 'NONE',  ( -0.0000000000000000000, -0.0000000000000000000, 1.000000000000000000 ) ) ;
#2793 = CARTESIAN_POINT ( 'NONE',  ( 128.7500000000000000, 370.0000000000000000, 3.000000000000000000 ) ) ;
#2794 = ORIENTED_EDGE ( 'NONE', *, *, #826, .T. ) ;
#2795 = ORIENTED_EDGE ( 'NONE', *, *, #1974, .T. ) ;
#2796 = DIRECTION ( 'NONE',  ( 1.000000000000000000, 0.0000000000000000000, 0.0000000000000000000 ) ) ;
#2797 = CARTESIAN_POINT ( 'NONE',  ( 38.25000000000000000, 450.0000000000000568, 3.000000000000000000 ) ) ;
#2798 = VERTEX_POINT ( 'NONE', #1092 ) ;
#2799 = EDGE_LOOP ( 'NONE', ( #2296, #2565 ) ) ;
#2800 = CARTESIAN_POINT ( 'NONE',  ( 21.74999999999998579, 222.4999999999999147, 3.000000000000000000 ) ) ;
#2801 = EDGE_LOOP ( 'NONE', ( #2380, #693, #2048, #244 ) ) ;
#2802 = AXIS2_PLACEMENT_3D ( 'NONE', #1652, #1389, #2370 ) ;
#2803 = AXIS2_PLACEMENT_3D ( 'NONE', #1546, #1307, #2507 ) ;
#2804 = EDGE_CURVE ( 'NONE', #1828, #2817, #1478, .T. ) ;
#2805 = ORIENTED_EDGE ( 'NONE', *, *, #2725, .T. ) ;
#2806 = CIRCLE ( 'NONE', #2724, 2.249999999999997780 ) ;
#2807 = DIRECTION ( 'NONE',  ( -0.0000000000000000000, -0.0000000000000000000, -1.000000000000000000 ) ) ;
#2808 = FACE_BOUND ( 'NONE', #988, .T. ) ;
#2809 = ORIENTED_EDGE ( 'NONE', *, *, #2966, .T. ) ;
#2810 = ORIENTED_EDGE ( 'NONE', *, *, #675, .T. ) ;
#2811 = CARTESIAN_POINT ( 'NONE',  ( 5.000000000000000000, 480.0000000000000000, 0.0000000000000000000 ) ) ;
#2812 = ORIENTED_EDGE ( 'NONE', *, *, #1148, .F. ) ;
#2813 = DIRECTION ( 'NONE',  ( -0.0000000000000000000, -0.0000000000000000000, 1.000000000000000000 ) ) ;
#2814 = ORIENTED_EDGE ( 'NONE', *, *, #1521, .F. ) ;
#2815 = FACE_OUTER_BOUND ( 'NONE', #1075, .T. ) ;
#2816 = CARTESIAN_POINT ( 'NONE',  ( 96.00000000000000000, 210.0000000000000284, 8.673617379884035472E-16 ) ) ;
#2817 = VERTEX_POINT ( 'NONE', #225 ) ;
#2818 = FACE_OUTER_BOUND ( 'NONE', #721, .T. ) ;
#2819 = EDGE_CURVE ( 'NONE', #1924, #617, #1168, .T. ) ;
#2820 = EDGE_CURVE ( 'NONE', #1377, #3051, #1410, .T. ) ;
#2821 = EDGE_CURVE ( 'NONE', #2417, #2679, #2334, .T. ) ;
#2822 = CARTESIAN_POINT ( 'NONE',  ( 96.00000000000000000, 50.00000000000002842, 3.000000000000000000 ) ) ;
#2823 = ORIENTED_EDGE ( 'NONE', *, *, #975, .T. ) ;
#2824 = DIRECTION ( 'NONE',  ( -0.0000000000000000000, -0.0000000000000000000, 1.000000000000000000 ) ) ;
#2825 = ORIENTED_EDGE ( 'NONE', *, *, #2090, .T. ) ;
#2826 = EDGE_LOOP ( 'NONE', ( #547, #1852 ) ) ;
#2827 = CARTESIAN_POINT ( 'NONE',  ( 19.49999999999999289, 437.5000000000000000, 3.000000000000000000 ) ) ;
#2828 = VERTEX_POINT ( 'NONE', #965 ) ;
#2829 = CIRCLE ( 'NONE', #2538, 2.249999999999988010 ) ;
#2830 = DIRECTION ( 'NONE',  ( -0.0000000000000000000, -0.0000000000000000000, 1.000000000000000000 ) ) ;
#2831 = EDGE_LOOP ( 'NONE', ( #1351, #2746, #798, #1513 ) ) ;
#2832 = DIRECTION ( 'NONE',  ( -0.0000000000000000000, -0.0000000000000000000, 1.000000000000000000 ) ) ;
#2833 = CYLINDRICAL_SURFACE ( 'NONE', #2970, 2.249999999999995115 ) ;
#2834 = VECTOR ( 'NONE', #2065, 1000.000000000000000 ) ;
#2835 = DIRECTION ( 'NONE',  ( 0.0000000000000000000, -0.0000000000000000000, -1.000000000000000000 ) ) ;
#2836 = ORIENTED_EDGE ( 'NONE', *, *, #951, .T. ) ;
#2837 = AXIS2_PLACEMENT_3D ( 'NONE', #2434, #2956, #782 ) ;
#2838 = CIRCLE ( 'NONE', #1613, 2.249999999999988010 ) ;
#2839 = DIRECTION ( 'NONE',  ( 1.000000000000000000, 0.0000000000000000000, 0.0000000000000000000 ) ) ;
#2840 = CARTESIAN_POINT ( 'NONE',  ( 0.0000000000000000000, 0.0000000000000000000, 3.000000000000000000 ) ) ;
#2841 = AXIS2_PLACEMENT_3D ( 'NONE', #2840, #1390, #2628 ) ;
#2842 = AXIS2_PLACEMENT_3D ( 'NONE', #2042, #362, #2062 ) ;
#2843 = CARTESIAN_POINT ( 'NONE',  ( 36.00000000000000711, 50.00000000000002842, 8.673617379884035472E-16 ) ) ;
#2844 = ORIENTED_EDGE ( 'NONE', *, *, #2983, .T. ) ;
#2845 = EDGE_CURVE ( 'NONE', #2817, #1828, #171, .T. ) ;
#2846 = DIRECTION ( 'NONE',  ( -0.0000000000000000000, -0.0000000000000000000, -1.000000000000000000 ) ) ;
#2847 = LINE ( 'NONE', #2152, #1942 ) ;
#2848 = FACE_BOUND ( 'NONE', #240, .T. ) ;
#2849 = CYLINDRICAL_SURFACE ( 'NONE', #1583, 2.249999999999988010 ) ;
#2850 = ORIENTED_EDGE ( 'NONE', *, *, #2573, .F. ) ;
#2851 = EDGE_CURVE ( 'NONE', #407, #358, #1887, .T. ) ;
#2852 = ORIENTED_EDGE ( 'NONE', *, *, #110, .F. ) ;
#2853 = ADVANCED_FACE ( 'NONE', ( #298 ), #146, .F. ) ;
#2854 = DIRECTION ( 'NONE',  ( 1.000000000000000000, 0.0000000000000000000, 0.0000000000000000000 ) ) ;
#2855 = EDGE_LOOP ( 'NONE', ( #2471, #918, #2546, #1498 ) ) ;
#2856 = LINE ( 'NONE', #403, #2650 ) ;
#2857 = ORIENTED_EDGE ( 'NONE', *, *, #475, .F. ) ;
#2858 = DIRECTION ( 'NONE',  ( -1.000000000000000000, 0.0000000000000000000, 0.0000000000000000000 ) ) ;
#2859 = CARTESIAN_POINT ( 'NONE',  ( 128.7500000000000000, 50.00000000000001421, 3.000000000000000000 ) ) ;
#2860 = ORIENTED_EDGE ( 'NONE', *, *, #1863, .F. ) ;
#2861 = DIRECTION ( 'NONE',  ( -0.0000000000000000000, -0.0000000000000000000, 1.000000000000000000 ) ) ;
#2862 = AXIS2_PLACEMENT_3D ( 'NONE', #1055, #2807, #634 ) ;
#2863 = ORIENTED_EDGE ( 'NONE', *, *, #2908, .T. ) ;
#2864 = LINE ( 'NONE', #462, #1830 ) ;
#2865 = CARTESIAN_POINT ( 'NONE',  ( 17.25000000000000000, 477.4999999999999432, 0.0000000000000000000 ) ) ;
#2866 = VECTOR ( 'NONE', #1349, 1000.000000000000000 ) ;
#2867 = FACE_BOUND ( 'NONE', #1131, .T. ) ;
#2868 = DIRECTION ( 'NONE',  ( -1.000000000000000000, 0.0000000000000000000, 0.0000000000000000000 ) ) ;
#2869 = AXIS2_PLACEMENT_3D ( 'NONE', #1091, #155, #2072 ) ;
#2870 = EDGE_LOOP ( 'NONE', ( #2852, #1291, #2626, #878 ) ) ;
#2871 = VECTOR ( 'NONE', #2727, 1000.000000000000000 ) ;
#2872 = EDGE_CURVE ( 'NONE', #1295, #3105, #1272, .T. ) ;
#2873 = EDGE_CURVE ( 'NONE', #2522, #1915, #78, .T. ) ;
#2874 = DIRECTION ( 'NONE',  ( 1.000000000000000000, 0.0000000000000000000, 0.0000000000000000000 ) ) ;
#2875 = VERTEX_POINT ( 'NONE', #2591 ) ;
#2876 = CC_DESIGN_PERSON_AND_ORGANIZATION_ASSIGNMENT ( #779, #1752, ( #536 ) ) ;
#2877 = CARTESIAN_POINT ( 'NONE',  ( 36.00000000000000711, 370.0000000000000000, 3.000000000000000000 ) ) ;
#2878 = EDGE_LOOP ( 'NONE', ( #1822, #487, #101, #2215 ) ) ;
#2879 = CARTESIAN_POINT ( 'NONE',  ( 19.49999999999999289, 437.5000000000000000, 0.0000000000000000000 ) ) ;
#2880 = ORIENTED_EDGE ( 'NONE', *, *, #1427, .T. ) ;
#2881 = LINE ( 'NONE', #2643, #1076 ) ;
#2882 = VERTEX_POINT ( 'NONE', #1395 ) ;
#2883 = CARTESIAN_POINT ( 'NONE',  ( 5.500000000000005329, 370.0000000000000000, 3.000000000000000000 ) ) ;
#2884 = FACE_OUTER_BOUND ( 'NONE', #2622, .T. ) ;
#2885 = CYLINDRICAL_SURFACE ( 'NONE', #569, 2.249999999999995115 ) ;
#2886 = EDGE_LOOP ( 'NONE', ( #1551, #1443, #1379, #2554 ) ) ;
#2887 = DIRECTION ( 'NONE',  ( 1.000000000000000000, 0.0000000000000000000, 0.0000000000000000000 ) ) ;
#2888 = DIRECTION ( 'NONE',  ( 1.000000000000000000, 0.0000000000000000000, 0.0000000000000000000 ) ) ;
#2889 = ORIENTED_EDGE ( 'NONE', *, *, #1213, .T. ) ;
#2890 = ADVANCED_FACE ( 'NONE', ( #2353 ), #231, .F. ) ;
#2891 = ORIENTED_EDGE ( 'NONE', *, *, #377, .F. ) ;
#2892 = CIRCLE ( 'NONE', #2032, 5.000000000000000000 ) ;
#2893 = EDGE_CURVE ( 'NONE', #215, #2993, #2847, .T. ) ;
#2894 = DIRECTION ( 'NONE',  ( -0.0000000000000000000, -1.000000000000000000, -0.0000000000000000000 ) ) ;
#2895 = VECTOR ( 'NONE', #1429, 1000.000000000000000 ) ;
#2896 = EDGE_LOOP ( 'NONE', ( #679, #2844, #1232, #1865 ) ) ;
#2897 = DIRECTION ( 'NONE',  ( -0.0000000000000000000, -0.0000000000000000000, 1.000000000000000000 ) ) ;
#2898 = DIRECTION ( 'NONE',  ( -0.0000000000000000000, -1.000000000000000000, -0.0000000000000000000 ) ) ;
#2899 = VECTOR ( 'NONE', #1431, 1000.000000000000000 ) ;
#2900 = CARTESIAN_POINT ( 'NONE',  ( 98.25000000000000000, 290.0000000000000568, 3.000000000000000000 ) ) ;
#2901 = ORIENTED_EDGE ( 'NONE', *, *, #1050, .F. ) ;
#2902 = LINE ( 'NONE', #1257, #1780 ) ;
#2903 = CARTESIAN_POINT ( 'NONE',  ( 128.7500000000000000, 290.0000000000000000, 3.000000000000000000 ) ) ;
#2904 = ORIENTED_EDGE ( 'NONE', *, *, #2366, .F. ) ;
#2905 = DIRECTION ( 'NONE',  ( -1.000000000000000000, 0.0000000000000000000, 0.0000000000000000000 ) ) ;
#2906 = ORIENTED_EDGE ( 'NONE', *, *, #2198, .T. ) ;
#2907 = CYLINDRICAL_SURFACE ( 'NONE', #2914, 2.249999999999988010 ) ;
#2908 = EDGE_CURVE ( 'NONE', #1960, #2347, #2557, .T. ) ;
#2909 = ORIENTED_EDGE ( 'NONE', *, *, #1974, .F. ) ;
#2910 = CYLINDRICAL_SURFACE ( 'NONE', #565, 2.249999999999996891 ) ;
#2911 = DIRECTION ( 'NONE',  ( 0.0000000000000000000, 0.0000000000000000000, -1.000000000000000000 ) ) ;
#2912 = DIRECTION ( 'NONE',  ( -0.0000000000000000000, -0.0000000000000000000, 1.000000000000000000 ) ) ;
#2913 = DIRECTION ( 'NONE',  ( -1.000000000000000000, 0.0000000000000000000, 0.0000000000000000000 ) ) ;
#2914 = AXIS2_PLACEMENT_3D ( 'NONE', #750, #506, #1966 ) ;
#2915 = AXIS2_PLACEMENT_3D ( 'NONE', #1354, #397, #158 ) ;
#2916 = CYLINDRICAL_SURFACE ( 'NONE', #954, 2.249999999999995115 ) ;
#2917 = AXIS2_PLACEMENT_3D ( 'NONE', #1953, #2245, #72 ) ;
#2918 = FACE_BOUND ( 'NONE', #2382, .T. ) ;
#2919 = DIRECTION ( 'NONE',  ( -1.000000000000000000, 0.0000000000000000000, 0.0000000000000000000 ) ) ;
#2920 = ORIENTED_EDGE ( 'NONE', *, *, #535, .F. ) ;
#2921 = DIRECTION ( 'NONE',  ( 0.0000000000000000000, 0.0000000000000000000, -1.000000000000000000 ) ) ;
#2922 = AXIS2_PLACEMENT_3D ( 'NONE', #296, #1758, #1433 ) ;
#2923 = VERTEX_POINT ( 'NONE', #1971 ) ;
#2924 = PERSON_AND_ORGANIZATION ( #2214, #3036 ) ;
#2925 = CARTESIAN_POINT ( 'NONE',  ( 3.250000000000007550, 130.0000000000000000, 3.000000000000000000 ) ) ;
#2926 = CYLINDRICAL_SURFACE ( 'NONE', #2837, 2.250000000000001776 ) ;
#2927 = CARTESIAN_POINT ( 'NONE',  ( 112.5000000000000142, 37.49999999999998579, -1.279755905108981194E-15 ) ) ;
#2928 = EDGE_CURVE ( 'NONE', #333, #1346, #1920, .T. ) ;
#2929 = EDGE_CURVE ( 'NONE', #2828, #344, #373, .T. ) ;
#2930 = CARTESIAN_POINT ( 'NONE',  ( 96.00000000000000000, 450.0000000000000568, 8.673617379884035472E-16 ) ) ;
#2931 = CARTESIAN_POINT ( 'NONE',  ( 126.5000000000000000, 50.00000000000001421, 3.000000000000000000 ) ) ;
#2932 = CARTESIAN_POINT ( 'NONE',  ( 5.500000000000005329, 210.0000000000000284, 3.000000000000000000 ) ) ;
#2933 = CARTESIAN_POINT ( 'NONE',  ( 110.2500000000000284, 37.49999999999998579, -1.279755905108981194E-15 ) ) ;
#2934 = ORIENTED_EDGE ( 'NONE', *, *, #19, .T. ) ;
#2935 = CARTESIAN_POINT ( 'NONE',  ( 128.7500000000000000, 450.0000000000000000, 3.000000000000000000 ) ) ;
#2936 = VERTEX_POINT ( 'NONE', #1935 ) ;
#2937 = PERSON_AND_ORGANIZATION ( #2214, #3036 ) ;
#2938 = CYLINDRICAL_SURFACE ( 'NONE', #1183, 2.250000000000001776 ) ;
#2939 = AXIS2_PLACEMENT_3D ( 'NONE', #51, #301, #948 ) ;
#2940 = FACE_OUTER_BOUND ( 'NONE', #2831, .T. ) ;
#2941 = CARTESIAN_POINT ( 'NONE',  ( 128.7500000000000000, 370.0000000000000000, 8.673617379884035472E-16 ) ) ;
#2942 = DIRECTION ( 'NONE',  ( 1.000000000000000000, 0.0000000000000000000, 0.0000000000000000000 ) ) ;
#2943 = AXIS2_PLACEMENT_3D ( 'NONE', #747, #2213, #1716 ) ;
#2944 = CARTESIAN_POINT ( 'NONE',  ( 96.00000000000000000, 290.0000000000000568, 3.000000000000000000 ) ) ;
#2945 = CIRCLE ( 'NONE', #467, 2.250000000000001776 ) ;
#2946 = CIRCLE ( 'NONE', #904, 2.250000000000001776 ) ;
#2947 = FACE_OUTER_BOUND ( 'NONE', #1250, .T. ) ;
#2948 = CIRCLE ( 'NONE', #1564, 2.249999999999988010 ) ;
#2949 = FACE_BOUND ( 'NONE', #2517, .T. ) ;
#2950 = EDGE_CURVE ( 'NONE', #1334, #2620, #770, .T. ) ;
#2951 = ADVANCED_FACE ( 'NONE', ( #2685 ), #2885, .F. ) ;
#2952 = LINE ( 'NONE', #776, #2698 ) ;
#2953 = ORIENTED_EDGE ( 'NONE', *, *, #1988, .F. ) ;
#2954 = ORIENTED_EDGE ( 'NONE', *, *, #822, .T. ) ;
#2955 = LINE ( 'NONE', #796, #2871 ) ;
#2956 = DIRECTION ( 'NONE',  ( -0.0000000000000000000, -0.0000000000000000000, 1.000000000000000000 ) ) ;
#2957 = DIRECTION ( 'NONE',  ( -0.0000000000000000000, -0.0000000000000000000, 1.000000000000000000 ) ) ;
#2958 = ORIENTED_EDGE ( 'NONE', *, *, #434, .F. ) ;
#2959 = DIRECTION ( 'NONE',  ( -0.0000000000000000000, -0.0000000000000000000, 1.000000000000000000 ) ) ;
#2960 = FACE_BOUND ( 'NONE', #1298, .T. ) ;
#2961 = VECTOR ( 'NONE', #2846, 1000.000000000000000 ) ;
#2962 = VERTEX_POINT ( 'NONE', #769 ) ;
#2963 = ORIENTED_EDGE ( 'NONE', *, *, #2301, .F. ) ;
#2964 = VECTOR ( 'NONE', #85, 1000.000000000000000 ) ;
#2965 = VECTOR ( 'NONE', #1664, 1000.000000000000000 ) ;
#2966 = EDGE_CURVE ( 'NONE', #1587, #2611, #1995, .T. ) ;
#2967 = EDGE_CURVE ( 'NONE', #1687, #1846, #474, .T. ) ;
#2968 = EDGE_CURVE ( 'NONE', #2175, #1330, #855, .T. ) ;
#2969 = ORIENTED_EDGE ( 'NONE', *, *, #773, .T. ) ;
#2970 = AXIS2_PLACEMENT_3D ( 'NONE', #202, #184, #2603 ) ;
#2971 = EDGE_LOOP ( 'NONE', ( #2958, #2046 ) ) ;
#2972 = DATE_TIME_ROLE ( 'classification_date' ) ;
#2973 = CYLINDRICAL_SURFACE ( 'NONE', #1650, 2.249999999999988010 ) ;
#2974 = DIRECTION ( 'NONE',  ( -0.0000000000000000000, -0.0000000000000000000, -1.000000000000000000 ) ) ;
#2975 = LINE ( 'NONE', #577, #905 ) ;
#2976 = ORIENTED_EDGE ( 'NONE', *, *, #410, .T. ) ;
#2977 = DIRECTION ( 'NONE',  ( 1.000000000000000000, 0.0000000000000000000, 0.0000000000000000000 ) ) ;
#2978 = EDGE_LOOP ( 'NONE', ( #1046, #1080 ) ) ;
#2979 = EDGE_CURVE ( 'NONE', #3073, #54, #328, .T. ) ;
#2980 = EDGE_LOOP ( 'NONE', ( #651, #454 ) ) ;
#2981 = EDGE_CURVE ( 'NONE', #312, #461, #1391, .T. ) ;
#2982 = CYLINDRICAL_SURFACE ( 'NONE', #2460, 2.249999999999988010 ) ;
#2983 = EDGE_CURVE ( 'NONE', #617, #1447, #2610, .T. ) ;
#2984 = CARTESIAN_POINT ( 'NONE',  ( 126.5000000000000000, 370.0000000000000000, 8.673617379884035472E-16 ) ) ;
#2985 = AXIS2_PLACEMENT_3D ( 'NONE', #1472, #1745, #986 ) ;
#2986 = CARTESIAN_POINT ( 'NONE',  ( 19.49999999999999645, 62.49999999999990052, 0.0000000000000000000 ) ) ;
#2987 = ORIENTED_EDGE ( 'NONE', *, *, #2804, .F. ) ;
#2988 = DIRECTION ( 'NONE',  ( -0.0000000000000000000, -0.0000000000000000000, 1.000000000000000000 ) ) ;
#2989 = AXIS2_PLACEMENT_3D ( 'NONE', #530, #1500, #1694 ) ;
#2990 = ORIENTED_EDGE ( 'NONE', *, *, #1173, .F. ) ;
#2991 = VECTOR ( 'NONE', #2168, 1000.000000000000000 ) ;
#2992 = CIRCLE ( 'NONE', #2335, 2.249999999999988010 ) ;
#2993 = VERTEX_POINT ( 'NONE', #877 ) ;
#2994 = AXIS2_PLACEMENT_3D ( 'NONE', #2680, #2447, #488 ) ;
#2995 = ORIENTED_EDGE ( 'NONE', *, *, #226, .F. ) ;
#2996 = CARTESIAN_POINT ( 'NONE',  ( 98.25000000000000000, 130.0000000000000284, 8.673617379884035472E-16 ) ) ;
#2997 = DIRECTION ( 'NONE',  ( -1.000000000000000000, 0.0000000000000000000, 0.0000000000000000000 ) ) ;
#2998 = EDGE_CURVE ( 'NONE', #1398, #1161, #1010, .T. ) ;
#2999 = EDGE_CURVE ( 'NONE', #3091, #846, #2076, .T. ) ;
#3000 = DIRECTION ( 'NONE',  ( 1.000000000000000000, 0.0000000000000000000, 0.0000000000000000000 ) ) ;
#3001 = ORIENTED_EDGE ( 'NONE', *, *, #1709, .F. ) ;
#3002 = CARTESIAN_POINT ( 'NONE',  ( 98.25000000000000000, 50.00000000000002842, 8.673617379884035472E-16 ) ) ;
#3003 = CYLINDRICAL_SURFACE ( 'NONE', #221, 2.249999999999988010 ) ;
#3004 = VERTEX_POINT ( 'NONE', #445 ) ;
#3005 = AXIS2_PLACEMENT_3D ( 'NONE', #700, #1605, #259 ) ;
#3006 = EDGE_LOOP ( 'NONE', ( #1821, #2009, #1907, #790 ) ) ;
#3007 = ORIENTED_EDGE ( 'NONE', *, *, #1885, .T. ) ;
#3008 = VECTOR ( 'NONE', #277, 1000.000000000000000 ) ;
#3009 = AXIS2_PLACEMENT_3D ( 'NONE', #992, #1706, #1999 ) ;
#3010 = AXIS2_PLACEMENT_3D ( 'NONE', #127, #99, #616 ) ;
#3011 = AXIS2_PLACEMENT_3D ( 'NONE', #2298, #1319, #1588 ) ;
#3012 = CARTESIAN_POINT ( 'NONE',  ( 126.5000000000000000, 50.00000000000001421, 3.000000000000000000 ) ) ;
#3013 = VERTEX_POINT ( 'NONE', #3070 ) ;
#3014 = DIRECTION ( 'NONE',  ( -0.0000000000000000000, -0.0000000000000000000, -1.000000000000000000 ) ) ;
#3015 = CYLINDRICAL_SURFACE ( 'NONE', #2780, 2.249999999999995115 ) ;
#3016 = DIRECTION ( 'NONE',  ( -0.0000000000000000000, -0.0000000000000000000, 1.000000000000000000 ) ) ;
#3017 = DIRECTION ( 'NONE',  ( -0.0000000000000000000, -0.0000000000000000000, 1.000000000000000000 ) ) ;
#3018 = EDGE_LOOP ( 'NONE', ( #865, #2695, #3118, #2082 ) ) ;
#3019 = ORIENTED_EDGE ( 'NONE', *, *, #774, .T. ) ;
#3020 = DIRECTION ( 'NONE',  ( -1.000000000000000000, 0.0000000000000000000, 0.0000000000000000000 ) ) ;
#3021 = DIRECTION ( 'NONE',  ( -0.0000000000000000000, -0.0000000000000000000, -1.000000000000000000 ) ) ;
#3022 = ORIENTED_EDGE ( 'NONE', *, *, #952, .T. ) ;
#3023 = DIRECTION ( 'NONE',  ( 1.000000000000000000, 0.0000000000000000000, 0.0000000000000000000 ) ) ;
#3024 = CARTESIAN_POINT ( 'NONE',  ( 96.00000000000000000, 50.00000000000002842, 3.000000000000000000 ) ) ;
#3025 = ORIENTED_EDGE ( 'NONE', *, *, #804, .F. ) ;
#3026 = DIRECTION ( 'NONE',  ( 1.000000000000000000, 0.0000000000000000000, 0.0000000000000000000 ) ) ;
#3027 = CIRCLE ( 'NONE', #605, 2.249999999999995115 ) ;
#3028 = AXIS2_PLACEMENT_3D ( 'NONE', #384, #1933, #2779 ) ;
#3029 = EDGE_CURVE ( 'NONE', #163, #138, #1424, .T. ) ;
#3030 = EDGE_CURVE ( 'NONE', #1054, #803, #2350, .T. ) ;
#3031 = ORIENTED_EDGE ( 'NONE', *, *, #2755, .F. ) ;
#3032 = ORIENTED_EDGE ( 'NONE', *, *, #74, .F. ) ;
#3033 = VECTOR ( 'NONE', #1368, 1000.000000000000000 ) ;
#3034 = AXIS2_PLACEMENT_3D ( 'NONE', #1347, #2118, #1107 ) ;
#3035 = CARTESIAN_POINT ( 'NONE',  ( 19.49999999999999645, 22.49999999999990408, -1.279755905108981194E-15 ) ) ;
#3036 = ORGANIZATION ( 'UNSPECIFIED', 'UNSPECIFIED', '' ) ;
#3037 = ORIENTED_EDGE ( 'NONE', *, *, #77, .T. ) ;
#3038 = CYLINDRICAL_SURFACE ( 'NONE', #1637, 2.249999999999988010 ) ;
#3039 = DIRECTION ( 'NONE',  ( -0.0000000000000000000, -0.0000000000000000000, -1.000000000000000000 ) ) ;
#3040 = FACE_BOUND ( 'NONE', #2311, .T. ) ;
#3041 = DIRECTION ( 'NONE',  ( -0.0000000000000000000, -0.0000000000000000000, 1.000000000000000000 ) ) ;
#3042 = ORIENTED_EDGE ( 'NONE', *, *, #1728, .T. ) ;
#3043 = VERTEX_POINT ( 'NONE', #1629 ) ;
#3044 = CARTESIAN_POINT ( 'NONE',  ( 126.5000000000000000, 450.0000000000000000, 3.000000000000000000 ) ) ;
#3045 = ORIENTED_EDGE ( 'NONE', *, *, #1640, .F. ) ;
#3046 = LINE ( 'NONE', #1179, #2488 ) ;
#3047 = ORIENTED_EDGE ( 'NONE', *, *, #2219, .T. ) ;
#3048 = DIRECTION ( 'NONE',  ( -0.0000000000000000000, -0.0000000000000000000, 1.000000000000000000 ) ) ;
#3049 = EDGE_CURVE ( 'NONE', #2798, #3043, #208, .T. ) ;
#3050 = CARTESIAN_POINT ( 'NONE',  ( 5.500000000000005329, 290.0000000000000000, 3.000000000000000000 ) ) ;
#3051 = VERTEX_POINT ( 'NONE', #2624 ) ;
#3052 = CARTESIAN_POINT ( 'NONE',  ( 110.2500000000000284, 462.4999999999999432, 3.000000000000000000 ) ) ;
#3053 = VERTEX_POINT ( 'NONE', #2346 ) ;
#3054 = CARTESIAN_POINT ( 'NONE',  ( 126.5000000000000000, 130.0000000000000000, 3.000000000000000000 ) ) ;
#3055 = FACE_BOUND ( 'NONE', #2021, .T. ) ;
#3056 = CARTESIAN_POINT ( 'NONE',  ( 112.5000000000000142, 142.5000000000000000, 0.0000000000000000000 ) ) ;
#3057 = ORIENTED_EDGE ( 'NONE', *, *, #2512, .T. ) ;
#3058 = ORIENTED_EDGE ( 'NONE', *, *, #2845, .F. ) ;
#3059 = CARTESIAN_POINT ( 'NONE',  ( 126.5000000000000000, 290.0000000000000000, 3.000000000000000000 ) ) ;
#3060 = ORIENTED_EDGE ( 'NONE', *, *, #2512, .F. ) ;
#3061 = CYLINDRICAL_SURFACE ( 'NONE', #1100, 2.249999999999988010 ) ;
#3062 = ORIENTED_EDGE ( 'NONE', *, *, #1191, .F. ) ;
#3063 = DIRECTION ( 'NONE',  ( -0.0000000000000000000, -0.0000000000000000000, -1.000000000000000000 ) ) ;
#3064 = CARTESIAN_POINT ( 'NONE',  ( 114.7500000000000000, 302.5000000000000000, 0.0000000000000000000 ) ) ;
#3065 = DIRECTION ( 'NONE',  ( -1.000000000000000000, 0.0000000000000000000, 0.0000000000000000000 ) ) ;
#3067 = EDGE_LOOP ( 'NONE', ( #2060, #1256, #936, #982 ) ) ;
#3066 = EDGE_CURVE ( 'NONE', #45, #388, #1126, .T. ) ;
#3068 = CARTESIAN_POINT ( 'NONE',  ( 93.75000000000000000, 210.0000000000000284, 8.673617379884035472E-16 ) ) ;
#3069 = EDGE_CURVE ( 'NONE', #1072, #45, #1359, .T. ) ;
#3070 = CARTESIAN_POINT ( 'NONE',  ( 7.750000000000002665, 210.0000000000000284, 3.000000000000000000 ) ) ;
#3071 = ORIENTED_EDGE ( 'NONE', *, *, #355, .F. ) ;
#3072 = DIRECTION ( 'NONE',  ( -1.000000000000000000, 0.0000000000000000000, 0.0000000000000000000 ) ) ;
#3073 = VERTEX_POINT ( 'NONE', #3083 ) ;
#3074 = VERTEX_POINT ( 'NONE', #907 ) ;
#3075 = CARTESIAN_POINT ( 'NONE',  ( 124.2500000000000000, 370.0000000000000000, 3.000000000000000000 ) ) ;
#3076 = EDGE_LOOP ( 'NONE', ( #1528, #572 ) ) ;
#3077 = AXIS2_PLACEMENT_3D ( 'NONE', #2272, #554, #1788 ) ;
#3078 = DIRECTION ( 'NONE',  ( -0.0000000000000000000, -0.0000000000000000000, -1.000000000000000000 ) ) ;
#3079 = VERTEX_POINT ( 'NONE', #681 ) ;
#3080 = CARTESIAN_POINT ( 'NONE',  ( 112.5000000000000142, 197.5000000000000000, 0.0000000000000000000 ) ) ;
#3081 = CARTESIAN_POINT ( 'NONE',  ( 19.49999999999999645, 22.49999999999990408, 0.0000000000000000000 ) ) ;
#3082 = VECTOR ( 'NONE', #2767, 1000.000000000000000 ) ;
#3083 = CARTESIAN_POINT ( 'NONE',  ( 93.75000000000000000, 370.0000000000000000, 8.673617379884035472E-16 ) ) ;
#3084 = EDGE_LOOP ( 'NONE', ( #2529, #20, #2639, #1106 ) ) ;
#3085 = AXIS2_PLACEMENT_3D ( 'NONE', #17, #2195, #52 ) ;
#3086 = AXIS2_PLACEMENT_3D ( 'NONE', #638, #2325, #2621 ) ;
#3087 = DIRECTION ( 'NONE',  ( 1.000000000000000000, 0.0000000000000000000, 0.0000000000000000000 ) ) ;
#3088 = CIRCLE ( 'NONE', #1519, 2.249999999999988010 ) ;
#3089 = CIRCLE ( 'NONE', #1738, 2.250000000000001776 ) ;
#3090 = DIRECTION ( 'NONE',  ( -0.0000000000000000000, -0.0000000000000000000, 1.000000000000000000 ) ) ;
#3091 = VERTEX_POINT ( 'NONE', #2368 ) ;
#3092 = CYLINDRICAL_SURFACE ( 'NONE', #1004, 2.249999999999991562 ) ;
#3093 = DIRECTION ( 'NONE',  ( 1.000000000000000000, 0.0000000000000000000, 0.0000000000000000000 ) ) ;
#3094 = EDGE_CURVE ( 'NONE', #777, #3053, #28, .T. ) ;
#3095 = DIRECTION ( 'NONE',  ( 0.0000000000000000000, 0.0000000000000000000, -1.000000000000000000 ) ) ;
#3096 = FACE_BOUND ( 'NONE', #16, .T. ) ;
#3097 = ADVANCED_FACE ( 'NONE', ( #1649 ), #1143, .F. ) ;
#3098 = CYLINDRICAL_SURFACE ( 'NONE', #3115, 2.249999999999988010 ) ;
#3099 = ORIENTED_EDGE ( 'NONE', *, *, #697, .T. ) ;
#3100 = DIRECTION ( 'NONE',  ( -1.000000000000000000, 0.0000000000000000000, 0.0000000000000000000 ) ) ;
#3101 = EDGE_LOOP ( 'NONE', ( #1502, #2733, #2085, #1375, #1203, #1163 ) ) ;
#3102 = CARTESIAN_POINT ( 'NONE',  ( 38.25000000000000000, 370.0000000000000000, 8.673617379884035472E-16 ) ) ;
#3103 = ORIENTED_EDGE ( 'NONE', *, *, #628, .T. ) ;
#3104 = DIRECTION ( 'NONE',  ( -1.000000000000000000, 0.0000000000000000000, 0.0000000000000000000 ) ) ;
#3105 = VERTEX_POINT ( 'NONE', #2693 ) ;
#3106 = AXIS2_PLACEMENT_3D ( 'NONE', #281, #1448, #1461 ) ;
#3107 = DIRECTION ( 'NONE',  ( -0.0000000000000000000, -0.0000000000000000000, -1.000000000000000000 ) ) ;
#3108 = CARTESIAN_POINT ( 'NONE',  ( 132.0000000000000000, 0.0000000000000000000, 0.0000000000000000000 ) ) ;
#3109 = CIRCLE ( 'NONE', #2915, 2.249999999999988010 ) ;
#3110 = ORIENTED_EDGE ( 'NONE', *, *, #61, .F. ) ;
#3111 = CARTESIAN_POINT ( 'NONE',  ( 33.75000000000000711, 130.0000000000000284, 3.000000000000000000 ) ) ;
#3112 = CARTESIAN_POINT ( 'NONE',  ( 19.49999999999999645, 222.4999999999999147, 0.0000000000000000000 ) ) ;
#3113 = AXIS2_PLACEMENT_3D ( 'NONE', #246, #1188, #9 ) ;
#3114 = FACE_OUTER_BOUND ( 'NONE', #3067, .T. ) ;
#3115 = AXIS2_PLACEMENT_3D ( 'NONE', #2081, #177, #650 ) ;
#3116 = EDGE_CURVE ( 'NONE', #138, #163, #283, .T. ) ;
#3117 = ADVANCED_FACE ( 'NONE', ( #1445 ), #2012, .T. ) ;
#3118 = ORIENTED_EDGE ( 'NONE', *, *, #1618, .T. ) ;
#3119 = EDGE_LOOP ( 'NONE', ( #2880, #162 ) ) ;
ENDSEC;
END-ISO-10303-21;
